session_key,driver_id,driver_number,position,points,number_of_laps,dnf,dns,dsq,duration_s,gap_to_leader_s,laps_down,q1_s,q2_s,q3_s,gap_raw
9683,2,4,1,0.00,52,f,f,f,90.430,0.000,,,,,0
9683,18,63,2,0.00,70,f,f,f,90.587,0.157,,,,,0.157
9683,1,1,3,0.00,74,f,f,f,90.674,0.244,,,,,0.244
9683,9,16,4,0.00,71,f,f,f,90.878,0.448,,,,,0.448
9683,17,55,5,0.00,68,f,f,f,90.955,0.525,,,,,0.525
9683,6,10,6,0.00,72,f,f,f,91.353,0.923,,,,,0.923
9683,7,12,7,0.00,78,f,f,f,91.428,0.998,,,,,0.998
9683,14,30,8,0.00,58,f,f,f,91.560,1.130,,,,,1.13
9683,12,23,9,0.00,63,f,f,f,91.573,1.143,,,,,1.143
9683,11,22,10,0.00,78,f,f,f,91.610,1.180,,,,,1.18
9683,4,6,11,0.00,76,f,f,f,91.631,1.201,,,,,1.201
9683,3,5,12,0.00,59,f,f,f,91.690,1.260,,,,,1.26
9683,16,44,13,0.00,70,f,f,f,91.834,1.404,,,,,1.404
9683,5,7,14,0.00,68,f,f,f,91.841,1.411,,,,,1.411
9683,8,14,15,0.00,46,f,f,f,91.874,1.444,,,,,1.444
9683,10,18,16,0.00,42,f,f,f,91.949,1.519,,,,,1.519
9683,19,81,17,0.00,66,f,f,f,92.084,1.654,,,,,1.654
9683,13,27,18,0.00,55,f,f,f,92.169,1.739,,,,,1.739
9683,15,31,19,0.00,88,f,f,f,93.600,3.170,,,,,3.17
9683,20,87,20,0.00,72,f,f,f,95.522,5.092,,,,,5.092
9684,17,55,1,0.00,127,f,f,f,89.348,0.000,,,,,0
9684,16,44,2,0.00,45,f,f,f,89.379,0.031,,,,,0.031
9684,9,16,3,0.00,83,f,f,f,89.431,0.083,,,,,0.083
9684,18,63,4,0.00,71,f,f,f,89.778,0.430,,,,,0.43
9684,7,12,5,0.00,87,f,f,f,89.784,0.436,,,,,0.436
9684,10,18,6,0.00,57,f,f,f,90.229,0.881,,,,,0.881
9684,14,30,7,0.00,91,f,f,f,90.252,0.904,,,,,0.904
9684,5,7,8,0.00,80,f,f,f,90.368,1.020,,,,,1.02
9684,6,10,9,0.00,40,f,f,f,90.430,1.082,,,,,1.082
9684,4,6,10,0.00,94,f,f,f,90.675,1.327,,,,,1.327
9684,8,14,11,0.00,45,f,f,f,90.700,1.352,,,,,1.352
9684,11,22,12,0.00,46,f,f,f,90.793,1.445,,,,,1.445
9684,19,81,13,0.00,44,f,f,f,90.821,1.473,,,,,1.473
9684,2,4,14,0.00,77,f,f,f,90.882,1.534,,,,,1.534
9684,3,5,15,0.00,80,f,f,f,91.057,1.709,,,,,1.709
9684,13,27,16,0.00,56,f,f,f,91.457,2.109,,,,,2.109
9684,15,31,17,0.00,69,f,f,f,93.071,3.723,,,,,3.723
9684,20,87,18,0.00,66,f,f,f,94.372,5.024,,,,,5.024
9685,18,63,1,0.00,91,f,f,f,89.545,0.000,,,,,0
9685,1,1,2,0.00,81,f,f,f,89.566,0.021,,,,,0.021
9685,12,23,3,0.00,137,f,f,f,89.650,0.105,,,,,0.105
9685,19,81,4,0.00,85,f,f,f,89.940,0.395,,,,,0.395
9685,6,10,5,0.00,84,f,f,f,90.040,0.495,,,,,0.495
9685,16,44,6,0.00,47,f,f,f,90.345,0.800,,,,,0.8
9685,11,22,7,0.00,87,f,f,f,90.497,0.952,,,,,0.952
9685,15,31,8,0.00,103,f,f,f,90.728,1.183,,,,,1.183
9685,9,16,9,0.00,66,f,f,f,90.811,1.266,,,,,1.266
9685,7,12,10,0.00,61,f,f,f,90.888,1.343,,,,,1.343
9685,2,4,11,0.00,57,f,f,f,90.943,1.398,,,,,1.398
9685,5,7,12,0.00,61,f,f,f,91.239,1.694,,,,,1.694
9685,10,18,13,0.00,34,f,f,f,91.699,2.154,,,,,2.154
9685,13,27,14,0.00,69,f,f,f,91.726,2.181,,,,,2.181
9685,4,6,15,0.00,73,f,f,f,91.761,2.216,,,,,2.216
9685,8,14,16,0.00,82,f,f,f,92.084,2.539,,,,,2.539
9685,3,5,17,0.00,35,f,f,f,92.147,2.602,,,,,2.602
9685,20,87,18,0.00,59,f,f,f,92.361,2.816,,,,,2.816
9686,2,4,1,0.00,21,f,f,f,77.252,0.000,,,,,0
9686,17,55,2,0.00,25,f,f,f,77.401,0.149,,,,,0.149
9686,9,16,3,0.00,21,f,f,f,77.461,0.209,,,,,0.209
9686,19,81,4,0.00,20,f,f,f,77.670,0.418,,,,,0.418
9686,1,1,5,0.00,21,f,f,f,77.696,0.444,,,,,0.444
9686,12,23,6,0.00,18,f,f,f,77.713,0.461,,,,,0.461
9686,18,63,7,0.00,26,f,f,f,77.716,0.464,,,,,0.464
9686,8,14,8,0.00,23,f,f,f,77.736,0.484,,,,,0.484
9686,4,6,9,0.00,25,f,f,f,77.847,0.595,,,,,0.595
9686,10,18,10,0.00,20,f,f,f,78.057,0.805,,,,,0.805
9686,11,22,11,0.00,23,f,f,f,78.061,0.809,,,,,0.809
9686,16,44,12,0.00,20,f,f,f,78.071,0.819,,,,,0.819
9686,5,7,13,0.00,20,f,f,f,78.232,0.980,,,,,0.98
9686,7,12,14,0.00,25,f,f,f,78.390,1.138,,,,,1.138
9686,3,5,15,0.00,22,f,f,f,78.438,1.186,,,,,1.186
9686,14,30,16,0.00,22,f,f,f,78.455,1.203,,,,,1.203
9686,6,10,17,0.00,23,f,f,f,78.505,1.253,,,,,1.253
9686,13,27,18,0.00,18,f,f,f,78.586,1.334,,,,,1.334
9686,15,31,19,0.00,16,f,f,f,79.139,1.887,,,,,1.887
9686,20,87,20,0.00,12,f,f,f,79.312,2.060,,,,,2.06
9687,9,16,1,0.00,32,f,f,f,76.439,0.000,,,,,0
9687,19,81,2,0.00,30,f,f,f,76.563,0.124,,,,,0.124
9687,2,4,3,0.00,30,f,f,f,76.580,0.141,,,,,0.141
9687,11,22,4,0.00,29,f,f,f,76.784,0.345,,,,,0.345
9687,16,44,5,0.00,31,f,f,f,76.859,0.420,,,,,0.42
9687,4,6,6,0.00,30,f,f,f,77.019,0.580,,,,,0.58
9687,1,1,7,0.00,22,f,f,f,77.063,0.624,,,,,0.624
9687,13,27,8,0.00,24,f,f,f,77.161,0.722,,,,,0.722
9687,10,18,9,0.00,28,f,f,f,77.279,0.840,,,,,0.84
9687,18,63,10,0.00,30,f,f,f,77.282,0.843,,,,,0.843
9687,17,55,11,0.00,30,f,f,f,77.302,0.863,,,,,0.863
9687,12,23,12,0.00,28,f,f,f,77.302,0.863,,,,,0.863
9687,8,14,13,0.00,27,f,f,f,77.330,0.891,,,,,0.891
9687,5,7,14,0.00,30,f,f,f,77.394,0.955,,,,,0.955
9687,6,10,15,0.00,30,f,f,f,77.493,1.054,,,,,1.054
9687,7,12,16,0.00,31,f,f,f,77.634,1.195,,,,,1.195
9687,14,30,17,0.00,30,f,f,f,77.640,1.201,,,,,1.201
9687,3,5,18,0.00,29,f,f,f,77.847,1.408,,,,,1.408
9687,15,31,19,0.00,31,f,f,f,78.034,1.595,,,,,1.595
9688,19,81,1,0.00,16,f,f,f,75.921,0.000,,,,,0
9688,18,63,2,0.00,17,f,f,f,75.960,0.039,,,,,0.039
9688,1,1,3,0.00,18,f,f,f,76.002,0.081,,,,,0.081
9688,9,16,4,0.00,22,f,f,f,76.188,0.267,,,,,0.267
9688,7,12,5,0.00,20,f,f,f,76.206,0.285,,,,,0.285
9688,17,55,6,0.00,23,f,f,f,76.252,0.331,,,,,0.331
9688,12,23,7,0.00,21,f,f,f,76.258,0.337,,,,,0.337
9688,16,44,8,0.00,21,f,f,f,76.378,0.457,,,,,0.457
9688,11,22,9,0.00,17,f,f,f,76.455,0.534,,,,,0.534
9688,2,4,10,0.00,20,f,f,f,76.597,0.676,,,,,0.676
9688,3,5,11,0.00,18,f,f,f,76.707,0.786,,,,,0.786
9688,6,10,12,0.00,22,f,f,f,76.719,0.798,,,,,0.798
9688,4,6,13,0.00,18,f,f,f,76.732,0.811,,,,,0.811
9688,10,18,14,0.00,22,f,f,f,76.948,1.027,,,,,1.027
9688,5,7,15,0.00,18,f,f,f,76.993,1.072,,,,,1.072
9688,13,27,16,0.00,15,f,f,f,77.146,1.225,,,,,1.225
9688,8,14,17,0.00,22,f,f,f,77.270,1.349,,,,,1.349
9688,15,31,18,0.00,18,f,f,f,77.373,1.452,,,,,1.452
9688,20,87,19,0.00,2,f,f,f,75.921,0.000,,,,,0.0
9688,14,30,20,0.00,2,f,f,f,75.921,0.000,,,,,0.0
9689,2,4,1,0.00,20,f,f,f,,,,75.912,75.415,75.096,"[0.0, 0.0, 0.0]"
9689,19,81,2,0.00,18,f,f,f,,,,76.062,75.468,75.180,"[0.15, 0.053, 0.084]"
9689,1,1,3,0.00,17,f,f,f,,,,76.018,75.565,75.481,"[0.106, 0.15, 0.385]"
9689,18,63,4,0.00,21,f,f,f,,,,75.971,75.798,75.546,"[0.059, 0.383, 0.45]"
9689,11,22,5,0.00,18,f,f,f,,,,76.225,76.009,75.670,"[0.313, 0.594, 0.574]"
9689,12,23,6,0.00,21,f,f,f,,,,76.245,76.017,75.737,"[0.333, 0.602, 0.641]"
9689,9,16,7,0.00,20,f,f,f,,,,76.029,75.827,75.755,"[0.117, 0.412, 0.659]"
9689,16,44,8,0.00,23,f,f,f,,,,76.213,75.919,75.973,"[0.301, 0.504, 0.877]"
9689,6,10,9,0.00,21,f,f,f,,,,76.328,76.112,75.980,"[0.416, 0.697, 0.884]"
9689,17,55,10,0.00,21,f,f,f,,,,76.360,75.931,76.062,"[0.448, 0.516, 0.966]"
9689,4,6,11,0.00,12,f,f,f,,,,76.354,76.175,,"[0.442, 0.76, null]"
9689,8,14,12,0.00,13,f,f,f,,,,76.288,76.453,,"[0.376, 1.038, null]"
9689,10,18,13,0.00,15,f,f,f,,,,76.369,76.483,,"[0.457, 1.068, null]"
9689,5,7,14,0.00,15,f,f,f,,,,76.315,76.863,,"[0.403, 1.448, null]"
9689,3,5,15,0.00,13,f,f,f,,,,76.516,77.520,,"[0.604, 2.105, null]"
9689,7,12,16,0.00,9,f,f,f,,,,76.525,,,"[0.613, null, null]"
9689,13,27,17,0.00,9,f,f,f,,,,76.579,,,"[0.667, null, null]"
9689,14,30,18,0.00,7,f,f,f,,,,77.094,,,"[1.182, null, null]"
9689,15,31,19,0.00,9,f,f,f,,,,77.147,,,"[1.235, null, null]"
9689,20,87,,0.00,1,f,t,f,,,,,,,"[null, null, null]"
9693,2,4,1,25.00,57,f,f,f,6126.304,0.000,,,,,0
9693,1,1,2,18.00,57,f,f,f,6127.199,0.895,,,,,0.895
9693,18,63,3,15.00,57,f,f,f,6134.785,8.481,,,,,8.481
9693,7,12,4,12.00,57,f,f,f,6136.439,10.135,,,,,10.135
9693,12,23,5,10.00,57,f,f,f,6139.077,12.773,,,,,12.773
9693,10,18,6,8.00,57,f,f,f,6143.717,17.413,,,,,17.413
9693,13,27,7,6.00,57,f,f,f,6144.727,18.423,,,,,18.423
9693,9,16,8,4.00,57,f,f,f,6146.130,19.826,,,,,19.826
9693,19,81,9,2.00,57,f,f,f,6146.752,20.448,,,,,20.448
9693,16,44,10,1.00,57,f,f,f,6148.777,22.473,,,,,22.473
9693,6,10,11,0.00,57,f,f,f,6152.806,26.502,,,,,26.502
9693,11,22,12,0.00,57,f,f,f,6156.188,29.884,,,,,29.884
9693,15,31,13,0.00,57,f,f,f,6159.465,33.161,,,,,33.161
9693,20,87,14,0.00,57,f,f,f,6166.655,40.351,,,,,40.351
9693,14,30,,0.00,46,t,f,f,,,,,,,
9693,3,5,,0.00,45,t,f,f,,,,,,,
9693,8,14,,0.00,32,t,f,f,,,,,,,
9693,17,55,,0.00,0,t,f,f,,,,,,,
9693,5,7,,0.00,0,t,f,f,,,,,,,
9693,4,6,,0.00,0,f,t,f,,,,,,,
9832,2,4,1,0.00,28,f,f,f,84.485,0.000,,,,,0
9832,1,1,2,0.00,30,f,f,f,84.493,0.008,,,,,0.008
9832,9,16,3,0.00,28,f,f,f,84.501,0.016,,,,,0.016
9832,7,12,4,0.00,30,f,f,f,84.608,0.123,,,,,0.123
9832,13,27,5,0.00,28,f,f,f,84.629,0.144,,,,,0.144
9832,18,63,6,0.00,29,f,f,f,84.733,0.248,,,,,0.248
9832,3,5,7,0.00,29,f,f,f,84.742,0.257,,,,,0.257
9832,20,87,8,0.00,14,f,f,f,84.759,0.274,,,,,0.274
9832,17,55,9,0.00,27,f,f,f,84.771,0.286,,,,,0.286
9832,29,43,10,0.00,28,f,f,f,84.855,0.370,,,,,0.37
9832,25,50,11,0.00,28,f,f,f,84.934,0.449,,,,,0.449
9832,4,6,12,0.00,31,f,f,f,84.977,0.492,,,,,0.492
9832,32,61,13,0.00,27,f,f,f,85.204,0.719,,,,,0.719
9832,37,89,14,0.00,28,f,f,f,85.246,0.761,,,,,0.761
9832,28,36,15,0.00,26,f,f,f,85.256,0.771,,,,,0.771
9832,36,39,16,0.00,27,f,f,f,85.360,0.875,,,,,0.875
9832,22,40,17,0.00,30,f,f,f,85.475,0.990,,,,,0.99
9832,24,46,18,0.00,18,f,f,f,85.490,1.005,,,,,1.005
9832,31,35,19,0.00,24,f,f,f,85.889,1.404,,,,,1.404
9832,35,34,20,0.00,22,f,f,f,86.432,1.947,,,,,1.947
9833,2,4,1,0.00,28,f,f,f,83.083,0.000,,,,,0
9833,1,1,2,0.00,31,f,f,f,83.446,0.363,,,,,0.363
9833,18,63,3,0.00,29,f,f,f,83.462,0.379,,,,,0.379
9833,20,87,4,0.00,28,f,f,f,83.501,0.418,,,,,0.418
9833,13,27,5,0.00,28,f,f,f,83.550,0.467,,,,,0.467
9833,3,5,6,0.00,28,f,f,f,83.570,0.487,,,,,0.487
9833,4,6,7,0.00,29,f,f,f,83.657,0.574,,,,,0.574
9833,9,16,8,0.00,31,f,f,f,83.658,0.575,,,,,0.575
9833,8,14,9,0.00,27,f,f,f,83.708,0.625,,,,,0.625
9833,7,12,10,0.00,29,f,f,f,83.750,0.667,,,,,0.667
9833,19,81,11,0.00,29,f,f,f,83.763,0.680,,,,,0.68
9833,10,18,12,0.00,29,f,f,f,83.832,0.749,,,,,0.749
9833,17,55,13,0.00,31,f,f,f,83.872,0.789,,,,,0.789
9833,16,44,14,0.00,29,f,f,f,83.939,0.856,,,,,0.856
9833,12,23,15,0.00,32,f,f,f,83.950,0.867,,,,,0.867
9833,15,31,16,0.00,27,f,f,f,83.958,0.875,,,,,0.875
9833,11,22,17,0.00,29,f,f,f,84.303,1.220,,,,,1.22
9833,14,30,18,0.00,32,f,f,f,84.474,1.391,,,,,1.391
9833,29,43,19,0.00,28,f,f,f,84.771,1.688,,,,,1.688
9833,6,10,20,0.00,30,f,f,f,84.963,1.880,,,,,1.88
9834,18,63,1,0.00,14,f,f,f,83.334,0.000,,,,,0
9834,2,4,2,0.00,20,f,f,f,83.338,0.004,,,,,0.004
9834,1,1,3,0.00,15,f,f,f,83.458,0.124,,,,,0.124
9834,8,14,4,0.00,17,f,f,f,83.585,0.251,,,,,0.251
9834,19,81,5,0.00,17,f,f,f,83.593,0.259,,,,,0.259
9834,15,31,6,0.00,19,f,f,f,83.605,0.271,,,,,0.271
9834,20,87,7,0.00,16,f,f,f,83.609,0.275,,,,,0.275
9834,9,16,8,0.00,18,f,f,f,83.675,0.341,,,,,0.341
9834,7,12,9,0.00,14,f,f,f,83.707,0.373,,,,,0.373
9834,12,23,10,0.00,18,f,f,f,83.722,0.388,,,,,0.388
9834,3,5,11,0.00,16,f,f,f,83.791,0.457,,,,,0.457
9834,17,55,12,0.00,18,f,f,f,83.811,0.477,,,,,0.477
9834,13,27,13,0.00,17,f,f,f,83.870,0.536,,,,,0.536
9834,10,18,14,0.00,19,f,f,f,83.895,0.561,,,,,0.561
9834,14,30,15,0.00,16,f,f,f,83.947,0.613,,,,,0.613
9834,4,6,16,0.00,17,f,f,f,83.979,0.645,,,,,0.645
9834,6,10,17,0.00,19,f,f,f,84.072,0.738,,,,,0.738
9834,16,44,18,0.00,8,f,f,f,84.470,1.136,,,,,1.136
9834,29,43,19,0.00,18,f,f,f,84.501,1.167,,,,,1.167
9834,11,22,20,0.00,10,f,f,f,84.693,1.359,,,,,1.359
9835,1,1,1,0.00,18,f,f,f,,,,82.877,82.752,82.207,"[0.272, 0.022, 0.0]"
9835,2,4,2,0.00,17,f,f,f,,,,83.178,82.804,82.408,"[0.573, 0.074, 0.201]"
9835,19,81,3,0.00,17,f,f,f,,,,82.605,83.021,82.437,"[0.0, 0.291, 0.23]"
9835,18,63,4,0.00,18,f,f,f,,,,83.247,82.730,82.645,"[0.642, 0.0, 0.438]"
9835,9,16,5,0.00,18,f,f,f,,,,83.163,82.948,82.730,"[0.558, 0.218, 0.523]"
9835,8,14,6,0.00,18,f,f,f,,,,83.071,82.861,82.902,"[0.466, 0.131, 0.695]"
9835,3,5,7,0.00,21,f,f,f,,,,83.374,82.874,82.904,"[0.769, 0.144, 0.697]"
9835,15,31,8,0.00,18,f,f,f,,,,83.334,83.023,82.913,"[0.729, 0.293, 0.706]"
9835,4,6,9,0.00,18,f,f,f,,,,83.373,82.997,83.072,"[0.768, 0.267, 0.865]"
9835,11,22,10,0.00,17,t,f,f,,,,83.386,83.034,,"[0.781, 0.304, null]"
9835,20,87,11,0.00,11,f,f,f,,,,83.254,83.041,,"[0.649, 0.311, null]"
9835,17,55,12,0.00,12,f,f,f,,,,83.187,83.042,,"[0.582, 0.312, null]"
9835,14,30,13,0.00,14,f,f,f,,,,83.265,83.077,,"[0.66, 0.347, null]"
9835,7,12,14,0.00,12,f,f,f,,,,82.894,83.080,,"[0.289, 0.35, null]"
9835,10,18,15,0.00,15,f,f,f,,,,83.316,83.097,,"[0.711, 0.367, null]"
9835,16,44,16,0.00,9,f,f,f,,,,83.394,,,"[0.789, null, null]"
9835,12,23,17,0.00,6,f,f,f,,,,83.416,,,"[0.811, null, null]"
9835,13,27,18,0.00,9,f,f,f,,,,83.450,,,"[0.845, null, null]"
9835,6,10,19,0.00,9,f,f,f,,,,83.468,,,"[0.863, null, null]"
9835,29,43,20,0.00,9,f,f,f,,,,83.890,,,"[1.285, null, null]"
9839,1,1,1,25.00,58,f,f,f,5167.469,0.000,,,,,0
9839,19,81,2,18.00,58,f,f,f,5180.063,12.594,,,,,12.594
9839,2,4,3,15.00,58,f,f,f,5184.041,16.572,,,,,16.572
9839,9,16,4,12.00,58,f,f,f,5190.748,23.279,,,,,23.279
9839,18,63,5,10.00,58,f,f,f,5216.032,48.563,,,,,48.563
9839,8,14,6,8.00,58,f,f,f,5235.031,67.562,,,,,67.562
9839,15,31,7,6.00,58,f,f,f,5237.345,69.876,,,,,69.876
9839,16,44,8,4.00,58,f,f,f,5240.139,72.670,,,,,72.67
9839,13,27,9,2.00,58,f,f,f,5246.483,79.014,,,,,79.014
9839,10,18,10,1.00,58,f,f,f,5246.992,79.523,,,,,79.523
9839,3,5,11,0.00,58,f,f,f,5248.512,81.043,,,,,81.043
9839,20,87,12,0.00,58,f,f,f,5248.635,81.166,,,,,81.166
9839,17,55,13,0.00,58,f,f,f,5249.627,82.158,,,,,82.158
9839,11,22,14,0.00,58,f,f,f,5251.263,83.794,,,,,83.794
9839,7,12,15,0.00,58,f,f,f,5251.868,84.399,,,,,84.399
9839,12,23,16,0.00,58,f,f,f,5257.796,90.327,,,,,90.327
9839,4,6,17,0.00,57,f,f,f,,,1,,,,+1 LAP
9839,14,30,18,0.00,57,f,f,f,,,1,,,,+1 LAP
9839,6,10,19,0.00,57,f,f,f,,,1,,,,+1 LAP
9839,29,43,20,0.00,57,f,f,f,,,1,,,,+1 LAP
9840,19,81,1,0.00,29,f,f,f,80.924,0.000,,,,,0
9840,2,4,2,0.00,28,f,f,f,80.982,0.058,,,,,0.058
9840,8,14,3,0.00,26,f,f,f,81.310,0.386,,,,,0.386
9840,17,55,4,0.00,20,f,f,f,81.404,0.480,,,,,0.48
9840,4,6,5,0.00,30,f,f,f,81.503,0.579,,,,,0.579
9840,1,1,6,0.00,27,f,f,f,81.504,0.580,,,,,0.58
9840,12,23,7,0.00,29,f,f,f,81.609,0.685,,,,,0.685
9840,9,16,8,0.00,31,f,f,f,81.668,0.744,,,,,0.744
9840,10,18,9,0.00,26,f,f,f,81.669,0.745,,,,,0.745
9840,7,12,10,0.00,32,f,f,f,81.698,0.774,,,,,0.774
9840,13,27,11,0.00,23,f,f,f,81.783,0.859,,,,,0.859
9840,16,44,12,0.00,28,f,f,f,81.794,0.870,,,,,0.87
9840,11,22,13,0.00,28,f,f,f,81.796,0.872,,,,,0.872
9840,18,63,14,0.00,33,f,f,f,81.824,0.900,,,,,0.9
9840,20,87,15,0.00,26,f,f,f,81.926,1.002,,,,,1.002
9840,3,5,16,0.00,29,f,f,f,81.926,1.002,,,,,1.002
9840,15,31,17,0.00,30,f,f,f,82.096,1.172,,,,,1.172
9840,6,10,18,0.00,25,f,f,f,82.424,1.500,,,,,1.5
9840,14,30,19,0.00,30,f,f,f,82.562,1.638,,,,,1.638
9840,29,43,20,0.00,26,f,f,f,83.529,2.605,,,,,2.605
9841,19,81,1,0.00,18,f,f,f,,,,81.286,81.005,80.055,"[0.114, 0.049, 0.0]"
9841,18,63,2,0.00,19,f,f,f,,,,81.432,81.136,80.087,"[0.26, 0.18, 0.032]"
9841,2,4,3,0.00,18,f,f,f,,,,81.398,80.956,80.285,"[0.226, 0.0, 0.23]"
9841,8,14,4,0.00,18,f,f,f,,,,81.276,81.272,80.450,"[0.104, 0.316, 0.395]"
9841,11,22,5,0.00,20,f,f,f,,,,81.458,81.152,80.519,"[0.286, 0.196, 0.464]"
9841,1,1,6,0.00,20,f,f,f,,,,81.172,81.036,80.528,"[0.0, 0.08, 0.473]"
9841,7,12,7,0.00,18,f,f,f,,,,81.555,81.376,80.532,"[0.383, 0.42, 0.477]"
9841,17,55,8,0.00,20,f,f,f,,,,81.438,81.172,80.542,"[0.266, 0.216, 0.487]"
9841,9,16,9,0.00,20,f,f,f,,,,81.636,81.190,80.622,"[0.464, 0.234, 0.567]"
9841,12,23,10,0.00,20,f,f,f,,,,81.721,81.212,80.788,"[0.549, 0.256, 0.733]"
9841,4,6,11,0.00,14,f,f,f,,,,81.399,81.433,,"[0.227, 0.477, null]"
9841,20,87,12,0.00,14,f,f,f,,,,81.526,81.494,,"[0.354, 0.538, null]"
9841,3,5,13,0.00,13,f,f,f,,,,81.623,81.567,,"[0.451, 0.611, null]"
9841,13,27,14,0.00,14,f,f,f,,,,81.327,81.631,,"[0.155, 0.675, null]"
9841,15,31,15,0.00,14,f,f,f,,,,81.773,81.666,,"[0.601, 0.71, null]"
9841,10,18,16,0.00,7,f,f,f,,,,81.807,,,"[0.635, null, null]"
9841,14,30,17,0.00,6,f,f,f,,,,81.851,,,"[0.679, null, null]"
9841,16,44,18,0.00,8,f,f,f,,,,82.043,,,"[0.871, null, null]"
9841,6,10,19,0.00,8,f,f,f,,,,82.112,,,"[0.94, null, null]"
9841,29,43,20,0.00,8,f,f,f,,,,82.364,,,"[1.192, null, null]"
9845,19,81,1,8.00,19,f,f,f,1611.033,0.000,,,,,0
9845,18,63,2,7.00,19,f,f,f,1615.984,4.951,,,,,4.951
9845,2,4,3,6.00,19,f,f,f,1617.312,6.279,,,,,6.279
9845,1,1,4,5.00,19,f,f,f,1620.087,9.054,,,,,9.054
9845,11,22,5,4.00,19,f,f,f,1630.360,19.327,,,,,19.327
9845,7,12,6,3.00,19,f,f,f,1632.424,21.391,,,,,21.391
9845,8,14,7,2.00,19,f,f,f,1635.589,24.556,,,,,24.556
9845,17,55,8,1.00,19,f,f,f,1638.366,27.333,,,,,27.333
9845,4,6,9,0.00,19,f,f,f,1639.239,28.206,,,,,28.206
9845,12,23,10,0.00,19,f,f,f,1639.958,28.925,,,,,28.925
9845,3,5,11,0.00,19,f,f,f,1643.999,32.966,,,,,32.966
9845,20,87,12,0.00,19,f,f,f,1645.562,34.529,,,,,34.529
9845,9,16,13,0.00,19,f,f,f,1646.215,35.182,,,,,35.182
9845,14,30,14,0.00,19,f,f,f,1647.949,36.916,,,,,36.916
9845,15,31,15,0.00,19,f,f,f,1649.871,38.838,,,,,38.838
9845,13,27,16,0.00,19,f,f,f,1650.671,39.638,,,,,39.638
9845,16,44,17,0.00,19,f,f,f,1657.204,46.171,,,,,46.171
9845,6,10,18,0.00,19,f,f,f,1680.567,69.534,,,,,69.534
9845,10,18,19,0.00,19,f,f,f,1688.993,77.960,,,,,77.96
9845,29,43,20,0.00,19,f,f,f,1691.837,80.804,,,,,80.804
9846,19,81,1,0.00,18,f,f,f,,,,80.234,79.650,79.387,"[0.16, 0.0, 0.0]"
9846,2,4,2,0.00,17,f,f,f,,,,80.157,79.861,79.495,"[0.083, 0.211, 0.108]"
9846,1,1,3,0.00,23,f,f,f,,,,80.472,79.985,79.651,"[0.398, 0.335, 0.264]"
9846,18,63,4,0.00,26,f,f,f,,,,80.074,80.186,79.662,"[0.0, 0.536, 0.275]"
9846,7,12,5,0.00,22,f,f,f,,,,80.576,80.084,79.846,"[0.502, 0.434, 0.459]"
9846,4,6,6,0.00,20,f,f,f,,,,80.603,80.350,80.114,"[0.529, 0.7, 0.727]"
9846,17,55,7,0.00,25,f,f,f,,,,80.520,80.251,80.287,"[0.446, 0.601, 0.9]"
9846,8,14,8,0.00,21,f,f,f,,,,80.598,80.219,80.418,"[0.524, 0.569, 1.031]"
9846,6,10,9,0.00,21,f,f,f,,,,80.681,80.324,80.477,"[0.607, 0.674, 1.09]"
9846,9,16,10,0.00,23,f,f,f,,,,80.564,80.343,80.561,"[0.49, 0.693, 1.174]"
9846,13,27,11,0.00,20,f,f,f,,,,80.630,80.353,,"[0.556, 0.703, null]"
9846,14,30,12,0.00,15,f,f,f,,,,80.539,80.433,,"[0.465, 0.783, null]"
9846,20,87,13,0.00,20,f,f,f,,,,80.548,80.438,,"[0.474, 0.788, null]"
9846,3,5,14,0.00,20,f,f,f,,,,80.653,80.534,,"[0.579, 0.884, null]"
9846,12,23,15,0.00,19,f,f,f,,,,80.629,80.629,,"[0.555, 0.979, null]"
9846,11,22,16,0.00,9,f,f,f,,,,80.761,,,"[0.687, null, null]"
9846,15,31,17,0.00,11,f,f,f,,,,80.864,,,"[0.79, null, null]"
9846,16,44,18,0.00,9,f,f,f,,,,80.907,,,"[0.833, null, null]"
9846,10,18,19,0.00,10,f,f,f,,,,81.058,,,"[0.984, null, null]"
9846,29,43,20,0.00,9,f,f,f,,,,81.137,,,"[1.063, null, null]"
9850,1,1,1,25.00,57,f,f,f,5078.241,0.000,,,,,0
9850,19,81,2,18.00,57,f,f,f,5086.236,7.995,,,,,7.995
9850,17,55,3,15.00,57,f,f,f,5100.906,22.665,,,,,22.665
9850,2,4,4,12.00,57,f,f,f,5101.556,23.315,,,,,23.315
9850,7,12,5,10.00,57,f,f,f,5106.558,28.317,,,,,28.317
9850,18,63,6,8.00,57,f,f,f,5126.840,48.599,,,,,48.599
9850,8,14,7,6.00,57,f,f,f,5132.286,54.045,,,,,54.045
9850,9,16,8,4.00,57,f,f,f,5135.026,56.785,,,,,56.785
9850,14,30,9,2.00,57,f,f,f,5138.314,60.073,,,,,60.073
9850,11,22,10,1.00,57,f,f,f,5140.011,61.770,,,,,61.77
9850,12,23,11,0.00,57,f,f,f,5145.172,66.931,,,,,66.931
9850,16,44,12,0.00,57,f,f,f,5155.971,77.730,,,,,77.73
9850,3,5,13,0.00,57,f,f,f,5163.053,84.812,,,,,84.812
9850,29,43,14,0.00,56,f,f,f,,,1,,,,+1 LAP
9850,15,31,15,0.00,56,f,f,f,,,1,,,,+1 LAP
9850,6,10,16,0.00,56,f,f,f,,,1,,,,+1 LAP
9850,10,18,17,0.00,55,t,f,f,,,,,,,
9850,4,6,18,0.00,55,t,f,f,,,,,,,
9850,20,87,,0.00,41,t,f,f,,,,,,,
9850,13,27,,0.00,6,t,f,f,,,,,,,
9851,9,16,1,0.00,29,f,f,f,94.802,0.000,,,,,0
9851,12,23,2,0.00,23,f,f,f,94.968,0.166,,,,,0.166
9851,11,22,3,0.00,27,f,f,f,95.071,0.269,,,,,0.269
9851,1,1,4,0.00,24,f,f,f,95.109,0.307,,,,,0.307
9851,17,55,5,0.00,31,f,f,f,95.179,0.377,,,,,0.377
9851,2,4,6,0.00,25,f,f,f,95.258,0.456,,,,,0.456
9851,4,6,7,0.00,30,f,f,f,95.299,0.497,,,,,0.497
9851,19,81,8,0.00,27,f,f,f,95.450,0.648,,,,,0.648
9851,18,63,9,0.00,25,f,f,f,95.534,0.732,,,,,0.732
9851,7,12,10,0.00,30,f,f,f,95.538,0.736,,,,,0.736
9851,16,44,11,0.00,26,f,f,f,95.561,0.759,,,,,0.759
9851,6,10,12,0.00,26,f,f,f,95.589,0.787,,,,,0.787
9851,14,30,13,0.00,28,f,f,f,95.709,0.907,,,,,0.907
9851,8,14,14,0.00,23,f,f,f,95.746,0.944,,,,,0.944
9851,10,18,15,0.00,25,f,f,f,95.894,1.092,,,,,1.092
9851,20,87,16,0.00,28,f,f,f,95.990,1.188,,,,,1.188
9851,15,31,17,0.00,30,f,f,f,96.123,1.321,,,,,1.321
9851,13,27,18,0.00,25,f,f,f,96.170,1.368,,,,,1.368
9851,3,5,19,0.00,25,f,f,f,96.398,1.596,,,,,1.596
9851,29,43,20,0.00,28,f,f,f,96.758,1.956,,,,,1.956
9852,2,4,1,0.00,13,f,f,f,93.602,0.000,,,,,0
9852,7,12,2,0.00,18,f,f,f,93.631,0.029,,,,,0.029
9852,9,16,3,0.00,16,f,f,f,93.763,0.161,,,,,0.161
9852,13,27,4,0.00,14,f,f,f,93.879,0.277,,,,,0.277
9852,4,6,5,0.00,16,f,f,f,93.893,0.291,,,,,0.291
9852,14,30,6,0.00,16,f,f,f,93.901,0.299,,,,,0.299
9852,18,63,7,0.00,18,f,f,f,94.037,0.435,,,,,0.435
9852,12,23,8,0.00,17,f,f,f,94.067,0.465,,,,,0.465
9852,1,1,9,0.00,16,f,f,f,94.105,0.503,,,,,0.503
9852,16,44,10,0.00,17,f,f,f,94.127,0.525,,,,,0.525
9852,10,18,11,0.00,15,f,f,f,94.191,0.589,,,,,0.589
9852,6,10,12,0.00,18,f,f,f,94.373,0.771,,,,,0.771
9852,17,55,13,0.00,16,f,f,f,94.435,0.833,,,,,0.833
9852,19,81,14,0.00,12,f,f,f,94.493,0.891,,,,,0.891
9852,11,22,15,0.00,16,f,f,f,94.692,1.090,,,,,1.09
9852,29,43,16,0.00,18,f,f,f,94.824,1.222,,,,,1.222
9852,20,87,17,0.00,17,f,f,f,94.986,1.384,,,,,1.384
9852,8,14,18,0.00,14,f,f,f,95.012,1.410,,,,,1.41
9852,15,31,19,0.00,18,f,f,f,95.228,1.626,,,,,1.626
9852,3,5,20,0.00,15,f,f,f,95.499,1.897,,,,,1.897
9853,18,63,1,0.00,21,f,f,f,94.054,0.000,,,,,0
9853,1,1,2,0.00,28,f,f,f,94.281,0.227,,,,,0.227
9853,12,23,3,0.00,21,f,f,f,94.875,0.821,,,,,0.821
9853,4,6,4,0.00,26,f,f,f,95.169,1.115,,,,,1.115
9853,16,44,5,0.00,29,f,f,f,95.269,1.215,,,,,1.215
9853,7,12,6,0.00,23,f,f,f,95.385,1.331,,,,,1.331
9853,14,30,7,0.00,25,f,f,f,95.439,1.385,,,,,1.385
9853,10,18,8,0.00,11,f,f,f,95.533,1.479,,,,,1.479
9853,8,14,9,0.00,12,f,f,f,95.540,1.486,,,,,1.486
9853,6,10,10,0.00,13,f,f,f,95.562,1.508,,,,,1.508
9853,20,87,11,0.00,18,f,f,f,95.586,1.532,,,,,1.532
9853,17,55,12,0.00,22,f,f,f,95.662,1.608,,,,,1.608
9853,3,5,13,0.00,16,f,f,f,95.738,1.684,,,,,1.684
9853,15,31,14,0.00,24,f,f,f,95.817,1.763,,,,,1.763
9853,9,16,15,0.00,27,f,f,f,95.908,1.854,,,,,1.854
9853,29,43,16,0.00,17,f,f,f,96.305,2.251,,,,,2.251
9853,13,27,17,0.00,11,f,f,f,96.650,2.596,,,,,2.596
9853,11,22,18,0.00,24,f,f,f,96.667,2.613,,,,,2.613
9853,19,81,19,0.00,20,f,f,f,97.023,2.969,,,,,2.969
9853,2,4,20,0.00,18,f,f,f,97.112,3.058,,,,,3.058
9854,2,4,1,0.00,25,f,f,f,,,,115.473,111.379,107.934,"[2.329, 0.444, 0.0]"
9854,1,1,2,0.00,24,f,f,f,,,,113.458,111.593,108.257,"[0.314, 0.658, 0.323]"
9854,17,55,3,0.00,24,f,f,f,,,,114.873,111.144,108.296,"[1.729, 0.209, 0.362]"
9854,18,63,4,0.00,25,f,f,f,,,,113.144,110.935,108.803,"[0.0, 0.0, 0.869]"
9854,19,81,5,0.00,23,f,f,f,,,,114.544,112.126,108.961,"[1.4, 1.191, 1.027]"
9854,14,30,6,0.00,25,f,f,f,,,,114.828,111.621,109.062,"[1.684, 0.686, 1.128]"
9854,8,14,7,0.00,25,f,f,f,,,,113.739,111.865,109.466,"[0.595, 0.93, 1.532]"
9854,4,6,8,0.00,25,f,f,f,,,,115.613,111.120,109.554,"[2.469, 0.185, 1.62]"
9854,9,16,9,0.00,24,f,f,f,,,,114.814,111.952,109.872,"[1.67, 1.017, 1.938]"
9854,6,10,10,0.00,25,f,f,f,,,,114.432,111.760,111.540,"[1.288, 0.825, 3.606]"
9854,13,27,11,0.00,18,f,f,f,,,,114.555,112.781,,"[1.411, 1.846, null]"
9854,10,18,12,0.00,18,f,f,f,,,,114.416,112.850,,"[1.272, 1.915, null]"
9854,15,31,13,0.00,17,f,f,f,,,,114.635,112.987,,"[1.491, 2.052, null]"
9854,20,87,14,0.00,17,f,f,f,,,,116.016,113.094,,"[2.872, 2.159, null]"
9854,29,43,15,0.00,17,f,f,f,,,,114.847,113.683,,"[1.703, 2.748, null]"
9854,12,23,16,0.00,8,f,f,f,,,,116.220,,,"[3.076, null, null]"
9854,7,12,17,0.00,8,f,f,f,,,,116.314,,,"[3.17, null, null]"
9854,3,5,18,0.00,9,f,f,f,,,,116.674,,,"[3.53, null, null]"
9854,11,22,19,0.00,9,f,f,f,,,,116.798,,,"[3.654, null, null]"
9854,16,44,20,0.00,9,f,f,f,,,,117.115,,,"[3.971, null, null]"
9858,1,1,1,25.00,50,f,f,f,4868.429,0.000,,,,,0
9858,18,63,2,18.00,50,f,f,f,4891.975,23.546,,,,,23.546
9858,7,12,3,15.00,50,f,f,f,4898.917,30.488,,,,,30.488
9858,9,16,4,12.00,50,f,f,f,4899.107,30.678,,,,,30.678
9858,17,55,5,10.00,50,f,f,f,4903.353,34.924,,,,,34.924
9858,4,6,6,8.00,50,f,f,f,4913.686,45.257,,,,,45.257
9858,13,27,7,6.00,50,f,f,f,4919.563,51.134,,,,,51.134
9858,16,44,8,4.00,50,f,f,f,4927.798,59.369,,,,,59.369
9858,15,31,9,2.00,50,f,f,f,4929.064,60.635,,,,,60.635
9858,20,87,10,1.00,50,f,f,f,4938.978,70.549,,,,,70.549
9858,8,14,11,0.00,50,f,f,f,4953.737,85.308,,,,,85.308
9858,11,22,12,0.00,50,f,f,f,4955.403,86.974,,,,,86.974
9858,6,10,13,0.00,50,f,f,f,4960.131,91.702,,,,,91.702
9858,14,30,14,0.00,49,f,f,f,,,1,,,,+1 LAP
9858,29,43,15,0.00,49,f,f,f,,,1,,,,+1 LAP
9858,12,23,,0.00,35,t,f,f,,,,,,,
9858,3,5,,0.00,2,t,f,f,,,,,,,
9858,10,18,,0.00,0,t,f,f,,,,,,,
9858,2,4,,0.00,,f,f,t,,,,,,,
9858,19,81,,0.00,,f,f,t,,,,,,,
9859,2,4,1,0.00,31,f,f,f,69.975,0.000,,,,,0
9859,19,81,2,0.00,33,f,f,f,69.998,0.023,,,,,0.023
9859,13,27,3,0.00,32,f,f,f,70.594,0.619,,,,,0.619
9859,8,14,4,0.00,26,f,f,f,70.606,0.631,,,,,0.631
9859,3,5,5,0.00,32,f,f,f,70.616,0.641,,,,,0.641
9859,18,63,6,0.00,35,f,f,f,70.645,0.670,,,,,0.67
9859,6,10,7,0.00,33,f,f,f,70.681,0.706,,,,,0.706
9859,17,55,8,0.00,36,f,f,f,70.686,0.711,,,,,0.711
9859,4,6,9,0.00,31,f,f,f,70.707,0.732,,,,,0.732
9859,7,12,10,0.00,37,f,f,f,70.744,0.769,,,,,0.769
9859,14,30,11,0.00,36,f,f,f,70.794,0.819,,,,,0.819
9859,12,23,12,0.00,35,f,f,f,70.807,0.832,,,,,0.832
9859,15,31,13,0.00,29,f,f,f,70.906,0.931,,,,,0.931
9859,20,87,14,0.00,32,f,f,f,70.961,0.986,,,,,0.986
9859,10,18,15,0.00,31,f,f,f,71.070,1.095,,,,,1.095
9859,29,43,16,0.00,30,f,f,f,71.160,1.185,,,,,1.185
9859,1,1,17,0.00,31,f,f,f,71.368,1.393,,,,,1.393
9859,9,16,18,0.00,30,f,f,f,71.493,1.518,,,,,1.518
9859,16,44,19,0.00,28,f,f,f,71.526,1.551,,,,,1.551
9859,11,22,20,0.00,20,f,f,f,71.763,1.788,,,,,1.788
9860,2,4,1,0.00,20,f,f,f,,,,69.627,69.373,69.243,"[0.0, 0.043, 0.0]"
9860,7,12,2,0.00,16,f,f,f,,,,70.381,69.504,69.340,"[0.754, 0.174, 0.097]"
9860,19,81,3,0.00,19,f,f,f,,,,70.017,69.416,69.428,"[0.39, 0.086, 0.185]"
9860,18,63,4,0.00,16,f,f,f,,,,70.048,69.384,69.495,"[0.421, 0.054, 0.252]"
9860,8,14,5,0.00,12,f,f,f,,,,70.011,69.330,69.496,"[0.384, 0.0, 0.253]"
9860,1,1,6,0.00,15,f,f,f,,,,69.975,69.707,69.580,"[0.348, 0.377, 0.337]"
9860,10,18,7,0.00,15,f,f,f,,,,70.326,69.647,69.671,"[0.699, 0.317, 0.428]"
9860,9,16,8,0.00,19,f,f,f,,,,70.324,69.732,69.725,"[0.697, 0.402, 0.482]"
9860,4,6,9,0.00,15,f,f,f,,,,70.095,69.608,69.775,"[0.468, 0.278, 0.532]"
9860,13,27,10,0.00,15,f,f,f,,,,70.333,69.735,69.935,"[0.706, 0.405, 0.692]"
9860,16,44,11,0.00,14,f,f,f,,,,70.224,69.811,,"[0.597, 0.481, null]"
9860,12,23,12,0.00,12,f,f,f,,,,70.275,69.813,,"[0.648, 0.483, null]"
9860,6,10,13,0.00,12,f,f,f,,,,70.097,69.852,,"[0.47, 0.522, null]"
9860,3,5,14,0.00,12,f,f,f,,,,70.217,69.923,,"[0.59, 0.593, null]"
9860,20,87,15,0.00,12,f,f,f,,,,70.066,69.946,,"[0.439, 0.616, null]"
9860,29,43,16,0.00,6,f,f,f,,,,70.441,,,"[0.814, null, null]"
9860,14,30,17,0.00,5,f,f,f,,,,70.666,,,"[1.039, null, null]"
9860,11,22,18,0.00,6,f,f,f,,,,70.692,,,"[1.065, null, null]"
9860,15,31,19,0.00,6,f,f,f,,,,70.872,,,"[1.245, null, null]"
9860,17,55,20,0.00,6,f,f,f,,,,71.120,,,"[1.493, null, null]"
9864,2,4,1,8.00,24,f,f,f,3205.928,0.000,,,,,0
9864,7,12,2,7.00,24,f,f,f,3206.773,0.845,,,,,0.845
9864,18,63,3,6.00,24,f,f,f,3208.246,2.318,,,,,2.318
9864,1,1,4,5.00,24,f,f,f,3210.351,4.423,,,,,4.423
9864,9,16,5,4.00,24,f,f,f,3222.411,16.483,,,,,16.483
9864,8,14,6,3.00,24,f,f,f,3224.234,18.306,,,,,18.306
9864,16,44,7,2.00,24,f,f,f,3224.531,18.603,,,,,18.603
9864,6,10,8,1.00,24,f,f,f,3225.294,19.366,,,,,19.366
9864,10,18,9,0.00,24,f,f,f,3229.861,23.933,,,,,23.933
9864,4,6,10,0.00,24,f,f,f,3235.476,29.548,,,,,29.548
9864,15,31,11,0.00,24,f,f,f,3236.928,31.000,,,,,31.0
9864,20,87,12,0.00,24,f,f,f,3237.262,31.334,,,,,31.334
9864,14,30,13,0.00,24,f,f,f,3244.018,38.090,,,,,38.09
9864,11,22,14,0.00,24,f,f,f,3244.390,38.462,,,,,38.462
9864,17,55,15,0.00,24,f,f,f,3244.879,38.951,,,,,38.951
9864,13,27,16,0.00,24,f,f,f,3248.277,42.349,,,,,42.349
9864,12,23,17,0.00,24,f,f,f,3261.384,55.456,,,,,55.456
9864,3,5,18,0.00,23,t,f,f,,,,,,,
9864,19,81,,0.00,5,t,f,f,,,,,,,
9864,29,43,,0.00,5,t,f,f,,,,,,,
9865,2,4,1,0.00,21,f,f,f,,,,69.656,69.616,69.511,"[0.0, 0.0, 0.0]"
9865,7,12,2,0.00,16,f,f,f,,,,70.192,69.774,69.685,"[0.536, 0.158, 0.174]"
9865,9,16,3,0.00,22,f,f,f,,,,69.934,69.801,69.805,"[0.278, 0.185, 0.294]"
9865,19,81,4,0.00,19,f,f,f,,,,69.928,69.835,69.886,"[0.272, 0.219, 0.375]"
9865,4,6,5,0.00,21,f,f,f,,,,70.083,69.970,69.931,"[0.427, 0.354, 0.42]"
9865,18,63,6,0.00,16,f,f,f,,,,69.935,69.880,69.942,"[0.279, 0.264, 0.431]"
9865,14,30,7,0.00,21,f,f,f,,,,70.108,69.950,69.962,"[0.452, 0.334, 0.451]"
9865,20,87,8,0.00,19,f,f,f,,,,69.891,69.755,69.977,"[0.235, 0.139, 0.466]"
9865,6,10,9,0.00,21,f,f,f,,,,69.885,69.857,70.002,"[0.229, 0.241, 0.491]"
9865,13,27,10,0.00,23,f,f,f,,,,70.337,69.985,70.039,"[0.681, 0.369, 0.528]"
9865,8,14,11,0.00,15,f,f,f,,,,70.181,70.001,,"[0.525, 0.385, null]"
9865,12,23,12,0.00,18,f,f,f,,,,70.115,70.053,,"[0.459, 0.437, null]"
9865,16,44,13,0.00,16,f,f,f,,,,70.016,70.100,,"[0.36, 0.484, null]"
9865,10,18,14,0.00,15,f,f,f,,,,70.041,70.161,,"[0.385, 0.545, null]"
9865,17,55,15,0.00,17,f,f,f,,,,70.184,70.472,,"[0.528, 0.856, null]"
9865,1,1,16,0.00,9,f,f,f,,,,70.403,,,"[0.747, null, null]"
9865,15,31,17,0.00,9,f,f,f,,,,70.438,,,"[0.782, null, null]"
9865,29,43,18,0.00,9,f,f,f,,,,70.632,,,"[0.976, null, null]"
9865,11,22,19,0.00,9,f,f,f,,,,70.711,,,"[1.055, null, null]"
9869,2,4,1,25.00,71,f,f,f,5521.596,0.000,,,,,0
9869,7,12,2,18.00,71,f,f,f,5531.984,10.388,,,,,10.388
9869,1,1,3,15.00,71,f,f,f,5532.346,10.750,,,,,10.75
9869,18,63,4,12.00,71,f,f,f,5536.863,15.267,,,,,15.267
9869,19,81,5,10.00,71,f,f,f,5537.345,15.749,,,,,15.749
9869,20,87,6,8.00,71,f,f,f,5551.226,29.630,,,,,29.63
9869,14,30,7,6.00,71,f,f,f,5574.238,52.642,,,,,52.642
9869,4,6,8,4.00,71,f,f,f,5574.469,52.873,,,,,52.873
9869,13,27,9,2.00,71,f,f,f,5574.920,53.324,,,,,53.324
9869,6,10,10,1.00,71,f,f,f,5575.510,53.914,,,,,53.914
9869,12,23,11,0.00,71,f,f,f,5575.780,54.184,,,,,54.184
9869,15,31,12,0.00,71,f,f,f,5576.292,54.696,,,,,54.696
9869,17,55,13,0.00,71,f,f,f,5577.016,55.420,,,,,55.42
9869,8,14,14,0.00,71,f,f,f,5577.362,55.766,,,,,55.766
9869,29,43,15,0.00,71,f,f,f,5579.373,57.777,,,,,57.777
9869,10,18,16,0.00,71,f,f,f,5579.843,58.247,,,,,58.247
9869,11,22,17,0.00,71,f,f,f,5590.772,69.176,,,,,69.176
9869,16,44,,0.00,37,t,f,f,,,,,,,
9869,9,16,,0.00,5,t,f,f,,,,,,,
9869,3,5,,0.00,0,t,f,f,,,,,,,
9870,9,16,1,0.00,29,f,f,f,78.380,0.000,,,,,0
9870,7,12,2,0.00,35,f,f,f,78.487,0.107,,,,,0.107
9870,13,27,3,0.00,27,f,f,f,78.760,0.380,,,,,0.38
9870,19,81,4,0.00,31,f,f,f,78.784,0.404,,,,,0.404
9870,3,5,5,0.00,28,f,f,f,78.916,0.536,,,,,0.536
9870,28,36,6,0.00,26,f,f,f,78.997,0.617,,,,,0.617
9870,15,31,7,0.00,29,f,f,f,79.038,0.658,,,,,0.658
9870,11,22,8,0.00,29,f,f,f,79.090,0.710,,,,,0.71
9870,29,43,9,0.00,28,f,f,f,79.331,0.951,,,,,0.951
9870,12,23,10,0.00,33,f,f,f,79.384,1.004,,,,,1.004
9870,4,6,11,0.00,32,f,f,f,79.409,1.029,,,,,1.029
9870,8,14,12,0.00,26,f,f,f,79.472,1.092,,,,,1.092
9870,37,89,13,0.00,30,f,f,f,79.680,1.300,,,,,1.3
9870,26,72,14,0.00,32,f,f,f,79.689,1.309,,,,,1.309
9870,32,61,15,0.00,29,f,f,f,79.862,1.482,,,,,1.482
9870,25,50,16,0.00,27,f,f,f,80.073,1.693,,,,,1.693
9870,22,40,17,0.00,29,f,f,f,80.153,1.773,,,,,1.773
9870,24,46,18,0.00,31,f,f,f,80.310,1.930,,,,,1.93
9870,31,35,19,0.00,29,f,f,f,80.371,1.991,,,,,1.991
9870,38,38,20,0.00,29,f,f,f,80.854,2.474,,,,,2.474
9871,1,1,1,0.00,34,f,f,f,77.392,0.000,,,,,0
9871,9,16,2,0.00,32,f,f,f,77.545,0.153,,,,,0.153
9871,7,12,3,0.00,27,f,f,f,77.566,0.174,,,,,0.174
9871,2,4,4,0.00,31,f,f,f,77.643,0.251,,,,,0.251
9871,16,44,5,0.00,30,f,f,f,77.692,0.300,,,,,0.3
9871,18,63,6,0.00,33,f,f,f,77.829,0.437,,,,,0.437
9871,11,22,7,0.00,31,f,f,f,77.883,0.491,,,,,0.491
9871,8,14,8,0.00,29,f,f,f,77.938,0.546,,,,,0.546
9871,17,55,9,0.00,34,f,f,f,77.939,0.547,,,,,0.547
9871,10,18,10,0.00,30,f,f,f,77.954,0.562,,,,,0.562
9871,14,30,11,0.00,32,f,f,f,78.218,0.826,,,,,0.826
9871,19,81,12,0.00,31,f,f,f,78.232,0.840,,,,,0.84
9871,15,31,13,0.00,31,f,f,f,78.266,0.874,,,,,0.874
9871,4,6,14,0.00,30,f,f,f,78.281,0.889,,,,,0.889
9871,3,5,15,0.00,30,f,f,f,78.323,0.931,,,,,0.931
9871,13,27,16,0.00,29,f,f,f,78.348,0.956,,,,,0.956
9871,20,87,17,0.00,34,f,f,f,78.442,1.050,,,,,1.05
9871,29,43,18,0.00,31,f,f,f,78.721,1.329,,,,,1.329
9871,12,23,19,0.00,31,f,f,f,78.855,1.463,,,,,1.463
9871,6,10,20,0.00,30,f,f,f,79.194,1.802,,,,,1.802
9872,2,4,1,0.00,22,f,f,f,76.633,0.000,,,,,0
9872,16,44,2,0.00,29,f,f,f,76.978,0.345,,,,,0.345
9872,18,63,3,0.00,19,f,f,f,77.145,0.512,,,,,0.512
9872,9,16,4,0.00,26,f,f,f,77.199,0.566,,,,,0.566
9872,19,81,5,0.00,23,f,f,f,77.232,0.599,,,,,0.599
9872,1,1,6,0.00,30,f,f,f,77.242,0.609,,,,,0.609
9872,7,12,7,0.00,19,f,f,f,77.253,0.620,,,,,0.62
9872,4,6,8,0.00,19,f,f,f,77.396,0.763,,,,,0.763
9872,11,22,9,0.00,23,f,f,f,77.415,0.782,,,,,0.782
9872,3,5,10,0.00,24,f,f,f,77.526,0.893,,,,,0.893
9872,14,30,11,0.00,20,f,f,f,77.552,0.919,,,,,0.919
9872,15,31,12,0.00,26,f,f,f,77.574,0.941,,,,,0.941
9872,10,18,13,0.00,23,f,f,f,77.598,0.965,,,,,0.965
9872,13,27,14,0.00,25,f,f,f,77.664,1.031,,,,,1.031
9872,17,55,15,0.00,24,f,f,f,77.801,1.168,,,,,1.168
9872,12,23,16,0.00,20,f,f,f,77.994,1.361,,,,,1.361
9872,20,87,17,0.00,23,f,f,f,78.046,1.413,,,,,1.413
9872,6,10,18,0.00,24,f,f,f,78.412,1.779,,,,,1.779
9872,29,43,19,0.00,22,f,f,f,78.581,1.948,,,,,1.948
9872,8,14,20,0.00,12,f,f,f,78.611,1.978,,,,,1.978
9873,2,4,1,0.00,21,f,f,f,,,,76.899,76.252,75.586,"[0.166, 0.0, 0.0]"
9873,9,16,2,0.00,20,f,f,f,,,,77.024,76.658,75.848,"[0.291, 0.406, 0.262]"
9873,16,44,3,0.00,21,f,f,f,,,,76.736,76.458,75.938,"[0.003, 0.206, 0.352]"
9873,18,63,4,0.00,18,f,f,f,,,,76.895,76.537,76.034,"[0.162, 0.285, 0.448]"
9873,1,1,5,0.00,18,f,f,f,,,,77.076,76.605,76.070,"[0.343, 0.353, 0.484]"
9873,7,12,6,0.00,18,f,f,f,,,,77.291,76.773,76.118,"[0.558, 0.521, 0.532]"
9873,17,55,7,0.00,18,f,f,f,,,,77.171,76.607,76.172,"[0.438, 0.355, 0.586]"
9873,19,81,8,0.00,20,f,f,f,,,,77.158,76.737,76.174,"[0.425, 0.485, 0.588]"
9873,4,6,9,0.00,18,f,f,f,,,,76.733,76.804,76.252,"[0.0, 0.552, 0.666]"
9873,20,87,10,0.00,21,f,f,f,,,,77.040,76.787,76.460,"[0.307, 0.535, 0.874]"
9873,11,22,11,0.00,12,f,f,f,,,,77.234,76.816,,"[0.501, 0.564, null]"
9873,15,31,12,0.00,15,f,f,f,,,,76.948,76.837,,"[0.215, 0.585, null]"
9873,13,27,13,0.00,15,f,f,f,,,,77.251,77.016,,"[0.518, 0.764, null]"
9873,8,14,14,0.00,15,f,f,f,,,,77.232,77.103,,"[0.499, 0.851, null]"
9873,14,30,15,0.00,13,f,f,f,,,,76.961,78.072,,"[0.228, 1.82, null]"
9873,3,5,16,0.00,9,f,f,f,,,,77.412,,,"[0.679, null, null]"
9873,12,23,17,0.00,9,f,f,f,,,,77.490,,,"[0.757, null, null]"
9873,6,10,18,0.00,9,f,f,f,,,,77.546,,,"[0.813, null, null]"
9873,10,18,19,0.00,9,f,f,f,,,,77.606,,,"[0.873, null, null]"
9873,29,43,20,0.00,8,f,f,f,,,,77.670,,,"[0.937, null, null]"
9877,2,4,1,25.00,71,f,f,f,5878.574,0.000,,,,,0
9877,9,16,2,18.00,71,f,f,f,5908.898,30.324,,,,,30.324
9877,1,1,3,15.00,71,f,f,f,5909.623,31.049,,,,,31.049
9877,20,87,4,12.00,71,f,f,f,5919.529,40.955,,,,,40.955
9877,19,81,5,10.00,71,f,f,f,5920.639,42.065,,,,,42.065
9877,7,12,6,8.00,71,f,f,f,5926.411,47.837,,,,,47.837
9877,18,63,7,6.00,71,f,f,f,5928.861,50.287,,,,,50.287
9877,16,44,8,4.00,71,f,f,f,5935.020,56.446,,,,,56.446
9877,15,31,9,2.00,71,f,f,f,5954.038,75.464,,,,,75.464
9877,3,5,10,1.00,71,f,f,f,5955.437,76.863,,,,,76.863
9877,11,22,11,0.00,71,f,f,f,5957.622,79.048,,,,,79.048
9877,12,23,12,0.00,70,f,f,f,,,1,,,,+1 LAP
9877,4,6,13,0.00,70,f,f,f,,,1,,,,+1 LAP
9877,10,18,14,0.00,70,f,f,f,,,1,,,,+1 LAP
9877,6,10,15,0.00,70,f,f,f,,,1,,,,+1 LAP
9877,29,43,16,0.00,70,f,f,f,,,1,,,,+1 LAP
9877,17,55,17,0.00,67,t,f,f,,,,,,,
9877,8,14,,0.00,34,t,f,f,,,,,,,
9877,13,27,,0.00,25,t,f,f,,,,,,,
9877,14,30,,0.00,5,t,f,f,,,,,,,
9878,2,4,1,0.00,23,f,f,f,93.294,0.000,,,,,0
9878,13,27,2,0.00,24,f,f,f,93.549,0.255,,,,,0.255
9878,19,81,3,0.00,26,f,f,f,93.573,0.279,,,,,0.279
9878,8,14,4,0.00,23,f,f,f,93.639,0.345,,,,,0.345
9878,1,1,5,0.00,26,f,f,f,93.648,0.354,,,,,0.354
9878,12,23,6,0.00,27,f,f,f,93.920,0.626,,,,,0.626
9878,18,63,7,0.00,27,f,f,f,93.931,0.637,,,,,0.637
9878,16,44,8,0.00,25,f,f,f,93.965,0.671,,,,,0.671
9878,4,6,9,0.00,25,f,f,f,94.155,0.861,,,,,0.861
9878,20,87,10,0.00,27,f,f,f,94.333,1.039,,,,,1.039
9878,15,31,11,0.00,26,f,f,f,94.368,1.074,,,,,1.074
9878,3,5,12,0.00,24,f,f,f,94.478,1.184,,,,,1.184
9878,11,22,13,0.00,24,f,f,f,94.531,1.237,,,,,1.237
9878,10,18,14,0.00,23,f,f,f,94.610,1.316,,,,,1.316
9878,14,30,15,0.00,25,f,f,f,94.619,1.325,,,,,1.325
9878,29,43,16,0.00,25,f,f,f,94.653,1.359,,,,,1.359
9878,6,10,17,0.00,24,f,f,f,94.665,1.371,,,,,1.371
9878,7,12,18,0.00,27,f,f,f,94.737,1.443,,,,,1.443
9878,17,55,19,0.00,9,f,f,f,95.874,2.580,,,,,2.58
9878,9,16,20,0.00,18,f,f,f,96.080,2.786,,,,,2.786
9879,1,1,1,0.00,12,f,f,f,,,,93.363,93.163,92.143,"[0.139, 0.13, 0.0]"
9879,2,4,2,0.00,12,f,f,f,,,,93.224,93.033,92.214,"[0.0, 0.0, 0.071]"
9879,19,81,3,0.00,13,f,f,f,,,,93.889,93.371,92.523,"[0.665, 0.338, 0.38]"
9879,13,27,4,0.00,12,f,f,f,,,,94.236,93.577,92.645,"[1.012, 0.544, 0.502]"
9879,18,63,5,0.00,13,f,f,f,,,,94.653,93.462,92.888,"[1.429, 0.429, 0.745]"
9879,8,14,6,0.00,12,f,f,f,,,,94.737,93.951,92.910,"[1.513, 0.918, 0.767]"
9879,17,55,7,0.00,14,f,f,f,,,,94.239,93.652,92.911,"[1.015, 0.619, 0.768]"
9879,16,44,8,0.00,14,f,f,f,,,,94.226,94.012,93.035,"[1.002, 0.979, 0.892]"
9879,12,23,9,0.00,14,f,f,f,,,,94.472,93.831,93.099,"[1.248, 0.798, 0.956]"
9879,9,16,10,0.00,15,f,f,f,,,,94.913,93.938,93.104,"[1.689, 0.905, 0.961]"
9879,7,12,11,0.00,11,f,f,f,,,,94.414,94.018,,"[1.19, 0.985, null]"
9879,4,6,12,0.00,9,f,f,f,,,,94.243,94.241,,"[1.019, 1.208, null]"
9879,6,10,13,0.00,9,f,f,f,,,,95.144,94.258,,"[1.92, 1.225, null]"
9879,10,18,14,0.00,10,f,f,f,,,,94.988,94.394,,"[1.764, 1.361, null]"
9879,14,30,15,0.00,8,t,f,f,,,,94.603,,,"[1.379, null, null]"
9879,20,87,16,0.00,5,f,f,f,,,,95.159,,,"[1.935, null, null]"
9879,29,43,17,0.00,6,f,f,f,,,,95.246,,,"[2.022, null, null]"
9879,11,22,18,0.00,5,f,f,f,,,,95.259,,,"[2.035, null, null]"
9879,15,31,19,0.00,5,f,f,f,,,,96.003,,,"[2.779, null, null]"
9879,3,5,,0.00,5,t,f,f,,,,,,,"[null, null, null]"
9883,1,1,1,8.00,19,f,f,f,2278.229,0.000,,,,,0
9883,18,63,2,7.00,19,f,f,f,2278.624,0.395,,,,,0.395
9883,17,55,3,6.00,19,f,f,f,2279.020,0.791,,,,,0.791
9883,16,44,4,5.00,19,f,f,f,2279.453,1.224,,,,,1.224
9883,9,16,5,4.00,19,f,f,f,2280.054,1.825,,,,,1.825
9883,12,23,6,3.00,19,f,f,f,2280.805,2.576,,,,,2.576
9883,11,22,7,2.00,19,f,f,f,2281.205,2.976,,,,,2.976
9883,7,12,8,1.00,19,f,f,f,2282.376,4.147,,,,,4.147
9883,14,30,9,0.00,19,f,f,f,2283.033,4.804,,,,,4.804
9883,6,10,10,0.00,19,f,f,f,2283.355,5.126,,,,,5.126
9883,3,5,11,0.00,19,f,f,f,2283.878,5.649,,,,,5.649
9883,4,6,12,0.00,19,f,f,f,2284.457,6.228,,,,,6.228
9883,13,27,13,0.00,19,f,f,f,2284.853,6.624,,,,,6.624
9883,29,43,14,0.00,19,f,f,f,2286.235,8.006,,,,,8.006
9883,20,87,15,0.00,19,f,f,f,2291.805,13.576,,,,,13.576
9883,15,31,,0.00,15,t,f,f,,,,,,,
9883,10,18,,0.00,15,t,f,f,,,,,,,
9883,2,4,,0.00,0,t,f,f,,,,,,,
9883,19,81,,0.00,0,t,f,f,,,,,,,
9883,8,14,,0.00,0,t,f,f,,,,,,,
9884,1,1,1,0.00,14,f,f,f,,,,93.207,92.701,92.510,"[0.0, 0.0, 0.0]"
9884,2,4,2,0.00,20,f,f,f,,,,93.843,92.876,92.801,"[0.636, 0.175, 0.291]"
9884,9,16,3,0.00,17,f,f,f,,,,93.525,92.869,92.807,"[0.318, 0.168, 0.297]"
9884,18,63,4,0.00,19,f,f,f,,,,93.311,93.058,92.826,"[0.104, 0.357, 0.316]"
9884,16,44,5,0.00,18,f,f,f,,,,93.685,92.914,92.912,"[0.478, 0.213, 0.402]"
9884,19,81,6,0.00,19,f,f,f,,,,93.746,93.228,93.084,"[0.539, 0.527, 0.574]"
9884,7,12,7,0.00,18,f,f,f,,,,93.501,93.044,93.114,"[0.294, 0.343, 0.604]"
9884,20,87,8,0.00,19,f,f,f,,,,93.921,93.238,93.139,"[0.714, 0.537, 0.629]"
9884,17,55,9,0.00,20,f,f,f,,,,93.739,93.124,93.150,"[0.532, 0.423, 0.64]"
9884,8,14,10,0.00,18,f,f,f,,,,93.741,93.237,93.160,"[0.534, 0.536, 0.65]"
9884,13,27,11,0.00,14,f,f,f,,,,93.551,93.334,,"[0.344, 0.633, null]"
9884,14,30,12,0.00,14,f,f,f,,,,93.549,93.360,,"[0.342, 0.659, null]"
9884,11,22,13,0.00,13,f,f,f,,,,93.935,93.466,,"[0.728, 0.765, null]"
9884,6,10,14,0.00,14,f,f,f,,,,93.599,93.651,,"[0.392, 0.95, null]"
9884,29,43,15,0.00,14,f,f,f,,,,94.039,94.044,,"[0.832, 1.343, null]"
9884,3,5,16,0.00,8,f,f,f,,,,94.125,,,"[0.918, null, null]"
9884,15,31,17,0.00,8,f,f,f,,,,94.136,,,"[0.929, null, null]"
9884,10,18,18,0.00,7,f,f,f,,,,94.540,,,"[1.333, null, null]"
9884,12,23,19,0.00,9,f,f,f,,,,94.690,,,"[1.483, null, null]"
9884,4,6,,0.00,2,t,f,f,,,,,,,"[null, null, null]"
9888,1,1,1,25.00,56,f,f,f,5640.161,0.000,,,,,0
9888,2,4,2,18.00,56,f,f,f,5648.120,7.959,,,,,7.959
9888,9,16,3,15.00,56,f,f,f,5655.534,15.373,,,,,15.373
9888,16,44,4,12.00,56,f,f,f,5668.697,28.536,,,,,28.536
9888,19,81,5,10.00,56,f,f,f,5669.839,29.678,,,,,29.678
9888,18,63,6,8.00,56,f,f,f,5673.617,33.456,,,,,33.456
9888,11,22,7,6.00,56,f,f,f,5692.875,52.714,,,,,52.714
9888,13,27,8,4.00,56,f,f,f,5697.410,57.249,,,,,57.249
9888,20,87,9,2.00,56,f,f,f,5704.883,64.722,,,,,64.722
9888,8,14,10,1.00,56,f,f,f,5710.162,70.001,,,,,70.001
9888,14,30,11,0.00,56,f,f,f,5713.370,73.209,,,,,73.209
9888,10,18,12,0.00,56,f,f,f,5714.939,74.778,,,,,74.778
9888,7,12,13,0.00,56,f,f,f,5715.907,75.746,,,,,75.746
9888,12,23,14,0.00,56,f,f,f,5720.161,80.000,,,,,80.0
9888,15,31,15,0.00,56,f,f,f,5723.204,83.043,,,,,83.043
9888,4,6,16,0.00,56,f,f,f,5732.968,92.807,,,,,92.807
9888,29,43,17,0.00,55,f,f,f,,,1,,,,+1 LAP
9888,3,5,18,0.00,55,f,f,f,,,1,,,,+1 LAP
9888,6,10,19,0.00,55,f,f,f,,,1,,,,+1 LAP
9888,17,55,,0.00,5,t,f,f,,,,,,,
9889,8,14,1,0.00,23,f,f,f,91.116,0.000,,,,,0
9889,9,16,2,0.00,25,f,f,f,91.266,0.150,,,,,0.15
9889,1,1,3,0.00,24,f,f,f,91.392,0.276,,,,,0.276
9889,16,44,4,0.00,23,f,f,f,91.480,0.364,,,,,0.364
9889,19,81,5,0.00,25,f,f,f,91.481,0.365,,,,,0.365
9889,2,4,6,0.00,22,f,f,f,91.698,0.582,,,,,0.582
9889,4,6,7,0.00,28,f,f,f,91.755,0.639,,,,,0.639
9889,17,55,8,0.00,27,f,f,f,91.812,0.696,,,,,0.696
9889,11,22,9,0.00,25,f,f,f,91.860,0.744,,,,,0.744
9889,15,31,10,0.00,24,f,f,f,92.128,1.012,,,,,1.012
9889,18,63,11,0.00,22,f,f,f,92.139,1.023,,,,,1.023
9889,13,27,12,0.00,29,f,f,f,92.315,1.199,,,,,1.199
9889,6,10,13,0.00,26,f,f,f,92.378,1.262,,,,,1.262
9889,7,12,14,0.00,24,f,f,f,92.399,1.283,,,,,1.283
9889,14,30,15,0.00,27,f,f,f,92.461,1.345,,,,,1.345
9889,20,87,16,0.00,25,f,f,f,92.538,1.422,,,,,1.422
9889,3,5,17,0.00,27,f,f,f,92.611,1.495,,,,,1.495
9889,10,18,18,0.00,18,f,f,f,93.034,1.918,,,,,1.918
9889,29,43,19,0.00,26,f,f,f,93.324,2.208,,,,,2.208
9889,12,23,20,0.00,2,f,f,f,,,,,,,
9890,19,81,1,0.00,19,f,f,f,90.714,0.000,,,,,0
9890,4,6,2,0.00,19,f,f,f,90.846,0.132,,,,,0.132
9890,1,1,3,0.00,19,f,f,f,90.857,0.143,,,,,0.143
9890,8,14,4,0.00,19,f,f,f,90.877,0.163,,,,,0.163
9890,2,4,5,0.00,18,f,f,f,91.197,0.483,,,,,0.483
9890,10,18,6,0.00,18,f,f,f,91.222,0.508,,,,,0.508
9890,15,31,7,0.00,19,f,f,f,91.298,0.584,,,,,0.584
9890,17,55,8,0.00,20,f,f,f,91.299,0.585,,,,,0.585
9890,9,16,9,0.00,18,f,f,f,91.466,0.752,,,,,0.752
9890,16,44,10,0.00,17,f,f,f,91.491,0.777,,,,,0.777
9890,11,22,11,0.00,18,f,f,f,91.708,0.994,,,,,0.994
9890,20,87,12,0.00,18,f,f,f,91.711,0.997,,,,,0.997
9890,12,23,13,0.00,19,f,f,f,92.060,1.346,,,,,1.346
9890,13,27,14,0.00,19,f,f,f,92.069,1.355,,,,,1.355
9890,3,5,15,0.00,19,f,f,f,92.319,1.605,,,,,1.605
9890,6,10,16,0.00,20,f,f,f,92.458,1.744,,,,,1.744
9890,14,30,17,0.00,10,f,f,f,92.645,1.931,,,,,1.931
9890,7,12,18,0.00,18,f,f,f,92.719,2.005,,,,,2.005
9890,29,43,19,0.00,20,f,f,f,93.139,2.425,,,,,2.425
9890,18,63,20,0.00,6,f,f,f,93.231,2.517,,,,,2.517
9891,1,1,1,0.00,16,f,f,f,90.148,0.000,,,,,0
9891,19,81,2,0.00,26,f,f,f,90.165,0.017,,,,,0.017
9891,18,63,3,0.00,18,f,f,f,90.197,0.049,,,,,0.049
9891,7,12,4,0.00,19,f,f,f,90.237,0.089,,,,,0.089
9891,2,4,5,0.00,26,f,f,f,90.237,0.089,,,,,0.089
9891,17,55,6,0.00,23,f,f,f,90.392,0.244,,,,,0.244
9891,4,6,7,0.00,25,f,f,f,90.489,0.341,,,,,0.341
9891,16,44,8,0.00,23,f,f,f,90.559,0.411,,,,,0.411
9891,13,27,9,0.00,22,f,f,f,90.637,0.489,,,,,0.489
9891,9,16,10,0.00,23,f,f,f,90.651,0.503,,,,,0.503
9891,12,23,11,0.00,23,f,f,f,90.668,0.520,,,,,0.52
9891,3,5,12,0.00,25,f,f,f,90.697,0.549,,,,,0.549
9891,15,31,13,0.00,23,f,f,f,90.784,0.636,,,,,0.636
9891,20,87,14,0.00,24,f,f,f,90.799,0.651,,,,,0.651
9891,8,14,15,0.00,22,f,f,f,90.923,0.775,,,,,0.775
9891,29,43,16,0.00,23,f,f,f,91.047,0.899,,,,,0.899
9891,10,18,17,0.00,24,f,f,f,91.260,1.112,,,,,1.112
9891,11,22,18,0.00,25,f,f,f,91.440,1.292,,,,,1.292
9891,6,10,19,0.00,23,f,f,f,91.643,1.495,,,,,1.495
9891,14,30,20,0.00,7,f,f,f,93.628,3.480,,,,,3.48
9892,18,63,1,0.00,18,f,f,f,,,,89.928,89.562,89.158,"[0.163, 0.0, 0.0]"
9892,1,1,2,0.00,18,f,f,f,,,,90.028,89.572,89.340,"[0.263, 0.01, 0.182]"
9892,19,81,3,0.00,20,f,f,f,,,,90.313,89.813,89.524,"[0.548, 0.251, 0.366]"
9892,7,12,4,0.00,17,f,f,f,,,,90.036,89.649,89.537,"[0.271, 0.087, 0.379]"
9892,2,4,5,0.00,20,f,f,f,,,,89.932,89.809,89.586,"[0.167, 0.247, 0.428]"
9892,16,44,6,0.00,20,f,f,f,,,,89.765,89.936,89.688,"[0.0, 0.374, 0.53]"
9892,9,16,7,0.00,22,f,f,f,,,,90.370,89.914,89.784,"[0.605, 0.352, 0.626]"
9892,4,6,8,0.00,19,f,f,f,,,,90.214,90.016,89.846,"[0.449, 0.454, 0.688]"
9892,20,87,9,0.00,17,f,f,f,,,,90.420,90.076,89.868,"[0.655, 0.514, 0.71]"
9892,8,14,10,0.00,18,f,f,f,,,,90.745,90.054,89.955,"[0.98, 0.492, 0.797]"
9892,13,27,11,0.00,15,f,f,f,,,,90.715,90.141,,"[0.95, 0.579, null]"
9892,14,30,12,0.00,14,f,f,f,,,,90.681,90.320,,"[0.916, 0.758, null]"
9892,11,22,13,0.00,12,f,f,f,,,,90.574,90.353,,"[0.809, 0.791, null]"
9892,3,5,14,0.00,8,f,f,f,,,,90.820,,,"[1.055, null, null]"
9892,10,18,15,0.00,9,f,f,f,,,,90.949,,,"[1.184, null, null]"
9892,29,43,16,0.00,9,f,f,f,,,,90.982,,,"[1.217, null, null]"
9892,15,31,17,0.00,6,f,f,f,,,,90.989,,,"[1.224, null, null]"
9892,6,10,18,0.00,8,f,f,f,,,,91.261,,,"[1.496, null, null]"
9892,12,23,,0.00,0,f,f,f,,,,,90.202,,"[null, 0.64, null]"
9892,17,55,,0.00,0,f,f,f,,,,,90.235,,"[null, 0.673, null]"
9896,18,63,1,25.00,62,f,f,f,6022.367,0.000,,,,,0
9896,1,1,2,18.00,62,f,f,f,6027.797,5.430,,,,,5.43
9896,2,4,3,15.00,62,f,f,f,6028.433,6.066,,,,,6.066
9896,19,81,4,12.00,62,f,f,f,6030.513,8.146,,,,,8.146
9896,7,12,5,10.00,62,f,f,f,6056.048,33.681,,,,,33.681
9896,9,16,6,8.00,62,f,f,f,6068.363,45.996,,,,,45.996
9896,8,14,7,6.00,62,f,f,f,6103.034,80.667,,,,,80.667
9896,16,44,8,4.00,62,f,f,f,6107.618,85.251,,,,,85.251
9896,20,87,9,2.00,62,f,f,f,6115.894,93.527,,,,,93.527
9896,17,55,10,1.00,61,f,f,f,,,1,,,,+1 LAP
9896,4,6,11,0.00,61,f,f,f,,,1,,,,+1 LAP
9896,11,22,12,0.00,61,f,f,f,,,1,,,,+1 LAP
9896,10,18,13,0.00,61,f,f,f,,,1,,,,+1 LAP
9896,12,23,14,0.00,61,f,f,f,,,1,,,,+1 LAP
9896,14,30,15,0.00,61,f,f,f,,,1,,,,+1 LAP
9896,29,43,16,0.00,61,f,f,f,,,1,,,,+1 LAP
9896,3,5,17,0.00,61,f,f,f,,,1,,,,+1 LAP
9896,15,31,18,0.00,61,f,f,f,,,1,,,,+1 LAP
9896,6,10,19,0.00,61,f,f,f,,,1,,,,+1 LAP
9896,13,27,20,0.00,61,f,f,f,,,1,,,,+1 LAP
9897,2,4,1,0.00,19,f,f,f,102.704,0.000,,,,,0
9897,19,81,2,0.00,14,f,f,f,103.014,0.310,,,,,0.31
9897,9,16,3,0.00,17,f,f,f,103.256,0.552,,,,,0.552
9897,18,63,4,0.00,16,f,f,f,103.257,0.553,,,,,0.553
9897,12,23,5,0.00,17,f,f,f,103.563,0.859,,,,,0.859
9897,11,22,6,0.00,16,f,f,f,103.738,1.034,,,,,1.034
9897,1,1,7,0.00,15,f,f,f,103.790,1.086,,,,,1.086
9897,17,55,8,0.00,17,f,f,f,103.859,1.155,,,,,1.155
9897,14,30,9,0.00,17,f,f,f,103.903,1.199,,,,,1.199
9897,4,6,10,0.00,17,f,f,f,103.975,1.271,,,,,1.271
9897,7,12,11,0.00,17,f,f,f,103.985,1.281,,,,,1.281
9897,13,27,12,0.00,18,f,f,f,103.986,1.282,,,,,1.282
9897,16,44,13,0.00,14,f,f,f,104.087,1.383,,,,,1.383
9897,3,5,14,0.00,18,f,f,f,104.087,1.383,,,,,1.383
9897,8,14,15,0.00,15,f,f,f,104.139,1.435,,,,,1.435
9897,20,87,16,0.00,17,f,f,f,104.151,1.447,,,,,1.447
9897,10,18,17,0.00,15,f,f,f,104.329,1.625,,,,,1.625
9897,15,31,18,0.00,15,f,f,f,104.439,1.735,,,,,1.735
9897,29,43,19,0.00,14,f,f,f,105.299,2.595,,,,,2.595
9897,6,10,20,0.00,17,f,f,f,105.418,2.714,,,,,2.714
9898,16,44,1,0.00,21,f,f,f,101.293,0.000,,,,,0
9898,9,16,2,0.00,23,f,f,f,101.367,0.074,,,,,0.074
9898,18,63,3,0.00,19,f,f,f,101.770,0.477,,,,,0.477
9898,7,12,4,0.00,22,f,f,f,101.779,0.486,,,,,0.486
9898,20,87,5,0.00,23,f,f,f,101.891,0.598,,,,,0.598
9898,1,1,6,0.00,22,f,f,f,101.902,0.609,,,,,0.609
9898,14,30,7,0.00,22,f,f,f,101.989,0.696,,,,,0.696
9898,15,31,8,0.00,23,f,f,f,102.167,0.874,,,,,0.874
9898,12,23,9,0.00,24,f,f,f,102.177,0.884,,,,,0.884
9898,2,4,10,0.00,7,f,f,f,102.199,0.906,,,,,0.906
9898,17,55,11,0.00,24,f,f,f,102.255,0.962,,,,,0.962
9898,19,81,12,0.00,23,f,f,f,102.295,1.002,,,,,1.002
9898,4,6,13,0.00,23,f,f,f,102.443,1.150,,,,,1.15
9898,11,22,14,0.00,22,f,f,f,102.444,1.151,,,,,1.151
9898,3,5,15,0.00,22,f,f,f,102.561,1.268,,,,,1.268
9898,6,10,16,0.00,22,f,f,f,102.674,1.381,,,,,1.381
9898,10,18,17,0.00,24,f,f,f,102.771,1.478,,,,,1.478
9898,13,27,18,0.00,22,f,f,f,102.820,1.527,,,,,1.527
9898,8,14,19,0.00,24,f,f,f,102.967,1.674,,,,,1.674
9898,29,43,20,0.00,22,f,f,f,103.322,2.029,,,,,2.029
9899,2,4,1,0.00,19,f,f,f,101.223,0.000,,,,,0
9899,1,1,2,0.00,19,f,f,f,101.445,0.222,,,,,0.222
9899,19,81,3,0.00,21,f,f,f,101.477,0.254,,,,,0.254
9899,16,44,4,0.00,18,f,f,f,101.499,0.276,,,,,0.276
9899,7,12,5,0.00,17,f,f,f,101.876,0.653,,,,,0.653
9899,18,63,6,0.00,17,f,f,f,101.964,0.741,,,,,0.741
9899,12,23,7,0.00,19,f,f,f,101.983,0.760,,,,,0.76
9899,20,87,8,0.00,23,f,f,f,101.985,0.762,,,,,0.762
9899,14,30,9,0.00,21,f,f,f,102.146,0.923,,,,,0.923
9899,9,16,10,0.00,19,f,f,f,102.209,0.986,,,,,0.986
9899,4,6,11,0.00,22,f,f,f,102.267,1.044,,,,,1.044
9899,13,27,12,0.00,17,f,f,f,102.428,1.205,,,,,1.205
9899,17,55,13,0.00,17,f,f,f,102.486,1.263,,,,,1.263
9899,8,14,14,0.00,17,f,f,f,102.591,1.368,,,,,1.368
9899,29,43,15,0.00,19,f,f,f,102.789,1.566,,,,,1.566
9899,11,22,16,0.00,18,f,f,f,102.840,1.617,,,,,1.617
9899,15,31,17,0.00,20,f,f,f,102.868,1.645,,,,,1.645
9899,3,5,18,0.00,16,f,f,f,103.060,1.837,,,,,1.837
9899,6,10,19,0.00,21,f,f,f,103.322,2.099,,,,,2.099
9899,10,18,20,0.00,17,f,f,f,103.350,2.127,,,,,2.127
9900,1,1,1,0.00,23,f,f,f,,,,101.331,101.255,101.117,"[0.009, 0.0, 0.0]"
9900,17,55,2,0.00,23,f,f,f,,,,102.635,101.675,101.595,"[1.313, 0.42, 0.478]"
9900,14,30,3,0.00,26,f,f,f,,,,102.257,101.537,101.707,"[0.935, 0.282, 0.59]"
9900,7,12,4,0.00,21,f,f,f,,,,102.247,101.464,101.717,"[0.925, 0.209, 0.6]"
9900,18,63,5,0.00,22,f,f,f,,,,101.646,101.455,102.070,"[0.324, 0.2, 0.953]"
9900,11,22,6,0.00,23,f,f,f,,,,102.347,101.788,102.143,"[1.025, 0.533, 1.026]"
9900,2,4,7,0.00,21,f,f,f,,,,101.322,101.396,102.239,"[0.0, 0.141, 1.122]"
9900,4,6,8,0.00,25,f,f,f,,,,101.656,101.647,102.372,"[0.334, 0.392, 1.255]"
9900,19,81,9,0.00,18,t,f,f,,,,101.839,101.414,,"[0.517, 0.159, null]"
9900,9,16,10,0.00,19,t,f,f,,,,101.458,101.519,,"[0.136, 0.264, null]"
9900,8,14,11,0.00,18,f,f,f,,,,102.211,101.857,,"[0.889, 0.602, null]"
9900,16,44,12,0.00,17,f,f,f,,,,101.821,102.183,,"[0.499, 0.928, null]"
9900,3,5,13,0.00,16,f,f,f,,,,102.511,102.277,,"[1.189, 1.022, null]"
9900,10,18,14,0.00,16,f,f,f,,,,102.101,103.061,,"[0.779, 1.806, null]"
9900,20,87,15,0.00,11,t,f,f,,,,102.666,,,"[1.344, null, null]"
9900,29,43,16,0.00,8,f,f,f,,,,102.779,,,"[1.457, null, null]"
9900,13,27,17,0.00,8,f,f,f,,,,102.916,,,"[1.594, null, null]"
9900,6,10,18,0.00,8,f,f,f,,,,103.139,,,"[1.817, null, null]"
9900,12,23,19,0.00,4,f,f,f,,,,103.778,,,"[2.456, null, null]"
9900,15,31,,0.00,0,f,f,f,,,,,,,"[null, null, null]"
9904,1,1,1,25.00,51,f,f,f,5606.408,0.000,,,,,0
9904,18,63,2,18.00,51,f,f,f,5621.017,14.609,,,,,14.609
9904,17,55,3,15.00,51,f,f,f,5625.607,19.199,,,,,19.199
9904,7,12,4,12.00,51,f,f,f,5628.168,21.760,,,,,21.76
9904,14,30,5,10.00,51,f,f,f,5639.698,33.290,,,,,33.29
9904,11,22,6,8.00,51,f,f,f,5640.216,33.808,,,,,33.808
9904,2,4,7,6.00,51,f,f,f,5640.635,34.227,,,,,34.227
9904,16,44,8,4.00,51,f,f,f,5642.718,36.310,,,,,36.31
9904,9,16,9,2.00,51,f,f,f,5643.182,36.774,,,,,36.774
9904,4,6,10,1.00,51,f,f,f,5645.390,38.982,,,,,38.982
9904,3,5,11,0.00,51,f,f,f,5674.014,67.606,,,,,67.606
9904,20,87,12,0.00,51,f,f,f,5674.670,68.262,,,,,68.262
9904,12,23,13,0.00,51,f,f,f,5679.278,72.870,,,,,72.87
9904,15,31,14,0.00,51,f,f,f,5683.988,77.580,,,,,77.58
9904,8,14,15,0.00,51,f,f,f,5685.115,78.707,,,,,78.707
9904,13,27,16,0.00,51,f,f,f,5686.645,80.237,,,,,80.237
9904,10,18,17,0.00,51,f,f,f,5702.800,96.392,,,,,96.392
9904,6,10,18,0.00,50,f,f,f,,,1,,,,+1 LAP
9904,29,43,19,0.00,50,f,f,f,,,1,,,,+1 LAP
9904,19,81,,0.00,0,t,f,f,,,,,,,
9905,16,44,1,0.00,20,f,f,f,80.117,0.000,,,,,0
9905,9,16,2,0.00,24,f,f,f,80.286,0.169,,,,,0.169
9905,17,55,3,0.00,25,f,f,f,80.650,0.533,,,,,0.533
9905,1,1,4,0.00,22,f,f,f,80.692,0.575,,,,,0.575
9905,7,12,5,0.00,25,f,f,f,80.940,0.823,,,,,0.823
9905,2,4,6,0.00,28,f,f,f,81.021,0.904,,,,,0.904
9905,12,23,7,0.00,25,f,f,f,81.073,0.956,,,,,0.956
9905,18,63,8,0.00,20,f,f,f,81.110,0.993,,,,,0.993
9905,8,14,9,0.00,20,f,f,f,81.114,0.997,,,,,0.997
9905,4,6,10,0.00,25,f,f,f,81.158,1.041,,,,,1.041
9905,3,5,11,0.00,24,f,f,f,81.172,1.055,,,,,1.055
9905,13,27,12,0.00,26,f,f,f,81.179,1.062,,,,,1.062
9905,14,30,13,0.00,27,f,f,f,81.201,1.084,,,,,1.084
9905,11,22,14,0.00,24,f,f,f,81.292,1.175,,,,,1.175
9905,10,18,15,0.00,26,f,f,f,81.295,1.178,,,,,1.178
9905,39,89,16,0.00,26,f,f,f,81.606,1.489,,,,,1.489
9905,15,31,17,0.00,22,f,f,f,81.642,1.525,,,,,1.525
9905,6,10,18,0.00,26,f,f,f,81.653,1.536,,,,,1.536
9905,20,87,19,0.00,23,f,f,f,82.058,1.941,,,,,1.941
9905,32,61,20,0.00,23,f,f,f,82.153,2.036,,,,,2.036
9906,2,4,1,0.00,28,f,f,f,79.878,0.000,,,,,0
9906,9,16,2,0.00,29,f,f,f,79.961,0.083,,,,,0.083
9906,17,55,3,0.00,30,f,f,f,79.974,0.096,,,,,0.096
9906,19,81,4,0.00,29,f,f,f,80.059,0.181,,,,,0.181
9906,16,44,5,0.00,26,f,f,f,80.070,0.192,,,,,0.192
9906,1,1,6,0.00,27,f,f,f,80.077,0.199,,,,,0.199
9906,12,23,7,0.00,28,f,f,f,80.179,0.301,,,,,0.301
9906,13,27,8,0.00,27,f,f,f,80.241,0.363,,,,,0.363
9906,11,22,9,0.00,28,f,f,f,80.269,0.391,,,,,0.391
9906,18,63,10,0.00,29,f,f,f,80.276,0.398,,,,,0.398
9906,4,6,11,0.00,24,f,f,f,80.383,0.505,,,,,0.505
9906,3,5,12,0.00,25,f,f,f,80.475,0.597,,,,,0.597
9906,10,18,13,0.00,28,f,f,f,80.528,0.650,,,,,0.65
9906,20,87,14,0.00,29,f,f,f,80.607,0.729,,,,,0.729
9906,8,14,15,0.00,26,f,f,f,80.645,0.767,,,,,0.767
9906,15,31,16,0.00,29,f,f,f,80.654,0.776,,,,,0.776
9906,14,30,17,0.00,25,f,f,f,80.811,0.933,,,,,0.933
9906,6,10,18,0.00,30,f,f,f,81.102,1.224,,,,,1.224
9906,7,12,19,0.00,4,f,f,f,81.367,1.489,,,,,1.489
9906,29,43,20,0.00,30,f,f,f,81.564,1.686,,,,,1.686
9907,2,4,1,0.00,21,f,f,f,79.331,0.000,,,,,0
9907,9,16,2,0.00,24,f,f,f,79.352,0.021,,,,,0.021
9907,19,81,3,0.00,22,f,f,f,79.496,0.165,,,,,0.165
9907,1,1,4,0.00,18,f,f,f,79.498,0.167,,,,,0.167
9907,18,63,5,0.00,19,f,f,f,79.515,0.184,,,,,0.184
9907,3,5,6,0.00,18,f,f,f,79.558,0.227,,,,,0.227
9907,16,44,7,0.00,23,f,f,f,79.598,0.267,,,,,0.267
9907,4,6,8,0.00,20,f,f,f,79.603,0.272,,,,,0.272
9907,7,12,9,0.00,24,f,f,f,79.696,0.365,,,,,0.365
9907,12,23,10,0.00,23,f,f,f,79.720,0.389,,,,,0.389
9907,13,27,11,0.00,18,f,f,f,79.737,0.406,,,,,0.406
9907,8,14,12,0.00,19,f,f,f,79.861,0.530,,,,,0.53
9907,17,55,13,0.00,23,f,f,f,79.907,0.576,,,,,0.576
9907,29,43,14,0.00,22,f,f,f,80.034,0.703,,,,,0.703
9907,11,22,15,0.00,24,f,f,f,80.059,0.728,,,,,0.728
9907,14,30,16,0.00,14,f,f,f,80.132,0.801,,,,,0.801
9907,20,87,17,0.00,22,f,f,f,80.209,0.878,,,,,0.878
9907,6,10,18,0.00,23,f,f,f,80.247,0.916,,,,,0.916
9907,10,18,19,0.00,22,f,f,f,80.247,0.916,,,,,0.916
9907,15,31,20,0.00,20,f,f,f,80.304,0.973,,,,,0.973
9908,1,1,1,0.00,18,f,f,f,,,,79.455,79.140,78.792,"[0.041, 0.0, 0.0]"
9908,2,4,2,0.00,21,f,f,f,,,,79.517,79.293,78.869,"[0.103, 0.153, 0.077]"
9908,19,81,3,0.00,19,f,f,f,,,,79.711,79.286,78.982,"[0.297, 0.146, 0.19]"
9908,9,16,4,0.00,20,f,f,f,,,,79.689,79.310,79.007,"[0.275, 0.17, 0.215]"
9908,16,44,5,0.00,20,f,f,f,,,,79.765,79.371,79.124,"[0.351, 0.231, 0.332]"
9908,18,63,6,0.00,18,f,f,f,,,,79.414,79.287,79.157,"[0.0, 0.147, 0.365]"
9908,7,12,7,0.00,22,f,f,f,,,,79.747,79.245,79.200,"[0.333, 0.105, 0.408]"
9908,3,5,8,0.00,21,f,f,f,,,,79.688,79.323,79.390,"[0.274, 0.183, 0.598]"
9908,8,14,9,0.00,20,f,f,f,,,,79.658,79.362,79.424,"[0.244, 0.222, 0.632]"
9908,11,22,10,0.00,18,f,f,f,,,,79.619,79.433,79.519,"[0.205, 0.293, 0.727]"
9908,20,87,11,0.00,15,f,f,f,,,,79.688,79.446,,"[0.274, 0.306, null]"
9908,13,27,12,0.00,15,f,f,f,,,,79.777,79.498,,"[0.363, 0.358, null]"
9908,17,55,13,0.00,19,f,f,f,,,,79.644,79.528,,"[0.23, 0.388, null]"
9908,12,23,14,0.00,16,f,f,f,,,,79.837,79.583,,"[0.423, 0.443, null]"
9908,15,31,15,0.00,15,f,f,f,,,,79.816,79.707,,"[0.402, 0.567, null]"
9908,4,6,16,0.00,6,f,f,f,,,,79.917,,,"[0.503, null, null]"
9908,10,18,17,0.00,9,f,f,f,,,,79.948,,,"[0.534, null, null]"
9908,29,43,18,0.00,9,f,f,f,,,,79.992,,,"[0.578, null, null]"
9908,6,10,19,0.00,9,f,f,f,,,,80.103,,,"[0.689, null, null]"
9908,14,30,20,0.00,5,f,f,f,,,,80.279,,,"[0.865, null, null]"
9912,1,1,1,25.00,53,f,f,f,4404.325,0.000,,,,,0
9912,2,4,2,18.00,53,f,f,f,4423.532,19.207,,,,,19.207
9912,19,81,3,15.00,53,f,f,f,4425.676,21.351,,,,,21.351
9912,9,16,4,12.00,53,f,f,f,4429.949,25.624,,,,,25.624
9912,18,63,5,10.00,53,f,f,f,4437.206,32.881,,,,,32.881
9912,16,44,6,8.00,53,f,f,f,4441.774,37.449,,,,,37.449
9912,12,23,7,6.00,53,f,f,f,4454.862,50.537,,,,,50.537
9912,3,5,8,4.00,53,f,f,f,4462.809,58.484,,,,,58.484
9912,7,12,9,2.00,53,f,f,f,4464.087,59.762,,,,,59.762
9912,4,6,10,1.00,53,f,f,f,4468.216,63.891,,,,,63.891
9912,17,55,11,0.00,53,f,f,f,4468.794,64.469,,,,,64.469
9912,20,87,12,0.00,53,f,f,f,4483.613,79.288,,,,,79.288
9912,11,22,13,0.00,53,f,f,f,4485.026,80.701,,,,,80.701
9912,14,30,14,0.00,53,f,f,f,4486.676,82.351,,,,,82.351
9912,15,31,15,0.00,52,f,f,f,,,1,,,,+1 LAP
9912,6,10,16,0.00,52,f,f,f,,,1,,,,+1 LAP
9912,29,43,17,0.00,52,f,f,f,,,1,,,,+1 LAP
9912,10,18,18,0.00,52,f,f,f,,,1,,,,+1 LAP
9912,8,14,,0.00,24,t,f,f,,,,,,,
9912,13,27,,0.00,0,f,t,f,,,,,,,
9913,2,4,1,0.00,35,f,f,f,70.278,0.000,,,,,0
9913,19,81,2,0.00,32,f,f,f,70.570,0.292,,,,,0.292
9913,10,18,3,0.00,25,f,f,f,70.779,0.501,,,,,0.501
9913,8,14,4,0.00,25,f,f,f,70.841,0.563,,,,,0.563
9913,12,23,5,0.00,33,f,f,f,71.171,0.893,,,,,0.893
9913,1,1,6,0.00,24,f,f,f,71.218,0.940,,,,,0.94
9913,18,63,7,0.00,29,f,f,f,71.386,1.108,,,,,1.108
9913,17,55,8,0.00,33,f,f,f,71.458,1.180,,,,,1.18
9913,3,5,9,0.00,30,f,f,f,71.509,1.231,,,,,1.231
9913,6,10,10,0.00,30,f,f,f,71.613,1.335,,,,,1.335
9913,14,30,11,0.00,29,f,f,f,71.753,1.475,,,,,1.475
9913,4,6,12,0.00,30,f,f,f,71.772,1.494,,,,,1.494
9913,13,27,13,0.00,30,f,f,f,71.875,1.597,,,,,1.597
9913,9,16,14,0.00,32,f,f,f,71.951,1.673,,,,,1.673
9913,16,44,15,0.00,28,f,f,f,71.960,1.682,,,,,1.682
9913,11,22,16,0.00,24,f,f,f,72.126,1.848,,,,,1.848
9913,15,31,17,0.00,29,f,f,f,72.144,1.866,,,,,1.866
9913,29,43,18,0.00,27,f,f,f,72.276,1.998,,,,,1.998
9913,20,87,19,0.00,30,f,f,f,72.564,2.286,,,,,2.286
9913,7,12,20,0.00,6,f,f,f,74.275,3.997,,,,,3.997
9914,2,4,1,0.00,28,f,f,f,69.890,0.000,,,,,0
9914,8,14,2,0.00,20,f,f,f,69.977,0.087,,,,,0.087
9914,19,81,3,0.00,29,f,f,f,69.979,0.089,,,,,0.089
9914,18,63,4,0.00,25,f,f,f,70.274,0.384,,,,,0.384
9914,1,1,5,0.00,23,f,f,f,70.478,0.588,,,,,0.588
9914,16,44,6,0.00,22,f,f,f,70.738,0.848,,,,,0.848
9914,11,22,7,0.00,26,f,f,f,70.795,0.905,,,,,0.905
9914,9,16,8,0.00,23,f,f,f,70.834,0.944,,,,,0.944
9914,29,43,9,0.00,26,f,f,f,70.957,1.067,,,,,1.067
9914,13,27,10,0.00,25,f,f,f,71.080,1.190,,,,,1.19
9914,20,87,11,0.00,26,f,f,f,71.113,1.223,,,,,1.223
9914,7,12,12,0.00,21,f,f,f,71.185,1.295,,,,,1.295
9914,3,5,13,0.00,25,f,f,f,71.320,1.430,,,,,1.43
9914,14,30,14,0.00,25,f,f,f,71.339,1.449,,,,,1.449
9914,15,31,15,0.00,23,f,f,f,71.361,1.471,,,,,1.471
9914,17,55,16,0.00,30,f,f,f,71.682,1.792,,,,,1.792
9914,12,23,17,0.00,16,f,f,f,71.756,1.866,,,,,1.866
9914,10,18,18,0.00,7,f,f,f,71.975,2.085,,,,,2.085
9914,6,10,19,0.00,28,f,f,f,72.122,2.232,,,,,2.232
9914,4,6,20,0.00,1,f,f,f,,,,,,,
9915,2,4,1,0.00,16,f,f,f,68.972,0.000,,,,,0
9915,19,81,2,0.00,15,f,f,f,69.214,0.242,,,,,0.242
9915,18,63,3,0.00,17,f,f,f,69.858,0.886,,,,,0.886
9915,17,55,4,0.00,23,f,f,f,69.913,0.941,,,,,0.941
9915,1,1,5,0.00,20,f,f,f,69.925,0.953,,,,,0.953
9915,9,16,6,0.00,23,f,f,f,69.938,0.966,,,,,0.966
9915,12,23,7,0.00,22,f,f,f,70.099,1.127,,,,,1.127
9915,10,18,8,0.00,24,f,f,f,70.103,1.131,,,,,1.131
9915,4,6,9,0.00,21,f,f,f,70.166,1.194,,,,,1.194
9915,8,14,10,0.00,20,f,f,f,70.232,1.260,,,,,1.26
9915,14,30,11,0.00,17,f,f,f,70.300,1.328,,,,,1.328
9915,11,22,12,0.00,19,f,f,f,70.349,1.377,,,,,1.377
9915,3,5,13,0.00,21,f,f,f,70.361,1.389,,,,,1.389
9915,16,44,14,0.00,20,f,f,f,70.373,1.401,,,,,1.401
9915,20,87,15,0.00,19,f,f,f,70.595,1.623,,,,,1.623
9915,13,27,16,0.00,24,f,f,f,70.599,1.627,,,,,1.627
9915,7,12,17,0.00,31,f,f,f,70.697,1.725,,,,,1.725
9915,15,31,18,0.00,18,f,f,f,70.801,1.829,,,,,1.829
9915,6,10,19,0.00,24,f,f,f,70.963,1.991,,,,,1.991
9915,29,43,20,0.00,21,f,f,f,71.054,2.082,,,,,2.082
9916,19,81,1,0.00,18,f,f,f,,,,69.338,68.964,68.662,"[0.0, 0.09, 0.0]"
9916,2,4,2,0.00,18,f,f,f,,,,69.469,68.874,68.674,"[0.131, 0.0, 0.012]"
9916,1,1,3,0.00,18,f,f,f,,,,69.696,69.122,68.925,"[0.358, 0.248, 0.263]"
9916,4,6,4,0.00,18,f,f,f,,,,69.966,69.439,69.208,"[0.628, 0.565, 0.546]"
9916,18,63,5,0.00,18,f,f,f,,,,69.676,69.313,69.255,"[0.338, 0.439, 0.593]"
9916,9,16,6,0.00,22,f,f,f,,,,69.906,69.304,69.340,"[0.568, 0.43, 0.678]"
9916,16,44,7,0.00,21,f,f,f,,,,69.900,69.261,69.390,"[0.562, 0.387, 0.728]"
9916,14,30,8,0.00,18,f,f,f,,,,69.779,69.383,69.500,"[0.441, 0.509, 0.838]"
9916,17,55,9,0.00,18,f,f,f,,,,69.980,69.472,69.505,"[0.642, 0.598, 0.843]"
9916,8,14,10,0.00,17,f,f,f,,,,69.950,69.366,69.630,"[0.612, 0.492, 0.968]"
9916,7,12,11,0.00,12,f,f,f,,,,69.845,69.493,,"[0.507, 0.619, null]"
9916,11,22,12,0.00,15,f,f,f,,,,69.954,69.622,,"[0.616, 0.748, null]"
9916,3,5,13,0.00,12,f,f,f,,,,70.037,69.622,,"[0.699, 0.748, null]"
9916,6,10,14,0.00,15,f,f,f,,,,69.894,69.637,,"[0.556, 0.763, null]"
9916,12,23,15,0.00,12,f,f,f,,,,69.792,69.652,,"[0.454, 0.778, null]"
9916,29,43,16,0.00,9,f,f,f,,,,70.104,,,"[0.766, null, null]"
9916,13,27,17,0.00,9,f,f,f,,,,70.195,,,"[0.857, null, null]"
9916,15,31,18,0.00,9,f,f,f,,,,70.197,,,"[0.859, null, null]"
9916,20,87,19,0.00,9,f,f,f,,,,70.262,,,"[0.924, null, null]"
9916,10,18,,0.00,2,t,f,f,,,,,,,"[null, null, null]"
9920,19,81,1,25.00,72,f,f,f,5909.849,0.000,,,,,0
9920,1,1,2,18.00,72,f,f,f,5911.120,1.271,,,,,1.271
9920,4,6,3,15.00,72,f,f,f,5913.082,3.233,,,,,3.233
9920,18,63,4,12.00,72,f,f,f,5915.503,5.654,,,,,5.654
9920,12,23,5,10.00,72,f,f,f,5916.176,6.327,,,,,6.327
9920,20,87,6,8.00,72,f,f,f,5918.893,9.044,,,,,9.044
9920,10,18,7,6.00,72,f,f,f,5919.346,9.497,,,,,9.497
9920,8,14,8,4.00,72,f,f,f,5921.558,11.709,,,,,11.709
9920,11,22,9,2.00,72,f,f,f,5923.446,13.597,,,,,13.597
9920,15,31,10,1.00,72,f,f,f,5923.912,14.063,,,,,14.063
9920,29,43,11,0.00,72,f,f,f,5924.360,14.511,,,,,14.511
9920,14,30,12,0.00,72,f,f,f,5926.912,17.063,,,,,17.063
9920,17,55,13,0.00,72,f,f,f,5927.225,17.376,,,,,17.376
9920,13,27,14,0.00,72,f,f,f,5929.574,19.725,,,,,19.725
9920,3,5,15,0.00,72,f,f,f,5931.414,21.565,,,,,21.565
9920,7,12,16,0.00,72,f,f,f,5931.878,22.029,,,,,22.029
9920,6,10,17,0.00,72,f,f,f,5933.478,23.629,,,,,23.629
9920,2,4,18,0.00,64,t,f,f,,,,,,,
9920,9,16,,0.00,52,t,f,f,,,,,,,
9920,16,44,,0.00,22,t,f,f,,,,,,,
9921,2,4,1,0.00,26,f,f,f,76.052,0.000,,,,,0
9921,19,81,2,0.00,30,f,f,f,76.071,0.019,,,,,0.019
9921,9,16,3,0.00,28,f,f,f,76.269,0.217,,,,,0.217
9921,4,6,4,0.00,31,f,f,f,76.681,0.629,,,,,0.629
9921,16,44,5,0.00,28,f,f,f,76.734,0.682,,,,,0.682
9921,20,87,6,0.00,26,f,f,f,76.878,0.826,,,,,0.826
9921,7,12,7,0.00,26,f,f,f,76.880,0.828,,,,,0.828
9921,18,63,8,0.00,26,f,f,f,76.925,0.873,,,,,0.873
9921,1,1,9,0.00,25,f,f,f,76.940,0.888,,,,,0.888
9921,10,18,10,0.00,25,f,f,f,76.958,0.906,,,,,0.906
9921,12,23,11,0.00,28,f,f,f,76.984,0.932,,,,,0.932
9921,15,31,12,0.00,26,f,f,f,77.004,0.952,,,,,0.952
9921,6,10,13,0.00,27,f,f,f,77.123,1.071,,,,,1.071
9921,14,30,14,0.00,29,f,f,f,77.184,1.132,,,,,1.132
9921,17,55,15,0.00,31,f,f,f,77.195,1.143,,,,,1.143
9921,21,34,16,0.00,26,f,f,f,77.269,1.217,,,,,1.217
9921,11,22,17,0.00,27,f,f,f,77.393,1.341,,,,,1.341
9921,29,43,18,0.00,29,f,f,f,77.464,1.412,,,,,1.412
9921,3,5,19,0.00,17,f,f,f,77.652,1.600,,,,,1.6
9921,32,97,20,0.00,9,f,f,f,79.788,3.736,,,,,3.736
9922,2,4,1,0.00,27,f,f,f,75.624,0.000,,,,,0
9922,19,81,2,0.00,30,f,f,f,75.915,0.291,,,,,0.291
9922,9,16,3,0.00,28,f,f,f,76.023,0.399,,,,,0.399
9922,10,18,4,0.00,28,f,f,f,76.119,0.495,,,,,0.495
9922,8,14,5,0.00,25,f,f,f,76.233,0.609,,,,,0.609
9922,16,44,6,0.00,28,f,f,f,76.329,0.705,,,,,0.705
9922,18,63,7,0.00,27,f,f,f,76.417,0.793,,,,,0.793
9922,4,6,8,0.00,30,f,f,f,76.427,0.803,,,,,0.803
9922,11,22,9,0.00,30,f,f,f,76.485,0.861,,,,,0.861
9922,7,12,10,0.00,26,f,f,f,76.520,0.896,,,,,0.896
9922,20,87,11,0.00,27,f,f,f,76.567,0.943,,,,,0.943
9922,13,27,12,0.00,31,f,f,f,76.680,1.056,,,,,1.056
9922,15,31,13,0.00,29,f,f,f,76.704,1.080,,,,,1.08
9922,1,1,14,0.00,25,f,f,f,76.791,1.167,,,,,1.167
9922,14,30,15,0.00,29,f,f,f,76.812,1.188,,,,,1.188
9922,17,55,16,0.00,32,f,f,f,76.874,1.250,,,,,1.25
9922,3,5,17,0.00,29,f,f,f,76.946,1.322,,,,,1.322
9922,12,23,18,0.00,30,f,f,f,77.021,1.397,,,,,1.397
9922,6,10,19,0.00,25,f,f,f,77.043,1.419,,,,,1.419
9922,29,43,20,0.00,29,f,f,f,77.159,1.535,,,,,1.535
9923,19,81,1,0.00,17,f,f,f,74.916,0.000,,,,,0
9923,2,4,2,0.00,20,f,f,f,74.948,0.032,,,,,0.032
9923,9,16,3,0.00,17,f,f,f,75.315,0.399,,,,,0.399
9923,16,44,4,0.00,18,f,f,f,75.684,0.768,,,,,0.768
9923,7,12,5,0.00,18,f,f,f,75.745,0.829,,,,,0.829
9923,8,14,6,0.00,18,f,f,f,75.794,0.878,,,,,0.878
9923,10,18,7,0.00,21,f,f,f,75.828,0.912,,,,,0.912
9923,18,63,8,0.00,17,f,f,f,75.840,0.924,,,,,0.924
9923,3,5,9,0.00,19,f,f,f,75.978,1.062,,,,,1.062
9923,13,27,10,0.00,21,f,f,f,76.025,1.109,,,,,1.109
9923,20,87,11,0.00,17,f,f,f,76.127,1.211,,,,,1.211
9923,1,1,12,0.00,19,f,f,f,76.162,1.246,,,,,1.246
9923,29,43,13,0.00,21,f,f,f,76.247,1.331,,,,,1.331
9923,14,30,14,0.00,21,f,f,f,76.371,1.455,,,,,1.455
9923,17,55,15,0.00,19,f,f,f,76.442,1.526,,,,,1.526
9923,12,23,16,0.00,20,f,f,f,76.530,1.614,,,,,1.614
9923,15,31,17,0.00,18,f,f,f,76.531,1.615,,,,,1.615
9923,6,10,18,0.00,22,f,f,f,76.570,1.654,,,,,1.654
9923,11,22,19,0.00,19,f,f,f,76.878,1.962,,,,,1.962
9923,4,6,20,0.00,18,f,f,f,76.956,2.040,,,,,2.04
9924,9,16,1,0.00,18,f,f,f,,,,75.582,75.455,75.372,"[0.371, 0.565, 0.0]"
9924,19,81,2,0.00,18,f,f,f,,,,75.211,74.941,75.398,"[0.0, 0.051, 0.026]"
9924,2,4,3,0.00,18,f,f,f,,,,75.523,74.890,75.413,"[0.312, 0.0, 0.041]"
9924,18,63,4,0.00,15,f,f,f,,,,75.627,75.201,75.425,"[0.416, 0.311, 0.053]"
9924,8,14,5,0.00,15,f,f,f,,,,75.281,75.395,75.481,"[0.07, 0.505, 0.109]"
9924,10,18,6,0.00,18,f,f,f,,,,75.673,75.129,75.498,"[0.462, 0.239, 0.126]"
9924,3,5,7,0.00,18,f,f,f,,,,75.586,75.687,75.725,"[0.375, 0.797, 0.353]"
9924,1,1,8,0.00,18,f,f,f,,,,75.736,75.547,75.728,"[0.525, 0.657, 0.356]"
9924,14,30,9,0.00,18,f,f,f,,,,75.849,75.630,75.821,"[0.638, 0.74, 0.449]"
9924,4,6,10,0.00,15,f,f,f,,,,75.516,75.469,75.915,"[0.305, 0.579, 0.543]"
9924,20,87,11,0.00,12,f,f,f,,,,75.750,75.694,,"[0.539, 0.804, null]"
9924,16,44,12,0.00,12,f,f,f,,,,75.733,75.702,,"[0.522, 0.812, null]"
9924,17,55,13,0.00,15,f,f,f,,,,75.652,75.781,,"[0.441, 0.891, null]"
9924,29,43,14,0.00,12,f,f,f,,,,75.875,76.159,,"[0.664, 1.269, null]"
9924,7,12,15,0.00,9,f,f,f,,,,75.782,76.386,,"[0.571, 1.496, null]"
9924,11,22,16,0.00,6,f,f,f,,,,75.899,,,"[0.688, null, null]"
9924,6,10,17,0.00,6,f,f,f,,,,75.966,,,"[0.755, null, null]"
9924,15,31,18,0.00,6,f,f,f,,,,76.023,,,"[0.812, null, null]"
9924,13,27,19,0.00,6,f,f,f,,,,76.081,,,"[0.87, null, null]"
9924,12,23,20,0.00,9,f,f,f,,,,76.223,,,"[1.012, null, null]"
9928,2,4,1,25.00,70,f,f,f,5721.231,0.000,,,,,0
9928,19,81,2,18.00,70,f,f,f,5721.929,0.698,,,,,0.698
9928,18,63,3,15.00,70,f,f,f,5743.147,21.916,,,,,21.916
9928,9,16,4,12.00,70,f,f,f,5763.791,42.560,,,,,42.56
9928,8,14,5,10.00,70,f,f,f,5780.271,59.040,,,,,59.04
9928,3,5,6,8.00,70,f,f,f,5787.400,66.169,,,,,66.169
9928,10,18,7,6.00,70,f,f,f,5789.405,68.174,,,,,68.174
9928,14,30,8,4.00,70,f,f,f,5790.682,69.451,,,,,69.451
9928,1,1,9,2.00,70,f,f,f,5793.876,72.645,,,,,72.645
9928,7,12,10,1.00,69,f,f,f,,,1,,,,+1 LAP
9928,4,6,11,0.00,69,f,f,f,,,1,,,,+1 LAP
9928,16,44,12,0.00,69,f,f,f,,,1,,,,+1 LAP
9928,13,27,13,0.00,69,f,f,f,,,1,,,,+1 LAP
9928,17,55,14,0.00,69,f,f,f,,,1,,,,+1 LAP
9928,12,23,15,0.00,69,f,f,f,,,1,,,,+1 LAP
9928,15,31,16,0.00,69,f,f,f,,,1,,,,+1 LAP
9928,11,22,17,0.00,69,f,f,f,,,1,,,,+1 LAP
9928,29,43,18,0.00,69,f,f,f,,,1,,,,+1 LAP
9928,6,10,19,0.00,69,f,f,f,,,1,,,,+1 LAP
9928,20,87,,0.00,48,t,f,f,,,,,,,
9929,19,81,1,0.00,23,f,f,f,102.022,0.000,,,,,0
9929,1,1,2,0.00,23,f,f,f,102.426,0.404,,,,,0.404
9929,2,4,3,0.00,22,f,f,f,102.526,0.504,,,,,0.504
9929,18,63,4,0.00,27,f,f,f,102.598,0.576,,,,,0.576
9929,9,16,5,0.00,22,f,f,f,102.928,0.906,,,,,0.906
9929,7,12,6,0.00,23,f,f,f,102.979,0.957,,,,,0.957
9929,16,44,7,0.00,24,f,f,f,103.085,1.063,,,,,1.063
9929,10,18,8,0.00,17,f,f,f,103.112,1.090,,,,,1.09
9929,8,14,9,0.00,22,f,f,f,103.120,1.098,,,,,1.098
9929,4,6,10,0.00,19,f,f,f,103.122,1.100,,,,,1.1
9929,17,55,11,0.00,16,f,f,f,103.217,1.195,,,,,1.195
9929,12,23,12,0.00,24,f,f,f,103.261,1.239,,,,,1.239
9929,3,5,13,0.00,25,f,f,f,103.262,1.240,,,,,1.24
9929,13,27,14,0.00,20,f,f,f,103.470,1.448,,,,,1.448
9929,14,30,15,0.00,21,f,f,f,103.478,1.456,,,,,1.456
9929,15,31,16,0.00,22,f,f,f,103.570,1.548,,,,,1.548
9929,6,10,17,0.00,21,f,f,f,103.929,1.907,,,,,1.907
9929,11,22,18,0.00,23,f,f,f,104.492,2.470,,,,,2.47
9929,29,43,19,0.00,21,f,f,f,104.847,2.825,,,,,2.825
9929,20,87,20,0.00,22,f,f,f,105.077,3.055,,,,,3.055
9930,19,81,1,0.00,11,f,f,f,,,,101.769,102.128,100.510,"[0.0, 0.716, 0.0]"
9930,1,1,2,0.00,9,f,f,f,,,,102.043,101.583,100.987,"[0.274, 0.171, 0.477]"
9930,2,4,3,0.00,12,f,f,f,,,,102.068,101.412,101.128,"[0.299, 0.0, 0.618]"
9930,9,16,4,0.00,12,f,f,f,,,,102.763,101.786,101.278,"[0.994, 0.374, 0.768]"
9930,15,31,5,0.00,12,f,f,f,,,,102.822,101.801,101.565,"[1.053, 0.389, 1.055]"
9930,17,55,6,0.00,11,f,f,f,,,,102.776,102.051,101.761,"[1.007, 0.639, 1.251]"
9930,20,87,7,0.00,12,f,f,f,,,,103.024,102.019,101.857,"[1.255, 0.607, 1.347]"
9930,6,10,8,0.00,12,f,f,f,,,,103.171,101.949,101.959,"[1.402, 0.537, 1.449]"
9930,4,6,9,0.00,11,f,f,f,,,,102.711,102.088,101.971,"[0.942, 0.676, 1.461]"
9930,3,5,10,0.00,12,f,f,f,,,,102.806,101.901,102.176,"[1.037, 0.489, 1.666]"
9930,14,30,11,0.00,9,f,f,f,,,,102.897,102.169,,"[1.128, 0.757, null]"
9930,11,22,12,0.00,9,f,f,f,,,,102.912,102.184,,"[1.143, 0.772, null]"
9930,18,63,13,0.00,8,f,f,f,,,,102.650,102.330,,"[0.881, 0.918, null]"
9930,8,14,14,0.00,7,f,f,f,,,,102.427,102.453,,"[0.658, 1.041, null]"
9930,10,18,15,0.00,8,f,f,f,,,,102.736,102.832,,"[0.967, 1.42, null]"
9930,12,23,16,0.00,6,f,f,f,,,,103.212,,,"[1.443, null, null]"
9930,13,27,17,0.00,6,f,f,f,,,,103.217,,,"[1.448, null, null]"
9930,16,44,18,0.00,6,f,f,f,,,,103.408,,,"[1.639, null, null]"
9930,29,43,19,0.00,6,f,f,f,,,,103.587,,,"[1.818, null, null]"
9930,7,12,20,0.00,6,f,f,f,,,,105.394,,,"[3.625, null, null]"
9934,1,1,1,8.00,15,f,f,f,1597.997,0.000,,,,,0
9934,19,81,2,7.00,15,f,f,f,1598.750,0.753,,,,,0.753
9934,2,4,3,6.00,15,f,f,f,1599.411,1.414,,,,,1.414
9934,9,16,4,5.00,15,f,f,f,1608.173,10.176,,,,,10.176
9934,15,31,5,4.00,15,f,f,f,1611.786,13.789,,,,,13.789
9934,17,55,6,3.00,15,f,f,f,1612.961,14.964,,,,,14.964
9934,20,87,7,2.00,15,f,f,f,1616.607,18.610,,,,,18.61
9934,4,6,8,1.00,15,f,f,f,1617.116,19.119,,,,,19.119
9934,3,5,9,0.00,15,f,f,f,1620.180,22.183,,,,,22.183
9934,14,30,10,0.00,15,f,f,f,1620.894,22.897,,,,,22.897
9934,11,22,11,0.00,15,f,f,f,1622.548,24.551,,,,,24.551
9934,18,63,12,0.00,15,f,f,f,1623.966,25.969,,,,,25.969
9934,10,18,13,0.00,15,f,f,f,1624.592,26.595,,,,,26.595
9934,8,14,14,0.00,15,f,f,f,1627.043,29.046,,,,,29.046
9934,16,44,15,0.00,15,f,f,f,1628.172,30.175,,,,,30.175
9934,12,23,16,0.00,15,f,f,f,1628.938,30.941,,,,,30.941
9934,7,12,17,0.00,15,f,f,f,1629.978,31.981,,,,,31.981
9934,13,27,18,0.00,15,f,f,f,1630.864,32.867,,,,,32.867
9934,29,43,19,0.00,15,f,f,f,1636.069,38.072,,,,,38.072
9934,6,10,,0.00,12,t,f,f,,,,,,,
9935,2,4,1,0.00,20,f,f,f,,,,101.010,100.715,100.562,"[0.0, 0.089, 0.0]"
9935,19,81,2,0.00,21,f,f,f,,,,101.201,100.626,100.647,"[0.191, 0.0, 0.085]"
9935,9,16,3,0.00,18,f,f,f,,,,101.635,101.084,100.900,"[0.625, 0.458, 0.338]"
9935,1,1,4,0.00,15,f,f,f,,,,101.334,100.951,100.903,"[0.324, 0.325, 0.341]"
9935,12,23,5,0.00,20,f,f,f,,,,101.772,101.505,101.201,"[0.762, 0.879, 0.639]"
9935,18,63,6,0.00,18,f,f,f,,,,101.784,101.254,101.260,"[0.774, 0.628, 0.698]"
9935,11,22,7,0.00,17,f,f,f,,,,101.840,101.245,101.284,"[0.83, 0.619, 0.722]"
9935,4,6,8,0.00,19,f,f,f,,,,101.572,101.281,101.310,"[0.562, 0.655, 0.748]"
9935,14,30,9,0.00,20,f,f,f,,,,101.748,101.297,101.328,"[0.738, 0.671, 0.766]"
9935,3,5,10,0.00,18,f,f,f,,,,101.908,101.336,102.387,"[0.898, 0.71, 1.825]"
9935,15,31,11,0.00,14,f,f,f,,,,101.884,101.525,,"[0.874, 0.899, null]"
9935,20,87,12,0.00,13,f,f,f,,,,101.617,101.617,,"[0.607, 0.991, null]"
9935,6,10,13,0.00,14,f,f,f,,,,101.800,101.633,,"[0.79, 1.007, null]"
9935,13,27,14,0.00,14,f,f,f,,,,101.844,101.707,,"[0.834, 1.081, null]"
9935,17,55,15,0.00,13,f,f,f,,,,101.691,101.758,,"[0.681, 1.132, null]"
9935,16,44,16,0.00,8,f,f,f,,,,101.939,,,"[0.929, null, null]"
9935,29,43,17,0.00,8,f,f,f,,,,102.022,,,"[1.012, null, null]"
9935,7,12,18,0.00,6,f,f,f,,,,102.139,,,"[1.129, null, null]"
9935,8,14,19,0.00,8,f,f,f,,,,102.385,,,"[1.375, null, null]"
9935,10,18,20,0.00,8,f,f,f,,,,102.502,,,"[1.492, null, null]"
9939,19,81,1,25.00,44,f,f,f,5122.601,0.000,,,,,0
9939,2,4,2,18.00,44,f,f,f,5126.016,3.415,,,,,3.415
9939,9,16,3,15.00,44,f,f,f,5142.786,20.185,,,,,20.185
9939,1,1,4,12.00,44,f,f,f,5144.332,21.731,,,,,21.731
9939,18,63,5,10.00,44,f,f,f,5157.464,34.863,,,,,34.863
9939,12,23,6,8.00,44,f,f,f,5162.527,39.926,,,,,39.926
9939,16,44,7,6.00,44,f,f,f,5163.280,40.679,,,,,40.679
9939,14,30,8,4.00,44,f,f,f,5174.634,52.033,,,,,52.033
9939,3,5,9,2.00,44,f,f,f,5179.035,56.434,,,,,56.434
9939,6,10,10,1.00,44,f,f,f,5195.315,72.714,,,,,72.714
9939,20,87,11,0.00,44,f,f,f,5195.746,73.145,,,,,73.145
9939,13,27,12,0.00,44,f,f,f,5196.229,73.628,,,,,73.628
9939,11,22,13,0.00,44,f,f,f,5197.996,75.395,,,,,75.395
9939,10,18,14,0.00,44,f,f,f,5202.432,79.831,,,,,79.831
9939,15,31,15,0.00,44,f,f,f,5208.664,86.063,,,,,86.063
9939,7,12,16,0.00,44,f,f,f,5209.322,86.721,,,,,86.721
9939,8,14,17,0.00,44,f,f,f,5210.525,87.924,,,,,87.924
9939,17,55,18,0.00,44,f,f,f,5214.625,92.024,,,,,92.024
9939,29,43,19,0.00,44,f,f,f,5217.851,95.250,,,,,95.25
9939,4,6,20,0.00,43,f,f,f,,,1,,,,+1 LAP
9940,16,44,1,0.00,26,f,f,f,86.892,0.000,,,,,0
9940,2,4,2,0.00,26,f,f,f,86.915,0.023,,,,,0.023
9940,19,81,3,0.00,28,f,f,f,87.042,0.150,,,,,0.15
9940,9,16,4,0.00,26,f,f,f,87.095,0.203,,,,,0.203
9940,18,63,5,0.00,25,f,f,f,87.163,0.271,,,,,0.271
9940,4,6,6,0.00,28,f,f,f,87.217,0.325,,,,,0.325
9940,12,23,7,0.00,30,f,f,f,87.304,0.412,,,,,0.412
9940,14,30,8,0.00,27,f,f,f,87.351,0.459,,,,,0.459
9940,7,12,9,0.00,25,f,f,f,87.367,0.475,,,,,0.475
9940,1,1,10,0.00,26,f,f,f,87.432,0.540,,,,,0.54
9940,8,14,11,0.00,24,f,f,f,87.678,0.786,,,,,0.786
9940,10,18,12,0.00,22,f,f,f,87.844,0.952,,,,,0.952
9940,17,55,13,0.00,26,f,f,f,87.909,1.017,,,,,1.017
9940,28,36,14,0.00,22,f,f,f,87.958,1.066,,,,,1.066
9940,15,31,15,0.00,23,f,f,f,88.057,1.165,,,,,1.165
9940,29,43,16,0.00,27,f,f,f,88.086,1.194,,,,,1.194
9940,32,97,17,0.00,25,f,f,f,88.142,1.250,,,,,1.25
9940,20,87,18,0.00,24,f,f,f,88.147,1.255,,,,,1.255
9940,6,10,19,0.00,23,f,f,f,88.332,1.440,,,,,1.44
9940,3,5,20,0.00,23,f,f,f,88.397,1.505,,,,,1.505
9941,2,4,1,0.00,26,f,f,f,85.816,0.000,,,,,0
9941,9,16,2,0.00,29,f,f,f,86.038,0.222,,,,,0.222
9941,16,44,3,0.00,29,f,f,f,86.117,0.301,,,,,0.301
9941,19,81,4,0.00,27,f,f,f,86.286,0.470,,,,,0.47
9941,1,1,5,0.00,23,f,f,f,86.314,0.498,,,,,0.498
9941,7,12,6,0.00,28,f,f,f,86.383,0.567,,,,,0.567
9941,10,18,7,0.00,24,f,f,f,86.430,0.614,,,,,0.614
9941,18,63,8,0.00,27,f,f,f,86.523,0.707,,,,,0.707
9941,4,6,9,0.00,27,f,f,f,86.524,0.708,,,,,0.708
9941,14,30,10,0.00,28,f,f,f,86.624,0.808,,,,,0.808
9941,12,23,11,0.00,30,f,f,f,86.840,1.024,,,,,1.024
9941,8,14,12,0.00,24,f,f,f,86.876,1.060,,,,,1.06
9941,3,5,13,0.00,27,f,f,f,86.904,1.088,,,,,1.088
9941,15,31,14,0.00,26,f,f,f,86.941,1.125,,,,,1.125
9941,11,22,15,0.00,25,f,f,f,86.980,1.164,,,,,1.164
9941,17,55,16,0.00,27,f,f,f,87.159,1.343,,,,,1.343
9941,13,27,17,0.00,29,f,f,f,87.165,1.349,,,,,1.349
9941,6,10,18,0.00,24,f,f,f,87.174,1.358,,,,,1.358
9941,20,87,19,0.00,27,f,f,f,87.226,1.410,,,,,1.41
9941,29,43,20,0.00,29,f,f,f,87.289,1.473,,,,,1.473
9942,9,16,1,0.00,14,f,f,f,85.498,0.000,,,,,0
9942,19,81,2,0.00,14,f,f,f,85.566,0.068,,,,,0.068
9942,1,1,3,0.00,14,f,f,f,85.585,0.087,,,,,0.087
9942,2,4,4,0.00,17,f,f,f,85.606,0.108,,,,,0.108
9942,11,22,5,0.00,13,f,f,f,86.104,0.606,,,,,0.606
9942,20,87,6,0.00,13,f,f,f,86.112,0.614,,,,,0.614
9942,12,23,7,0.00,15,f,f,f,86.119,0.621,,,,,0.621
9942,18,63,8,0.00,13,f,f,f,86.125,0.627,,,,,0.627
9942,4,6,9,0.00,14,f,f,f,86.129,0.631,,,,,0.631
9942,14,30,10,0.00,14,f,f,f,86.256,0.758,,,,,0.758
9942,16,44,11,0.00,17,f,f,f,86.332,0.834,,,,,0.834
9942,17,55,12,0.00,16,f,f,f,86.332,0.834,,,,,0.834
9942,15,31,13,0.00,12,f,f,f,86.377,0.879,,,,,0.879
9942,7,12,14,0.00,12,f,f,f,86.422,0.924,,,,,0.924
9942,13,27,15,0.00,19,f,f,f,86.499,1.001,,,,,1.001
9942,3,5,16,0.00,15,f,f,f,86.501,1.003,,,,,1.003
9942,8,14,17,0.00,16,f,f,f,86.894,1.396,,,,,1.396
9942,29,43,18,0.00,14,f,f,f,87.597,2.099,,,,,2.099
9942,10,18,19,0.00,14,f,f,f,87.600,2.102,,,,,2.102
9942,6,10,20,0.00,16,f,f,f,87.878,2.380,,,,,2.38
9943,1,1,1,0.00,18,f,f,f,,,,85.886,85.316,84.892,"[0.0, 0.232, 0.0]"
9943,19,81,2,0.00,21,f,f,f,,,,85.963,85.316,84.995,"[0.077, 0.232, 0.103]"
9943,2,4,3,0.00,20,f,f,f,,,,86.123,85.231,85.010,"[0.237, 0.147, 0.118]"
9943,18,63,4,0.00,19,f,f,f,,,,86.236,85.637,85.029,"[0.35, 0.553, 0.137]"
9943,16,44,5,0.00,19,f,f,f,,,,86.296,85.084,85.095,"[0.41, 0.0, 0.203]"
9943,9,16,6,0.00,21,f,f,f,,,,86.186,85.133,85.121,"[0.3, 0.049, 0.229]"
9943,7,12,7,0.00,18,f,f,f,,,,86.265,85.620,85.374,"[0.379, 0.536, 0.482]"
9943,20,87,8,0.00,18,f,f,f,,,,86.005,85.534,85.471,"[0.119, 0.45, 0.579]"
9943,8,14,9,0.00,15,f,f,f,,,,86.108,85.593,85.621,"[0.222, 0.509, 0.729]"
9943,6,10,10,0.00,21,f,f,f,,,,86.328,85.711,85.785,"[0.442, 0.627, 0.893]"
9943,17,55,11,0.00,12,f,f,f,,,,86.175,85.746,,"[0.289, 0.662, null]"
9943,11,22,12,0.00,13,f,f,f,,,,86.275,85.826,,"[0.389, 0.742, null]"
9943,4,6,13,0.00,12,f,f,f,,,,86.177,85.864,,"[0.291, 0.78, null]"
9943,12,23,14,0.00,13,f,f,f,,,,86.093,85.889,,"[0.207, 0.805, null]"
9943,15,31,15,0.00,12,f,f,f,,,,86.136,85.950,,"[0.25, 0.866, null]"
9943,14,30,16,0.00,6,f,f,f,,,,86.440,,,"[0.554, null, null]"
9943,3,5,17,0.00,9,f,f,f,,,,86.446,,,"[0.56, null, null]"
9943,10,18,18,0.00,9,f,f,f,,,,86.504,,,"[0.618, null, null]"
9943,13,27,19,0.00,9,f,f,f,,,,86.574,,,"[0.688, null, null]"
9943,29,43,20,0.00,6,f,f,f,,,,87.060,,,"[1.174, null, null]"
9947,2,4,1,25.00,52,f,f,f,5835.735,0.000,,,,,0
9947,19,81,2,18.00,52,f,f,f,5842.547,6.812,,,,,6.812
9947,13,27,3,15.00,52,f,f,f,5870.477,34.742,,,,,34.742
9947,16,44,4,12.00,52,f,f,f,5875.547,39.812,,,,,39.812
9947,1,1,5,10.00,52,f,f,f,5892.516,56.781,,,,,56.781
9947,6,10,6,8.00,52,f,f,f,5895.592,59.857,,,,,59.857
9947,10,18,7,6.00,52,f,f,f,5896.338,60.603,,,,,60.603
9947,12,23,8,4.00,52,f,f,f,5899.870,64.135,,,,,64.135
9947,8,14,9,2.00,52,f,f,f,5901.593,65.858,,,,,65.858
9947,18,63,10,1.00,52,f,f,f,5906.409,70.674,,,,,70.674
9947,20,87,11,0.00,52,f,f,f,5907.830,72.095,,,,,72.095
9947,17,55,12,0.00,52,f,f,f,5912.327,76.592,,,,,76.592
9947,15,31,13,0.00,52,f,f,f,5913.036,77.301,,,,,77.301
9947,9,16,14,0.00,52,f,f,f,5920.212,84.477,,,,,84.477
9947,11,22,15,0.00,51,f,f,f,,,1,,,,+1 LAP
9947,7,12,,0.00,23,t,f,f,,,,,,,
9947,4,6,,0.00,17,t,f,f,,,,,,,
9947,3,5,,0.00,3,t,f,f,,,,,,,
9947,14,30,,0.00,0,t,f,f,,,,,,,
9947,29,43,,0.00,0,f,t,f,,,,,,,
9948,18,63,1,0.00,34,f,f,f,65.542,0.000,,,,,0
9948,1,1,2,0.00,30,f,f,f,65.607,0.065,,,,,0.065
9948,19,81,3,0.00,33,f,f,f,65.697,0.155,,,,,0.155
9948,39,89,4,0.00,29,f,f,f,65.766,0.224,,,,,0.224
9948,6,10,5,0.00,34,f,f,f,65.780,0.238,,,,,0.238
9948,3,5,6,0.00,35,f,f,f,65.874,0.332,,,,,0.332
9948,12,23,7,0.00,35,f,f,f,65.946,0.404,,,,,0.404
9948,17,55,8,0.00,33,f,f,f,66.017,0.475,,,,,0.475
9948,16,44,9,0.00,20,f,f,f,66.099,0.557,,,,,0.557
9948,4,6,10,0.00,33,f,f,f,66.110,0.568,,,,,0.568
9948,7,12,11,0.00,35,f,f,f,66.130,0.588,,,,,0.588
9948,13,27,12,0.00,32,f,f,f,66.140,0.598,,,,,0.598
9948,10,18,13,0.00,32,f,f,f,66.160,0.618,,,,,0.618
9948,8,14,14,0.00,32,f,f,f,66.170,0.628,,,,,0.628
9948,14,30,15,0.00,34,f,f,f,66.189,0.647,,,,,0.647
9948,29,43,16,0.00,34,f,f,f,66.246,0.704,,,,,0.704
9948,11,22,17,0.00,30,f,f,f,66.262,0.720,,,,,0.72
9948,23,38,18,0.00,32,f,f,f,66.369,0.827,,,,,0.827
9948,15,31,19,0.00,32,f,f,f,66.510,0.968,,,,,0.968
9948,20,87,20,0.00,30,f,f,f,66.738,1.196,,,,,1.196
9949,2,4,1,0.00,35,f,f,f,64.580,0.000,,,,,0
9949,19,81,2,0.00,35,f,f,f,64.737,0.157,,,,,0.157
9949,1,1,3,0.00,24,f,f,f,64.898,0.318,,,,,0.318
9949,10,18,4,0.00,32,f,f,f,65.022,0.442,,,,,0.442
9949,9,16,5,0.00,32,f,f,f,65.190,0.610,,,,,0.61
9949,18,63,6,0.00,34,f,f,f,65.229,0.649,,,,,0.649
9949,11,22,7,0.00,31,f,f,f,65.292,0.712,,,,,0.712
9949,3,5,8,0.00,31,f,f,f,65.411,0.831,,,,,0.831
9949,8,14,9,0.00,31,f,f,f,65.457,0.877,,,,,0.877
9949,16,44,10,0.00,34,f,f,f,65.511,0.931,,,,,0.931
9949,7,12,11,0.00,35,f,f,f,65.537,0.957,,,,,0.957
9949,14,30,12,0.00,31,f,f,f,65.543,0.963,,,,,0.963
9949,4,6,13,0.00,34,f,f,f,65.547,0.967,,,,,0.967
9949,6,10,14,0.00,36,f,f,f,65.613,1.033,,,,,1.033
9949,15,31,15,0.00,31,f,f,f,65.698,1.118,,,,,1.118
9949,12,23,16,0.00,37,f,f,f,65.765,1.185,,,,,1.185
9949,17,55,17,0.00,37,f,f,f,65.814,1.234,,,,,1.234
9949,20,87,18,0.00,35,f,f,f,65.835,1.255,,,,,1.255
9949,13,27,19,0.00,35,f,f,f,65.918,1.338,,,,,1.338
9949,29,43,20,0.00,34,f,f,f,66.176,1.596,,,,,1.596
9950,2,4,1,0.00,21,f,f,f,64.324,0.000,,,,,0
9950,19,81,2,0.00,20,f,f,f,64.442,0.118,,,,,0.118
9950,1,1,3,0.00,28,f,f,f,64.534,0.210,,,,,0.21
9950,9,16,4,0.00,20,f,f,f,64.574,0.250,,,,,0.25
9950,16,44,5,0.00,23,f,f,f,64.790,0.466,,,,,0.466
9950,18,63,6,0.00,18,f,f,f,65.018,0.694,,,,,0.694
9950,7,12,7,0.00,18,f,f,f,65.053,0.729,,,,,0.729
9950,10,18,8,0.00,20,f,f,f,65.062,0.738,,,,,0.738
9950,11,22,9,0.00,17,f,f,f,65.139,0.815,,,,,0.815
9950,3,5,10,0.00,18,f,f,f,65.182,0.858,,,,,0.858
9950,14,30,11,0.00,19,f,f,f,65.182,0.858,,,,,0.858
9950,8,14,12,0.00,21,f,f,f,65.243,0.919,,,,,0.919
9950,13,27,13,0.00,18,f,f,f,65.283,0.959,,,,,0.959
9950,12,23,14,0.00,22,f,f,f,65.314,0.990,,,,,0.99
9950,17,55,15,0.00,21,f,f,f,65.326,1.002,,,,,1.002
9950,20,87,16,0.00,21,f,f,f,65.366,1.042,,,,,1.042
9950,6,10,17,0.00,26,f,f,f,65.366,1.042,,,,,1.042
9950,15,31,18,0.00,21,f,f,f,65.519,1.195,,,,,1.195
9950,29,43,19,0.00,26,f,f,f,65.546,1.222,,,,,1.222
9950,4,6,20,0.00,18,f,f,f,66.023,1.699,,,,,1.699
9951,2,4,1,0.00,18,f,f,f,,,,64.672,64.410,63.971,"[0.0, 0.0, 0.0]"
9951,9,16,2,0.00,21,f,f,f,,,,65.197,64.734,64.492,"[0.525, 0.324, 0.521]"
9951,19,81,3,0.00,19,f,f,f,,,,64.966,64.556,64.554,"[0.294, 0.146, 0.583]"
9951,16,44,4,0.00,21,f,f,f,,,,65.115,64.896,64.582,"[0.443, 0.486, 0.611]"
9951,18,63,5,0.00,18,f,f,f,,,,65.189,64.860,64.763,"[0.517, 0.45, 0.792]"
9951,14,30,6,0.00,17,f,f,f,,,,65.017,65.041,64.926,"[0.345, 0.631, 0.955]"
9951,1,1,7,0.00,18,f,f,f,,,,65.106,64.836,64.929,"[0.434, 0.426, 0.958]"
9951,3,5,8,0.00,21,f,f,f,,,,65.123,64.846,65.132,"[0.451, 0.436, 1.161]"
9951,7,12,9,0.00,17,f,f,f,,,,65.178,65.052,65.276,"[0.506, 0.642, 1.305]"
9951,6,10,10,0.00,21,f,f,f,,,,65.054,64.846,65.649,"[0.382, 0.436, 1.678]"
9951,8,14,11,0.00,14,f,f,f,,,,65.197,65.128,,"[0.525, 0.718, null]"
9951,12,23,12,0.00,18,f,f,f,,,,65.143,65.205,,"[0.471, 0.795, null]"
9951,4,6,13,0.00,12,f,f,f,,,,65.063,65.226,,"[0.391, 0.816, null]"
9951,29,43,14,0.00,15,f,f,f,,,,65.278,65.288,,"[0.606, 0.878, null]"
9951,20,87,15,0.00,15,f,f,f,,,,65.218,65.312,,"[0.546, 0.902, null]"
9951,10,18,16,0.00,9,f,f,f,,,,65.329,,,"[0.657, null, null]"
9951,15,31,17,0.00,9,f,f,f,,,,65.364,,,"[0.692, null, null]"
9951,11,22,18,0.00,6,f,f,f,,,,65.369,,,"[0.697, null, null]"
9951,17,55,19,0.00,12,f,f,f,,,,65.582,,,"[0.91, null, null]"
9951,13,27,20,0.00,9,f,f,f,,,,65.606,,,"[0.934, null, null]"
9955,2,4,1,25.00,70,f,f,f,5027.693,0.000,,,,,0
9955,19,81,2,18.00,70,f,f,f,5030.388,2.695,,,,,2.695
9955,9,16,3,15.00,70,f,f,f,5047.513,19.820,,,,,19.82
9955,16,44,4,12.00,70,f,f,f,5056.713,29.020,,,,,29.02
9955,18,63,5,10.00,70,f,f,f,5090.089,62.396,,,,,62.396
9955,14,30,6,8.00,70,f,f,f,5095.447,67.754,,,,,67.754
9955,8,14,7,6.00,69,f,f,f,,,1,,,,+1 LAP
9955,3,5,8,4.00,69,f,f,f,,,1,,,,+1 LAP
9955,13,27,9,2.00,69,f,f,f,,,1,,,,+1 LAP
9955,15,31,10,1.00,69,f,f,f,,,1,,,,+1 LAP
9955,20,87,11,0.00,69,f,f,f,,,1,,,,+1 LAP
9955,4,6,12,0.00,69,f,f,f,,,1,,,,+1 LAP
9955,6,10,13,0.00,69,f,f,f,,,1,,,,+1 LAP
9955,10,18,14,0.00,69,f,f,f,,,1,,,,+1 LAP
9955,29,43,15,0.00,69,f,f,f,,,1,,,,+1 LAP
9955,11,22,16,0.00,68,f,f,f,,,2,,,,+2 LAPS
9955,12,23,,0.00,15,t,f,f,,,,,,,
9955,1,1,,0.00,0,t,f,f,,,,,,,
9955,7,12,,0.00,0,t,f,f,,,,,,,
9955,17,55,,0.00,0,f,t,f,,,,,,,
9956,1,1,1,0.00,28,f,f,f,73.193,0.000,,,,,0
9956,12,23,2,0.00,28,f,f,f,73.232,0.039,,,,,0.039
9956,17,55,3,0.00,31,f,f,f,73.275,0.082,,,,,0.082
9956,18,63,4,0.00,29,f,f,f,73.535,0.342,,,,,0.342
9956,16,44,5,0.00,30,f,f,f,73.620,0.427,,,,,0.427
9956,4,6,6,0.00,31,f,f,f,73.631,0.438,,,,,0.438
9956,2,4,7,0.00,30,f,f,f,73.651,0.458,,,,,0.458
9956,14,30,8,0.00,30,f,f,f,73.737,0.544,,,,,0.544
9956,6,10,9,0.00,29,f,f,f,73.817,0.624,,,,,0.624
9956,9,16,10,0.00,9,f,f,f,73.885,0.692,,,,,0.692
9956,11,22,11,0.00,27,f,f,f,73.927,0.734,,,,,0.734
9956,8,14,12,0.00,25,f,f,f,73.972,0.779,,,,,0.779
9956,7,12,13,0.00,30,f,f,f,74.002,0.809,,,,,0.809
9956,19,81,14,0.00,28,f,f,f,74.198,1.005,,,,,1.005
9956,10,18,15,0.00,25,f,f,f,74.203,1.010,,,,,1.01
9956,3,5,16,0.00,30,f,f,f,74.324,1.131,,,,,1.131
9956,20,87,17,0.00,30,f,f,f,74.520,1.327,,,,,1.327
9956,15,31,18,0.00,23,f,f,f,74.605,1.412,,,,,1.412
9956,29,43,19,0.00,29,f,f,f,74.645,1.452,,,,,1.452
9956,13,27,20,0.00,28,f,f,f,74.821,1.628,,,,,1.628
9957,18,63,1,0.00,33,f,f,f,72.123,0.000,,,,,0
9957,2,4,2,0.00,32,f,f,f,72.151,0.028,,,,,0.028
9957,7,12,3,0.00,33,f,f,f,72.411,0.288,,,,,0.288
9957,12,23,4,0.00,36,f,f,f,72.445,0.322,,,,,0.322
9957,8,14,5,0.00,31,f,f,f,72.458,0.335,,,,,0.335
9957,19,81,6,0.00,32,f,f,f,72.562,0.439,,,,,0.439
9957,17,55,7,0.00,37,f,f,f,72.631,0.508,,,,,0.508
9957,16,44,8,0.00,34,f,f,f,72.653,0.530,,,,,0.53
9957,1,1,9,0.00,31,f,f,f,72.666,0.543,,,,,0.543
9957,14,30,10,0.00,30,f,f,f,72.751,0.628,,,,,0.628
9957,4,6,11,0.00,31,f,f,f,72.799,0.676,,,,,0.676
9957,6,10,12,0.00,34,f,f,f,72.874,0.751,,,,,0.751
9957,3,5,13,0.00,32,f,f,f,72.896,0.773,,,,,0.773
9957,13,27,14,0.00,33,f,f,f,72.914,0.791,,,,,0.791
9957,11,22,15,0.00,35,f,f,f,72.939,0.816,,,,,0.816
9957,20,87,16,0.00,36,f,f,f,73.080,0.957,,,,,0.957
9957,15,31,17,0.00,33,f,f,f,73.175,1.052,,,,,1.052
9957,29,43,18,0.00,33,f,f,f,73.898,1.775,,,,,1.775
9957,10,18,19,0.00,2,f,f,f,72.123,0.000,,,,,0.0
9958,2,4,1,0.00,24,f,f,f,71.799,0.000,,,,,0
9958,9,16,2,0.00,29,f,f,f,71.877,0.078,,,,,0.078
9958,18,63,3,0.00,20,f,f,f,71.950,0.151,,,,,0.151
9958,16,44,4,0.00,26,f,f,f,72.050,0.251,,,,,0.251
9958,1,1,5,0.00,20,f,f,f,72.072,0.273,,,,,0.273
9958,8,14,6,0.00,21,f,f,f,72.247,0.448,,,,,0.448
9958,7,12,7,0.00,21,f,f,f,72.348,0.549,,,,,0.549
9958,19,81,8,0.00,18,f,f,f,72.519,0.720,,,,,0.72
9958,17,55,9,0.00,22,f,f,f,72.519,0.720,,,,,0.72
9958,12,23,10,0.00,22,f,f,f,72.573,0.774,,,,,0.774
9958,4,6,11,0.00,22,f,f,f,72.651,0.852,,,,,0.852
9958,6,10,12,0.00,27,f,f,f,72.684,0.885,,,,,0.885
9958,14,30,13,0.00,27,f,f,f,72.791,0.992,,,,,0.992
9958,10,18,14,0.00,28,f,f,f,72.794,0.995,,,,,0.995
9958,20,87,15,0.00,27,f,f,f,72.825,1.026,,,,,1.026
9958,15,31,16,0.00,22,f,f,f,72.827,1.028,,,,,1.028
9958,29,43,17,0.00,27,f,f,f,73.060,1.261,,,,,1.261
9958,13,27,18,0.00,19,f,f,f,73.072,1.273,,,,,1.273
9958,3,5,19,0.00,22,f,f,f,73.172,1.373,,,,,1.373
9958,11,22,20,0.00,14,f,f,f,73.573,1.774,,,,,1.774
9959,18,63,1,0.00,21,f,f,f,,,,72.075,71.570,70.899,"[0.249, 0.0, 0.0]"
9959,1,1,2,0.00,20,f,f,f,,,,72.054,71.638,71.059,"[0.228, 0.068, 0.16]"
9959,19,81,3,0.00,23,f,f,f,,,,71.939,71.715,71.120,"[0.113, 0.145, 0.221]"
9959,7,12,4,0.00,21,f,f,f,,,,72.279,71.974,71.391,"[0.453, 0.404, 0.492]"
9959,16,44,5,0.00,27,f,f,f,,,,71.952,71.885,71.526,"[0.126, 0.315, 0.627]"
9959,8,14,6,0.00,27,f,f,f,,,,72.073,71.805,71.586,"[0.247, 0.235, 0.687]"
9959,2,4,7,0.00,22,f,f,f,,,,71.826,71.599,71.625,"[0.0, 0.029, 0.726]"
9959,9,16,8,0.00,27,f,f,f,,,,72.038,71.626,71.682,"[0.212, 0.056, 0.783]"
9959,4,6,9,0.00,21,f,f,f,,,,72.211,72.003,71.867,"[0.385, 0.433, 0.968]"
9959,12,23,10,0.00,30,f,f,f,,,,72.090,71.892,71.907,"[0.264, 0.322, 1.008]"
9959,11,22,11,0.00,15,f,f,f,,,,72.334,72.102,,"[0.508, 0.532, null]"
9959,29,43,12,0.00,20,f,f,f,,,,72.234,72.142,,"[0.408, 0.572, null]"
9959,13,27,13,0.00,18,f,f,f,,,,72.323,72.183,,"[0.497, 0.613, null]"
9959,20,87,14,0.00,19,f,f,f,,,,72.306,72.340,,"[0.48, 0.77, null]"
9959,15,31,15,0.00,21,f,f,f,,,,72.378,72.634,,"[0.552, 1.064, null]"
9959,3,5,16,0.00,11,f,f,f,,,,72.385,,,"[0.559, null, null]"
9959,17,55,17,0.00,13,f,f,f,,,,72.398,,,"[0.572, null, null]"
9959,10,18,18,0.00,12,f,f,f,,,,72.517,,,"[0.691, null, null]"
9959,14,30,19,0.00,10,f,f,f,,,,72.525,,,"[0.699, null, null]"
9959,6,10,20,0.00,12,f,f,f,,,,72.667,,,"[0.841, null, null]"
9963,18,63,1,25.00,70,f,f,f,5512.688,0.000,,,,,0
9963,1,1,2,18.00,70,f,f,f,5512.916,0.228,,,,,0.228
9963,7,12,3,15.00,70,f,f,f,5513.702,1.014,,,,,1.014
9963,19,81,4,12.00,70,f,f,f,5514.797,2.109,,,,,2.109
9963,9,16,5,10.00,70,f,f,f,5516.130,3.442,,,,,3.442
9963,16,44,6,8.00,70,f,f,f,5523.401,10.713,,,,,10.713
9963,8,14,7,6.00,70,f,f,f,5523.660,10.972,,,,,10.972
9963,13,27,8,4.00,70,f,f,f,5528.052,15.364,,,,,15.364
9963,15,31,9,2.00,69,f,f,f,,,1,,,,+1 LAP
9963,17,55,10,1.00,69,f,f,f,,,1,,,,+1 LAP
9963,20,87,11,0.00,69,f,f,f,,,1,,,,+1 LAP
9963,11,22,12,0.00,69,f,f,f,,,1,,,,+1 LAP
9963,29,43,13,0.00,69,f,f,f,,,1,,,,+1 LAP
9963,3,5,14,0.00,69,f,f,f,,,1,,,,+1 LAP
9963,6,10,15,0.00,69,f,f,f,,,1,,,,+1 LAP
9963,4,6,16,0.00,69,f,f,f,,,1,,,,+1 LAP
9963,10,18,17,0.00,69,f,f,f,,,1,,,,+1 LAP
9963,2,4,18,0.00,66,t,f,f,,,,,,,
9963,12,23,,0.00,46,t,f,f,,,,,,,
9963,14,30,,0.00,53,t,f,f,,,,,,,
9964,2,4,1,0.00,29,f,f,f,73.718,0.000,,,,,0
9964,1,1,2,0.00,18,f,f,f,74.085,0.367,,,,,0.367
9964,16,44,3,0.00,29,f,f,f,74.096,0.378,,,,,0.378
9964,9,16,4,0.00,31,f,f,f,74.238,0.520,,,,,0.52
9964,19,81,5,0.00,28,f,f,f,74.294,0.576,,,,,0.576
9964,14,30,6,0.00,28,f,f,f,74.339,0.621,,,,,0.621
9964,20,87,7,0.00,26,f,f,f,74.597,0.879,,,,,0.879
9964,4,6,8,0.00,26,f,f,f,74.605,0.887,,,,,0.887
9964,11,22,9,0.00,27,f,f,f,74.643,0.925,,,,,0.925
9964,6,10,10,0.00,28,f,f,f,74.746,1.028,,,,,1.028
9964,18,63,11,0.00,32,f,f,f,74.751,1.033,,,,,1.033
9964,10,18,12,0.00,24,f,f,f,74.786,1.068,,,,,1.068
9964,8,14,13,0.00,20,f,f,f,74.798,1.080,,,,,1.08
9964,13,27,14,0.00,21,f,f,f,74.865,1.147,,,,,1.147
9964,17,55,15,0.00,26,f,f,f,74.935,1.217,,,,,1.217
9964,3,5,16,0.00,23,f,f,f,75.155,1.437,,,,,1.437
9964,25,50,17,0.00,23,f,f,f,75.298,1.580,,,,,1.58
9964,7,12,18,0.00,31,f,f,f,75.369,1.651,,,,,1.651
9964,40,45,19,0.00,26,f,f,f,75.522,1.804,,,,,1.804
9964,29,43,20,0.00,19,f,f,f,75.530,1.812,,,,,1.812
9965,19,81,1,0.00,28,f,f,f,72.760,0.000,,,,,0
9965,18,63,2,0.00,32,f,f,f,73.046,0.286,,,,,0.286
9965,1,1,3,0.00,30,f,f,f,73.070,0.310,,,,,0.31
9965,2,4,4,0.00,31,f,f,f,73.070,0.310,,,,,0.31
9965,9,16,5,0.00,33,f,f,f,73.260,0.500,,,,,0.5
9965,7,12,6,0.00,31,f,f,f,73.298,0.538,,,,,0.538
9965,8,14,7,0.00,28,f,f,f,73.301,0.541,,,,,0.541
9965,6,10,8,0.00,30,f,f,f,73.385,0.625,,,,,0.625
9965,4,6,9,0.00,29,f,f,f,73.400,0.640,,,,,0.64
9965,14,30,10,0.00,29,f,f,f,73.494,0.734,,,,,0.734
9965,16,44,11,0.00,29,f,f,f,73.533,0.773,,,,,0.773
9965,13,27,12,0.00,30,f,f,f,73.592,0.832,,,,,0.832
9965,11,22,13,0.00,31,f,f,f,73.683,0.923,,,,,0.923
9965,17,55,14,0.00,34,f,f,f,73.721,0.961,,,,,0.961
9965,12,23,15,0.00,32,f,f,f,73.839,1.079,,,,,1.079
9965,10,18,16,0.00,17,f,f,f,73.839,1.079,,,,,1.079
9965,3,5,17,0.00,27,f,f,f,73.959,1.199,,,,,1.199
9965,15,31,18,0.00,30,f,f,f,74.005,1.245,,,,,1.245
9965,20,87,19,0.00,20,f,f,f,74.126,1.366,,,,,1.366
9965,29,43,20,0.00,31,f,f,f,74.303,1.543,,,,,1.543
9966,19,81,1,0.00,14,f,f,f,72.387,0.000,,,,,0
9966,2,4,2,0.00,18,f,f,f,72.913,0.526,,,,,0.526
9966,9,16,3,0.00,17,f,f,f,73.130,0.743,,,,,0.743
9966,18,63,4,0.00,18,f,f,f,73.139,0.752,,,,,0.752
9966,1,1,5,0.00,14,f,f,f,73.375,0.988,,,,,0.988
9966,4,6,6,0.00,17,f,f,f,73.382,0.995,,,,,0.995
9966,7,12,7,0.00,12,f,f,f,73.405,1.018,,,,,1.018
9966,8,14,8,0.00,17,f,f,f,73.414,1.027,,,,,1.027
9966,16,44,9,0.00,17,f,f,f,73.527,1.140,,,,,1.14
9966,14,30,10,0.00,18,f,f,f,73.637,1.250,,,,,1.25
9966,3,5,11,0.00,19,f,f,f,73.722,1.335,,,,,1.335
9966,13,27,12,0.00,18,f,f,f,73.733,1.346,,,,,1.346
9966,17,55,13,0.00,16,f,f,f,73.758,1.371,,,,,1.371
9966,11,22,14,0.00,13,f,f,f,73.892,1.505,,,,,1.505
9966,10,18,15,0.00,20,f,f,f,73.904,1.517,,,,,1.517
9966,6,10,16,0.00,20,f,f,f,73.954,1.567,,,,,1.567
9966,29,43,17,0.00,23,f,f,f,74.085,1.698,,,,,1.698
9966,15,31,18,0.00,14,f,f,f,74.138,1.751,,,,,1.751
9966,12,23,19,0.00,5,f,f,f,74.289,1.902,,,,,1.902
9966,20,87,20,0.00,12,f,f,f,74.460,2.073,,,,,2.073
9967,19,81,1,0.00,14,f,f,f,,,,72.551,71.998,71.546,"[0.0, 0.0, 0.0]"
9967,2,4,2,0.00,15,f,f,f,,,,72.799,72.056,71.755,"[0.248, 0.058, 0.209]"
9967,1,1,3,0.00,12,f,f,f,,,,72.798,72.358,71.848,"[0.247, 0.36, 0.302]"
9967,18,63,4,0.00,12,f,f,f,,,,72.806,72.407,71.848,"[0.255, 0.409, 0.302]"
9967,16,44,5,0.00,15,f,f,f,,,,73.058,72.447,72.045,"[0.507, 0.449, 0.499]"
9967,7,12,6,0.00,18,f,f,f,,,,72.815,72.585,72.111,"[0.264, 0.587, 0.565]"
9967,9,16,7,0.00,12,f,f,f,,,,73.014,72.495,72.131,"[0.463, 0.497, 0.585]"
9967,6,10,8,0.00,18,f,f,f,,,,73.081,72.611,72.199,"[0.53, 0.613, 0.653]"
9967,4,6,9,0.00,15,f,f,f,,,,73.139,72.461,72.252,"[0.588, 0.463, 0.706]"
9967,8,14,10,0.00,14,f,f,f,,,,73.102,72.523,72.284,"[0.551, 0.525, 0.738]"
9967,12,23,11,0.00,14,f,f,f,,,,73.044,72.641,,"[0.493, 0.643, null]"
9967,3,5,12,0.00,12,f,f,f,,,,73.045,72.756,,"[0.494, 0.758, null]"
9967,14,30,13,0.00,12,f,f,f,,,,73.039,72.763,,"[0.488, 0.765, null]"
9967,10,18,14,0.00,15,f,f,f,,,,73.038,73.058,,"[0.487, 1.06, null]"
9967,20,87,15,0.00,15,f,f,f,,,,73.074,73.315,,"[0.523, 1.317, null]"
9967,13,27,16,0.00,6,f,f,f,,,,73.190,,,"[0.639, null, null]"
9967,15,31,17,0.00,9,f,f,f,,,,73.201,,,"[0.65, null, null]"
9967,17,55,18,0.00,6,f,f,f,,,,73.203,,,"[0.652, null, null]"
9967,29,43,19,0.00,7,f,f,f,,,,73.334,,,"[0.783, null, null]"
9967,11,22,20,0.00,6,f,f,f,,,,73.385,,,"[0.834, null, null]"
9971,19,81,1,25.00,66,f,f,f,5577.375,0.000,,,,,0
9971,2,4,2,18.00,66,f,f,f,5579.846,2.471,,,,,2.471
9971,9,16,3,15.00,66,f,f,f,5587.830,10.455,,,,,10.455
9971,18,63,4,12.00,66,f,f,f,5588.734,11.359,,,,,11.359
9971,13,27,5,10.00,66,f,f,f,5591.023,13.648,,,,,13.648
9971,16,44,6,8.00,66,f,f,f,5592.883,15.508,,,,,15.508
9971,4,6,7,6.00,66,f,f,f,5593.397,16.022,,,,,16.022
9971,6,10,8,4.00,66,f,f,f,5595.257,17.882,,,,,17.882
9971,8,14,9,2.00,66,f,f,f,5598.939,21.564,,,,,21.564
9971,1,1,10,1.00,66,f,f,f,5599.201,21.826,,,,,21.826
9971,14,30,11,0.00,66,f,f,f,5602.907,25.532,,,,,25.532
9971,3,5,12,0.00,66,f,f,f,5603.371,25.996,,,,,25.996
9971,11,22,13,0.00,66,f,f,f,5606.197,28.822,,,,,28.822
9971,17,55,14,0.00,66,f,f,f,5606.684,29.309,,,,,29.309
9971,29,43,15,0.00,66,f,f,f,5608.756,31.381,,,,,31.381
9971,15,31,16,0.00,66,f,f,f,5609.572,32.197,,,,,32.197
9971,20,87,17,0.00,66,f,f,f,5614.440,37.065,,,,,37.065
9971,12,23,,0.00,27,t,f,f,,,,,,,
9971,7,12,,0.00,53,t,f,f,,,,,,,
9972,9,16,1,0.00,33,f,f,f,71.964,0.000,,,,,0
9972,1,1,2,0.00,30,f,f,f,72.127,0.163,,,,,0.163
9972,2,4,3,0.00,32,f,f,f,72.290,0.326,,,,,0.326
9972,12,23,4,0.00,33,f,f,f,72.314,0.350,,,,,0.35
9972,19,81,5,0.00,28,f,f,f,72.342,0.378,,,,,0.378
9972,18,63,6,0.00,33,f,f,f,72.482,0.518,,,,,0.518
9972,17,55,7,0.00,36,f,f,f,72.534,0.570,,,,,0.57
9972,6,10,8,0.00,29,f,f,f,72.669,0.705,,,,,0.705
9972,16,44,9,0.00,30,f,f,f,72.690,0.726,,,,,0.726
9972,8,14,10,0.00,28,f,f,f,72.727,0.763,,,,,0.763
9972,7,12,11,0.00,34,f,f,f,72.765,0.801,,,,,0.801
9972,13,27,12,0.00,30,f,f,f,72.979,1.015,,,,,1.015
9972,4,6,13,0.00,35,f,f,f,73.187,1.223,,,,,1.223
9972,11,22,14,0.00,32,f,f,f,73.232,1.268,,,,,1.268
9972,20,87,15,0.00,34,f,f,f,73.329,1.365,,,,,1.365
9972,15,31,16,0.00,31,f,f,f,73.394,1.430,,,,,1.43
9972,14,30,17,0.00,37,f,f,f,73.429,1.465,,,,,1.465
9972,3,5,18,0.00,29,f,f,f,73.470,1.506,,,,,1.506
9972,29,43,19,0.00,32,f,f,f,73.820,1.856,,,,,1.856
9972,10,18,20,0.00,4,f,f,f,75.635,3.671,,,,,3.671
9973,9,16,1,0.00,32,f,f,f,71.355,0.000,,,,,0
9973,19,81,2,0.00,28,f,f,f,71.393,0.038,,,,,0.038
9973,16,44,3,0.00,30,f,f,f,71.460,0.105,,,,,0.105
9973,2,4,4,0.00,32,f,f,f,71.677,0.322,,,,,0.322
9973,14,30,5,0.00,32,f,f,f,71.823,0.468,,,,,0.468
9973,4,6,6,0.00,17,f,f,f,71.842,0.487,,,,,0.487
9973,8,14,7,0.00,30,f,f,f,71.890,0.535,,,,,0.535
9973,12,23,8,0.00,34,f,f,f,71.918,0.563,,,,,0.563
9973,7,12,9,0.00,32,f,f,f,72.002,0.647,,,,,0.647
9973,1,1,10,0.00,29,f,f,f,72.068,0.713,,,,,0.713
9973,11,22,11,0.00,30,f,f,f,72.072,0.717,,,,,0.717
9973,18,63,12,0.00,32,f,f,f,72.092,0.737,,,,,0.737
9973,17,55,13,0.00,32,f,f,f,72.151,0.796,,,,,0.796
9973,3,5,14,0.00,29,f,f,f,72.234,0.879,,,,,0.879
9973,20,87,15,0.00,33,f,f,f,72.259,0.904,,,,,0.904
9973,13,27,16,0.00,32,f,f,f,72.262,0.907,,,,,0.907
9973,6,10,17,0.00,34,f,f,f,72.404,1.049,,,,,1.049
9973,10,18,18,0.00,30,f,f,f,72.512,1.157,,,,,1.157
9973,15,31,19,0.00,33,f,f,f,72.541,1.186,,,,,1.186
9973,29,43,20,0.00,31,f,f,f,73.415,2.060,,,,,2.06
9974,9,16,1,0.00,25,f,f,f,70.953,0.000,,,,,0
9974,1,1,2,0.00,23,f,f,f,71.233,0.280,,,,,0.28
9974,2,4,3,0.00,23,f,f,f,71.247,0.294,,,,,0.294
9974,19,81,4,0.00,21,f,f,f,71.398,0.445,,,,,0.445
9974,16,44,5,0.00,26,f,f,f,71.516,0.563,,,,,0.563
9974,12,23,6,0.00,24,f,f,f,71.668,0.715,,,,,0.715
9974,14,30,7,0.00,33,f,f,f,71.814,0.861,,,,,0.861
9974,17,55,8,0.00,24,f,f,f,71.893,0.940,,,,,0.94
9974,11,22,9,0.00,21,f,f,f,71.952,0.999,,,,,0.999
9974,7,12,10,0.00,23,f,f,f,72.013,1.060,,,,,1.06
9974,18,63,11,0.00,22,f,f,f,72.066,1.113,,,,,1.113
9974,8,14,12,0.00,22,f,f,f,72.101,1.148,,,,,1.148
9974,13,27,13,0.00,25,f,f,f,72.125,1.172,,,,,1.172
9974,6,10,14,0.00,20,f,f,f,72.194,1.241,,,,,1.241
9974,10,18,15,0.00,24,f,f,f,72.202,1.249,,,,,1.249
9974,20,87,16,0.00,20,f,f,f,72.251,1.298,,,,,1.298
9974,4,6,17,0.00,30,f,f,f,72.271,1.318,,,,,1.318
9974,15,31,18,0.00,25,f,f,f,72.499,1.546,,,,,1.546
9974,3,5,19,0.00,28,f,f,f,72.601,1.648,,,,,1.648
9974,29,43,20,0.00,32,f,f,f,72.851,1.898,,,,,1.898
9975,2,4,1,0.00,27,f,f,f,,,,71.285,70.570,69.954,"[0.056, 0.0, 0.0]"
9975,9,16,2,0.00,27,f,f,f,,,,71.229,70.581,70.063,"[0.0, 0.011, 0.109]"
9975,19,81,3,0.00,29,f,f,f,,,,71.308,70.858,70.129,"[0.079, 0.288, 0.175]"
9975,16,44,4,0.00,28,f,f,f,,,,71.575,70.883,70.382,"[0.346, 0.313, 0.428]"
9975,1,1,5,0.00,21,f,f,f,,,,71.431,70.875,70.669,"[0.202, 0.305, 0.715]"
9975,4,6,6,0.00,27,f,f,f,,,,71.811,71.040,70.923,"[0.582, 0.47, 0.969]"
9975,8,14,7,0.00,30,f,f,f,,,,71.674,71.182,70.924,"[0.445, 0.612, 0.97]"
9975,15,31,8,0.00,32,f,f,f,,,,71.839,71.262,70.942,"[0.61, 0.692, 0.988]"
9975,14,30,9,0.00,26,f,f,f,,,,71.818,71.250,71.129,"[0.589, 0.68, 1.175]"
9975,12,23,10,0.00,34,f,f,f,,,,71.629,70.732,71.213,"[0.4, 0.162, 1.259]"
9975,17,55,11,0.00,25,f,f,f,,,,71.707,71.362,,"[0.478, 0.792, null]"
9975,11,22,12,0.00,20,f,f,f,,,,71.800,71.415,,"[0.571, 0.845, null]"
9975,13,27,13,0.00,23,f,f,f,,,,71.871,71.596,,"[0.642, 1.026, null]"
9975,18,63,14,0.00,13,t,f,f,,,,71.507,,,"[0.278, null, null]"
9975,7,12,15,0.00,11,f,f,f,,,,71.880,,,"[0.651, null, null]"
9975,3,5,16,0.00,13,f,f,f,,,,71.902,,,"[0.673, null, null]"
9975,20,87,17,0.00,13,f,f,f,,,,71.979,,,"[0.75, null, null]"
9975,6,10,18,0.00,11,f,f,f,,,,71.994,,,"[0.765, null, null]"
9975,10,18,19,0.00,11,f,f,f,,,,72.563,,,"[1.334, null, null]"
9975,29,43,20,0.00,12,f,f,f,,,,72.597,,,"[1.368, null, null]"
9979,2,4,1,25.00,78,f,f,f,6033.843,0.000,,,,,0
9979,9,16,2,18.00,78,f,f,f,6036.974,3.131,,,,,3.131
9979,19,81,3,15.00,78,f,f,f,6037.501,3.658,,,,,3.658
9979,1,1,4,12.00,78,f,f,f,6054.415,20.572,,,,,20.572
9979,16,44,5,10.00,78,f,f,f,6085.230,51.387,,,,,51.387
9979,4,6,6,8.00,77,f,f,f,,,1,,,,+1 LAP
9979,15,31,7,6.00,77,f,f,f,,,1,,,,+1 LAP
9979,14,30,8,4.00,77,f,f,f,,,1,,,,+1 LAP
9979,12,23,9,2.00,76,f,f,f,,,2,,,,+2 LAPS
9979,17,55,10,1.00,76,f,f,f,,,2,,,,+2 LAPS
9979,18,63,11,0.00,76,f,f,f,,,2,,,,+2 LAPS
9979,20,87,12,0.00,76,f,f,f,,,2,,,,+2 LAPS
9979,29,43,13,0.00,76,f,f,f,,,2,,,,+2 LAPS
9979,3,5,14,0.00,76,f,f,f,,,2,,,,+2 LAPS
9979,10,18,15,0.00,76,f,f,f,,,2,,,,+2 LAPS
9979,13,27,16,0.00,76,f,f,f,,,2,,,,+2 LAPS
9979,11,22,17,0.00,76,f,f,f,,,2,,,,+2 LAPS
9979,7,12,18,0.00,75,f,f,f,,,3,,,,+3 LAPS
9979,8,14,,0.00,36,t,f,f,,,,,,,
9979,6,10,,0.00,7,t,f,f,,,,,,,
9980,19,81,1,0.00,23,f,f,f,76.545,0.000,,,,,0
9980,2,4,2,0.00,23,f,f,f,76.577,0.032,,,,,0.032
9980,17,55,3,0.00,19,f,f,f,76.597,0.052,,,,,0.052
9980,18,63,4,0.00,26,f,f,f,76.599,0.054,,,,,0.054
9980,16,44,5,0.00,22,f,f,f,76.641,0.096,,,,,0.096
9980,6,10,6,0.00,21,f,f,f,76.696,0.151,,,,,0.151
9980,1,1,7,0.00,15,f,f,f,76.905,0.360,,,,,0.36
9980,12,23,8,0.00,21,f,f,f,76.922,0.377,,,,,0.377
9980,3,5,9,0.00,23,f,f,f,76.925,0.380,,,,,0.38
9980,13,27,10,0.00,23,f,f,f,76.998,0.453,,,,,0.453
9980,10,18,11,0.00,23,f,f,f,77.032,0.487,,,,,0.487
9980,9,16,12,0.00,23,f,f,f,77.077,0.532,,,,,0.532
9980,7,12,13,0.00,23,f,f,f,77.094,0.549,,,,,0.549
9980,8,14,14,0.00,22,f,f,f,77.121,0.576,,,,,0.576
9980,14,30,15,0.00,22,f,f,f,77.286,0.741,,,,,0.741
9980,11,22,16,0.00,18,f,f,f,77.356,0.811,,,,,0.811
9980,29,43,17,0.00,21,f,f,f,77.373,0.828,,,,,0.828
9980,20,87,18,0.00,20,f,f,f,77.446,0.901,,,,,0.901
9980,4,6,19,0.00,19,f,f,f,77.641,1.096,,,,,1.096
9980,15,31,20,0.00,20,f,f,f,77.662,1.117,,,,,1.117
9981,19,81,1,0.00,28,f,f,f,75.293,0.000,,,,,0
9981,2,4,2,0.00,25,f,f,f,75.318,0.025,,,,,0.025
9981,6,10,3,0.00,29,f,f,f,75.569,0.276,,,,,0.276
9981,18,63,4,0.00,23,f,f,f,75.693,0.400,,,,,0.4
9981,1,1,5,0.00,26,f,f,f,75.735,0.442,,,,,0.442
9981,9,16,6,0.00,28,f,f,f,75.768,0.475,,,,,0.475
9981,4,6,7,0.00,22,f,f,f,75.792,0.499,,,,,0.499
9981,11,22,8,0.00,29,f,f,f,75.827,0.534,,,,,0.534
9981,12,23,9,0.00,29,f,f,f,75.916,0.623,,,,,0.623
9981,17,55,10,0.00,29,f,f,f,75.934,0.641,,,,,0.641
9981,16,44,11,0.00,26,f,f,f,75.943,0.650,,,,,0.65
9981,20,87,12,0.00,26,f,f,f,76.009,0.716,,,,,0.716
9981,29,43,13,0.00,29,f,f,f,76.044,0.751,,,,,0.751
9981,8,14,14,0.00,21,f,f,f,76.220,0.927,,,,,0.927
9981,14,30,15,0.00,22,f,f,f,76.255,0.962,,,,,0.962
9981,3,5,16,0.00,27,f,f,f,76.339,1.046,,,,,1.046
9981,10,18,17,0.00,23,f,f,f,76.341,1.048,,,,,1.048
9981,7,12,18,0.00,27,f,f,f,76.406,1.113,,,,,1.113
9981,13,27,19,0.00,26,f,f,f,76.419,1.126,,,,,1.126
9981,15,31,20,0.00,24,f,f,f,76.420,1.127,,,,,1.127
9982,2,4,1,0.00,19,f,f,f,74.897,0.000,,,,,0
9982,19,81,2,0.00,19,f,f,f,74.997,0.100,,,,,0.1
9982,1,1,3,0.00,17,f,f,f,75.078,0.181,,,,,0.181
9982,7,12,4,0.00,15,f,f,f,75.399,0.502,,,,,0.502
9982,9,16,5,0.00,26,f,f,f,75.451,0.554,,,,,0.554
9982,17,55,6,0.00,21,f,f,f,75.457,0.560,,,,,0.56
9982,4,6,7,0.00,20,f,f,f,75.508,0.611,,,,,0.611
9982,18,63,8,0.00,14,f,f,f,75.662,0.765,,,,,0.765
9982,12,23,9,0.00,20,f,f,f,75.732,0.835,,,,,0.835
9982,16,44,10,0.00,25,f,f,f,75.787,0.890,,,,,0.89
9982,8,14,11,0.00,18,f,f,f,75.819,0.922,,,,,0.922
9982,20,87,12,0.00,14,f,f,f,75.944,1.047,,,,,1.047
9982,10,18,13,0.00,22,f,f,f,75.975,1.078,,,,,1.078
9982,14,30,14,0.00,21,f,f,f,75.977,1.080,,,,,1.08
9982,6,10,15,0.00,14,f,f,f,75.990,1.093,,,,,1.093
9982,3,5,16,0.00,17,f,f,f,76.046,1.149,,,,,1.149
9982,11,22,17,0.00,14,f,f,f,76.110,1.213,,,,,1.213
9982,29,43,18,0.00,14,f,f,f,76.210,1.313,,,,,1.313
9982,13,27,19,0.00,16,f,f,f,76.238,1.341,,,,,1.341
9982,15,31,20,0.00,15,f,f,f,76.387,1.490,,,,,1.49
9983,19,81,1,0.00,18,f,f,f,,,,75.500,75.214,74.670,"[0.325, 0.016, 0.0]"
9983,1,1,2,0.00,17,f,f,f,,,,75.175,75.394,74.704,"[0.0, 0.196, 0.034]"
9983,18,63,3,0.00,17,f,f,f,,,,75.852,75.334,74.807,"[0.677, 0.136, 0.137]"
9983,2,4,4,0.00,19,f,f,f,,,,75.894,75.261,74.962,"[0.719, 0.063, 0.292]"
9983,8,14,5,0.00,19,f,f,f,,,,75.695,75.442,75.431,"[0.52, 0.244, 0.761]"
9983,17,55,6,0.00,21,f,f,f,,,,75.987,75.198,75.432,"[0.812, 0.0, 0.762]"
9983,12,23,7,0.00,20,f,f,f,,,,76.123,75.521,75.473,"[0.948, 0.323, 0.803]"
9983,10,18,8,0.00,21,f,f,f,,,,75.817,75.497,75.581,"[0.642, 0.299, 0.911]"
9983,4,6,9,0.00,17,f,f,f,,,,76.253,75.510,75.746,"[1.078, 0.312, 1.076]"
9983,6,10,10,0.00,17,f,f,f,,,,75.937,75.505,75.787,"[0.762, 0.307, 1.117]"
9983,9,16,11,0.00,14,f,f,f,,,,76.108,75.604,,"[0.933, 0.406, null]"
9983,16,44,12,0.00,14,f,f,f,,,,76.163,75.765,,"[0.988, 0.567, null]"
9983,7,12,13,0.00,13,f,f,f,,,,75.943,75.772,,"[0.768, 0.574, null]"
9983,3,5,14,0.00,15,f,f,f,,,,76.340,76.260,,"[1.165, 1.062, null]"
9983,29,43,15,0.00,5,f,f,f,,,,76.256,,,"[1.081, null, null]"
9983,14,30,16,0.00,6,f,f,f,,,,76.379,,,"[1.204, null, null]"
9983,13,27,17,0.00,9,f,f,f,,,,76.518,,,"[1.343, null, null]"
9983,15,31,18,0.00,9,f,f,f,,,,76.613,,,"[1.438, null, null]"
9983,20,87,19,0.00,8,f,f,f,,,,76.918,,,"[1.743, null, null]"
9983,11,22,,0.00,2,t,f,f,,,,,,,"[null, null, null]"
9987,1,1,1,25.00,63,f,f,f,5493.199,0.000,,,,,0
9987,2,4,2,18.00,63,f,f,f,5499.308,6.109,,,,,6.109
9987,19,81,3,15.00,63,f,f,f,5506.155,12.956,,,,,12.956
9987,16,44,4,12.00,63,f,f,f,5507.555,14.356,,,,,14.356
9987,12,23,5,10.00,63,f,f,f,5511.144,17.945,,,,,17.945
9987,9,16,6,8.00,63,f,f,f,5513.973,20.774,,,,,20.774
9987,18,63,7,6.00,63,f,f,f,5515.233,22.034,,,,,22.034
9987,17,55,8,4.00,63,f,f,f,5516.097,22.898,,,,,22.898
9987,4,6,9,2.00,63,f,f,f,5516.785,23.586,,,,,23.586
9987,11,22,10,1.00,63,f,f,f,5519.645,26.446,,,,,26.446
9987,8,14,11,0.00,63,f,f,f,5520.449,27.250,,,,,27.25
9987,13,27,12,0.00,63,f,f,f,5523.495,30.296,,,,,30.296
9987,6,10,13,0.00,63,f,f,f,5524.623,31.424,,,,,31.424
9987,14,30,14,0.00,63,f,f,f,5525.710,32.511,,,,,32.511
9987,10,18,15,0.00,63,f,f,f,5526.192,32.993,,,,,32.993
9987,29,43,16,0.00,63,f,f,f,5526.610,33.411,,,,,33.411
9987,20,87,17,0.00,63,f,f,f,5527.007,33.808,,,,,33.808
9987,3,5,18,0.00,63,f,f,f,5531.771,38.572,,,,,38.572
9987,7,12,,0.00,44,t,f,f,,,,,,,
9987,15,31,,0.00,27,t,f,f,,,,,,,
9988,2,4,1,0.00,23,f,f,f,91.504,0.000,,,,,0
9988,9,16,2,0.00,21,f,f,f,91.958,0.454,,,,,0.454
9988,19,81,3,0.00,24,f,f,f,92.153,0.649,,,,,0.649
9988,16,44,4,0.00,22,f,f,f,92.195,0.691,,,,,0.691
9988,18,63,5,0.00,26,f,f,f,92.377,0.873,,,,,0.873
9988,13,27,6,0.00,21,f,f,f,92.507,1.003,,,,,1.003
9988,12,23,7,0.00,24,f,f,f,92.687,1.183,,,,,1.183
9988,8,14,8,0.00,23,f,f,f,92.766,1.262,,,,,1.262
9988,7,12,9,0.00,27,f,f,f,92.874,1.370,,,,,1.37
9988,11,22,10,0.00,23,f,f,f,92.934,1.430,,,,,1.43
9988,20,87,11,0.00,23,f,f,f,92.967,1.463,,,,,1.463
9988,10,18,12,0.00,19,f,f,f,92.984,1.480,,,,,1.48
9988,15,31,13,0.00,23,f,f,f,93.056,1.552,,,,,1.552
9988,6,10,14,0.00,23,f,f,f,93.123,1.619,,,,,1.619
9988,17,55,15,0.00,26,f,f,f,93.145,1.641,,,,,1.641
9988,1,1,16,0.00,24,f,f,f,93.284,1.780,,,,,1.78
9988,4,6,17,0.00,23,f,f,f,93.385,1.881,,,,,1.881
9988,14,30,18,0.00,23,f,f,f,93.631,2.127,,,,,2.127
9988,3,5,19,0.00,24,f,f,f,93.822,2.318,,,,,2.318
9988,5,7,20,0.00,17,f,f,f,93.923,2.419,,,,,2.419
9989,16,44,1,0.00,15,f,f,f,,,,91.212,91.384,90.849,"[0.0, 0.21, 0.0]"
9989,1,1,2,0.00,12,f,f,f,,,,91.916,91.521,90.867,"[0.704, 0.347, 0.018]"
9989,19,81,3,0.00,13,f,f,f,,,,91.723,91.362,90.929,"[0.511, 0.188, 0.08]"
9989,9,16,4,0.00,15,f,f,f,,,,91.518,91.561,91.057,"[0.306, 0.387, 0.208]"
9989,18,63,5,0.00,18,f,f,f,,,,91.952,91.346,91.169,"[0.74, 0.172, 0.32]"
9989,2,4,6,0.00,13,f,f,f,,,,91.396,91.174,91.393,"[0.184, 0.0, 0.544]"
9989,7,12,7,0.00,17,f,f,f,,,,91.999,91.475,91.738,"[0.787, 0.301, 0.889]"
9989,11,22,8,0.00,12,f,f,f,,,,92.316,91.794,91.773,"[1.104, 0.62, 0.924]"
9989,12,23,9,0.00,14,f,f,f,,,,92.462,91.539,91.852,"[1.25, 0.365, 1.003]"
9989,10,18,10,0.00,12,f,f,f,,,,92.327,91.742,91.982,"[1.115, 0.568, 1.133]"
9989,8,14,11,0.00,8,f,f,f,,,,92.121,91.815,,"[0.909, 0.641, null]"
9989,20,87,12,0.00,9,f,f,f,,,,92.269,91.978,,"[1.057, 0.804, null]"
9989,17,55,13,0.00,10,f,f,f,,,,92.457,92.325,,"[1.245, 1.151, null]"
9989,3,5,14,0.00,12,f,f,f,,,,92.539,92.564,,"[1.327, 1.39, null]"
9989,4,6,15,0.00,8,t,f,f,,,,92.171,,,"[0.959, null, null]"
9989,5,7,16,0.00,6,f,f,f,,,,92.575,,,"[1.363, null, null]"
9989,6,10,17,0.00,6,f,f,f,,,,92.640,,,"[1.428, null, null]"
9989,15,31,18,0.00,6,f,f,f,,,,92.651,,,"[1.439, null, null]"
9989,13,27,19,0.00,6,f,f,f,,,,92.675,,,"[1.463, null, null]"
9989,14,30,20,0.00,5,f,f,f,,,,92.729,,,"[1.517, null, null]"
9993,16,44,1,8.00,19,f,f,f,1839.965,0.000,,,,,0
9993,19,81,2,7.00,19,f,f,f,1846.854,6.889,,,,,6.889
9993,1,1,3,6.00,19,f,f,f,1849.769,9.804,,,,,9.804
9993,18,63,4,5.00,19,f,f,f,1851.557,11.592,,,,,11.592
9993,9,16,5,4.00,19,f,f,f,1852.155,12.190,,,,,12.19
9993,11,22,6,3.00,19,f,f,f,1862.253,22.288,,,,,22.288
9993,7,12,7,2.00,19,f,f,f,1863.003,23.038,,,,,23.038
9993,2,4,8,1.00,19,f,f,f,1863.436,23.471,,,,,23.471
9993,10,18,9,0.00,19,f,f,f,1864.881,24.916,,,,,24.916
9993,8,14,10,0.00,19,f,f,f,1878.183,38.218,,,,,38.218
9993,12,23,11,0.00,19,f,f,f,1879.257,39.292,,,,,39.292
9993,6,10,12,0.00,19,f,f,f,1879.614,39.649,,,,,39.649
9993,4,6,13,0.00,19,f,f,f,1882.365,42.400,,,,,42.4
9993,14,30,14,0.00,19,f,f,f,1884.869,44.904,,,,,44.904
9993,20,87,15,0.00,19,f,f,f,1885.614,45.649,,,,,45.649
9993,15,31,16,0.00,19,f,f,f,1886.147,46.182,,,,,46.182
9993,17,55,17,0.00,19,f,f,f,1891.341,51.376,,,,,51.376
9993,3,5,18,0.00,19,f,f,f,1893.905,53.940,,,,,53.94
9993,13,27,19,0.00,19,f,f,f,1896.647,56.682,,,,,56.682
9993,5,7,20,0.00,19,f,f,f,1910.177,70.212,,,,,70.212
9994,19,81,1,0.00,20,f,f,f,,,,91.591,91.200,90.641,"[0.608, 0.413, 0.0]"
9994,18,63,2,0.00,22,f,f,f,,,,91.295,91.307,90.723,"[0.312, 0.52, 0.082]"
9994,2,4,3,0.00,17,f,f,f,,,,90.983,90.787,90.793,"[0.0, 0.0, 0.152]"
9994,1,1,4,0.00,15,f,f,f,,,,91.424,91.142,90.817,"[0.441, 0.355, 0.176]"
9994,16,44,5,0.00,21,f,f,f,,,,91.690,91.501,90.927,"[0.707, 0.714, 0.286]"
9994,9,16,6,0.00,21,f,f,f,,,,91.579,91.450,91.021,"[0.596, 0.663, 0.38]"
9994,4,6,7,0.00,20,f,f,f,,,,91.162,91.253,91.079,"[0.179, 0.466, 0.438]"
9994,7,12,8,0.00,22,f,f,f,,,,91.676,91.590,91.103,"[0.693, 0.803, 0.462]"
9994,11,22,9,0.00,19,f,f,f,,,,91.238,91.260,91.638,"[0.255, 0.473, 0.997]"
9994,12,23,10,0.00,20,f,f,f,,,,91.503,91.595,91.706,"[0.52, 0.808, 1.065]"
9994,15,31,11,0.00,15,f,f,f,,,,91.876,91.625,,"[0.893, 0.838, null]"
9994,13,27,12,0.00,15,f,f,f,,,,91.921,91.632,,"[0.938, 0.845, null]"
9994,8,14,13,0.00,15,f,f,f,,,,91.719,91.688,,"[0.736, 0.901, null]"
9994,10,18,14,0.00,15,f,f,f,,,,91.923,91.773,,"[0.94, 0.986, null]"
9994,17,55,15,0.00,15,f,f,f,,,,91.628,91.840,,"[0.645, 1.053, null]"
9994,6,10,16,0.00,9,f,f,f,,,,91.992,,,"[1.009, null, null]"
9994,20,87,17,0.00,8,f,f,f,,,,92.018,,,"[1.035, null, null]"
9994,5,7,18,0.00,8,f,f,f,,,,92.092,,,"[1.109, null, null]"
9994,3,5,19,0.00,9,f,f,f,,,,92.141,,,"[1.158, null, null]"
9994,14,30,20,0.00,8,f,f,f,,,,92.174,,,"[1.191, null, null]"
9998,19,81,1,25.00,56,f,f,f,5455.026,0.000,,,,,0
9998,2,4,2,18.00,56,f,f,f,5464.774,9.748,,,,,9.748
9998,18,63,3,15.00,56,f,f,f,5466.123,11.097,,,,,11.097
9998,1,1,4,12.00,56,f,f,f,5471.682,16.656,,,,,16.656
9998,15,31,5,10.00,56,f,f,f,5504.995,49.969,,,,,49.969
9998,7,12,6,8.00,56,f,f,f,5508.774,53.748,,,,,53.748
9998,12,23,7,6.00,56,f,f,f,5511.347,56.321,,,,,56.321
9998,20,87,8,4.00,56,f,f,f,5516.329,61.303,,,,,61.303
9998,10,18,9,2.00,56,f,f,f,5525.230,70.204,,,,,70.204
9998,17,55,10,1.00,56,f,f,f,5531.413,76.387,,,,,76.387
9998,4,6,11,0.00,56,f,f,f,5533.901,78.875,,,,,78.875
9998,14,30,12,0.00,56,f,f,f,5536.173,81.147,,,,,81.147
9998,5,7,13,0.00,56,f,f,f,5543.427,88.401,,,,,88.401
9998,3,5,14,0.00,55,f,f,f,,,1,,,,+1 LAP
9998,13,27,15,0.00,55,f,f,f,,,1,,,,+1 LAP
9998,11,22,16,0.00,55,f,f,f,,,1,,,,+1 LAP
9998,6,10,,0.00,,f,f,t,,,,,,,
9998,8,14,,0.00,4,t,f,f,,,,,,,
9998,9,16,,0.00,,f,f,t,,,,,,,
9998,16,44,,0.00,,f,f,t,,,,,,,
9999,2,4,1,0.00,24,f,f,f,88.549,0.000,,,,,0
9999,18,63,2,0.00,29,f,f,f,88.712,0.163,,,,,0.163
9999,9,16,3,0.00,27,f,f,f,88.965,0.416,,,,,0.416
9999,16,44,4,0.00,25,f,f,f,89.051,0.502,,,,,0.502
9999,1,1,5,0.00,23,f,f,f,89.065,0.516,,,,,0.516
9999,11,22,6,0.00,25,f,f,f,89.172,0.623,,,,,0.623
9999,8,14,7,0.00,25,f,f,f,89.222,0.673,,,,,0.673
9999,4,6,8,0.00,28,f,f,f,89.225,0.676,,,,,0.676
9999,7,12,9,0.00,28,f,f,f,89.284,0.735,,,,,0.735
9999,17,55,10,0.00,28,f,f,f,89.333,0.784,,,,,0.784
9999,12,23,11,0.00,25,f,f,f,89.392,0.843,,,,,0.843
9999,25,62,12,0.00,24,f,f,f,89.394,0.845,,,,,0.845
9999,14,30,13,0.00,28,f,f,f,89.536,0.987,,,,,0.987
9999,6,10,14,0.00,23,f,f,f,89.547,0.998,,,,,0.998
9999,19,81,15,0.00,25,f,f,f,89.708,1.159,,,,,1.159
9999,10,18,16,0.00,25,f,f,f,89.758,1.209,,,,,1.209
9999,13,27,17,0.00,21,f,f,f,90.023,1.474,,,,,1.474
9999,20,87,18,0.00,17,f,f,f,90.077,1.528,,,,,1.528
9999,15,31,19,0.00,21,f,f,f,90.123,1.574,,,,,1.574
9999,3,5,20,0.00,26,f,f,f,90.147,1.598,,,,,1.598
10000,19,81,1,0.00,13,f,f,f,88.114,0.000,,,,,0
10000,2,4,2,0.00,12,f,f,f,88.163,0.049,,,,,0.049
10000,4,6,3,0.00,12,f,f,f,88.518,0.404,,,,,0.404
10000,16,44,4,0.00,14,f,f,f,88.544,0.430,,,,,0.43
10000,14,30,5,0.00,13,f,f,f,88.559,0.445,,,,,0.445
10000,18,63,6,0.00,13,f,f,f,88.567,0.453,,,,,0.453
10000,9,16,7,0.00,14,f,f,f,88.586,0.472,,,,,0.472
10000,1,1,8,0.00,9,f,f,f,88.670,0.556,,,,,0.556
10000,6,10,9,0.00,13,f,f,f,88.757,0.643,,,,,0.643
10000,17,55,10,0.00,9,f,f,f,88.832,0.718,,,,,0.718
10000,12,23,11,0.00,11,f,f,f,89.023,0.909,,,,,0.909
10000,13,27,12,0.00,12,f,f,f,89.062,0.948,,,,,0.948
10000,3,5,13,0.00,13,f,f,f,89.335,1.221,,,,,1.221
10000,15,31,14,0.00,13,f,f,f,89.507,1.393,,,,,1.393
10000,20,87,15,0.00,10,f,f,f,89.654,1.540,,,,,1.54
10000,7,12,16,0.00,13,f,f,f,89.733,1.619,,,,,1.619
10000,8,14,17,0.00,5,f,f,f,89.978,1.864,,,,,1.864
10000,11,22,18,0.00,12,f,f,f,90.625,2.511,,,,,2.511
10000,10,18,19,0.00,12,f,f,f,90.845,2.731,,,,,2.731
10000,5,7,20,0.00,4,f,f,f,91.659,3.545,,,,,3.545
10001,2,4,1,0.00,17,f,f,f,87.965,0.000,,,,,0
10001,19,81,2,0.00,17,f,f,f,87.991,0.026,,,,,0.026
10001,18,63,3,0.00,15,f,f,f,88.077,0.112,,,,,0.112
10001,9,16,4,0.00,13,f,f,f,88.414,0.449,,,,,0.449
10001,1,1,5,0.00,21,f,f,f,88.497,0.532,,,,,0.532
10001,16,44,6,0.00,13,f,f,f,88.524,0.559,,,,,0.559
10001,12,23,7,0.00,19,f,f,f,88.554,0.589,,,,,0.589
10001,6,10,8,0.00,15,f,f,f,88.603,0.638,,,,,0.638
10001,11,22,9,0.00,15,f,f,f,88.785,0.820,,,,,0.82
10001,4,6,10,0.00,16,f,f,f,88.786,0.821,,,,,0.821
10001,17,55,11,0.00,22,f,f,f,88.846,0.881,,,,,0.881
10001,14,30,12,0.00,19,f,f,f,89.104,1.139,,,,,1.139
10001,7,12,13,0.00,20,f,f,f,89.126,1.161,,,,,1.161
10001,5,7,14,0.00,15,f,f,f,89.767,1.802,,,,,1.802
10001,8,14,15,0.00,17,f,f,f,89.772,1.807,,,,,1.807
10001,20,87,16,0.00,17,f,f,f,90.084,2.119,,,,,2.119
10001,3,5,17,0.00,13,f,f,f,90.134,2.169,,,,,2.169
10001,15,31,18,0.00,17,f,f,f,90.183,2.218,,,,,2.218
10001,10,18,19,0.00,16,f,f,f,90.267,2.302,,,,,2.302
10001,13,27,20,0.00,17,f,f,f,90.621,2.656,,,,,2.656
10002,1,1,1,0.00,17,f,f,f,,,,87.943,87.502,86.983,"[0.256, 0.356, 0.0]"
10002,2,4,2,0.00,15,f,f,f,,,,87.845,87.146,86.995,"[0.158, 0.0, 0.012]"
10002,19,81,3,0.00,18,f,f,f,,,,87.687,87.507,87.027,"[0.0, 0.361, 0.044]"
10002,9,16,4,0.00,21,f,f,f,,,,87.920,87.555,87.299,"[0.233, 0.409, 0.316]"
10002,18,63,5,0.00,17,f,f,f,,,,87.843,87.400,87.318,"[0.156, 0.254, 0.335]"
10002,7,12,6,0.00,18,f,f,f,,,,87.968,87.639,87.555,"[0.281, 0.493, 0.572]"
10002,4,6,7,0.00,18,f,f,f,,,,88.278,87.775,87.569,"[0.591, 0.629, 0.586]"
10002,16,44,8,0.00,23,f,f,f,,,,87.942,87.610,87.610,"[0.255, 0.464, 0.627]"
10002,12,23,9,0.00,20,f,f,f,,,,88.218,87.783,87.615,"[0.531, 0.637, 0.632]"
10002,20,87,10,0.00,21,f,f,f,,,,88.228,87.711,87.867,"[0.541, 0.565, 0.884]"
10002,6,10,11,0.00,12,f,f,f,,,,88.186,87.822,,"[0.499, 0.676, null]"
10002,17,55,12,0.00,15,f,f,f,,,,88.209,87.836,,"[0.522, 0.69, null]"
10002,8,14,13,0.00,12,f,f,f,,,,88.337,87.897,,"[0.65, 0.751, null]"
10002,14,30,14,0.00,12,f,f,f,,,,88.554,87.906,,"[0.867, 0.76, null]"
10002,11,22,15,0.00,12,f,f,f,,,,87.967,88.000,,"[0.28, 0.854, null]"
10002,13,27,16,0.00,9,f,f,f,,,,88.570,,,"[0.883, null, null]"
10002,3,5,17,0.00,9,f,f,f,,,,88.622,,,"[0.935, null, null]"
10002,15,31,18,0.00,9,f,f,f,,,,88.696,,,"[1.009, null, null]"
10002,5,7,19,0.00,9,f,f,f,,,,88.877,,,"[1.19, null, null]"
10002,10,18,20,0.00,5,f,f,f,,,,89.271,,,"[1.584, null, null]"
10006,1,1,1,25.00,53,f,f,f,4926.983,0.000,,,,,0
10006,2,4,2,18.00,53,f,f,f,4928.406,1.423,,,,,1.423
10006,19,81,3,15.00,53,f,f,f,4929.112,2.129,,,,,2.129
10006,9,16,4,12.00,53,f,f,f,4943.080,16.097,,,,,16.097
10006,18,63,5,10.00,53,f,f,f,4944.345,17.362,,,,,17.362
10006,7,12,6,8.00,53,f,f,f,4945.654,18.671,,,,,18.671
10006,16,44,7,6.00,53,f,f,f,4956.165,29.182,,,,,29.182
10006,4,6,8,4.00,53,f,f,f,4964.117,37.134,,,,,37.134
10006,12,23,9,2.00,53,f,f,f,4967.350,40.367,,,,,40.367
10006,20,87,10,1.00,53,f,f,f,4981.512,54.529,,,,,54.529
10006,8,14,11,0.00,53,f,f,f,4984.316,57.333,,,,,57.333
10006,11,22,12,0.00,53,f,f,f,4985.384,58.401,,,,,58.401
10006,6,10,13,0.00,53,f,f,f,4989.105,62.122,,,,,62.122
10006,17,55,14,0.00,53,f,f,f,5001.112,74.129,,,,,74.129
10006,5,7,15,0.00,53,f,f,f,5008.297,81.314,,,,,81.314
10006,13,27,16,0.00,53,f,f,f,5008.940,81.957,,,,,81.957
10006,14,30,17,0.00,53,f,f,f,5009.717,82.734,,,,,82.734
10006,15,31,18,0.00,53,f,f,f,5010.421,83.438,,,,,83.438
10006,3,5,19,0.00,53,f,f,f,5010.880,83.897,,,,,83.897
10006,10,18,20,0.00,52,f,f,f,,,1,,,,+1 LAP
10007,2,4,1,0.00,23,f,f,f,93.204,0.000,,,,,0
10007,6,10,2,0.00,23,f,f,f,93.442,0.238,,,,,0.238
10007,16,44,3,0.00,23,f,f,f,93.800,0.596,,,,,0.596
10007,12,23,4,0.00,24,f,f,f,93.928,0.724,,,,,0.724
10007,15,31,5,0.00,19,f,f,f,94.184,0.980,,,,,0.98
10007,13,27,6,0.00,24,f,f,f,94.262,1.058,,,,,1.058
10007,5,7,7,0.00,23,f,f,f,94.396,1.192,,,,,1.192
10007,14,30,8,0.00,23,f,f,f,94.397,1.193,,,,,1.193
10007,11,22,9,0.00,23,f,f,f,94.484,1.280,,,,,1.28
10007,19,81,10,0.00,25,f,f,f,94.508,1.304,,,,,1.304
10007,3,5,11,0.00,23,f,f,f,94.628,1.424,,,,,1.424
10007,4,6,12,0.00,22,f,f,f,94.667,1.463,,,,,1.463
10007,24,46,13,0.00,20,f,f,f,94.885,1.681,,,,,1.681
10007,23,38,14,0.00,20,f,f,f,95.055,1.851,,,,,1.851
10007,10,18,15,0.00,23,f,f,f,95.116,1.912,,,,,1.912
10007,21,34,16,0.00,19,f,f,f,95.198,1.994,,,,,1.994
10007,25,50,17,0.00,20,f,f,f,95.261,2.057,,,,,2.057
10007,26,72,18,0.00,26,f,f,f,95.325,2.121,,,,,2.121
10007,22,37,19,0.00,20,f,f,f,95.475,2.271,,,,,2.271
10007,7,12,20,0.00,3,f,f,f,98.051,4.847,,,,,4.847
10008,19,81,1,0.00,29,f,f,f,90.505,0.000,,,,,0
10008,2,4,2,0.00,28,f,f,f,90.659,0.154,,,,,0.154
10008,18,63,3,0.00,25,f,f,f,91.032,0.527,,,,,0.527
10008,9,16,4,0.00,27,f,f,f,91.045,0.540,,,,,0.54
10008,7,12,5,0.00,27,f,f,f,91.227,0.722,,,,,0.722
10008,4,6,6,0.00,24,f,f,f,91.238,0.733,,,,,0.733
10008,1,1,7,0.00,27,f,f,f,91.330,0.825,,,,,0.825
10008,16,44,8,0.00,23,f,f,f,91.576,1.071,,,,,1.071
10008,20,87,9,0.00,27,f,f,f,91.584,1.079,,,,,1.079
10008,17,55,10,0.00,28,f,f,f,91.623,1.118,,,,,1.118
10008,12,23,11,0.00,29,f,f,f,91.696,1.191,,,,,1.191
10008,14,30,12,0.00,27,f,f,f,91.706,1.201,,,,,1.201
10008,3,5,13,0.00,25,f,f,f,91.772,1.267,,,,,1.267
10008,5,7,14,0.00,27,f,f,f,91.788,1.283,,,,,1.283
10008,8,14,15,0.00,19,f,f,f,91.825,1.320,,,,,1.32
10008,15,31,16,0.00,27,f,f,f,91.870,1.365,,,,,1.365
10008,6,10,17,0.00,27,f,f,f,91.947,1.442,,,,,1.442
10008,11,22,18,0.00,25,f,f,f,92.024,1.519,,,,,1.519
10008,10,18,19,0.00,27,f,f,f,92.382,1.877,,,,,1.877
10008,13,27,20,0.00,24,f,f,f,92.496,1.991,,,,,1.991
10009,19,81,1,0.00,13,f,f,f,91.646,0.000,,,,,0
10009,2,4,2,0.00,18,f,f,f,92.314,0.668,,,,,0.668
10009,9,16,3,0.00,19,f,f,f,92.480,0.834,,,,,0.834
10009,18,63,4,0.00,13,f,f,f,92.827,1.181,,,,,1.181
10009,7,12,5,0.00,12,f,f,f,92.916,1.270,,,,,1.27
10009,6,10,6,0.00,18,f,f,f,92.974,1.328,,,,,1.328
10009,4,6,7,0.00,15,f,f,f,93.023,1.377,,,,,1.377
10009,1,1,8,0.00,13,f,f,f,93.027,1.381,,,,,1.381
10009,17,55,9,0.00,15,f,f,f,93.092,1.446,,,,,1.446
10009,16,44,10,0.00,18,f,f,f,93.111,1.465,,,,,1.465
10009,15,31,11,0.00,17,f,f,f,93.240,1.594,,,,,1.594
10009,5,7,12,0.00,18,f,f,f,93.347,1.701,,,,,1.701
10009,14,30,13,0.00,14,f,f,f,93.370,1.724,,,,,1.724
10009,8,14,14,0.00,18,f,f,f,93.548,1.902,,,,,1.902
10009,12,23,15,0.00,16,f,f,f,93.753,2.107,,,,,2.107
10009,20,87,16,0.00,18,f,f,f,94.335,2.689,,,,,2.689
10009,10,18,17,0.00,16,f,f,f,94.363,2.717,,,,,2.717
10009,3,5,18,0.00,16,f,f,f,94.518,2.872,,,,,2.872
10009,13,27,19,0.00,7,f,f,f,94.636,2.990,,,,,2.99
10009,11,22,20,0.00,15,f,f,f,94.965,3.319,,,,,3.319
10010,19,81,1,0.00,15,f,f,f,,,,91.392,90.454,89.841,"[0.285, 0.0, 0.0]"
10010,18,63,2,0.00,20,f,f,f,,,,91.494,90.664,90.009,"[0.387, 0.21, 0.168]"
10010,9,16,3,0.00,16,f,f,f,,,,91.454,90.724,90.175,"[0.347, 0.27, 0.334]"
10010,7,12,4,0.00,20,f,f,f,,,,91.415,90.716,90.213,"[0.308, 0.262, 0.372]"
10010,6,10,5,0.00,19,f,f,f,,,,91.462,90.643,90.216,"[0.355, 0.189, 0.375]"
10010,2,4,6,0.00,18,f,f,f,,,,91.107,90.560,90.267,"[0.0, 0.106, 0.426]"
10010,1,1,7,0.00,17,f,f,f,,,,91.303,91.019,90.423,"[0.196, 0.565, 0.582]"
10010,17,55,8,0.00,19,f,f,f,,,,91.591,90.844,90.680,"[0.484, 0.39, 0.839]"
10010,16,44,9,0.00,18,f,f,f,,,,91.219,91.009,90.772,"[0.112, 0.555, 0.931]"
10010,11,22,10,0.00,17,f,f,f,,,,91.751,91.228,91.303,"[0.644, 0.774, 1.462]"
10010,5,7,11,0.00,13,f,f,f,,,,91.414,91.245,,"[0.307, 0.791, null]"
10010,4,6,12,0.00,12,f,f,f,,,,91.591,91.271,,"[0.484, 0.817, null]"
10010,8,14,13,0.00,15,f,f,f,,,,91.634,91.886,,"[0.527, 1.432, null]"
10010,15,31,14,0.00,8,t,f,f,,,,91.594,,,"[0.487, null, null]"
10010,12,23,15,0.00,6,f,f,f,,,,92.040,,,"[0.933, null, null]"
10010,13,27,16,0.00,17,f,f,f,,,,92.067,,,"[0.96, null, null]"
10010,14,30,17,0.00,6,f,f,f,,,,92.165,,,"[1.058, null, null]"
10010,3,5,18,0.00,6,f,f,f,,,,92.186,,,"[1.079, null, null]"
10010,10,18,19,0.00,9,f,f,f,,,,92.283,,,"[1.176, null, null]"
10010,20,87,20,0.00,6,f,f,f,,,,92.373,,,"[1.266, null, null]"
10014,19,81,1,25.00,57,f,f,f,5739.435,0.000,,,,,0
10014,18,63,2,18.00,57,f,f,f,5754.934,15.499,,,,,15.499
10014,2,4,3,15.00,57,f,f,f,5755.708,16.273,,,,,16.273
10014,9,16,4,12.00,57,f,f,f,5759.114,19.679,,,,,19.679
10014,16,44,5,10.00,57,f,f,f,5767.428,27.993,,,,,27.993
10014,1,1,6,8.00,57,f,f,f,5773.830,34.395,,,,,34.395
10014,6,10,7,6.00,57,f,f,f,5775.437,36.002,,,,,36.002
10014,15,31,8,4.00,57,f,f,f,5783.679,44.244,,,,,44.244
10014,11,22,9,2.00,57,f,f,f,5784.496,45.061,,,,,45.061
10014,20,87,10,1.00,57,f,f,f,5787.029,47.594,,,,,47.594
10014,7,12,11,0.00,57,f,f,f,5787.451,48.016,,,,,48.016
10014,12,23,12,0.00,57,f,f,f,5788.274,48.839,,,,,48.839
10014,4,6,13,0.00,57,f,f,f,5795.749,56.314,,,,,56.314
10014,5,7,14,0.00,57,f,f,f,5797.241,57.806,,,,,57.806
10014,8,14,15,0.00,57,f,f,f,5799.775,60.340,,,,,60.34
10014,14,30,16,0.00,57,f,f,f,5803.870,64.435,,,,,64.435
10014,10,18,17,0.00,57,f,f,f,5804.924,65.489,,,,,65.489
10014,3,5,18,0.00,57,f,f,f,5806.307,66.872,,,,,66.872
10014,13,27,,0.00,,f,f,t,,,,,,,
10014,17,55,,0.00,45,t,f,f,,,,,,,
10015,6,10,1,0.00,25,f,f,f,89.239,0.000,,,,,0
10015,2,4,2,0.00,25,f,f,f,89.246,0.007,,,,,0.007
10015,9,16,3,0.00,28,f,f,f,89.309,0.070,,,,,0.07
10015,19,81,4,0.00,25,f,f,f,89.341,0.102,,,,,0.102
10015,12,23,5,0.00,23,f,f,f,89.606,0.367,,,,,0.367
10015,18,63,6,0.00,21,f,f,f,89.618,0.379,,,,,0.379
10015,17,55,7,0.00,26,f,f,f,89.779,0.540,,,,,0.54
10015,16,44,8,0.00,27,f,f,f,89.815,0.576,,,,,0.576
10015,1,1,9,0.00,26,f,f,f,89.818,0.579,,,,,0.579
10015,11,22,10,0.00,26,f,f,f,89.821,0.582,,,,,0.582
10015,14,30,11,0.00,19,f,f,f,89.907,0.668,,,,,0.668
10015,13,27,12,0.00,25,f,f,f,89.916,0.677,,,,,0.677
10015,7,12,13,0.00,24,f,f,f,89.934,0.695,,,,,0.695
10015,8,14,14,0.00,24,f,f,f,89.976,0.737,,,,,0.737
10015,4,6,15,0.00,15,f,f,f,90.011,0.772,,,,,0.772
10015,5,7,16,0.00,25,f,f,f,90.183,0.944,,,,,0.944
10015,10,18,17,0.00,23,f,f,f,90.583,1.344,,,,,1.344
10015,20,87,18,0.00,21,f,f,f,90.595,1.356,,,,,1.356
10015,15,31,19,0.00,21,f,f,f,91.029,1.790,,,,,1.79
10015,3,5,20,0.00,23,f,f,f,91.038,1.799,,,,,1.799
10016,2,4,1,0.00,21,f,f,f,88.267,0.000,,,,,0
10016,19,81,2,0.00,22,f,f,f,88.430,0.163,,,,,0.163
10016,1,1,3,0.00,23,f,f,f,88.547,0.280,,,,,0.28
10016,9,16,4,0.00,22,f,f,f,88.749,0.482,,,,,0.482
10016,17,55,5,0.00,24,f,f,f,88.942,0.675,,,,,0.675
10016,11,22,6,0.00,19,f,f,f,88.963,0.696,,,,,0.696
10016,18,63,7,0.00,21,f,f,f,88.973,0.706,,,,,0.706
10016,6,10,8,0.00,22,f,f,f,89.106,0.839,,,,,0.839
10016,13,27,9,0.00,21,f,f,f,89.193,0.926,,,,,0.926
10016,12,23,10,0.00,23,f,f,f,89.220,0.953,,,,,0.953
10016,7,12,11,0.00,16,f,f,f,89.242,0.975,,,,,0.975
10016,4,6,12,0.00,17,f,f,f,89.306,1.039,,,,,1.039
10016,16,44,13,0.00,23,f,f,f,89.371,1.104,,,,,1.104
10016,14,30,14,0.00,22,f,f,f,89.488,1.221,,,,,1.221
10016,8,14,15,0.00,18,f,f,f,89.662,1.395,,,,,1.395
10016,20,87,16,0.00,19,f,f,f,89.754,1.487,,,,,1.487
10016,5,7,17,0.00,21,f,f,f,89.912,1.645,,,,,1.645
10016,10,18,18,0.00,18,f,f,f,90.007,1.740,,,,,1.74
10016,15,31,19,0.00,22,f,f,f,90.019,1.752,,,,,1.752
10017,2,4,1,0.00,18,f,f,f,87.489,0.000,,,,,0
10017,19,81,2,0.00,19,f,f,f,87.513,0.024,,,,,0.024
10017,18,63,3,0.00,17,f,f,f,88.116,0.627,,,,,0.627
10017,1,1,4,0.00,14,f,f,f,88.334,0.845,,,,,0.845
10017,9,16,5,0.00,21,f,f,f,88.372,0.883,,,,,0.883
10017,12,23,6,0.00,16,f,f,f,88.389,0.900,,,,,0.9
10017,17,55,7,0.00,15,f,f,f,88.570,1.081,,,,,1.081
10017,6,10,8,0.00,16,f,f,f,88.625,1.136,,,,,1.136
10017,11,22,9,0.00,14,f,f,f,88.670,1.181,,,,,1.181
10017,7,12,10,0.00,18,f,f,f,88.679,1.190,,,,,1.19
10017,4,6,11,0.00,17,f,f,f,88.769,1.280,,,,,1.28
10017,16,44,12,0.00,20,f,f,f,88.780,1.291,,,,,1.291
10017,14,30,13,0.00,18,f,f,f,88.861,1.372,,,,,1.372
10017,8,14,14,0.00,19,f,f,f,88.888,1.399,,,,,1.399
10017,5,7,15,0.00,21,f,f,f,88.898,1.409,,,,,1.409
10017,20,87,16,0.00,15,f,f,f,88.989,1.500,,,,,1.5
10017,13,27,17,0.00,16,f,f,f,89.220,1.731,,,,,1.731
10017,15,31,18,0.00,20,f,f,f,89.336,1.847,,,,,1.847
10017,3,5,19,0.00,24,f,f,f,89.410,1.921,,,,,1.921
10017,10,18,20,0.00,19,f,f,f,89.478,1.989,,,,,1.989
10018,1,1,1,0.00,19,f,f,f,,,,87.778,87.529,87.294,"[0.0, 0.048, 0.0]"
10018,19,81,2,0.00,18,f,f,f,,,,87.901,87.545,87.304,"[0.123, 0.064, 0.01]"
10018,18,63,3,0.00,16,f,f,f,,,,88.282,87.599,87.407,"[0.504, 0.118, 0.113]"
10018,9,16,4,0.00,19,f,f,f,,,,88.552,87.866,87.670,"[0.774, 0.385, 0.376]"
10018,7,12,5,0.00,17,f,f,f,,,,88.128,87.798,87.866,"[0.35, 0.317, 0.572]"
10018,17,55,6,0.00,23,f,f,f,,,,88.354,88.024,88.164,"[0.576, 0.543, 0.87]"
10018,16,44,7,0.00,20,f,f,f,,,,88.372,88.102,88.201,"[0.594, 0.621, 0.907]"
10018,11,22,8,0.00,16,f,f,f,,,,88.226,87.990,88.204,"[0.448, 0.509, 0.91]"
10018,6,10,9,0.00,22,f,f,f,,,,88.421,88.025,88.367,"[0.643, 0.544, 1.073]"
10018,2,4,10,0.00,11,t,f,f,,,,87.805,87.481,,"[0.027, 0.0, null]"
10018,12,23,11,0.00,14,f,f,f,,,,88.279,88.109,,"[0.501, 0.628, null]"
10018,14,30,12,0.00,11,f,f,f,,,,88.561,88.191,,"[0.783, 0.71, null]"
10018,8,14,13,0.00,14,f,f,f,,,,88.548,88.303,,"[0.77, 0.822, null]"
10018,4,6,14,0.00,12,f,f,f,,,,88.571,88.418,,"[0.793, 0.937, null]"
10018,20,87,15,0.00,15,f,f,f,,,,88.536,88.648,,"[0.758, 1.167, null]"
10018,10,18,16,0.00,9,f,f,f,,,,88.645,,,"[0.867, null, null]"
10018,5,7,17,0.00,9,f,f,f,,,,88.739,,,"[0.961, null, null]"
10018,13,27,18,0.00,8,f,f,f,,,,88.782,,,"[1.004, null, null]"
10018,15,31,19,0.00,9,f,f,f,,,,89.092,,,"[1.314, null, null]"
10018,3,5,20,0.00,8,f,f,f,,,,89.462,,,"[1.684, null, null]"
10022,19,81,1,25.00,50,f,f,f,4866.758,0.000,,,,,0
10022,1,1,2,18.00,50,f,f,f,4869.601,2.843,,,,,2.843
10022,9,16,3,15.00,50,f,f,f,4874.862,8.104,,,,,8.104
10022,2,4,4,12.00,50,f,f,f,4875.954,9.196,,,,,9.196
10022,18,63,5,10.00,50,f,f,f,4893.994,27.236,,,,,27.236
10022,7,12,6,8.00,50,f,f,f,4901.446,34.688,,,,,34.688
10022,16,44,7,6.00,50,f,f,f,4905.831,39.073,,,,,39.073
10022,17,55,8,4.00,50,f,f,f,4931.388,64.630,,,,,64.63
10022,12,23,9,2.00,50,f,f,f,4933.273,66.515,,,,,66.515
10022,4,6,10,1.00,50,f,f,f,4933.849,67.091,,,,,67.091
10022,8,14,11,0.00,50,f,f,f,4942.675,75.917,,,,,75.917
10022,14,30,12,0.00,50,f,f,f,4945.209,78.451,,,,,78.451
10022,20,87,13,0.00,50,f,f,f,4945.952,79.194,,,,,79.194
10022,15,31,14,0.00,50,f,f,f,4966.481,99.723,,,,,99.723
10022,13,27,15,0.00,49,f,f,f,,,1,,,,+1 LAP
10022,10,18,16,0.00,49,f,f,f,,,1,,,,+1 LAP
10022,5,7,17,0.00,49,f,f,f,,,1,,,,+1 LAP
10022,3,5,18,0.00,49,f,f,f,,,1,,,,+1 LAP
10022,11,22,,0.00,1,t,f,f,,,,,,,
10022,6,10,,0.00,0,t,f,f,,,,,,,
10023,19,81,1,0.00,22,f,f,f,87.128,0.000,,,,,0
10023,9,16,2,0.00,22,f,f,f,87.484,0.356,,,,,0.356
10023,1,1,3,0.00,20,f,f,f,87.558,0.430,,,,,0.43
10023,17,55,4,0.00,23,f,f,f,87.678,0.550,,,,,0.55
10023,12,23,5,0.00,25,f,f,f,87.955,0.827,,,,,0.827
10023,4,6,6,0.00,23,f,f,f,87.968,0.840,,,,,0.84
10023,18,63,7,0.00,26,f,f,f,88.058,0.930,,,,,0.93
10023,11,22,8,0.00,21,f,f,f,88.155,1.027,,,,,1.027
10023,7,12,9,0.00,28,f,f,f,88.227,1.099,,,,,1.099
10023,8,14,10,0.00,24,f,f,f,88.243,1.115,,,,,1.115
10023,14,30,11,0.00,21,f,f,f,88.374,1.246,,,,,1.246
10023,2,4,12,0.00,21,f,f,f,88.391,1.263,,,,,1.263
10023,16,44,13,0.00,20,f,f,f,88.556,1.428,,,,,1.428
10023,13,27,14,0.00,13,f,f,f,88.573,1.445,,,,,1.445
10023,3,5,15,0.00,19,f,f,f,88.771,1.643,,,,,1.643
10023,20,87,16,0.00,22,f,f,f,88.996,1.868,,,,,1.868
10023,6,10,17,0.00,22,f,f,f,89.084,1.956,,,,,1.956
10023,15,31,18,0.00,19,f,f,f,89.179,2.051,,,,,2.051
10023,5,7,19,0.00,22,f,f,f,89.357,2.229,,,,,2.229
10023,10,18,20,0.00,21,f,f,f,89.362,2.234,,,,,2.234
10024,7,12,1,0.00,15,f,f,f,,,,87.858,87.384,86.482,"[0.17, 0.275, 0.0]"
10024,19,81,2,0.00,12,f,f,f,,,,87.951,87.354,86.527,"[0.263, 0.245, 0.045]"
10024,2,4,3,0.00,14,f,f,f,,,,87.890,87.109,86.582,"[0.202, 0.0, 0.1]"
10024,1,1,4,0.00,16,f,f,f,,,,87.953,87.245,86.737,"[0.265, 0.136, 0.255]"
10024,18,63,5,0.00,15,f,f,f,,,,87.688,87.666,86.791,"[0.0, 0.557, 0.309]"
10024,9,16,6,0.00,16,f,f,f,,,,88.325,87.467,86.808,"[0.637, 0.358, 0.326]"
10024,16,44,7,0.00,15,f,f,f,,,,88.231,87.546,87.030,"[0.543, 0.437, 0.548]"
10024,12,23,8,0.00,15,f,f,f,,,,87.859,87.697,87.193,"[0.171, 0.588, 0.711]"
10024,4,6,9,0.00,12,f,f,f,,,,88.394,87.773,87.543,"[0.706, 0.664, 1.061]"
10024,8,14,10,0.00,13,f,f,f,,,,88.455,87.766,87.790,"[0.767, 0.657, 1.308]"
10024,13,27,11,0.00,9,f,f,f,,,,88.542,87.850,,"[0.854, 0.741, null]"
10024,15,31,12,0.00,9,f,f,f,,,,88.303,88.070,,"[0.615, 0.961, null]"
10024,6,10,13,0.00,9,f,f,f,,,,88.345,88.167,,"[0.657, 1.058, null]"
10024,14,30,14,0.00,8,f,f,f,,,,88.914,88.375,,"[1.226, 1.266, null]"
10024,17,55,15,0.00,8,t,f,f,,,,87.899,,,"[0.211, null, null]"
10024,10,18,16,0.00,6,f,f,f,,,,89.028,,,"[1.34, null, null]"
10024,5,7,17,0.00,5,f,f,f,,,,89.171,,,"[1.483, null, null]"
10024,11,22,18,0.00,5,f,f,f,,,,89.246,,,"[1.558, null, null]"
10024,3,5,19,0.00,6,f,f,f,,,,89.312,,,"[1.624, null, null]"
10024,20,87,20,0.00,5,f,f,f,,,,89.825,,,"[2.137, null, null]"
10028,2,4,1,8.00,18,f,f,f,2197.647,0.000,,,,,0
10028,19,81,2,7.00,18,f,f,f,2198.319,0.672,,,,,0.672
10028,16,44,3,6.00,18,f,f,f,2198.720,1.073,,,,,1.073
10028,18,63,4,5.00,18,f,f,f,2200.774,3.127,,,,,3.127
10028,10,18,5,4.00,18,f,f,f,2201.059,3.412,,,,,3.412
10028,11,22,6,3.00,18,f,f,f,2202.800,5.153,,,,,5.153
10028,7,12,7,2.00,18,f,f,f,2203.282,5.635,,,,,5.635
10028,6,10,8,1.00,18,f,f,f,2203.620,5.973,,,,,5.973
10028,13,27,9,0.00,18,f,f,f,2203.800,6.153,,,,,6.153
10028,4,6,10,0.00,18,f,f,f,2205.149,7.502,,,,,7.502
10028,12,23,11,0.00,18,f,f,f,2205.169,7.522,,,,,7.522
10028,15,31,12,0.00,18,f,f,f,2206.645,8.998,,,,,8.998
10028,14,30,13,0.00,18,f,f,f,2206.671,9.024,,,,,9.024
10028,20,87,14,0.00,18,f,f,f,2206.865,9.218,,,,,9.218
10028,3,5,15,0.00,18,f,f,f,2207.322,9.675,,,,,9.675
10028,5,7,16,0.00,18,f,f,f,2207.556,9.909,,,,,9.909
10028,1,1,17,0.00,18,f,f,f,2209.706,12.059,,,,,12.059
10028,9,16,,0.00,0,f,t,f,,,,,,,
10028,8,14,,0.00,13,t,f,f,,,,,,,
10028,17,55,,0.00,12,t,f,f,,,,,,,
10029,1,1,1,0.00,18,f,f,f,,,,86.870,86.643,86.204,"[0.0, 0.374, 0.0]"
10029,2,4,2,0.00,21,f,f,f,,,,86.955,86.499,86.269,"[0.085, 0.23, 0.065]"
10029,7,12,3,0.00,20,f,f,f,,,,87.077,86.606,86.271,"[0.207, 0.337, 0.067]"
10029,19,81,4,0.00,16,f,f,f,,,,87.006,86.269,86.375,"[0.136, 0.0, 0.171]"
10029,18,63,5,0.00,20,f,f,f,,,,87.014,86.575,86.385,"[0.144, 0.306, 0.181]"
10029,17,55,6,0.00,20,f,f,f,,,,87.098,86.847,86.569,"[0.228, 0.578, 0.365]"
10029,12,23,7,0.00,20,f,f,f,,,,87.042,86.855,86.682,"[0.172, 0.586, 0.478]"
10029,9,16,8,0.00,20,f,f,f,,,,87.417,86.948,86.754,"[0.547, 0.679, 0.55]"
10029,15,31,9,0.00,21,f,f,f,,,,87.450,86.967,86.824,"[0.58, 0.698, 0.62]"
10029,11,22,10,0.00,21,f,f,f,,,,87.298,86.959,86.943,"[0.428, 0.69, 0.739]"
10029,4,6,11,0.00,13,f,f,f,,,,87.301,86.987,,"[0.431, 0.718, null]"
10029,16,44,12,0.00,15,f,f,f,,,,87.279,87.006,,"[0.409, 0.737, null]"
10029,3,5,13,0.00,15,f,f,f,,,,87.343,87.151,,"[0.473, 0.882, null]"
10029,5,7,14,0.00,15,f,f,f,,,,87.422,87.186,,"[0.552, 0.917, null]"
10029,14,30,15,0.00,14,f,f,f,,,,87.444,87.363,,"[0.574, 1.094, null]"
10029,13,27,16,0.00,9,f,f,f,,,,87.473,,,"[0.603, null, null]"
10029,8,14,17,0.00,9,f,f,f,,,,87.604,,,"[0.734, null, null]"
10029,6,10,18,0.00,9,f,f,f,,,,87.710,,,"[0.84, null, null]"
10029,10,18,19,0.00,9,f,f,f,,,,87.830,,,"[0.96, null, null]"
10029,20,87,20,0.00,9,f,f,f,,,,87.999,,,"[1.129, null, null]"
10033,19,81,1,25.00,57,f,f,f,5331.587,0.000,,,,,0
10033,2,4,2,18.00,57,f,f,f,5336.217,4.630,,,,,4.63
10033,18,63,3,15.00,57,f,f,f,5369.231,37.644,,,,,37.644
10033,1,1,4,12.00,57,f,f,f,5371.543,39.956,,,,,39.956
10033,12,23,5,10.00,57,f,f,f,5379.654,48.067,,,,,48.067
10033,7,12,6,8.00,57,f,f,f,5387.089,55.502,,,,,55.502
10033,9,16,7,6.00,57,f,f,f,5388.623,57.036,,,,,57.036
10033,16,44,8,4.00,57,f,f,f,5391.773,60.186,,,,,60.186
10033,17,55,9,2.00,57,f,f,f,5392.164,60.577,,,,,60.577
10033,11,22,10,1.00,57,f,f,f,5406.021,74.434,,,,,74.434
10033,4,6,11,0.00,57,f,f,f,5406.189,74.602,,,,,74.602
10033,15,31,12,0.00,57,f,f,f,5413.593,82.006,,,,,82.006
10033,6,10,13,0.00,57,f,f,f,5422.032,90.445,,,,,90.445
10033,13,27,14,0.00,56,f,f,f,,,1,,,,+1 LAP
10033,8,14,15,0.00,56,f,f,f,,,1,,,,+1 LAP
10033,10,18,16,0.00,56,f,f,f,,,1,,,,+1 LAP
10033,3,5,,0.00,30,t,f,f,,,,,,,
10033,14,30,,0.00,36,t,f,f,,,,,,,
10033,20,87,,0.00,27,t,f,f,,,,,,,
10033,5,7,,0.00,0,t,f,f,,,,,,,
11227,9,16,1,0.00,33,f,f,f,80.267,0.000,,,,,0
11227,16,44,2,0.00,30,f,f,f,80.736,0.469,,,,,0.469
11227,1,3,3,0.00,27,f,f,f,80.789,0.522,,,,,0.522
11227,4,6,4,0.00,24,f,f,f,81.087,0.820,,,,,0.82
11227,28,41,5,0.00,22,f,f,f,81.313,1.046,,,,,1.046
11227,19,81,6,0.00,21,f,f,f,81.342,1.075,,,,,1.075
11227,18,63,7,0.00,26,f,f,f,81.371,1.104,,,,,1.104
11227,7,12,8,0.00,24,f,f,f,81.376,1.109,,,,,1.109
11227,3,5,9,0.00,23,f,f,f,81.696,1.429,,,,,1.429
11227,13,27,10,0.00,21,f,f,f,81.969,1.702,,,,,1.702
11227,15,31,11,0.00,28,f,f,f,82.161,1.894,,,,,1.894
11227,17,55,12,0.00,30,f,f,f,82.323,2.056,,,,,2.056
11227,14,30,13,0.00,28,f,f,f,82.613,2.346,,,,,2.346
11227,20,87,14,0.00,25,f,f,f,82.682,2.415,,,,,2.415
11227,12,23,15,0.00,24,f,f,f,83.130,2.863,,,,,2.863
11227,29,43,16,0.00,26,f,f,f,83.325,3.058,,,,,3.058
11227,30,77,17,0.00,24,f,f,f,84.022,3.755,,,,,3.755
11227,6,10,18,0.00,27,f,f,f,84.035,3.768,,,,,3.768
11227,2,1,19,0.00,7,f,f,f,84.391,4.124,,,,,4.124
11227,27,11,20,0.00,14,f,f,f,84.620,4.353,,,,,4.353
11227,10,18,21,0.00,3,f,f,f,110.334,30.067,,,,,30.067
11228,19,81,1,0.00,26,f,f,f,79.729,0.000,,,,,0
11228,7,12,2,0.00,31,f,f,f,79.943,0.214,,,,,0.214
11228,18,63,3,0.00,28,f,f,f,80.049,0.320,,,,,0.32
11228,16,44,4,0.00,32,f,f,f,80.050,0.321,,,,,0.321
11228,9,16,5,0.00,30,f,f,f,80.291,0.562,,,,,0.562
11228,1,3,6,0.00,13,f,f,f,80.366,0.637,,,,,0.637
11228,2,1,7,0.00,29,f,f,f,80.794,1.065,,,,,1.065
11228,28,41,8,0.00,30,f,f,f,80.922,1.193,,,,,1.193
11228,4,6,9,0.00,28,f,f,f,80.941,1.212,,,,,1.212
11228,15,31,10,0.00,29,f,f,f,81.179,1.450,,,,,1.45
11228,20,87,11,0.00,31,f,f,f,81.326,1.597,,,,,1.597
11228,13,27,12,0.00,34,f,f,f,81.351,1.622,,,,,1.622
11228,14,30,13,0.00,29,f,f,f,81.358,1.629,,,,,1.629
11228,3,5,14,0.00,28,f,f,f,81.668,1.939,,,,,1.939
11228,12,23,15,0.00,32,f,f,f,81.847,2.118,,,,,2.118
11228,6,10,16,0.00,16,f,f,f,82.167,2.438,,,,,2.438
11228,17,55,17,0.00,10,f,f,f,82.253,2.524,,,,,2.524
11228,29,43,18,0.00,27,f,f,f,82.619,2.890,,,,,2.89
11228,30,77,19,0.00,28,f,f,f,83.660,3.931,,,,,3.931
11228,8,14,20,0.00,18,f,f,f,84.662,4.933,,,,,4.933
11228,10,18,21,0.00,13,f,f,f,85.816,6.087,,,,,6.087
11228,27,11,22,0.00,2,f,f,f,,,,,,,
11229,18,63,1,0.00,23,f,f,f,79.053,0.000,,,,,0
11229,16,44,2,0.00,22,f,f,f,79.669,0.616,,,,,0.616
11229,9,16,3,0.00,20,f,f,f,79.827,0.774,,,,,0.774
11229,19,81,4,0.00,17,f,f,f,80.087,1.034,,,,,1.034
11229,4,6,5,0.00,15,f,f,f,80.137,1.084,,,,,1.084
11229,1,3,6,0.00,15,f,f,f,80.197,1.144,,,,,1.144
11229,7,12,7,0.00,18,f,f,f,80.324,1.271,,,,,1.271
11229,2,1,8,0.00,22,f,f,f,80.443,1.390,,,,,1.39
11229,3,5,9,0.00,19,f,f,f,80.459,1.406,,,,,1.406
11229,20,87,10,0.00,18,f,f,f,80.778,1.725,,,,,1.725
11229,28,41,11,0.00,15,f,f,f,80.838,1.785,,,,,1.785
11229,14,30,12,0.00,13,f,f,f,80.890,1.837,,,,,1.837
11229,15,31,13,0.00,19,f,f,f,80.983,1.930,,,,,1.93
11229,13,27,14,0.00,22,f,f,f,81.067,2.014,,,,,2.014
11229,6,10,15,0.00,26,f,f,f,81.071,2.018,,,,,2.018
11229,29,43,16,0.00,22,f,f,f,81.413,2.360,,,,,2.36
11229,12,23,17,0.00,17,f,f,f,81.664,2.611,,,,,2.611
11229,8,14,18,0.00,20,f,f,f,82.720,3.667,,,,,3.667
11229,30,77,19,0.00,12,f,f,f,83.514,4.461,,,,,4.461
11229,27,11,20,0.00,21,f,f,f,84.397,5.344,,,,,5.344
11229,17,55,21,0.00,1,f,f,f,,,,,,,
11230,18,63,1,0.00,22,f,f,f,,,,79.507,78.934,78.518,"[0.0, 0.0, 0.0]"
11230,7,12,2,0.00,18,f,f,f,,,,80.120,79.435,78.811,"[0.613, 0.501, 0.293]"
11230,4,6,3,0.00,19,f,f,f,,,,80.023,79.653,79.303,"[0.516, 0.719, 0.785]"
11230,9,16,4,0.00,24,f,f,f,,,,80.226,79.357,79.327,"[0.719, 0.423, 0.809]"
11230,19,81,5,0.00,26,f,f,f,,,,79.664,79.525,79.380,"[0.157, 0.591, 0.862]"
11230,2,1,6,0.00,26,f,f,f,,,,80.010,79.882,79.475,"[0.503, 0.948, 0.957]"
11230,16,44,7,0.00,25,f,f,f,,,,79.811,79.921,79.478,"[0.304, 0.987, 0.96]"
11230,14,30,8,0.00,24,f,f,f,,,,80.491,80.144,79.994,"[0.984, 1.21, 1.476]"
11230,28,41,9,0.00,25,f,f,f,,,,80.409,79.971,81.247,"[0.902, 1.037, 2.729]"
11230,3,5,10,0.00,14,f,f,f,,,,80.495,80.221,,"[0.988, 1.287, null]"
11230,13,27,11,0.00,18,f,f,f,,,,81.024,80.303,,"[1.517, 1.369, null]"
11230,20,87,12,0.00,18,f,f,f,,,,81.247,80.311,,"[1.74, 1.377, null]"
11230,15,31,13,0.00,18,f,f,f,,,,80.759,80.491,,"[1.252, 1.557, null]"
11230,6,10,14,0.00,18,f,f,f,,,,81.138,80.501,,"[1.631, 1.567, null]"
11230,12,23,15,0.00,19,f,f,f,,,,81.051,80.941,,"[1.544, 2.007, null]"
11230,29,43,16,0.00,18,f,f,f,,,,81.200,81.270,,"[1.693, 2.336, null]"
11230,8,14,17,0.00,10,f,f,f,,,,81.969,,,"[2.462, null, null]"
11230,27,11,18,0.00,7,f,f,f,,,,82.605,,,"[3.098, null, null]"
11230,30,77,19,0.00,8,f,f,f,,,,83.244,,,"[3.737, null, null]"
11234,18,63,1,25.00,58,f,f,f,4986.801,0.000,,,,,0
11234,7,12,2,18.00,58,f,f,f,4989.775,2.974,,,,,2.974
11234,9,16,3,15.00,58,f,f,f,5002.320,15.519,,,,,15.519
11234,16,44,4,12.00,58,f,f,f,5002.945,16.144,,,,,16.144
11234,2,1,5,10.00,58,f,f,f,5038.542,51.741,,,,,51.741
11234,1,3,6,8.00,58,f,f,f,5041.418,54.617,,,,,54.617
11234,20,87,7,6.00,57,f,f,f,,,1,,,,+1 LAP
11234,28,41,8,4.00,57,f,f,f,,,1,,,,+1 LAP
11234,3,5,9,2.00,57,f,f,f,,,1,,,,+1 LAP
11234,6,10,10,1.00,57,f,f,f,,,1,,,,+1 LAP
11234,15,31,11,0.00,57,f,f,f,,,1,,,,+1 LAP
11234,12,23,12,0.00,57,f,f,f,,,1,,,,+1 LAP
11234,14,30,13,0.00,57,f,f,f,,,1,,,,+1 LAP
11234,29,43,14,0.00,56,f,f,f,,,2,,,,+2 LAPS
11234,17,55,15,0.00,56,f,f,f,,,2,,,,+2 LAPS
11234,27,11,16,0.00,55,f,f,f,,,3,,,,+3 LAPS
11234,30,77,,0.00,15,t,f,f,,,,,,,
11234,10,18,,0.00,43,f,f,f,,,15,,,,+15 LAPS
11234,8,14,,0.00,21,t,f,f,,,,,,,
11234,4,6,,0.00,10,t,f,f,,,,,,,
11234,19,81,,0.00,0,f,t,f,,,,,,,
11234,13,27,,0.00,0,f,t,f,,,,,,,
11235,18,63,1,0.00,29,f,f,f,92.741,0.000,,,,,0
11235,7,12,2,0.00,30,f,f,f,92.861,0.120,,,,,0.12
11235,2,1,3,0.00,29,f,f,f,93.296,0.555,,,,,0.555
11235,19,81,4,0.00,28,f,f,f,93.472,0.731,,,,,0.731
11235,9,16,5,0.00,28,f,f,f,93.599,0.858,,,,,0.858
11235,16,44,6,0.00,26,f,f,f,94.129,1.388,,,,,1.388
11235,20,87,7,0.00,28,f,f,f,94.426,1.685,,,,,1.685
11235,1,3,8,0.00,24,f,f,f,94.541,1.800,,,,,1.8
11235,13,27,9,0.00,27,f,f,f,94.639,1.898,,,,,1.898
11235,6,10,10,0.00,28,f,f,f,94.676,1.935,,,,,1.935
11235,14,30,11,0.00,29,f,f,f,94.773,2.032,,,,,2.032
11235,3,5,12,0.00,26,f,f,f,94.828,2.087,,,,,2.087
11235,4,6,13,0.00,26,f,f,f,94.856,2.115,,,,,2.115
11235,15,31,14,0.00,25,f,f,f,94.877,2.136,,,,,2.136
11235,29,43,15,0.00,26,f,f,f,94.947,2.206,,,,,2.206
11235,12,23,16,0.00,31,f,f,f,95.480,2.739,,,,,2.739
11235,17,55,17,0.00,18,f,f,f,95.679,2.938,,,,,2.938
11235,8,14,18,0.00,18,f,f,f,95.856,3.115,,,,,3.115
11235,30,77,19,0.00,25,f,f,f,96.057,3.316,,,,,3.316
11235,10,18,20,0.00,20,f,f,f,97.224,4.483,,,,,4.483
11235,28,41,21,0.00,6,f,f,f,97.896,5.155,,,,,5.155
11235,27,11,22,0.00,13,f,f,f,99.200,6.459,,,,,6.459
11236,18,63,1,0.00,13,f,f,f,,,,93.030,92.241,91.520,"[0.0, 0.0, 0.0]"
11236,7,12,2,0.00,13,f,f,f,,,,93.455,92.291,91.809,"[0.425, 0.05, 0.289]"
11236,2,1,3,0.00,13,f,f,f,,,,93.783,93.086,92.141,"[0.753, 0.845, 0.621]"
11236,16,44,4,0.00,15,f,f,f,,,,93.148,93.042,92.161,"[0.118, 0.801, 0.641]"
11236,19,81,5,0.00,13,f,f,f,,,,93.813,93.038,92.224,"[0.783, 0.797, 0.704]"
11236,9,16,6,0.00,16,f,f,f,,,,93.194,92.602,92.528,"[0.164, 0.361, 1.008]"
11236,6,10,7,0.00,15,f,f,f,,,,93.970,93.405,92.888,"[0.94, 1.164, 1.368]"
11236,1,3,8,0.00,17,f,f,f,,,,94.170,93.564,93.254,"[1.14, 1.323, 1.734]"
11236,20,87,9,0.00,16,f,f,f,,,,94.280,93.501,93.409,"[1.25, 1.26, 1.889]"
11236,4,6,10,0.00,15,f,f,f,,,,94.447,93.620,93.723,"[1.417, 1.379, 2.203]"
11236,13,27,11,0.00,14,f,f,f,,,,93.997,93.635,,"[0.967, 1.394, null]"
11236,15,31,12,0.00,13,f,f,f,,,,94.087,93.639,,"[1.057, 1.398, null]"
11236,14,30,13,0.00,13,f,f,f,,,,94.110,93.714,,"[1.08, 1.473, null]"
11236,3,5,14,0.00,14,f,f,f,,,,94.291,93.774,,"[1.261, 1.533, null]"
11236,28,41,15,0.00,13,f,f,f,,,,94.495,94.048,,"[1.465, 1.807, null]"
11236,29,43,16,0.00,12,f,f,f,,,,94.592,94.327,,"[1.562, 2.086, null]"
11236,17,55,17,0.00,6,f,f,f,,,,94.761,,,"[1.731, null, null]"
11236,12,23,18,0.00,6,f,f,f,,,,95.305,,,"[2.275, null, null]"
11236,8,14,19,0.00,5,f,f,f,,,,95.581,,,"[2.551, null, null]"
11236,10,18,20,0.00,7,f,f,f,,,,96.151,,,"[3.121, null, null]"
11236,30,77,21,0.00,8,f,f,f,,,,97.378,,,"[4.348, null, null]"
11240,18,63,1,8.00,19,f,f,f,2018.998,0.000,,,,,0
11240,9,16,2,7.00,19,f,f,f,2019.672,0.674,,,,,0.674
11240,16,44,3,6.00,19,f,f,f,2021.552,2.554,,,,,2.554
11240,2,1,4,5.00,19,f,f,f,2023.431,4.433,,,,,4.433
11240,7,12,5,4.00,19,f,f,f,2024.686,5.688,,,,,5.688
11240,19,81,6,3.00,19,f,f,f,2025.807,6.809,,,,,6.809
11240,14,30,7,2.00,19,f,f,f,2029.898,10.900,,,,,10.9
11240,20,87,8,1.00,19,f,f,f,2030.269,11.271,,,,,11.271
11240,1,3,9,0.00,19,f,f,f,2030.617,11.619,,,,,11.619
11240,15,31,10,0.00,19,f,f,f,2032.885,13.887,,,,,13.887
11240,6,10,11,0.00,19,f,f,f,2033.778,14.780,,,,,14.78
11240,17,55,12,0.00,19,f,f,f,2034.751,15.753,,,,,15.753
11240,3,5,13,0.00,19,f,f,f,2034.856,15.858,,,,,15.858
11240,29,43,14,0.00,19,f,f,f,2035.391,16.393,,,,,16.393
11240,4,6,15,0.00,19,f,f,f,2035.428,16.430,,,,,16.43
11240,12,23,16,0.00,19,f,f,f,2039.012,20.014,,,,,20.014
11240,8,14,17,0.00,19,f,f,f,2040.597,21.599,,,,,21.599
11240,10,18,18,0.00,19,f,f,f,2040.969,21.971,,,,,21.971
11240,27,11,19,0.00,19,f,f,f,2047.239,28.241,,,,,28.241
11240,28,41,,0.00,11,t,f,f,,,,,,,
11240,13,27,,0.00,12,t,f,f,,,,,,,
11240,30,77,,0.00,12,t,f,f,,,,,,,
11241,7,12,1,0.00,15,f,f,f,,,,93.305,92.443,92.064,"[0.13, 0.0, 0.0]"
11241,18,63,2,0.00,13,f,f,f,,,,93.262,92.523,92.286,"[0.087, 0.08, 0.222]"
11241,16,44,3,0.00,19,f,f,f,,,,93.522,92.567,92.415,"[0.347, 0.124, 0.351]"
11241,9,16,4,0.00,20,f,f,f,,,,93.175,92.486,92.428,"[0.0, 0.043, 0.364]"
11241,19,81,5,0.00,20,f,f,f,,,,93.590,93.130,92.550,"[0.415, 0.687, 0.486]"
11241,2,1,6,0.00,20,f,f,f,,,,93.535,92.910,92.608,"[0.36, 0.467, 0.544]"
11241,6,10,7,0.00,21,f,f,f,,,,93.788,93.003,92.873,"[0.613, 0.56, 0.809]"
11241,1,3,8,0.00,20,f,f,f,,,,93.417,93.098,93.002,"[0.242, 0.655, 0.938]"
11241,4,6,9,0.00,20,f,f,f,,,,93.632,93.352,93.121,"[0.457, 0.909, 1.057]"
11241,20,87,10,0.00,19,f,f,f,,,,93.687,93.197,93.292,"[0.512, 0.754, 1.228]"
11241,13,27,11,0.00,12,f,f,f,,,,94.116,93.354,,"[0.941, 0.911, null]"
11241,29,43,12,0.00,15,f,f,f,,,,93.634,93.357,,"[0.459, 0.914, null]"
11241,15,31,13,0.00,14,f,f,f,,,,93.974,93.538,,"[0.799, 1.095, null]"
11241,14,30,14,0.00,15,f,f,f,,,,94.139,93.765,,"[0.964, 1.322, null]"
11241,28,41,15,0.00,15,f,f,f,,,,93.906,93.784,,"[0.731, 1.341, null]"
11241,3,5,16,0.00,14,f,f,f,,,,93.549,93.965,,"[0.374, 1.522, null]"
11241,17,55,17,0.00,10,f,f,f,,,,94.317,,,"[1.142, null, null]"
11241,12,23,18,0.00,10,f,f,f,,,,94.772,,,"[1.597, null, null]"
11241,8,14,19,0.00,9,f,f,f,,,,95.203,,,"[2.028, null, null]"
11241,30,77,20,0.00,9,f,f,f,,,,95.436,,,"[2.261, null, null]"
11241,10,18,21,0.00,9,f,f,f,,,,95.995,,,"[2.82, null, null]"
11241,27,11,22,0.00,6,f,f,f,,,,96.906,,,"[3.731, null, null]"
11245,7,12,1,25.00,56,f,f,f,5595.607,0.000,,,,,0
11245,18,63,2,18.00,56,f,f,f,5601.122,5.515,,,,,5.515
11245,16,44,3,15.00,56,f,f,f,5620.874,25.267,,,,,25.267
11245,9,16,4,12.00,56,f,f,f,5624.501,28.894,,,,,28.894
11245,20,87,5,10.00,56,f,f,f,5652.875,57.268,,,,,57.268
11245,6,10,6,8.00,56,f,f,f,5655.254,59.647,,,,,59.647
11245,14,30,7,6.00,56,f,f,f,5676.195,80.588,,,,,80.588
11245,4,6,8,4.00,56,f,f,f,5682.854,87.247,,,,,87.247
11245,17,55,9,2.00,55,f,f,f,,,1,,,,+1 LAP
11245,29,43,10,1.00,55,f,f,f,,,1,,,,+1 LAP
11245,13,27,11,0.00,55,f,f,f,,,1,,,,+1 LAP
11245,28,41,12,0.00,55,f,f,f,,,1,,,,+1 LAP
11245,30,77,13,0.00,55,f,f,f,,,1,,,,+1 LAP
11245,15,31,14,0.00,55,f,f,f,,,1,,,,+1 LAP
11245,27,11,15,0.00,55,f,f,f,,,1,,,,+1 LAP
11245,8,14,,0.00,32,t,f,f,,,,,,,
11245,10,18,,0.00,9,t,f,f,,,,,,,
11245,19,81,,0.00,0,f,t,f,,,,,,,
11245,2,1,,0.00,0,f,t,f,,,,,,,
11245,12,23,,0.00,0,f,t,f,,,,,,,
11245,3,5,,0.00,0,f,t,f,,,,,,,
11245,1,3,,0.00,45,t,f,f,,,,,,,
11246,18,63,1,0.00,27,f,f,f,91.666,0.000,,,,,0
11246,7,12,2,0.00,26,f,f,f,91.692,0.026,,,,,0.026
11246,2,1,3,0.00,20,f,f,f,91.798,0.132,,,,,0.132
11246,19,81,4,0.00,23,f,f,f,91.865,0.199,,,,,0.199
11246,9,16,5,0.00,25,f,f,f,91.955,0.289,,,,,0.289
11246,16,44,6,0.00,23,f,f,f,92.040,0.374,,,,,0.374
11246,1,3,7,0.00,27,f,f,f,92.457,0.791,,,,,0.791
11246,14,30,8,0.00,27,f,f,f,92.529,0.863,,,,,0.863
11246,15,31,9,0.00,23,f,f,f,92.601,0.935,,,,,0.935
11246,28,41,10,0.00,29,f,f,f,92.665,0.999,,,,,0.999
11246,3,5,11,0.00,27,f,f,f,92.759,1.093,,,,,1.093
11246,13,27,12,0.00,26,f,f,f,92.798,1.132,,,,,1.132
11246,4,6,13,0.00,27,f,f,f,92.803,1.137,,,,,1.137
11246,20,87,14,0.00,27,f,f,f,92.900,1.234,,,,,1.234
11246,6,10,15,0.00,25,f,f,f,92.978,1.312,,,,,1.312
11246,29,43,16,0.00,24,f,f,f,93.361,1.695,,,,,1.695
11246,17,55,17,0.00,26,f,f,f,93.383,1.717,,,,,1.717
11246,12,23,18,0.00,22,f,f,f,93.697,2.031,,,,,2.031
11246,27,11,19,0.00,18,f,f,f,94.221,2.555,,,,,2.555
11246,30,77,20,0.00,24,f,f,f,94.490,2.824,,,,,2.824
11246,10,18,21,0.00,22,f,f,f,95.294,3.628,,,,,3.628
11246,31,34,22,0.00,11,f,f,f,96.362,4.696,,,,,4.696
11247,19,81,1,0.00,29,f,f,f,90.133,0.000,,,,,0
11247,7,12,2,0.00,28,f,f,f,90.225,0.092,,,,,0.092
11247,18,63,3,0.00,29,f,f,f,90.338,0.205,,,,,0.205
11247,2,1,4,0.00,17,f,f,f,90.649,0.516,,,,,0.516
11247,9,16,5,0.00,28,f,f,f,90.846,0.713,,,,,0.713
11247,16,44,6,0.00,27,f,f,f,90.980,0.847,,,,,0.847
11247,13,27,7,0.00,27,f,f,f,91.441,1.308,,,,,1.308
11247,12,23,8,0.00,30,f,f,f,91.496,1.363,,,,,1.363
11247,20,87,9,0.00,28,f,f,f,91.498,1.365,,,,,1.365
11247,1,3,10,0.00,29,f,f,f,91.509,1.376,,,,,1.376
11247,15,31,11,0.00,30,f,f,f,91.532,1.399,,,,,1.399
11247,14,30,12,0.00,31,f,f,f,91.590,1.457,,,,,1.457
11247,17,55,13,0.00,30,f,f,f,91.608,1.475,,,,,1.475
11247,6,10,14,0.00,29,f,f,f,91.734,1.601,,,,,1.601
11247,4,6,15,0.00,29,f,f,f,91.759,1.626,,,,,1.626
11247,3,5,16,0.00,11,f,f,f,91.933,1.800,,,,,1.8
11247,29,43,17,0.00,28,f,f,f,92.438,2.305,,,,,2.305
11247,30,77,18,0.00,28,f,f,f,92.615,2.482,,,,,2.482
11247,8,14,19,0.00,24,f,f,f,93.596,3.463,,,,,3.463
11247,27,11,20,0.00,14,f,f,f,93.689,3.556,,,,,3.556
11247,10,18,21,0.00,21,f,f,f,93.951,3.818,,,,,3.818
11247,28,41,22,0.00,1,f,f,f,,,,,,,
11248,7,12,1,0.00,18,f,f,f,89.362,0.000,,,,,0
11248,18,63,2,0.00,18,f,f,f,89.616,0.254,,,,,0.254
11248,9,16,3,0.00,20,f,f,f,90.229,0.867,,,,,0.867
11248,19,81,4,0.00,19,f,f,f,90.364,1.002,,,,,1.002
11248,16,44,5,0.00,23,f,f,f,90.383,1.021,,,,,1.021
11248,2,1,6,0.00,13,f,f,f,90.600,1.238,,,,,1.238
11248,13,27,7,0.00,21,f,f,f,90.658,1.296,,,,,1.296
11248,1,3,8,0.00,22,f,f,f,90.910,1.548,,,,,1.548
11248,3,5,9,0.00,21,f,f,f,91.000,1.638,,,,,1.638
11248,6,10,10,0.00,20,f,f,f,91.082,1.720,,,,,1.72
11248,4,6,11,0.00,21,f,f,f,91.094,1.732,,,,,1.732
11248,14,30,12,0.00,21,f,f,f,91.097,1.735,,,,,1.735
11248,28,41,13,0.00,17,f,f,f,91.288,1.926,,,,,1.926
11248,15,31,14,0.00,22,f,f,f,91.326,1.964,,,,,1.964
11248,20,87,15,0.00,18,f,f,f,91.558,2.196,,,,,2.196
11248,12,23,16,0.00,20,f,f,f,91.733,2.371,,,,,2.371
11248,29,43,17,0.00,25,f,f,f,91.759,2.397,,,,,2.397
11248,17,55,18,0.00,26,f,f,f,91.829,2.467,,,,,2.467
11248,30,77,19,0.00,20,f,f,f,92.503,3.141,,,,,3.141
11248,27,11,20,0.00,18,f,f,f,92.540,3.178,,,,,3.178
11248,10,18,21,0.00,19,f,f,f,93.485,4.123,,,,,4.123
11248,8,14,22,0.00,14,f,f,f,93.529,4.167,,,,,4.167
11249,7,12,1,0.00,15,f,f,f,,,,90.035,89.048,88.778,"[0.12, 0.0, 0.0]"
11249,18,63,2,0.00,21,f,f,f,,,,89.967,89.686,89.076,"[0.052, 0.638, 0.298]"
11249,19,81,3,0.00,20,f,f,f,,,,90.200,89.451,89.132,"[0.285, 0.403, 0.354]"
11249,9,16,4,0.00,18,f,f,f,,,,89.915,89.303,89.405,"[0.0, 0.255, 0.627]"
11249,2,1,5,0.00,20,f,f,f,,,,90.401,89.795,89.409,"[0.486, 0.747, 0.631]"
11249,16,44,6,0.00,20,f,f,f,,,,90.309,89.589,89.567,"[0.394, 0.541, 0.789]"
11249,6,10,7,0.00,18,f,f,f,,,,90.584,89.874,89.691,"[0.669, 0.826, 0.913]"
11249,4,6,8,0.00,17,f,f,f,,,,90.662,90.104,89.978,"[0.747, 1.056, 1.2]"
11249,3,5,9,0.00,20,f,f,f,,,,90.359,89.990,90.274,"[0.444, 0.942, 1.496]"
11249,28,41,10,0.00,21,f,f,f,,,,90.781,90.109,90.319,"[0.866, 1.061, 1.541]"
11249,1,3,11,0.00,12,f,f,f,,,,90.519,90.262,,"[0.604, 1.214, null]"
11249,15,31,12,0.00,15,f,f,f,,,,90.915,90.309,,"[1.0, 1.261, null]"
11249,13,27,13,0.00,14,f,f,f,,,,90.358,90.387,,"[0.443, 1.339, null]"
11249,14,30,14,0.00,15,f,f,f,,,,90.657,90.495,,"[0.742, 1.447, null]"
11249,29,43,15,0.00,12,f,f,f,,,,90.931,90.627,,"[1.016, 1.579, null]"
11249,17,55,16,0.00,15,f,f,f,,,,90.927,91.033,,"[1.012, 1.985, null]"
11249,12,23,17,0.00,9,f,f,f,,,,91.088,,,"[1.173, null, null]"
11249,20,87,18,0.00,9,f,f,f,,,,91.090,,,"[1.175, null, null]"
11249,27,11,19,0.00,6,f,f,f,,,,92.206,,,"[2.291, null, null]"
11249,30,77,20,0.00,9,f,f,f,,,,92.330,,,"[2.415, null, null]"
11249,8,14,21,0.00,9,f,f,f,,,,92.646,,,"[2.731, null, null]"
11249,10,18,22,0.00,9,f,f,f,,,,92.920,,,"[3.005, null, null]"
11253,7,12,1,25.00,53,f,f,f,5283.403,0.000,,,,,0
11253,19,81,2,18.00,53,f,f,f,5297.125,13.722,,,,,13.722
11253,9,16,3,15.00,53,f,f,f,5298.673,15.270,,,,,15.27
11253,18,63,4,12.00,53,f,f,f,5299.157,15.754,,,,,15.754
11253,2,1,5,10.00,53,f,f,f,5306.882,23.479,,,,,23.479
11253,16,44,6,8.00,53,f,f,f,5308.440,25.037,,,,,25.037
11253,6,10,7,6.00,53,f,f,f,5315.743,32.340,,,,,32.34
11253,1,3,8,4.00,53,f,f,f,5316.080,32.677,,,,,32.677
11253,14,30,9,2.00,53,f,f,f,5333.583,50.180,,,,,50.18
11253,15,31,10,1.00,53,f,f,f,5334.619,51.216,,,,,51.216
11253,13,27,11,0.00,53,f,f,f,5335.683,52.280,,,,,52.28
11253,4,6,12,0.00,53,f,f,f,5339.557,56.154,,,,,56.154
11253,3,5,13,0.00,53,f,f,f,5342.481,59.078,,,,,59.078
11253,28,41,14,0.00,53,f,f,f,5343.251,59.848,,,,,59.848
11253,17,55,15,0.00,53,f,f,f,5348.411,65.008,,,,,65.008
11253,29,43,16,0.00,53,f,f,f,5349.176,65.773,,,,,65.773
11253,27,11,17,0.00,53,f,f,f,5375.856,92.453,,,,,92.453
11253,8,14,18,0.00,52,f,f,f,,,1,,,,+1 LAP
11253,30,77,19,0.00,52,f,f,f,,,1,,,,+1 LAP
11253,12,23,20,0.00,51,f,f,f,,,2,,,,+2 LAPS
11253,20,87,,0.00,20,t,f,f,,,,,,,
11253,10,18,,0.00,30,t,f,f,,,,,,,
11270,9,16,1,0.00,41,f,f,f,89.310,0.000,,,,,0
11270,1,3,2,0.00,41,f,f,f,89.607,0.297,,,,,0.297
11270,19,81,3,0.00,35,f,f,f,89.758,0.448,,,,,0.448
11270,16,44,4,0.00,35,f,f,f,89.777,0.467,,,,,0.467
11270,7,12,5,0.00,24,f,f,f,90.079,0.769,,,,,0.769
11270,18,63,6,0.00,34,f,f,f,90.100,0.790,,,,,0.79
11270,2,1,7,0.00,35,f,f,f,90.208,0.898,,,,,0.898
11270,6,10,8,0.00,34,f,f,f,90.587,1.277,,,,,1.277
11270,4,6,9,0.00,40,f,f,f,90.873,1.563,,,,,1.563
11270,17,55,10,0.00,37,f,f,f,90.930,1.620,,,,,1.62
11270,29,43,11,0.00,33,f,f,f,91.015,1.705,,,,,1.705
11270,12,23,12,0.00,39,f,f,f,91.024,1.714,,,,,1.714
11270,20,87,13,0.00,35,f,f,f,91.091,1.781,,,,,1.781
11270,3,5,14,0.00,28,f,f,f,91.111,1.801,,,,,1.801
11270,13,27,15,0.00,33,f,f,f,91.595,2.285,,,,,2.285
11270,15,31,16,0.00,36,f,f,f,91.635,2.325,,,,,2.325
11270,14,30,17,0.00,41,f,f,f,91.648,2.338,,,,,2.338
11270,27,11,18,0.00,25,f,f,f,92.047,2.737,,,,,2.737
11270,8,14,19,0.00,29,f,f,f,92.593,3.283,,,,,3.283
11270,30,77,20,0.00,33,f,f,f,92.762,3.452,,,,,3.452
11270,28,41,21,0.00,41,f,f,f,92.862,3.552,,,,,3.552
11270,10,18,22,0.00,28,f,f,f,92.959,3.649,,,,,3.649
11271,2,1,1,0.00,15,f,f,f,,,,88.723,89.366,87.869,"[0.0, 1.033, 0.0]"
11271,7,12,2,0.00,14,f,f,f,,,,89.312,89.209,88.091,"[0.589, 0.876, 0.222]"
11271,19,81,3,0.00,11,f,f,f,,,,89.169,88.506,88.108,"[0.446, 0.173, 0.239]"
11271,9,16,4,0.00,15,f,f,f,,,,88.733,88.333,88.239,"[0.01, 0.0, 0.37]"
11271,1,3,5,0.00,12,f,f,f,,,,89.801,89.093,88.461,"[1.078, 0.76, 0.592]"
11271,18,63,6,0.00,15,f,f,f,,,,89.659,88.903,88.493,"[0.936, 0.57, 0.624]"
11271,16,44,7,0.00,15,f,f,f,,,,89.255,88.841,88.618,"[0.532, 0.508, 0.749]"
11271,29,43,8,0.00,15,f,f,f,,,,90.386,89.527,89.320,"[1.663, 1.194, 1.451]"
11271,4,6,9,0.00,15,f,f,f,,,,90.352,89.750,89.422,"[1.629, 1.417, 1.553]"
11271,6,10,10,0.00,15,f,f,f,,,,89.984,89.973,89.474,"[1.261, 1.64, 1.605]"
11271,3,5,11,0.00,12,f,f,f,,,,90.561,89.994,,"[1.838, 1.661, null]"
11271,13,27,12,0.00,12,f,f,f,,,,90.270,90.019,,"[1.547, 1.686, null]"
11271,20,87,13,0.00,9,f,f,f,,,,90.614,90.116,,"[1.891, 1.783, null]"
11271,17,55,14,0.00,12,f,f,f,,,,90.987,90.224,,"[2.264, 1.891, null]"
11271,28,41,15,0.00,9,f,f,f,,,,90.872,90.573,,"[2.149, 2.24, null]"
11271,14,30,16,0.00,5,f,f,f,,,,91.043,,,"[2.32, null, null]"
11271,15,31,17,0.00,6,f,f,f,,,,91.245,,,"[2.522, null, null]"
11271,27,11,18,0.00,3,f,f,f,,,,91.255,,,"[2.532, null, null]"
11271,12,23,19,0.00,6,f,f,f,,,,91.322,90.216,,"[2.599, 1.883, null]"
11271,30,77,20,0.00,6,f,f,f,,,,91.826,,,"[3.103, null, null]"
11271,8,14,,0.00,6,f,f,f,,,,101.311,,,"[12.588, null, null]"
11275,2,1,1,8.00,19,f,f,f,1755.045,0.000,,,,,0
11275,19,81,2,7.00,19,f,f,f,1758.811,3.766,,,,,3.766
11275,9,16,3,6.00,19,f,f,f,1761.296,6.251,,,,,6.251
11275,18,63,4,5.00,19,f,f,f,1767.996,12.951,,,,,12.951
11275,1,3,5,4.00,19,f,f,f,1768.684,13.639,,,,,13.639
11275,7,12,6,3.00,19,f,f,f,1768.822,13.777,,,,,13.777
11275,16,44,7,2.00,19,f,f,f,1776.710,21.665,,,,,21.665
11275,6,10,8,1.00,19,f,f,f,1785.570,30.525,,,,,30.525
11275,4,6,9,0.00,19,f,f,f,1790.391,35.346,,,,,35.346
11275,29,43,10,0.00,19,f,f,f,1792.015,36.970,,,,,36.97
11275,15,31,11,0.00,19,f,f,f,1812.017,56.972,,,,,56.972
11275,20,87,12,0.00,19,f,f,f,1812.410,57.365,,,,,57.365
11275,17,55,13,0.00,19,f,f,f,1813.549,58.504,,,,,58.504
11275,14,30,14,0.00,19,f,f,f,1814.403,59.358,,,,,59.358
11275,8,14,15,0.00,19,f,f,f,1831.112,76.067,,,,,76.067
11275,27,11,16,0.00,19,f,f,f,1831.736,76.691,,,,,76.691
11275,10,18,17,0.00,19,f,f,f,1832.671,77.626,,,,,77.626
11275,12,23,18,0.00,19,f,f,f,1843.218,88.173,,,,,88.173
11275,30,77,19,0.00,19,f,f,f,1844.642,89.597,,,,,89.597
11275,28,41,,0.00,0,f,t,f,,,,,,,
11275,13,27,,0.00,0,f,t,f,,,,,,,
11275,3,5,,0.00,,f,f,t,,,,,,,
11276,7,12,1,0.00,17,f,f,f,,,,88.653,88.289,87.798,"[0.0, 0.173, 0.0]"
11276,1,3,2,0.00,15,f,f,f,,,,89.099,88.116,87.964,"[0.446, 0.0, 0.166]"
11276,9,16,3,0.00,21,f,f,f,,,,88.938,88.315,88.143,"[0.285, 0.199, 0.345]"
11276,2,1,4,0.00,20,f,f,f,,,,89.183,88.920,88.183,"[0.53, 0.804, 0.385]"
11276,18,63,5,0.00,18,f,f,f,,,,89.492,88.477,88.197,"[0.839, 0.361, 0.399]"
11276,16,44,6,0.00,21,f,f,f,,,,89.483,88.477,88.319,"[0.83, 0.361, 0.521]"
11276,19,81,7,0.00,20,f,f,f,,,,89.920,88.332,88.500,"[1.267, 0.216, 0.702]"
11276,29,43,8,0.00,19,f,f,f,,,,89.584,88.975,88.762,"[0.931, 0.859, 0.964]"
11276,6,10,9,0.00,20,f,f,f,,,,89.914,89.070,88.810,"[1.261, 0.954, 1.012]"
11276,13,27,10,0.00,14,f,f,f,,,,89.645,89.439,,"[0.992, 1.323, null]"
11276,14,30,11,0.00,14,f,f,f,,,,89.595,89.499,,"[0.942, 1.383, null]"
11276,20,87,12,0.00,12,f,f,f,,,,89.340,89.567,,"[0.687, 1.451, null]"
11276,17,55,13,0.00,15,f,f,f,,,,89.540,89.568,,"[0.887, 1.452, null]"
11276,15,31,14,0.00,15,f,f,f,,,,89.838,89.772,,"[1.185, 1.656, null]"
11276,12,23,15,0.00,15,f,f,f,,,,89.720,89.946,,"[1.067, 1.83, null]"
11276,28,41,16,0.00,9,f,f,f,,,,90.133,,,"[1.48, null, null]"
11276,8,14,17,0.00,8,f,f,f,,,,91.098,,,"[2.445, null, null]"
11276,10,18,18,0.00,9,f,f,f,,,,91.164,,,"[2.511, null, null]"
11276,30,77,19,0.00,9,f,f,f,,,,91.629,,,"[2.976, null, null]"
11276,27,11,20,0.00,9,f,f,f,,,,91.967,,,"[3.314, null, null]"
11276,3,5,21,0.00,3,f,f,f,,,,93.737,,,"[5.084, null, null]"
11276,4,6,,0.00,0,f,f,f,,,,,88.941,88.789,"[null, 0.825, 0.991]"
11280,7,12,1,25.00,57,f,f,f,5599.273,0.000,,,,,0
11280,2,1,2,18.00,57,f,f,f,5602.537,3.264,,,,,3.264
11280,19,81,3,15.00,57,f,f,f,5626.365,27.092,,,,,27.092
11280,18,63,4,12.00,57,f,f,f,5642.324,43.051,,,,,43.051
11280,1,3,5,10.00,57,f,f,f,5648.222,48.949,,,,,48.949
11280,16,44,6,8.00,57,f,f,f,5653.026,53.753,,,,,53.753
11280,29,43,7,6.00,57,f,f,f,5661.144,61.871,,,,,61.871
11280,9,16,8,4.00,57,f,f,f,5663.518,64.245,,,,,64.245
11280,17,55,9,2.00,57,f,f,f,5681.345,82.072,,,,,82.072
11280,12,23,10,1.00,57,f,f,f,5690.245,90.972,,,,,90.972
11280,20,87,11,0.00,56,f,f,f,,,1,,,,+1 LAP
11280,3,5,12,0.00,56,f,f,f,,,1,,,,+1 LAP
11280,15,31,13,0.00,56,f,f,f,,,1,,,,+1 LAP
11280,28,41,14,0.00,56,f,f,f,,,1,,,,+1 LAP
11280,8,14,15,0.00,56,f,f,f,,,1,,,,+1 LAP
11280,27,11,16,0.00,56,f,f,f,,,1,,,,+1 LAP
11280,10,18,17,0.00,56,f,f,f,,,1,,,,+1 LAP
11280,30,77,18,0.00,55,f,f,f,,,2,,,,+2 LAPS
11280,4,6,,0.00,4,t,f,f,,,,,,,
11280,13,27,,0.00,7,t,f,f,,,,,,,
11280,14,30,,0.00,6,t,f,f,,,,,,,
11280,6,10,,0.00,4,t,f,f,,,,,,,
11281,7,12,1,0.00,33,f,f,f,73.402,0.000,,,,,0
11281,18,63,2,0.00,35,f,f,f,73.544,0.142,,,,,0.142
11281,16,44,3,0.00,36,f,f,f,74.176,0.774,,,,,0.774
11281,9,16,4,0.00,36,f,f,f,74.355,0.953,,,,,0.953
11281,1,3,5,0.00,31,f,f,f,74.366,0.964,,,,,0.964
11281,2,1,6,0.00,32,f,f,f,74.799,1.397,,,,,1.397
11281,19,81,7,0.00,32,f,f,f,74.963,1.561,,,,,1.561
11281,28,41,8,0.00,33,f,f,f,75.452,2.050,,,,,2.05
11281,13,27,9,0.00,28,f,f,f,75.698,2.296,,,,,2.296
11281,8,14,10,0.00,31,f,f,f,75.863,2.461,,,,,2.461
11281,3,5,11,0.00,33,f,f,f,76.214,2.812,,,,,2.812
11281,4,6,12,0.00,29,f,f,f,76.253,2.851,,,,,2.851
11281,15,31,13,0.00,32,f,f,f,76.497,3.095,,,,,3.095
11281,12,23,14,0.00,15,f,f,f,76.642,3.240,,,,,3.24
11281,17,55,15,0.00,36,f,f,f,76.660,3.258,,,,,3.258
11281,6,10,16,0.00,29,f,f,f,76.809,3.407,,,,,3.407
11281,10,18,17,0.00,30,f,f,f,76.978,3.576,,,,,3.576
11281,14,30,18,0.00,5,f,f,f,77.431,4.029,,,,,4.029
11281,20,87,19,0.00,26,f,f,f,77.770,4.368,,,,,4.368
11281,30,77,20,0.00,28,f,f,f,77.868,4.466,,,,,4.466
11281,27,11,21,0.00,28,f,f,f,77.926,4.524,,,,,4.524
11281,29,43,22,0.00,1,f,f,f,,,,,,,
11282,18,63,1,0.00,19,f,f,f,,,,74.772,73.026,72.965,"[0.883, 0.0, 0.0]"
11282,7,12,2,0.00,16,f,f,f,,,,74.010,73.551,73.033,"[0.121, 0.525, 0.068]"
11282,2,1,3,0.00,15,f,f,f,,,,74.265,73.957,73.280,"[0.376, 0.931, 0.315]"
11282,19,81,4,0.00,15,f,f,f,,,,74.665,73.858,73.299,"[0.776, 0.832, 0.334]"
11282,16,44,5,0.00,23,f,f,f,,,,73.889,73.465,73.326,"[0.0, 0.439, 0.361]"
11282,9,16,6,0.00,19,f,f,f,,,,75.006,73.554,73.410,"[1.117, 0.528, 0.445]"
11282,1,3,7,0.00,15,f,f,f,,,,74.028,74.412,73.504,"[0.139, 1.386, 0.539]"
11282,4,6,8,0.00,17,f,f,f,,,,74.541,74.239,73.605,"[0.652, 1.213, 0.64]"
11282,28,41,9,0.00,19,f,f,f,,,,74.517,74.140,73.737,"[0.628, 1.114, 0.772]"
11282,17,55,10,0.00,24,f,f,f,,,,75.500,74.547,74.536,"[1.611, 1.521, 1.571]"
11282,13,27,11,0.00,14,f,f,f,,,,75.673,74.595,,"[1.784, 1.569, null]"
11282,3,5,12,0.00,14,f,f,f,,,,75.801,74.627,,"[1.912, 1.601, null]"
11282,29,43,13,0.00,16,f,f,f,,,,75.484,74.702,,"[1.595, 1.676, null]"
11282,15,31,14,0.00,17,f,f,f,,,,75.760,74.928,,"[1.871, 1.902, null]"
11282,20,87,15,0.00,17,f,f,f,,,,75.872,75.197,,"[1.983, 2.171, null]"
11282,8,14,16,0.00,7,f,f,f,,,,75.760,,,"[1.871, null, null]"
11282,27,11,17,0.00,8,f,f,f,,,,76.002,,,"[2.113, null, null]"
11282,10,18,18,0.00,9,f,f,f,,,,76.354,,,"[2.465, null, null]"
11282,6,10,19,0.00,8,f,f,f,,,,76.642,,,"[2.753, null, null]"
11282,30,77,20,0.00,8,f,f,f,,,,76.866,,,"[2.977, null, null]"
11286,18,63,1,8.00,23,f,f,f,1730.951,0.000,,,,,0
11286,2,1,2,7.00,23,f,f,f,1732.223,1.272,,,,,1.272
11286,7,12,3,6.00,23,f,f,f,1732.794,1.843,,,,,1.843
11286,19,81,4,5.00,23,f,f,f,1740.748,9.797,,,,,9.797
11286,9,16,5,4.00,23,f,f,f,1740.880,9.929,,,,,9.929
11286,16,44,6,3.00,23,f,f,f,1741.496,10.545,,,,,10.545
11286,1,3,7,2.00,23,f,f,f,1746.886,15.935,,,,,15.935
11286,28,41,8,1.00,23,f,f,f,1760.661,29.710,,,,,29.71
11286,29,43,9,0.00,23,f,f,f,1762.572,31.621,,,,,31.621
11286,17,55,10,0.00,23,f,f,f,1767.744,36.793,,,,,36.793
11286,14,30,11,0.00,23,f,f,f,1792.295,61.344,,,,,61.344
11286,3,5,12,0.00,23,f,f,f,1792.765,61.814,,,,,61.814
11286,15,31,13,0.00,23,f,f,f,1795.160,64.209,,,,,64.209
11286,27,11,14,0.00,23,f,f,f,1801.353,70.402,,,,,70.402
11286,13,27,15,0.00,23,f,f,f,1803.109,72.158,,,,,72.158
11286,10,18,16,0.00,22,f,f,f,,,1,,,,+1 LAP
11286,30,77,17,0.00,22,f,f,f,,,1,,,,+1 LAP
11286,20,87,18,0.00,22,f,f,f,,,1,,,,+1 LAP
11286,12,23,19,0.00,22,f,f,f,,,1,,,,+1 LAP
11286,6,10,20,0.00,22,f,f,f,,,1,,,,+1 LAP
11286,4,6,21,0.00,20,f,f,f,,,3,,,,+3 LAPS
11286,8,14,,0.00,15,t,f,f,,,,,,,
11287,18,63,1,0.00,24,f,f,f,,,,73.953,73.079,72.578,"[0.573, 0.104, 0.0]"
11287,7,12,2,0.00,24,f,f,f,,,,73.380,73.076,72.646,"[0.0, 0.101, 0.068]"
11287,2,1,3,0.00,28,f,f,f,,,,73.503,73.049,72.729,"[0.123, 0.074, 0.151]"
11287,19,81,4,0.00,29,f,f,f,,,,73.559,73.285,72.781,"[0.179, 0.31, 0.203]"
11287,16,44,5,0.00,27,f,f,f,,,,73.767,73.041,72.868,"[0.387, 0.066, 0.29]"
11287,1,3,6,0.00,23,f,f,f,,,,74.067,73.479,72.907,"[0.687, 0.504, 0.329]"
11287,4,6,7,0.00,22,f,f,f,,,,73.654,72.975,72.935,"[0.274, 0.0, 0.357]"
11287,9,16,8,0.00,29,f,f,f,,,,73.825,73.496,72.976,"[0.445, 0.521, 0.398]"
11287,28,41,9,0.00,28,f,f,f,,,,73.895,73.548,73.280,"[0.515, 0.573, 0.702]"
11287,29,43,10,0.00,27,f,f,f,,,,74.466,73.857,73.697,"[1.086, 0.882, 1.119]"
11287,13,27,11,0.00,21,f,f,f,,,,74.562,73.886,,"[1.182, 0.911, null]"
11287,14,30,12,0.00,22,f,f,f,,,,74.346,73.897,,"[0.966, 0.922, null]"
11287,3,5,13,0.00,22,f,f,f,,,,74.775,74.071,,"[1.395, 1.096, null]"
11287,6,10,14,0.00,20,f,f,f,,,,74.698,74.187,,"[1.318, 1.212, null]"
11287,17,55,15,0.00,21,f,f,f,,,,74.276,74.273,,"[0.896, 1.298, null]"
11287,20,87,16,0.00,22,f,f,f,,,,74.449,74.416,,"[1.069, 1.441, null]"
11287,15,31,17,0.00,12,f,f,f,,,,74.845,,,"[1.465, null, null]"
11287,12,23,18,0.00,13,f,f,f,,,,74.851,,,"[1.471, null, null]"
11287,8,14,19,0.00,11,f,f,f,,,,75.196,,,"[1.816, null, null]"
11287,27,11,20,0.00,11,f,f,f,,,,75.429,,,"[2.049, null, null]"
11287,10,18,21,0.00,10,f,f,f,,,,76.195,,,"[2.815, null, null]"
11287,30,77,22,0.00,10,f,f,f,,,,76.272,,,"[2.892, null, null]"
11291,7,12,1,25.00,68,f,f,f,5295.758,0.000,,,,,0
11291,16,44,2,18.00,68,f,f,f,5306.526,10.768,,,,,10.768
11291,1,3,3,15.00,68,f,f,f,5307.034,11.276,,,,,11.276
11291,9,16,4,12.00,68,f,f,f,5339.909,44.151,,,,,44.151
11291,4,6,5,10.00,67,f,f,f,,,1,,,,+1 LAP
11291,29,43,6,8.00,67,f,f,f,,,1,,,,+1 LAP
11291,14,30,7,6.00,67,f,f,f,,,1,,,,+1 LAP
11291,6,10,8,4.00,67,f,f,f,,,1,,,,+1 LAP
11291,17,55,9,2.00,67,f,f,f,,,1,,,,+1 LAP
11291,20,87,10,1.00,67,f,f,f,,,1,,,,+1 LAP
11291,19,81,11,0.00,66,f,f,f,,,2,,,,+2 LAPS
11291,13,27,12,0.00,66,f,f,f,,,2,,,,+2 LAPS
11291,3,5,13,0.00,66,f,f,f,,,2,,,,+2 LAPS
11291,15,31,14,0.00,66,f,f,f,,,2,,,,+2 LAPS
11291,10,18,15,0.00,64,f,f,f,,,4,,,,+4 LAPS
11291,30,77,16,0.00,64,f,f,f,,,4,,,,+4 LAPS
11291,12,23,,0.00,11,t,f,f,,,,,,,
11291,27,11,,0.00,39,t,f,f,,,,,,,
11291,2,1,,0.00,38,t,f,f,,,,,,,
11291,18,63,,0.00,29,t,f,f,,,,,,,
11291,8,14,,0.00,23,t,f,f,,,,,,,
11291,28,41,,0.00,0,f,t,f,,,,,,,
11292,9,16,1,0.00,31,f,f,f,73.978,0.000,,,,,0
11292,16,44,2,0.00,28,f,f,f,74.204,0.226,,,,,0.226
11292,1,3,3,0.00,26,f,f,f,74.491,0.513,,,,,0.513
11292,7,12,4,0.00,31,f,f,f,74.537,0.559,,,,,0.559
11292,18,63,5,0.00,29,f,f,f,74.983,1.005,,,,,1.005
11292,2,1,6,0.00,27,f,f,f,75.291,1.313,,,,,1.313
11292,13,27,7,0.00,27,f,f,f,75.343,1.365,,,,,1.365
11292,19,81,8,0.00,29,f,f,f,75.565,1.587,,,,,1.587
11292,3,5,9,0.00,31,f,f,f,75.750,1.772,,,,,1.772
11292,6,10,10,0.00,32,f,f,f,75.828,1.850,,,,,1.85
11292,12,23,11,0.00,33,f,f,f,75.989,2.011,,,,,2.011
11292,17,55,12,0.00,31,f,f,f,76.041,2.063,,,,,2.063
11292,4,6,13,0.00,14,f,f,f,76.148,2.170,,,,,2.17
11292,27,11,14,0.00,28,f,f,f,76.170,2.192,,,,,2.192
11292,29,43,15,0.00,32,f,f,f,76.189,2.211,,,,,2.211
11292,20,87,16,0.00,31,f,f,f,76.292,2.314,,,,,2.314
11292,15,31,17,0.00,31,f,f,f,76.333,2.355,,,,,2.355
11292,28,41,18,0.00,34,f,f,f,76.389,2.411,,,,,2.411
11292,14,30,19,0.00,31,f,f,f,76.431,2.453,,,,,2.453
11292,8,14,20,0.00,21,f,f,f,76.678,2.700,,,,,2.7
11292,30,77,21,0.00,27,f,f,f,77.460,3.482,,,,,3.482
11292,10,18,22,0.00,16,f,f,f,77.556,3.578,,,,,3.578
11293,16,44,1,0.00,36,f,f,f,73.026,0.000,,,,,0
11293,9,16,2,0.00,36,f,f,f,73.137,0.111,,,,,0.111
11293,1,3,3,0.00,35,f,f,f,73.194,0.168,,,,,0.168
11293,18,63,4,0.00,35,f,f,f,73.405,0.379,,,,,0.379
11293,7,12,5,0.00,35,f,f,f,73.529,0.503,,,,,0.503
11293,4,6,6,0.00,24,f,f,f,74.087,1.061,,,,,1.061
11293,19,81,7,0.00,31,f,f,f,74.088,1.062,,,,,1.062
11293,13,27,8,0.00,34,f,f,f,74.094,1.068,,,,,1.068
11293,3,5,9,0.00,35,f,f,f,74.359,1.333,,,,,1.333
11293,20,87,10,0.00,37,f,f,f,74.456,1.430,,,,,1.43
11293,6,10,11,0.00,37,f,f,f,74.497,1.471,,,,,1.471
11293,17,55,12,0.00,34,f,f,f,74.512,1.486,,,,,1.486
11293,12,23,13,0.00,39,f,f,f,74.600,1.574,,,,,1.574
11293,28,41,14,0.00,37,f,f,f,74.748,1.722,,,,,1.722
11293,29,43,15,0.00,31,f,f,f,74.758,1.732,,,,,1.732
11293,14,30,16,0.00,36,f,f,f,74.785,1.759,,,,,1.759
11293,15,31,17,0.00,35,f,f,f,74.845,1.819,,,,,1.819
11293,27,11,18,0.00,31,f,f,f,75.116,2.090,,,,,2.09
11293,2,1,19,0.00,8,f,f,f,75.274,2.248,,,,,2.248
11293,8,14,20,0.00,30,f,f,f,75.294,2.268,,,,,2.268
11293,30,77,21,0.00,28,f,f,f,75.759,2.733,,,,,2.733
11293,10,18,22,0.00,27,f,f,f,76.174,3.148,,,,,3.148
11294,7,12,1,0.00,22,f,f,f,72.720,0.000,,,,,0
11294,9,16,2,0.00,32,f,f,f,73.047,0.327,,,,,0.327
11294,16,44,3,0.00,30,f,f,f,73.051,0.331,,,,,0.331
11294,18,63,4,0.00,23,f,f,f,73.483,0.763,,,,,0.763
11294,1,3,5,0.00,23,f,f,f,73.662,0.942,,,,,0.942
11294,19,81,6,0.00,20,f,f,f,73.698,0.978,,,,,0.978
11294,3,5,7,0.00,27,f,f,f,73.820,1.100,,,,,1.1
11294,4,6,8,0.00,25,f,f,f,73.877,1.157,,,,,1.157
11294,2,1,9,0.00,24,f,f,f,74.006,1.286,,,,,1.286
11294,13,27,10,0.00,22,f,f,f,74.050,1.330,,,,,1.33
11294,15,31,11,0.00,24,f,f,f,74.278,1.558,,,,,1.558
11294,17,55,12,0.00,26,f,f,f,74.336,1.616,,,,,1.616
11294,6,10,13,0.00,22,f,f,f,74.480,1.760,,,,,1.76
11294,20,87,14,0.00,18,f,f,f,74.487,1.767,,,,,1.767
11294,14,30,15,0.00,27,f,f,f,74.587,1.867,,,,,1.867
11294,12,23,16,0.00,24,f,f,f,74.801,2.081,,,,,2.081
11294,28,41,17,0.00,24,f,f,f,74.918,2.198,,,,,2.198
11294,27,11,18,0.00,19,f,f,f,74.945,2.225,,,,,2.225
11294,29,43,19,0.00,21,f,f,f,75.179,2.459,,,,,2.459
11294,30,77,20,0.00,17,f,f,f,75.451,2.731,,,,,2.731
11294,8,14,21,0.00,26,f,f,f,75.567,2.847,,,,,2.847
11294,10,18,22,0.00,22,f,f,f,75.921,3.201,,,,,3.201
11295,7,12,1,0.00,28,f,f,f,,,,73.599,72.704,72.051,"[0.306, 0.205, 0.0]"
11295,1,3,2,0.00,26,f,f,f,,,,73.490,72.499,72.094,"[0.197, 0.0, 0.043]"
11295,16,44,3,0.00,28,f,f,f,,,,73.777,72.934,72.279,"[0.484, 0.435, 0.228]"
11295,9,16,4,0.00,29,f,f,f,,,,73.293,72.774,72.351,"[0.0, 0.275, 0.3]"
11295,4,6,5,0.00,25,f,f,f,,,,74.408,72.722,72.434,"[1.115, 0.223, 0.383]"
11295,18,63,6,0.00,28,f,f,f,,,,74.214,73.238,72.445,"[0.921, 0.739, 0.394]"
11295,19,81,7,0.00,29,f,f,f,,,,74.159,72.983,72.624,"[0.866, 0.484, 0.573]"
11295,2,1,8,0.00,28,f,f,f,,,,73.630,72.919,72.765,"[0.337, 0.42, 0.714]"
11295,6,10,9,0.00,32,f,f,f,,,,74.469,73.762,73.226,"[1.176, 1.263, 1.175]"
11295,14,30,10,0.00,29,f,f,f,,,,74.498,73.471,73.412,"[1.205, 0.972, 1.361]"
11295,12,23,11,0.00,24,f,f,f,,,,74.321,73.787,,"[1.028, 1.288, null]"
11295,17,55,12,0.00,23,f,f,f,,,,74.348,73.815,,"[1.055, 1.316, null]"
11295,13,27,13,0.00,21,f,f,f,,,,73.923,73.902,,"[0.63, 1.403, null]"
11295,29,43,14,0.00,24,f,f,f,,,,74.573,73.995,,"[1.28, 1.496, null]"
11295,28,41,15,0.00,23,f,f,f,,,,74.685,74.248,,"[1.392, 1.749, null]"
11295,3,5,16,0.00,10,f,f,f,,,,74.683,,,"[1.39, null, null]"
11295,15,31,17,0.00,14,f,f,f,,,,74.722,,,"[1.429, null, null]"
11295,27,11,18,0.00,12,f,f,f,,,,74.747,,,"[1.454, null, null]"
11295,20,87,19,0.00,14,f,f,f,,,,74.814,,,"[1.521, null, null]"
11295,30,77,20,0.00,13,f,f,f,,,,75.283,,,"[1.99, null, null]"
11295,8,14,21,0.00,13,f,f,f,,,,75.349,,,"[2.056, null, null]"
11295,10,18,22,0.00,11,f,f,f,,,,76.061,,,"[2.768, null, null]"
11299,7,12,1,25.00,78,f,f,f,8611.243,0.000,,,,,0
11299,16,44,2,18.00,78,f,f,f,8617.514,6.271,,,,,6.271
11299,6,10,3,15.00,78,f,f,f,8631.612,20.369,,,,,20.369
11299,4,6,4,12.00,78,f,f,f,8634.637,23.394,,,,,23.394
11299,19,81,5,10.00,78,f,f,f,8635.504,24.261,,,,,24.261
11299,14,30,6,8.00,78,f,f,f,8637.796,26.553,,,,,26.553
11299,28,41,7,6.00,78,f,f,f,8640.253,29.010,,,,,29.01
11299,12,23,8,4.00,78,f,f,f,8644.656,33.413,,,,,33.413
11299,15,31,9,2.00,78,f,f,f,8648.383,37.140,,,,,37.14
11299,8,14,10,1.00,78,f,f,f,8653.142,41.899,,,,,41.899
11299,3,5,11,0.00,78,f,f,f,8653.991,42.748,,,,,42.748
11299,18,63,12,0.00,78,f,f,f,8654.596,43.353,,,,,43.353
11299,13,27,13,0.00,78,f,f,f,8655.345,44.102,,,,,44.102
11299,29,43,14,0.00,78,f,f,f,8660.207,48.964,,,,,48.964
11299,27,11,15,0.00,78,f,f,f,8660.396,49.153,,,,,49.153
11299,17,55,16,0.00,70,t,f,f,,,,,,,
11299,2,1,,0.00,43,t,f,f,,,,,,,
11299,9,16,,0.00,64,t,f,f,,,,,,,
11299,10,18,,0.00,56,t,f,f,,,,,,,
11299,20,87,,0.00,27,t,f,f,,,,,,,
11299,30,77,,0.00,15,t,f,f,,,,,,,
11299,1,3,,0.00,0,t,f,f,,,,,,,
11300,18,63,1,0.00,27,f,f,f,76.363,0.000,,,,,0
11300,19,81,2,0.00,29,f,f,f,76.566,0.203,,,,,0.203
11300,9,16,3,0.00,29,f,f,f,76.883,0.520,,,,,0.52
11300,1,3,4,0.00,29,f,f,f,77.047,0.684,,,,,0.684
11300,34,67,5,0.00,22,f,f,f,77.216,0.853,,,,,0.853
11300,32,97,6,0.00,24,f,f,f,77.321,0.958,,,,,0.958
11300,14,30,7,0.00,24,f,f,f,77.472,1.109,,,,,1.109
11300,23,38,8,0.00,30,f,f,f,77.778,1.415,,,,,1.415
11300,28,41,9,0.00,29,f,f,f,77.804,1.441,,,,,1.441
11300,29,43,10,0.00,28,f,f,f,77.893,1.530,,,,,1.53
11300,20,87,11,0.00,25,f,f,f,78.172,1.809,,,,,1.809
11300,3,5,12,0.00,28,f,f,f,78.209,1.846,,,,,1.846
11300,17,55,13,0.00,27,f,f,f,78.293,1.930,,,,,1.93
11300,22,36,14,0.00,21,f,f,f,78.298,1.935,,,,,1.935
11300,26,72,15,0.00,28,f,f,f,78.365,2.002,,,,,2.002
11300,15,31,16,0.00,27,f,f,f,78.372,2.009,,,,,2.009
11300,6,10,17,0.00,23,f,f,f,78.508,2.145,,,,,2.145
11300,30,77,18,0.00,23,f,f,f,78.914,2.551,,,,,2.551
11300,8,14,19,0.00,23,f,f,f,80.067,3.704,,,,,3.704
11300,10,18,20,0.00,21,f,f,f,80.318,3.955,,,,,3.955
11300,33,25,21,0.00,27,f,f,f,80.697,4.334,,,,,4.334
11301,2,1,1,0.00,30,f,f,f,75.426,0.000,,,,,0
11301,18,63,2,0.00,28,f,f,f,75.435,0.009,,,,,0.009
11301,19,81,3,0.00,24,f,f,f,75.483,0.057,,,,,0.057
11301,9,16,4,0.00,29,f,f,f,75.799,0.373,,,,,0.373
11301,7,12,5,0.00,31,f,f,f,76.015,0.589,,,,,0.589
11301,1,3,6,0.00,33,f,f,f,76.321,0.895,,,,,0.895
11301,28,41,7,0.00,29,f,f,f,76.411,0.985,,,,,0.985
11301,3,5,8,0.00,27,f,f,f,76.611,1.185,,,,,1.185
11301,16,44,9,0.00,28,f,f,f,76.631,1.205,,,,,1.205
11301,4,6,10,0.00,30,f,f,f,76.674,1.248,,,,,1.248
11301,13,27,11,0.00,31,f,f,f,76.934,1.508,,,,,1.508
11301,20,87,12,0.00,31,f,f,f,76.945,1.519,,,,,1.519
11301,14,30,13,0.00,8,f,f,f,76.967,1.541,,,,,1.541
11301,17,55,14,0.00,29,f,f,f,77.020,1.594,,,,,1.594
11301,29,43,15,0.00,30,f,f,f,77.051,1.625,,,,,1.625
11301,6,10,16,0.00,29,f,f,f,77.260,1.834,,,,,1.834
11301,15,31,17,0.00,29,f,f,f,77.538,2.112,,,,,2.112
11301,30,77,18,0.00,6,f,f,f,78.225,2.799,,,,,2.799
11301,12,23,19,0.00,29,f,f,f,78.790,3.364,,,,,3.364
11301,27,11,20,0.00,34,f,f,f,79.261,3.835,,,,,3.835
11301,8,14,21,0.00,21,f,f,f,79.286,3.860,,,,,3.86
11301,10,18,22,0.00,20,f,f,f,79.459,4.033,,,,,4.033
11302,18,63,1,0.00,11,f,f,f,75.679,0.000,,,,,0
11302,19,81,2,0.00,12,f,f,f,75.893,0.214,,,,,0.214
11302,9,16,3,0.00,17,f,f,f,75.922,0.243,,,,,0.243
11302,2,1,4,0.00,15,f,f,f,75.925,0.246,,,,,0.246
11302,16,44,5,0.00,16,f,f,f,76.381,0.702,,,,,0.702
11302,1,3,6,0.00,12,f,f,f,76.434,0.755,,,,,0.755
11302,7,12,7,0.00,12,f,f,f,76.500,0.821,,,,,0.821
11302,4,6,8,0.00,15,f,f,f,76.684,1.005,,,,,1.005
11302,13,27,9,0.00,22,f,f,f,76.961,1.282,,,,,1.282
11302,28,41,10,0.00,16,f,f,f,77.020,1.341,,,,,1.341
11302,3,5,11,0.00,13,f,f,f,77.027,1.348,,,,,1.348
11302,14,30,12,0.00,15,f,f,f,77.324,1.645,,,,,1.645
11302,6,10,13,0.00,15,f,f,f,77.583,1.904,,,,,1.904
11302,29,43,14,0.00,14,f,f,f,77.625,1.946,,,,,1.946
11302,17,55,15,0.00,19,f,f,f,77.730,2.051,,,,,2.051
11302,15,31,16,0.00,15,f,f,f,78.040,2.361,,,,,2.361
11302,20,87,17,0.00,13,f,f,f,78.391,2.712,,,,,2.712
11302,12,23,18,0.00,15,f,f,f,78.412,2.733,,,,,2.733
11302,27,11,19,0.00,21,f,f,f,78.691,3.012,,,,,3.012
11302,8,14,20,0.00,18,f,f,f,79.496,3.817,,,,,3.817
11302,30,77,21,0.00,14,f,f,f,79.962,4.283,,,,,4.283
11302,10,18,22,0.00,17,f,f,f,80.103,4.424,,,,,4.424
11303,18,63,1,0.00,13,f,f,f,,,,75.717,75.228,74.679,"[0.092, 0.0, 0.0]"
11303,16,44,2,0.00,14,f,f,f,,,,75.625,75.418,74.743,"[0.0, 0.19, 0.064]"
11303,7,12,3,0.00,14,f,f,f,,,,75.977,75.295,74.998,"[0.352, 0.067, 0.319]"
11303,2,1,4,0.00,14,f,f,f,,,,76.287,75.361,75.001,"[0.662, 0.133, 0.322]"
11303,1,3,5,0.00,12,f,f,f,,,,76.352,75.484,75.021,"[0.727, 0.256, 0.342]"
11303,4,6,6,0.00,14,f,f,f,,,,76.427,75.754,75.077,"[0.802, 0.526, 0.398]"
11303,19,81,7,0.00,15,f,f,f,,,,76.138,75.518,75.090,"[0.513, 0.29, 0.411]"
11303,14,30,8,0.00,14,f,f,f,,,,76.673,75.585,76.542,"[1.048, 0.357, 1.863]"
11303,13,27,9,0.00,17,f,f,f,,,,76.066,75.768,76.657,"[0.441, 0.54, 1.978]"
11303,9,16,10,0.00,8,t,f,f,,,,75.964,75.281,,"[0.339, 0.053, null]"
11303,28,41,11,0.00,8,f,f,f,,,,76.425,75.840,,"[0.8, 0.612, null]"
11303,3,5,12,0.00,9,f,f,f,,,,76.616,76.001,,"[0.991, 0.773, null]"
11303,29,43,13,0.00,12,f,f,f,,,,76.590,76.191,,"[0.965, 0.963, null]"
11303,6,10,14,0.00,12,f,f,f,,,,76.599,76.261,,"[0.974, 1.033, null]"
11303,20,87,15,0.00,15,f,f,f,,,,76.571,76.389,,"[0.946, 1.161, null]"
11303,17,55,16,0.00,15,f,f,f,,,,76.881,77.827,,"[1.256, 2.599, null]"
11303,15,31,17,0.00,9,f,f,f,,,,77.073,,,"[1.448, null, null]"
11303,12,23,18,0.00,9,f,f,f,,,,77.424,,,"[1.799, null, null]"
11303,27,11,19,0.00,6,f,f,f,,,,77.545,,,"[1.92, null, null]"
11303,30,77,20,0.00,9,f,f,f,,,,77.757,,,"[2.132, null, null]"
11303,10,18,21,0.00,8,f,f,f,,,,78.758,,,"[3.133, null, null]"
11303,8,14,22,0.00,8,f,f,f,,,,78.815,,,"[3.19, null, null]"
11307,16,44,1,25.00,66,f,f,f,5548.105,0.000,,,,,0
11307,18,63,2,18.00,66,f,f,f,5567.666,19.561,,,,,19.561
11307,2,1,3,15.00,66,f,f,f,5571.824,23.719,,,,,23.719
11307,1,3,4,12.00,66,f,f,f,5588.602,40.497,,,,,40.497
11307,19,81,5,10.00,66,f,f,f,5606.766,58.661,,,,,58.661
11307,4,6,6,8.00,65,f,f,f,,,1,,,,+1 LAP
11307,6,10,7,6.00,65,f,f,f,,,1,,,,+1 LAP
11307,14,30,8,4.00,65,f,f,f,,,1,,,,+1 LAP
11307,28,41,9,2.00,65,f,f,f,,,1,,,,+1 LAP
11307,29,43,10,1.00,65,f,f,f,,,1,,,,+1 LAP
11307,3,5,11,0.00,64,f,f,f,,,2,,,,+2 LAPS
11307,17,55,12,0.00,64,f,f,f,,,2,,,,+2 LAPS
11307,15,31,13,0.00,64,f,f,f,,,2,,,,+2 LAPS
11307,27,11,14,0.00,63,f,f,f,,,3,,,,+3 LAPS
11307,9,16,15,0.00,62,t,f,f,,,,,,,
11307,7,12,16,0.00,61,t,f,f,,,,,,,
11307,20,87,17,0.00,60,t,f,f,,,,,,,
11307,10,18,,0.00,5,t,f,f,,,,,,,
11307,12,23,,0.00,55,f,f,f,,,11,,,,+11 LAPS
11307,8,14,,0.00,37,t,f,f,,,,,,,
11307,13,27,,0.00,29,t,f,f,,,,,,,
11307,30,77,,0.00,15,t,f,f,,,,,,,
11308,7,12,1,0.00,29,f,f,f,67.796,0.000,,,,,0
11308,18,63,2,0.00,30,f,f,f,67.836,0.040,,,,,0.04
11308,19,81,3,0.00,26,f,f,f,67.913,0.117,,,,,0.117
11308,1,3,4,0.00,17,f,f,f,68.077,0.281,,,,,0.281
11308,16,44,5,0.00,25,f,f,f,68.461,0.665,,,,,0.665
11308,28,41,6,0.00,18,f,f,f,68.726,0.930,,,,,0.93
11308,2,1,7,0.00,9,f,f,f,68.873,1.077,,,,,1.077
11308,29,43,8,0.00,27,f,f,f,68.962,1.166,,,,,1.166
11308,23,38,9,0.00,26,f,f,f,69.054,1.258,,,,,1.258
11308,20,87,10,0.00,26,f,f,f,69.071,1.275,,,,,1.275
11308,13,27,11,0.00,30,f,f,f,69.165,1.369,,,,,1.369
11308,4,6,12,0.00,11,f,f,f,69.481,1.685,,,,,1.685
11308,30,77,13,0.00,21,f,f,f,69.521,1.725,,,,,1.725
11308,6,10,14,0.00,28,f,f,f,69.546,1.750,,,,,1.75
11308,22,90,15,0.00,19,f,f,f,69.637,1.841,,,,,1.841
11308,12,23,16,0.00,31,f,f,f,69.644,1.848,,,,,1.848
11308,32,97,17,0.00,20,f,f,f,69.646,1.850,,,,,1.85
11308,24,46,18,0.00,29,f,f,f,69.979,2.183,,,,,2.183
11308,25,50,19,0.00,23,f,f,f,70.493,2.697,,,,,2.697
11308,31,34,20,0.00,22,f,f,f,71.202,3.406,,,,,3.406
11308,27,11,21,0.00,14,f,f,f,71.283,3.487,,,,,3.487
11308,8,14,22,0.00,21,f,f,f,71.333,3.537,,,,,3.537
11309,7,12,1,0.00,32,f,f,f,67.014,0.000,,,,,0
11309,19,81,2,0.00,32,f,f,f,67.251,0.237,,,,,0.237
11309,2,1,3,0.00,32,f,f,f,67.339,0.325,,,,,0.325
11309,1,3,4,0.00,29,f,f,f,67.564,0.550,,,,,0.55
11309,16,44,5,0.00,33,f,f,f,67.611,0.597,,,,,0.597
11309,18,63,6,0.00,25,f,f,f,67.637,0.623,,,,,0.623
11309,4,6,7,0.00,28,f,f,f,67.758,0.744,,,,,0.744
11309,9,16,8,0.00,35,f,f,f,67.855,0.841,,,,,0.841
11309,14,30,9,0.00,34,f,f,f,68.235,1.221,,,,,1.221
11309,3,5,10,0.00,30,f,f,f,68.300,1.286,,,,,1.286
11309,6,10,11,0.00,33,f,f,f,68.376,1.362,,,,,1.362
11309,28,41,12,0.00,29,f,f,f,68.378,1.364,,,,,1.364
11309,20,87,13,0.00,33,f,f,f,68.532,1.518,,,,,1.518
11309,13,27,14,0.00,32,f,f,f,68.559,1.545,,,,,1.545
11309,15,31,15,0.00,33,f,f,f,68.830,1.816,,,,,1.816
11309,29,43,16,0.00,30,f,f,f,68.831,1.817,,,,,1.817
11309,12,23,17,0.00,34,f,f,f,68.838,1.824,,,,,1.824
11309,17,55,18,0.00,30,f,f,f,69.131,2.117,,,,,2.117
11309,8,14,19,0.00,27,f,f,f,70.544,3.530,,,,,3.53
11309,10,18,20,0.00,32,f,f,f,70.698,3.684,,,,,3.684
11309,30,77,21,0.00,6,f,f,f,71.307,4.293,,,,,4.293
11309,27,11,22,0.00,2,f,f,f,,,,,,,
11310,18,63,1,0.00,19,f,f,f,67.096,0.000,,,,,0
11310,7,12,2,0.00,17,f,f,f,67.134,0.038,,,,,0.038
11310,16,44,3,0.00,22,f,f,f,67.211,0.115,,,,,0.115
11310,19,81,4,0.00,17,f,f,f,67.344,0.248,,,,,0.248
11310,2,1,5,0.00,20,f,f,f,67.360,0.264,,,,,0.264
11310,1,3,6,0.00,16,f,f,f,67.369,0.273,,,,,0.273
11310,9,16,7,0.00,24,f,f,f,67.452,0.356,,,,,0.356
11310,4,6,8,0.00,27,f,f,f,67.912,0.816,,,,,0.816
11310,14,30,9,0.00,21,f,f,f,68.031,0.935,,,,,0.935
11310,28,41,10,0.00,24,f,f,f,68.109,1.013,,,,,1.013
11310,6,10,11,0.00,16,f,f,f,68.193,1.097,,,,,1.097
11310,13,27,12,0.00,22,f,f,f,68.303,1.207,,,,,1.207
11310,3,5,13,0.00,22,f,f,f,68.311,1.215,,,,,1.215
11310,29,43,14,0.00,18,f,f,f,68.394,1.298,,,,,1.298
11310,20,87,15,0.00,19,f,f,f,68.529,1.433,,,,,1.433
11310,15,31,16,0.00,15,f,f,f,68.707,1.611,,,,,1.611
11310,17,55,17,0.00,27,f,f,f,68.843,1.747,,,,,1.747
11310,12,23,18,0.00,25,f,f,f,68.992,1.896,,,,,1.896
11310,27,11,19,0.00,29,f,f,f,69.532,2.436,,,,,2.436
11310,30,77,20,0.00,24,f,f,f,69.740,2.644,,,,,2.644
11310,8,14,21,0.00,21,f,f,f,70.421,3.325,,,,,3.325
11310,10,18,22,0.00,19,f,f,f,70.567,3.471,,,,,3.471
11311,18,63,1,0.00,20,f,f,f,,,,67.398,66.979,66.113,"[0.315, 0.216, 0.0]"
11311,9,16,2,0.00,15,f,f,f,,,,67.543,67.030,66.349,"[0.46, 0.267, 0.236]"
11311,16,44,3,0.00,14,f,f,f,,,,67.290,66.994,66.408,"[0.207, 0.231, 0.295]"
11311,7,12,4,0.00,17,f,f,f,,,,67.083,66.763,66.414,"[0.0, 0.0, 0.301]"
11311,1,3,5,0.00,11,f,f,f,,,,67.407,67.183,66.475,"[0.324, 0.42, 0.362]"
11311,2,1,6,0.00,15,f,f,f,,,,67.259,66.897,66.502,"[0.176, 0.134, 0.389]"
11311,19,81,7,0.00,14,f,f,f,,,,67.487,66.890,66.511,"[0.404, 0.127, 0.398]"
11311,4,6,8,0.00,18,f,f,f,,,,67.408,67.086,66.632,"[0.325, 0.323, 0.519]"
11311,14,30,9,0.00,18,f,f,f,,,,67.385,67.136,66.955,"[0.302, 0.373, 0.842]"
11311,28,41,10,0.00,18,f,f,f,,,,67.549,67.155,67.007,"[0.466, 0.392, 0.894]"
11311,6,10,11,0.00,12,f,f,f,,,,68.038,67.223,,"[0.955, 0.46, null]"
11311,3,5,12,0.00,12,f,f,f,,,,68.035,67.293,,"[0.952, 0.53, null]"
11311,20,87,13,0.00,12,f,f,f,,,,68.061,67.523,,"[0.978, 0.76, null]"
11311,13,27,14,0.00,15,f,f,f,,,,68.066,67.611,,"[0.983, 0.848, null]"
11311,15,31,15,0.00,15,f,f,f,,,,68.231,67.817,,"[1.148, 1.054, null]"
11311,29,43,16,0.00,11,f,f,f,,,,67.894,68.171,,"[0.811, 1.408, null]"
11311,17,55,17,0.00,9,f,f,f,,,,68.252,,,"[1.169, null, null]"
11311,12,23,18,0.00,9,f,f,f,,,,68.509,,,"[1.426, null, null]"
11311,27,11,19,0.00,9,f,f,f,,,,68.945,,,"[1.862, null, null]"
11311,30,77,20,0.00,9,f,f,f,,,,69.030,,,"[1.947, null, null]"
11311,8,14,21,0.00,9,f,f,f,,,,69.942,,,"[2.859, null, null]"
11311,10,18,22,0.00,8,f,f,f,,,,70.363,,,"[3.28, null, null]"
11315,18,63,1,25.00,71,f,f,f,5197.979,0.000,,,,,0
11315,1,3,2,18.00,71,f,f,f,5199.590,1.611,,,,,1.611
11315,7,12,3,15.00,71,f,f,f,5199.965,1.986,,,,,1.986
11315,19,81,4,12.00,71,f,f,f,5219.788,21.809,,,,,21.809
11315,16,44,5,10.00,71,f,f,f,5224.372,26.393,,,,,26.393
11315,4,6,6,8.00,71,f,f,f,5227.378,29.399,,,,,29.399
11315,2,1,7,6.00,71,f,f,f,5229.484,31.505,,,,,31.505
11315,9,16,8,4.00,71,f,f,f,5243.638,45.659,,,,,45.659
11315,14,30,9,2.00,70,f,f,f,,,1,,,,+1 LAP
11315,28,41,10,1.00,70,f,f,f,,,1,,,,+1 LAP
11315,3,5,11,0.00,70,f,f,f,,,1,,,,+1 LAP
11315,13,27,12,0.00,70,f,f,f,,,1,,,,+1 LAP
11315,6,10,13,0.00,70,f,f,f,,,1,,,,+1 LAP
11315,20,87,14,0.00,70,f,f,f,,,1,,,,+1 LAP
11315,29,43,15,0.00,70,f,f,f,,,1,,,,+1 LAP
11315,15,31,16,0.00,69,f,f,f,,,2,,,,+2 LAPS
11315,12,23,17,0.00,69,f,f,f,,,2,,,,+2 LAPS
11315,8,14,18,0.00,68,f,f,f,,,3,,,,+3 LAPS
11315,30,77,,0.00,2,t,f,f,,,,,,,
11315,10,18,,0.00,45,t,f,f,,,,,,,
11315,17,55,,0.00,23,t,f,f,,,,,,,
11315,27,11,,0.00,4,t,f,f,,,,,,,
11316,16,44,1,0.00,32,f,f,f,89.260,0.000,,,,,0
11316,7,12,2,0.00,29,f,f,f,89.473,0.213,,,,,0.213
11316,9,16,3,0.00,31,f,f,f,89.859,0.599,,,,,0.599
11316,18,63,4,0.00,31,f,f,f,89.938,0.678,,,,,0.678
11316,19,81,5,0.00,25,f,f,f,90.147,0.887,,,,,0.887
11316,1,3,6,0.00,27,f,f,f,90.240,0.980,,,,,0.98
11316,2,1,7,0.00,27,f,f,f,90.288,1.028,,,,,1.028
11316,4,6,8,0.00,28,f,f,f,90.338,1.078,,,,,1.078
11316,13,27,9,0.00,29,f,f,f,90.743,1.483,,,,,1.483
11316,14,30,10,0.00,28,f,f,f,90.850,1.590,,,,,1.59
11316,29,43,11,0.00,28,f,f,f,90.966,1.706,,,,,1.706
11316,3,5,12,0.00,28,f,f,f,91.035,1.775,,,,,1.775
11316,28,41,13,0.00,32,f,f,f,91.339,2.079,,,,,2.079
11316,20,87,14,0.00,27,f,f,f,91.373,2.113,,,,,2.113
11316,17,55,15,0.00,33,f,f,f,91.684,2.424,,,,,2.424
11316,15,31,16,0.00,27,f,f,f,91.684,2.424,,,,,2.424
11316,12,23,17,0.00,30,f,f,f,91.697,2.437,,,,,2.437
11316,30,77,18,0.00,22,f,f,f,92.150,2.890,,,,,2.89
11316,27,11,19,0.00,23,f,f,f,92.241,2.981,,,,,2.981
11316,8,14,20,0.00,25,f,f,f,92.957,3.697,,,,,3.697
11316,6,10,21,0.00,25,f,f,f,93.019,3.759,,,,,3.759
11316,10,18,22,0.00,26,f,f,f,93.130,3.870,,,,,3.87
11317,16,44,1,0.00,14,f,f,f,,,,89.273,88.747,88.376,"[0.0, 0.0, 0.0]"
11317,7,12,2,0.00,15,f,f,f,,,,89.746,88.846,88.387,"[0.473, 0.099, 0.011]"
11317,1,3,3,0.00,12,f,f,f,,,,89.689,89.242,88.697,"[0.416, 0.495, 0.321]"
11317,9,16,4,0.00,14,f,f,f,,,,89.380,88.922,88.703,"[0.107, 0.175, 0.327]"
11317,18,63,5,0.00,15,f,f,f,,,,89.675,89.246,88.733,"[0.402, 0.499, 0.357]"
11317,2,1,6,0.00,15,f,f,f,,,,90.142,89.401,88.740,"[0.869, 0.654, 0.364]"
11317,19,81,7,0.00,12,f,f,f,,,,89.583,89.120,88.772,"[0.31, 0.373, 0.396]"
11317,4,6,8,0.00,14,f,f,f,,,,89.470,89.280,88.835,"[0.197, 0.533, 0.459]"
11317,14,30,9,0.00,12,f,f,f,,,,89.850,89.067,88.927,"[0.577, 0.32, 0.551]"
11317,28,41,10,0.00,12,f,f,f,,,,90.453,89.330,89.367,"[1.18, 0.583, 0.991]"
11317,6,10,11,0.00,9,f,f,f,,,,90.444,89.482,,"[1.171, 0.735, null]"
11317,3,5,12,0.00,12,f,f,f,,,,90.407,89.679,,"[1.134, 0.932, null]"
11317,13,27,13,0.00,12,f,f,f,,,,90.107,89.707,,"[0.834, 0.96, null]"
11317,29,43,14,0.00,9,f,f,f,,,,90.894,89.983,,"[1.621, 1.236, null]"
11317,17,55,15,0.00,12,f,f,f,,,,91.073,90.197,,"[1.8, 1.45, null]"
11317,12,23,16,0.00,13,f,f,f,,,,90.779,90.650,,"[1.506, 1.903, null]"
11317,20,87,17,0.00,6,f,f,f,,,,91.083,,,"[1.81, null, null]"
11317,15,31,18,0.00,6,f,f,f,,,,91.714,,,"[2.441, null, null]"
11317,27,11,19,0.00,6,f,f,f,,,,91.776,,,"[2.503, null, null]"
11317,30,77,20,0.00,6,f,f,f,,,,92.020,,,"[2.747, null, null]"
11317,8,14,21,0.00,5,f,f,f,,,,92.910,,,"[3.637, null, null]"
11317,10,18,22,0.00,5,f,f,f,,,,92.988,,,"[3.715, null, null]"
11321,7,12,1,8.00,17,f,f,f,1572.129,0.000,,,,,0
11321,16,44,2,7.00,17,f,f,f,1574.874,2.745,,,,,2.745
11321,2,1,3,6.00,17,f,f,f,1581.912,9.783,,,,,9.783
11321,18,63,4,5.00,17,f,f,f,1582.768,10.639,,,,,10.639
11321,9,16,5,4.00,17,f,f,f,1584.749,12.620,,,,,12.62
11321,1,3,6,3.00,17,f,f,f,1588.679,16.550,,,,,16.55
11321,19,81,7,2.00,17,f,f,f,1589.680,17.551,,,,,17.551
11321,14,30,8,1.00,17,f,f,f,1602.362,30.233,,,,,30.233
11321,4,6,9,0.00,17,f,f,f,1603.082,30.953,,,,,30.953
11321,28,41,10,0.00,17,f,f,f,1607.239,35.110,,,,,35.11
11321,6,10,11,0.00,17,f,f,f,1612.402,40.273,,,,,40.273
11321,29,43,12,0.00,17,f,f,f,1613.155,41.026,,,,,41.026
11321,3,5,13,0.00,17,f,f,f,1614.628,42.499,,,,,42.499
11321,20,87,14,0.00,17,f,f,f,1617.913,45.784,,,,,45.784
11321,13,27,15,0.00,17,f,f,f,1618.809,46.680,,,,,46.68
11321,15,31,16,0.00,17,f,f,f,1621.939,49.810,,,,,49.81
11321,17,55,17,0.00,17,f,f,f,1622.508,50.379,,,,,50.379
11321,12,23,18,0.00,17,f,f,f,1622.886,50.757,,,,,50.757
11321,30,77,19,0.00,17,f,f,f,1647.246,75.117,,,,,75.117
11321,8,14,20,0.00,17,f,f,f,1664.001,91.872,,,,,91.872
11321,10,18,21,0.00,16,f,f,f,,,1,,,,+1 LAP
11321,27,11,22,0.00,16,f,f,f,,,1,,,,+1 LAP
11322,7,12,1,0.00,19,f,f,f,,,,89.719,88.493,88.111,"[0.443, 0.0, 0.0]"
11322,9,16,2,0.00,18,f,f,f,,,,89.534,88.626,88.286,"[0.258, 0.133, 0.175]"
11322,16,44,3,0.00,17,f,f,f,,,,89.644,88.864,88.458,"[0.368, 0.371, 0.347]"
11322,18,63,4,0.00,17,f,f,f,,,,89.985,88.920,88.481,"[0.709, 0.427, 0.37]"
11322,4,6,5,0.00,18,f,f,f,,,,89.276,89.069,88.746,"[0.0, 0.576, 0.635]"
11322,2,1,6,0.00,17,f,f,f,,,,90.186,89.383,88.877,"[0.91, 0.89, 0.766]"
11322,1,3,7,0.00,18,f,f,f,,,,89.549,89.113,88.893,"[0.273, 0.62, 0.782]"
11322,19,81,8,0.00,18,f,f,f,,,,89.971,89.218,89.032,"[0.695, 0.725, 0.921]"
11322,28,41,9,0.00,17,f,f,f,,,,89.661,89.324,89.305,"[0.385, 0.831, 1.194]"
11322,14,30,10,0.00,20,f,f,f,,,,89.300,89.429,89.716,"[0.024, 0.936, 1.605]"
11322,3,5,11,0.00,10,f,f,f,,,,90.269,89.461,,"[0.993, 0.968, null]"
11322,6,10,12,0.00,12,f,f,f,,,,90.345,90.063,,"[1.069, 1.57, null]"
11322,13,27,13,0.00,15,f,f,f,,,,89.539,90.076,,"[0.263, 1.583, null]"
11322,20,87,14,0.00,15,f,f,f,,,,90.570,90.501,,"[1.294, 2.008, null]"
11322,17,55,15,0.00,15,f,f,f,,,,90.562,90.623,,"[1.286, 2.13, null]"
11322,12,23,16,0.00,14,f,f,f,,,,90.638,91.341,,"[1.362, 2.848, null]"
11322,15,31,17,0.00,9,f,f,f,,,,90.680,,,"[1.404, null, null]"
11322,30,77,18,0.00,8,f,f,f,,,,91.227,,,"[1.951, null, null]"
11322,29,43,19,0.00,5,f,f,f,,,,91.321,,,"[2.045, null, null]"
11322,27,11,20,0.00,9,f,f,f,,,,91.451,,,"[2.175, null, null]"
11322,10,18,21,0.00,9,f,f,f,,,,92.863,,,"[3.587, null, null]"
11322,8,14,22,0.00,9,f,f,f,,,,93.025,,,"[3.749, null, null]"
11326,9,16,1,25.00,52,f,f,f,5231.335,0.000,,,,,0
11326,18,63,2,18.00,52,f,f,f,5231.762,0.427,,,,,0.427
11326,16,44,3,15.00,52,f,f,f,5232.107,0.772,,,,,0.772
11326,2,1,4,12.00,52,f,f,f,5232.484,1.149,,,,,1.149
11326,4,6,5,10.00,52,f,f,f,5232.933,1.598,,,,,1.598
11326,14,30,6,8.00,52,f,f,f,5233.358,2.023,,,,,2.023
11326,28,41,7,6.00,52,f,f,f,5233.549,2.214,,,,,2.214
11326,3,5,8,4.00,52,f,f,f,5233.748,2.413,,,,,2.413
11326,29,43,9,2.00,52,f,f,f,5234.564,3.229,,,,,3.229
11326,6,10,10,1.00,52,f,f,f,5234.780,3.445,,,,,3.445
11326,19,81,11,0.00,52,f,f,f,5235.349,4.014,,,,,4.014
11326,20,87,12,0.00,52,f,f,f,5236.580,5.245,,,,,5.245
11326,15,31,13,0.00,52,f,f,f,5236.847,5.512,,,,,5.512
11326,27,11,14,0.00,52,f,f,f,5238.738,7.403,,,,,7.403
11326,7,12,15,0.00,52,f,f,f,5239.340,8.005,,,,,8.005
11326,30,77,16,0.00,52,f,f,f,5239.497,8.162,,,,,8.162
11326,17,55,17,0.00,51,f,f,f,,,1,,,,+1 LAP
11326,8,14,18,0.00,51,f,f,f,,,1,,,,+1 LAP
11326,10,18,19,0.00,51,f,f,f,,,1,,,,+1 LAP
11326,1,3,20,0.00,46,t,f,f,,,,,,,
11326,12,23,,0.00,43,t,f,f,,,,,,,
11326,13,27,,0.00,36,t,f,f,,,,,,,
11327,1,3,1,0.00,24,f,f,f,107.070,0.000,,,,,0
11327,16,44,2,0.00,22,f,f,f,107.215,0.145,,,,,0.145
11327,9,16,3,0.00,22,f,f,f,107.277,0.207,,,,,0.207
11327,4,6,4,0.00,23,f,f,f,107.322,0.252,,,,,0.252
11327,19,81,5,0.00,21,f,f,f,107.522,0.452,,,,,0.452
11327,7,12,6,0.00,23,f,f,f,107.603,0.533,,,,,0.533
11327,2,1,7,0.00,19,f,f,f,107.931,0.861,,,,,0.861
11327,18,63,8,0.00,22,f,f,f,107.959,0.889,,,,,0.889
11327,28,41,9,0.00,24,f,f,f,108.234,1.164,,,,,1.164
11327,3,5,10,0.00,18,f,f,f,108.406,1.336,,,,,1.336
11327,14,30,11,0.00,24,f,f,f,108.432,1.362,,,,,1.362
11327,13,27,12,0.00,23,f,f,f,108.962,1.892,,,,,1.892
11327,20,87,13,0.00,21,f,f,f,109.010,1.940,,,,,1.94
11327,12,23,14,0.00,24,f,f,f,109.337,2.267,,,,,2.267
11327,29,43,15,0.00,23,f,f,f,109.403,2.333,,,,,2.333
11327,15,31,16,0.00,21,f,f,f,109.449,2.379,,,,,2.379
11327,6,10,17,0.00,23,f,f,f,109.712,2.642,,,,,2.642
11327,30,77,18,0.00,21,f,f,f,109.839,2.769,,,,,2.769
11327,27,11,19,0.00,22,f,f,f,110.226,3.156,,,,,3.156
11327,17,55,20,0.00,25,f,f,f,110.862,3.792,,,,,3.792
11327,10,18,21,0.00,19,f,f,f,112.808,5.738,,,,,5.738
11327,31,34,22,0.00,22,f,f,f,113.199,6.129,,,,,6.129
11328,7,12,1,0.00,18,f,f,f,105.944,0.000,,,,,0
11328,2,1,2,0.00,18,f,f,f,106.134,0.190,,,,,0.19
11328,1,3,3,0.00,21,f,f,f,106.416,0.472,,,,,0.472
11328,16,44,4,0.00,16,f,f,f,106.691,0.747,,,,,0.747
11328,4,6,5,0.00,20,f,f,f,106.714,0.770,,,,,0.77
11328,19,81,6,0.00,11,f,f,f,106.926,0.982,,,,,0.982
11328,29,43,7,0.00,20,f,f,f,107.147,1.203,,,,,1.203
11328,18,63,8,0.00,20,f,f,f,107.229,1.285,,,,,1.285
11328,28,41,9,0.00,20,f,f,f,107.294,1.350,,,,,1.35
11328,14,30,10,0.00,16,f,f,f,107.434,1.490,,,,,1.49
11328,9,16,11,0.00,18,f,f,f,107.468,1.524,,,,,1.524
11328,20,87,12,0.00,16,f,f,f,107.792,1.848,,,,,1.848
11328,3,5,13,0.00,17,f,f,f,107.952,2.008,,,,,2.008
11328,15,31,14,0.00,19,f,f,f,107.958,2.014,,,,,2.014
11328,12,23,15,0.00,19,f,f,f,108.019,2.075,,,,,2.075
11328,17,55,16,0.00,19,f,f,f,108.256,2.312,,,,,2.312
11328,13,27,17,0.00,16,f,f,f,108.333,2.389,,,,,2.389
11328,6,10,18,0.00,15,f,f,f,108.955,3.011,,,,,3.011
11328,30,77,19,0.00,19,f,f,f,109.199,3.255,,,,,3.255
11328,27,11,20,0.00,20,f,f,f,109.596,3.652,,,,,3.652
11328,10,18,21,0.00,17,f,f,f,111.131,5.187,,,,,5.187
11328,8,14,22,0.00,19,f,f,f,111.418,5.474,,,,,5.474
11329,7,12,1,0.00,13,f,f,f,105.990,0.000,,,,,0
11329,2,1,2,0.00,21,f,f,f,106.129,0.139,,,,,0.139
11329,1,3,3,0.00,14,f,f,f,106.138,0.148,,,,,0.148
11329,18,63,4,0.00,12,f,f,f,106.357,0.367,,,,,0.367
11329,16,44,5,0.00,17,f,f,f,106.382,0.392,,,,,0.392
11329,9,16,6,0.00,17,f,f,f,106.750,0.760,,,,,0.76
11329,19,81,7,0.00,20,f,f,f,106.785,0.795,,,,,0.795
11329,13,27,8,0.00,20,f,f,f,106.924,0.934,,,,,0.934
11329,3,5,9,0.00,18,f,f,f,107.049,1.059,,,,,1.059
11329,4,6,10,0.00,19,f,f,f,107.096,1.106,,,,,1.106
11329,28,41,11,0.00,23,f,f,f,107.176,1.186,,,,,1.186
11329,14,30,12,0.00,23,f,f,f,107.690,1.700,,,,,1.7
11329,29,43,13,0.00,20,f,f,f,107.904,1.914,,,,,1.914
11329,20,87,14,0.00,23,f,f,f,107.920,1.930,,,,,1.93
11329,6,10,15,0.00,21,f,f,f,107.949,1.959,,,,,1.959
11329,12,23,16,0.00,19,f,f,f,107.990,2.000,,,,,2.0
11329,30,77,17,0.00,22,f,f,f,108.644,2.654,,,,,2.654
11329,17,55,18,0.00,20,f,f,f,108.692,2.702,,,,,2.702
11329,15,31,19,0.00,22,f,f,f,108.730,2.740,,,,,2.74
11329,27,11,20,0.00,21,f,f,f,108.990,3.000,,,,,3.0
11329,8,14,21,0.00,17,f,f,f,110.155,4.165,,,,,4.165
11329,10,18,22,0.00,15,f,f,f,110.631,4.641,,,,,4.641
11330,7,12,1,0.00,15,f,f,f,,,,106.304,105.142,104.361,"[0.439, 0.0, 0.0]"
11330,1,3,2,0.00,12,f,f,f,,,,105.930,105.589,104.678,"[0.065, 0.447, 0.317]"
11330,2,1,3,0.00,11,f,f,f,,,,105.865,105.454,104.801,"[0.0, 0.312, 0.44]"
11330,18,63,4,0.00,18,f,f,f,,,,106.185,105.689,104.869,"[0.32, 0.547, 0.508]"
11330,9,16,5,0.00,18,f,f,f,,,,106.278,105.397,104.893,"[0.413, 0.255, 0.532]"
11330,16,44,6,0.00,15,f,f,f,,,,106.124,105.543,104.895,"[0.259, 0.401, 0.534]"
11330,19,81,7,0.00,17,f,f,f,,,,106.433,105.671,105.016,"[0.568, 0.529, 0.655]"
11330,28,41,8,0.00,18,f,f,f,,,,106.191,105.629,105.143,"[0.326, 0.487, 0.782]"
11330,3,5,9,0.00,18,f,f,f,,,,106.609,106.082,105.628,"[0.744, 0.94, 1.267]"
11330,4,6,10,0.00,13,t,f,f,,,,106.062,105.823,,"[0.197, 0.681, null]"
11330,14,30,11,0.00,12,f,f,f,,,,106.501,106.120,,"[0.636, 0.978, null]"
11330,6,10,12,0.00,12,f,f,f,,,,106.679,106.331,,"[0.814, 1.189, null]"
11330,29,43,13,0.00,12,f,f,f,,,,106.795,106.392,,"[0.93, 1.25, null]"
11330,13,27,14,0.00,12,f,f,f,,,,106.893,106.671,,"[1.028, 1.529, null]"
11330,17,55,15,0.00,12,f,f,f,,,,107.080,106.777,,"[1.215, 1.635, null]"
11330,20,87,16,0.00,12,f,f,f,,,,107.113,106.779,,"[1.248, 1.637, null]"
11330,12,23,17,0.00,6,f,f,f,,,,107.120,,,"[1.255, null, null]"
11330,15,31,18,0.00,6,f,f,f,,,,107.801,,,"[1.936, null, null]"
11330,30,77,19,0.00,8,f,f,f,,,,107.823,,,"[1.958, null, null]"
11330,27,11,20,0.00,8,f,f,f,,,,107.971,,,"[2.106, null, null]"
11330,8,14,21,0.00,6,f,f,f,,,,110.002,,,"[4.137, null, null]"
11330,10,18,22,0.00,8,f,f,f,,,,110.177,,,"[4.312, null, null]"
11334,7,12,1,25.00,44,f,f,f,5082.479,0.000,,,,,0
11334,9,16,2,18.00,44,f,f,f,5084.431,1.952,,,,,1.952
11334,1,3,3,15.00,44,f,f,f,5094.065,11.586,,,,,11.586
11334,16,44,4,12.00,44,f,f,f,5099.724,17.245,,,,,17.245
11334,19,81,5,10.00,44,f,f,f,5101.467,18.988,,,,,18.988
11334,4,6,6,8.00,44,f,f,f,5105.786,23.307,,,,,23.307
11334,2,1,7,6.00,44,f,f,f,5106.493,24.014,,,,,24.014
11334,3,5,8,4.00,44,f,f,f,5131.619,49.140,,,,,49.14
11334,28,41,9,2.00,44,f,f,f,5132.885,50.406,,,,,50.406
11334,29,43,10,1.00,44,f,f,f,5158.516,76.037,,,,,76.037
11334,6,10,11,0.00,44,f,f,f,5159.470,76.991,,,,,76.991
11334,14,30,12,0.00,44,f,f,f,5160.002,77.523,,,,,77.523
11334,13,27,13,0.00,44,f,f,f,5160.827,78.348,,,,,78.348
11334,20,87,14,0.00,44,f,f,f,5176.944,94.465,,,,,94.465
11334,12,23,15,0.00,44,f,f,f,5187.163,104.684,,,,,104.684
11334,17,55,16,0.00,44,f,f,f,5188.335,105.856,,,,,105.856
11334,15,31,17,0.00,44,f,f,f,5193.404,110.925,,,,,110.925
11334,30,77,18,0.00,43,f,f,f,,,1,,,,+1 LAP
11334,8,14,19,0.00,42,f,f,f,,,2,,,,+2 LAPS
11334,27,11,,0.00,13,t,f,f,,,,,,,
11334,10,18,,0.00,25,t,f,f,,,,,,,
11334,18,63,,0.00,0,t,f,f,,,,,,,
11335,9,16,1,0.00,19,f,f,f,79.075,0.000,,,,,0
11335,1,3,2,0.00,25,f,f,f,79.559,0.484,,,,,0.484
11335,16,44,3,0.00,23,f,f,f,79.618,0.543,,,,,0.543
11335,4,6,4,0.00,25,f,f,f,79.997,0.922,,,,,0.922
11335,18,63,5,0.00,21,f,f,f,80.066,0.991,,,,,0.991
11335,3,5,6,0.00,30,f,f,f,80.360,1.285,,,,,1.285
11335,26,72,7,0.00,24,f,f,f,80.467,1.392,,,,,1.392
11335,13,27,8,0.00,29,f,f,f,80.623,1.548,,,,,1.548
11335,28,41,9,0.00,28,f,f,f,80.760,1.685,,,,,1.685
11335,14,30,10,0.00,28,f,f,f,80.866,1.791,,,,,1.791
11335,2,1,11,0.00,26,f,f,f,81.024,1.949,,,,,1.949
11335,15,31,12,0.00,24,f,f,f,81.051,1.976,,,,,1.976
11335,8,14,13,0.00,20,f,f,f,81.550,2.475,,,,,2.475
11335,6,10,14,0.00,29,f,f,f,81.704,2.629,,,,,2.629
11335,12,23,15,0.00,28,f,f,f,81.819,2.744,,,,,2.744
11335,34,67,16,0.00,29,f,f,f,81.890,2.815,,,,,2.815
11335,25,50,17,0.00,25,f,f,f,82.001,2.926,,,,,2.926
11335,27,11,18,0.00,22,f,f,f,82.089,3.014,,,,,3.014
11335,32,61,19,0.00,28,f,f,f,82.168,3.093,,,,,3.093
11335,33,25,20,0.00,28,f,f,f,83.118,4.043,,,,,4.043
11335,10,18,21,0.00,11,f,f,f,83.471,4.396,,,,,4.396
11335,17,55,22,0.00,23,f,f,f,83.734,4.659,,,,,4.659
11336,16,44,1,0.00,26,f,f,f,78.729,0.000,,,,,0
11336,9,16,2,0.00,30,f,f,f,78.877,0.148,,,,,0.148
11336,2,1,3,0.00,30,f,f,f,79.228,0.499,,,,,0.499
11336,1,3,4,0.00,27,f,f,f,79.421,0.692,,,,,0.692
11336,18,63,5,0.00,30,f,f,f,79.662,0.933,,,,,0.933
11336,4,6,6,0.00,20,f,f,f,79.800,1.071,,,,,1.071
11336,14,30,7,0.00,29,f,f,f,80.041,1.312,,,,,1.312
11336,19,81,8,0.00,28,f,f,f,80.101,1.372,,,,,1.372
11336,13,27,9,0.00,30,f,f,f,80.125,1.396,,,,,1.396
11336,28,41,10,0.00,29,f,f,f,80.253,1.524,,,,,1.524
11336,3,5,11,0.00,27,f,f,f,80.474,1.745,,,,,1.745
11336,15,31,12,0.00,26,f,f,f,80.557,1.828,,,,,1.828
11336,7,12,13,0.00,30,f,f,f,80.693,1.964,,,,,1.964
11336,6,10,14,0.00,24,f,f,f,80.816,2.087,,,,,2.087
11336,20,87,15,0.00,28,f,f,f,80.950,2.221,,,,,2.221
11336,12,23,16,0.00,33,f,f,f,80.973,2.244,,,,,2.244
11336,17,55,17,0.00,31,f,f,f,81.426,2.697,,,,,2.697
11336,30,77,18,0.00,31,f,f,f,81.442,2.713,,,,,2.713
11336,8,14,19,0.00,24,f,f,f,81.719,2.990,,,,,2.99
11336,27,11,20,0.00,28,f,f,f,81.792,3.063,,,,,3.063
11336,29,43,21,0.00,11,f,f,f,82.531,3.802,,,,,3.802
11337,2,1,1,0.00,20,f,f,f,77.939,0.000,,,,,0
11337,16,44,2,0.00,22,f,f,f,78.056,0.117,,,,,0.117
11337,7,12,3,0.00,16,f,f,f,78.068,0.129,,,,,0.129
11337,9,16,4,0.00,24,f,f,f,78.291,0.352,,,,,0.352
11337,19,81,5,0.00,22,f,f,f,78.438,0.499,,,,,0.499
11337,18,63,6,0.00,18,f,f,f,78.541,0.602,,,,,0.602
11337,1,3,7,0.00,14,f,f,f,78.656,0.717,,,,,0.717
11337,4,6,8,0.00,17,f,f,f,78.943,1.004,,,,,1.004
11337,14,30,9,0.00,23,f,f,f,79.088,1.149,,,,,1.149
11337,13,27,10,0.00,24,f,f,f,79.160,1.221,,,,,1.221
11337,3,5,11,0.00,22,f,f,f,79.338,1.399,,,,,1.399
11337,6,10,12,0.00,20,f,f,f,79.723,1.784,,,,,1.784
11337,28,41,13,0.00,6,f,f,f,79.895,1.956,,,,,1.956
11337,29,43,14,0.00,30,f,f,f,80.055,2.116,,,,,2.116
11337,15,31,15,0.00,18,f,f,f,80.295,2.356,,,,,2.356
11337,20,87,16,0.00,14,f,f,f,80.312,2.373,,,,,2.373
11337,8,14,17,0.00,17,f,f,f,80.393,2.454,,,,,2.454
11337,10,18,18,0.00,20,f,f,f,80.933,2.994,,,,,2.994
11337,30,77,19,0.00,15,f,f,f,81.299,3.360,,,,,3.36
11337,17,55,20,0.00,17,f,f,f,81.406,3.467,,,,,3.467
11337,12,23,21,0.00,13,f,f,f,81.513,3.574,,,,,3.574
11337,27,11,22,0.00,1,f,f,f,,,,,,,
11338,2,1,1,0.00,16,f,f,f,,,,78.277,77.456,77.207,"[0.0, 0.0, 0.0]"
11338,16,44,2,0.00,15,f,f,f,,,,78.730,77.803,77.219,"[0.453, 0.347, 0.012]"
11338,9,16,3,0.00,20,f,f,f,,,,78.984,77.626,77.445,"[0.707, 0.17, 0.238]"
11338,7,12,4,0.00,20,f,f,f,,,,78.726,78.393,77.479,"[0.449, 0.937, 0.272]"
11338,19,81,5,0.00,15,f,f,f,,,,78.891,77.928,77.684,"[0.614, 0.472, 0.477]"
11338,1,3,6,0.00,18,f,f,f,,,,78.656,78.249,77.725,"[0.379, 0.793, 0.518]"
11338,18,63,7,0.00,20,f,f,f,,,,78.856,78.445,77.760,"[0.579, 0.989, 0.553]"
11338,4,6,8,0.00,14,f,f,f,,,,78.754,77.872,77.856,"[0.477, 0.416, 0.649]"
11338,28,41,9,0.00,18,f,f,f,,,,79.233,78.360,78.281,"[0.956, 0.904, 1.074]"
11338,13,27,10,0.00,18,f,f,f,,,,78.796,78.639,78.686,"[0.519, 1.183, 1.479]"
11338,14,30,11,0.00,12,f,f,f,,,,79.161,78.765,,"[0.884, 1.309, null]"
11338,6,10,12,0.00,12,f,f,f,,,,79.741,78.844,,"[1.464, 1.388, null]"
11338,29,43,13,0.00,12,f,f,f,,,,79.771,79.027,,"[1.494, 1.571, null]"
11338,3,5,14,0.00,11,f,f,f,,,,79.069,79.105,,"[0.792, 1.649, null]"
11338,15,31,15,0.00,12,f,f,f,,,,80.010,79.734,,"[1.733, 2.278, null]"
11338,8,14,16,0.00,15,f,f,f,,,,80.126,79.808,,"[1.849, 2.352, null]"
11338,20,87,17,0.00,6,f,f,f,,,,80.233,,,"[1.956, null, null]"
11338,17,55,18,0.00,9,f,f,f,,,,80.621,,,"[2.344, null, null]"
11338,12,23,19,0.00,9,f,f,f,,,,80.658,,,"[2.381, null, null]"
11338,10,18,20,0.00,8,f,f,f,,,,80.659,,,"[2.382, null, null]"
11338,30,77,21,0.00,10,f,f,f,,,,80.886,,,"[2.609, null, null]"
11338,27,11,22,0.00,9,f,f,f,,,,81.322,,,"[3.045, null, null]"
11342,2,1,1,25.00,70,f,f,f,5996.180,0.000,,,,,0
11342,1,3,2,18.00,70,f,f,f,6011.260,15.080,,,,,15.08
11342,7,12,3,15.00,70,f,f,f,6014.908,18.728,,,,,18.728
11342,9,16,4,12.00,70,f,f,f,6020.020,23.840,,,,,23.84
11342,16,44,5,10.00,70,f,f,f,6020.720,24.540,,,,,24.54
11342,4,6,6,8.00,70,f,f,f,6051.668,55.488,,,,,55.488
11342,18,63,7,6.00,70,f,f,f,6053.683,57.503,,,,,57.503
11342,14,30,8,4.00,69,f,f,f,,,1,,,,+1 LAP
11342,13,27,9,2.00,69,f,f,f,,,1,,,,+1 LAP
11342,28,41,10,1.00,69,f,f,f,,,1,,,,+1 LAP
11342,3,5,11,0.00,69,f,f,f,,,1,,,,+1 LAP
11342,6,10,12,0.00,69,f,f,f,,,1,,,,+1 LAP
11342,10,18,13,0.00,69,f,f,f,,,1,,,,+1 LAP
11342,8,14,14,0.00,69,f,f,f,,,1,,,,+1 LAP
11342,29,43,15,0.00,68,f,f,f,,,2,,,,+2 LAPS
11342,15,31,16,0.00,68,f,f,f,,,2,,,,+2 LAPS
11342,12,23,17,0.00,68,f,f,f,,,2,,,,+2 LAPS
11342,17,55,18,0.00,68,f,f,f,,,2,,,,+2 LAPS
11342,20,87,19,0.00,68,f,f,f,,,2,,,,+2 LAPS
11342,19,81,,0.00,55,t,f,f,,,,,,,
11342,27,11,,0.00,48,t,f,f,,,,,,,
11342,30,77,,0.00,13,t,f,f,,,,,,,
11465,2,1,1,0.00,58,f,f,f,94.669,0.000,,,,,0.0
11465,1,3,2,0.00,136,f,f,f,94.798,0.129,,,,,0.129
11465,9,16,3,0.00,80,f,f,f,95.190,0.521,,,,,0.521
11465,15,31,4,0.00,115,f,f,f,95.578,0.909,,,,,0.909
11465,19,81,5,0.00,54,f,f,f,95.602,0.933,,,,,0.933
11465,18,63,6,0.00,56,f,f,f,96.108,1.439,,,,,1.439
11465,16,44,7,0.00,52,f,f,f,96.433,1.764,,,,,1.764
11465,6,10,8,0.00,49,f,f,f,96.765,2.096,,,,,2.096
11465,13,27,9,0.00,73,f,f,f,96.861,2.192,,,,,2.192
11465,12,23,10,0.00,68,f,f,f,97.437,2.768,,,,,2.768
11465,7,12,11,0.00,30,f,f,f,97.629,2.960,,,,,2.96
11465,28,41,12,0.00,75,f,f,f,97.945,3.276,,,,,3.276
11465,17,55,13,0.00,77,f,f,f,98.221,3.552,,,,,3.552
11465,27,11,14,0.00,58,f,f,f,98.828,4.159,,,,,4.159
11465,3,5,15,0.00,49,f,f,f,98.871,4.202,,,,,4.202
11465,30,77,16,0.00,49,f,f,f,99.150,4.481,,,,,4.481
11465,10,18,17,0.00,36,f,f,f,99.883,5.214,,,,,5.214
11465,29,43,18,0.00,28,f,f,f,100.330,5.661,,,,,5.661
11465,20,87,,0.00,0,f,f,f,,,,,,,
11465,4,6,,0.00,0,f,f,f,,,,,,,
11465,8,14,,0.00,0,f,f,f,,,,,,,
11465,14,30,,0.00,0,f,f,f,,,,,,,
11466,9,16,1,0.00,139,f,f,f,94.273,0.000,,,,,0.0
11466,2,1,2,0.00,149,f,f,f,94.784,0.511,,,,,0.511
11466,20,87,3,0.00,130,f,f,f,95.394,1.121,,,,,1.121
11466,18,63,4,0.00,54,f,f,f,96.458,2.185,,,,,2.185
11466,4,6,5,0.00,87,f,f,f,96.561,2.288,,,,,2.288
11466,3,5,6,0.00,67,f,f,f,96.670,2.397,,,,,2.397
11466,6,10,7,0.00,97,f,f,f,96.723,2.450,,,,,2.45
11466,30,77,8,0.00,67,f,f,f,96.824,2.551,,,,,2.551
11466,12,23,9,0.00,62,f,f,f,97.229,2.956,,,,,2.956
11466,13,27,10,0.00,47,f,f,f,97.266,2.993,,,,,2.993
11466,28,41,11,0.00,83,f,f,f,97.470,3.197,,,,,3.197
11466,17,55,12,0.00,69,f,f,f,97.592,3.319,,,,,3.319
11466,14,30,13,0.00,50,f,f,f,98.017,3.744,,,,,3.744
11466,27,11,14,0.00,42,f,f,f,98.653,4.380,,,,,4.38
11466,8,14,15,0.00,98,f,f,f,98.960,4.687,,,,,4.687
11466,15,31,,0.00,0,f,f,f,,,,,,,
11466,19,81,,0.00,0,f,f,f,,,,,,,
11466,16,44,,0.00,0,f,f,f,,,,,,,
11466,29,43,,0.00,0,f,f,f,,,,,,,
11466,10,18,,0.00,0,f,f,f,,,,,,,
11466,7,12,,0.00,3,f,f,f,,,,,,,
11466,1,3,,0.00,0,f,f,f,,,,,,,
11467,7,12,1,0.00,49,f,f,f,93.669,0.000,,,,,0.0
11467,18,63,2,0.00,78,f,f,f,93.918,0.249,,,,,0.249
11467,16,44,3,0.00,138,f,f,f,94.209,0.540,,,,,0.54
11467,19,81,4,0.00,153,f,f,f,94.549,0.880,,,,,0.88
11467,1,3,5,0.00,61,f,f,f,95.425,1.756,,,,,1.756
11467,4,6,6,0.00,53,f,f,f,95.610,1.941,,,,,1.941
11467,15,31,7,0.00,68,f,f,f,95.753,2.084,,,,,2.084
11467,29,43,8,0.00,137,f,f,f,95.806,2.137,,,,,2.137
11467,20,87,9,0.00,70,f,f,f,95.972,2.303,,,,,2.303
11467,13,27,10,0.00,49,f,f,f,96.291,2.622,,,,,2.622
11467,12,23,11,0.00,71,f,f,f,96.793,3.124,,,,,3.124
11467,14,30,12,0.00,119,f,f,f,96.808,3.139,,,,,3.139
11467,17,55,13,0.00,68,f,f,f,97.186,3.517,,,,,3.517
11467,3,5,14,0.00,60,f,f,f,97.536,3.867,,,,,3.867
11467,10,18,15,0.00,69,f,f,f,98.165,4.496,,,,,4.496
11467,30,77,16,0.00,37,f,f,f,98.772,5.103,,,,,5.103
11467,27,11,17,0.00,62,f,f,f,99.251,5.582,,,,,5.582
11467,6,10,,0.00,1,f,f,f,,,,,,,
11467,28,41,,0.00,1,f,f,f,,,,,,,
11467,9,16,,0.00,1,f,f,f,,,,,,,
11467,8,14,,0.00,1,f,f,f,,,,,,,
11467,2,1,,0.00,1,f,f,f,,,,,,,
11468,9,16,1,0.00,132,f,f,f,91.992,0.000,,,,,0
11468,2,1,2,0.00,47,f,f,f,92.871,0.879,,,,,0.879
11468,1,3,3,0.00,65,f,f,f,93.109,1.117,,,,,1.117
11468,18,63,4,0.00,82,f,f,f,93.197,1.205,,,,,1.205
11468,6,10,5,0.00,118,f,f,f,93.421,1.429,,,,,1.429
11468,20,87,6,0.00,88,f,f,f,93.487,1.495,,,,,1.495
11468,3,5,7,0.00,71,f,f,f,93.755,1.763,,,,,1.763
11468,7,12,8,0.00,49,f,f,f,93.916,1.924,,,,,1.924
11468,28,41,9,0.00,165,f,f,f,94.149,2.157,,,,,2.157
11468,17,55,10,0.00,141,f,f,f,94.342,2.350,,,,,2.35
11468,19,81,11,0.00,66,f,f,f,94.352,2.360,,,,,2.36
11468,15,31,12,0.00,82,f,f,f,94.494,2.502,,,,,2.502
11468,4,6,13,0.00,59,f,f,f,94.511,2.519,,,,,2.519
11468,30,77,14,0.00,38,f,f,f,95.290,3.298,,,,,3.298
11468,13,27,15,0.00,64,f,f,f,96.019,4.027,,,,,4.027
11468,27,11,16,0.00,61,f,f,f,100.842,8.850,,,,,8.85
11468,10,18,17,0.00,6,f,f,f,,,,,,,
11468,16,44,,0.00,0,f,f,f,,,,,,,
11468,14,30,,0.00,0,f,f,f,,,,,,,
11468,12,23,,0.00,0,f,f,f,,,,,,,
11468,8,14,,0.00,0,f,f,f,,,,,,,
11468,29,43,,0.00,0,f,f,f,,,,,,,
11469,7,12,1,0.00,79,f,f,f,92.803,0.000,,,,,0.0
11469,19,81,2,0.00,86,f,f,f,92.861,0.058,,,,,0.058
11469,1,3,3,0.00,139,f,f,f,93.162,0.359,,,,,0.359
11469,16,44,4,0.00,78,f,f,f,93.408,0.605,,,,,0.605
11469,2,1,5,0.00,72,f,f,f,93.453,0.650,,,,,0.65
11469,29,43,6,0.00,120,f,f,f,93.818,1.015,,,,,1.015
11469,13,27,7,0.00,73,f,f,f,93.987,1.184,,,,,1.184
11469,18,63,8,0.00,77,f,f,f,94.111,1.308,,,,,1.308
11469,15,31,9,0.00,58,f,f,f,94.201,1.398,,,,,1.398
11469,14,30,10,0.00,106,f,f,f,94.532,1.729,,,,,1.729
11469,12,23,11,0.00,117,f,f,f,94.555,1.752,,,,,1.752
11469,3,5,12,0.00,29,f,f,f,95.263,2.460,,,,,2.46
11469,20,87,13,0.00,69,f,f,f,95.279,2.476,,,,,2.476
11469,27,11,14,0.00,50,f,f,f,95.369,2.566,,,,,2.566
11469,8,14,15,0.00,68,f,f,f,97.472,4.669,,,,,4.669
11469,30,77,16,0.00,58,f,f,f,100.193,7.390,,,,,7.39
11469,10,18,,0.00,0,f,f,f,,,,,,,
11469,28,41,,0.00,0,f,f,f,,,,,,,
11469,17,55,,0.00,0,f,f,f,,,,,,,
11469,4,6,,0.00,0,f,f,f,,,,,,,
11469,6,10,,0.00,0,f,f,f,,,,,,,
11469,9,16,,0.00,0,f,f,f,,,,,,,
11470,18,63,1,0.00,76,f,f,f,93.459,0.000,,,,,0.0
11470,19,81,2,0.00,70,f,f,f,93.469,0.010,,,,,0.01
11470,9,16,3,0.00,70,f,f,f,93.739,0.280,,,,,0.28
11470,2,1,4,0.00,54,f,f,f,94.052,0.593,,,,,0.593
11470,7,12,5,0.00,69,f,f,f,94.158,0.699,,,,,0.699
11470,4,6,6,0.00,66,f,f,f,94.260,0.801,,,,,0.801
11470,16,44,7,0.00,44,f,f,f,94.299,0.840,,,,,0.84
11470,17,55,8,0.00,55,f,f,f,95.113,1.654,,,,,1.654
11470,29,43,9,0.00,60,f,f,f,95.254,1.795,,,,,1.795
11470,3,5,10,0.00,71,f,f,f,95.263,1.804,,,,,1.804
11470,12,23,11,0.00,55,f,f,f,95.690,2.231,,,,,2.231
11470,14,30,12,0.00,61,f,f,f,95.753,2.294,,,,,2.294
11470,20,87,13,0.00,42,f,f,f,95.778,2.319,,,,,2.319
11470,6,10,14,0.00,61,f,f,f,95.898,2.439,,,,,2.439
11470,10,18,15,0.00,26,f,f,f,95.974,2.515,,,,,2.515
11470,15,31,16,0.00,65,f,f,f,96.418,2.959,,,,,2.959
11470,8,14,17,0.00,28,f,f,f,96.536,3.077,,,,,3.077
11470,13,27,18,0.00,49,f,f,f,96.741,3.282,,,,,3.282
11470,28,41,19,0.00,75,f,f,f,96.769,3.310,,,,,3.31
11470,30,77,20,0.00,35,f,f,f,96.798,3.339,,,,,3.339
11470,27,11,21,0.00,24,f,f,f,100.892,7.433,,,,,7.433
11470,1,3,,0.00,0,f,f,f,,,,,,,
