session_key,driver_id,lap_number,pit_time,pit_duration,lane_duration,stop_duration
9683,1,1,2025-02-26 14:25:12.803+02,,,
9683,1,5,2025-02-26 14:37:22.045+02,257.500,257.500,
9683,1,10,2025-02-26 14:47:17.882+02,21.900,21.900,
9683,1,19,2025-02-26 15:32:41.677+02,1858.000,1858.000,
9683,1,22,2025-02-26 15:38:52.84+02,21.200,21.200,
9683,1,32,2025-02-26 17:10:35.937+02,4540.400,4540.400,
9683,1,37,2025-02-26 17:20:31.24+02,21.600,21.600,
9683,1,46,2025-02-26 18:00:16.998+02,1525.000,1525.000,
9683,1,49,2025-02-26 18:05:49.499+02,21.100,21.100,
9683,1,61,2025-02-26 18:34:45.972+02,583.900,583.900,
9683,1,63,2025-02-26 18:38:49.128+02,21.100,21.100,
9683,2,1,2025-02-26 15:03:22.32+02,,,
9683,2,3,2025-02-26 15:13:49.071+02,422.800,422.800,
9683,2,5,2025-02-26 15:43:18.969+02,1564.700,1564.700,
9683,2,7,2025-02-26 15:53:20.229+02,402.300,402.300,
9683,2,13,2025-02-26 17:10:16.212+02,5018.300,5018.300,
9683,2,19,2025-02-26 17:32:12.384+02,649.700,649.700,
9683,2,22,2025-02-26 17:38:18.153+02,25.600,25.600,
9683,2,34,2025-02-26 17:57:17.93+02,24.100,24.100,
9683,2,35,2025-02-26 18:08:08.527+02,558.000,558.000,
9683,2,51,2025-02-26 18:34:39.18+02,34.000,34.000,
9683,2,52,2025-02-26 18:55:47.945+02,1155.500,1155.500,
9683,3,1,2025-02-26 14:28:38.034+02,,,
9683,3,3,2025-02-26 14:39:36.403+02,437.500,437.500,
9683,3,5,2025-02-26 14:50:49.92+02,444.000,444.000,
9683,3,7,2025-02-26 15:04:00.565+02,549.000,549.000,
9683,3,9,2025-02-26 15:14:03.359+02,362.700,362.700,
9683,3,11,2025-02-26 15:25:19.704+02,453.800,453.800,
9683,3,13,2025-02-26 15:37:21.619+02,488.900,488.900,
9683,3,15,2025-02-26 15:48:36.046+02,462.500,462.500,
9683,3,17,2025-02-26 16:02:08.837+02,602.800,602.800,
9683,3,18,2025-02-26 17:10:32.951+02,4706.900,4706.900,
9683,3,31,2025-02-26 17:48:21.621+02,960.300,960.300,
9683,3,44,2025-02-26 18:28:07.063+02,1078.700,1078.700,
9683,3,49,2025-02-26 18:37:29.337+02,22.300,22.300,
9683,3,51,2025-02-26 18:47:14.11+02,375.000,375.000,
9683,3,54,2025-02-26 18:53:11.539+02,31.200,31.200,
9683,4,1,2025-02-26 14:19:44.456+02,,,
9683,4,5,2025-02-26 14:41:38.451+02,878.000,878.000,
9683,4,9,2025-02-26 15:02:02.602+02,778.600,778.600,
9683,4,13,2025-02-26 15:11:10.811+02,114.500,114.500,
9683,4,18,2025-02-26 15:21:18.381+02,38.300,38.300,
9683,4,28,2025-02-26 15:50:46.47+02,788.200,788.200,
9683,4,34,2025-02-26 16:02:33.379+02,47.900,47.900,
9683,4,35,2025-02-26 17:10:27.426+02,4122.100,4122.100,
9683,4,41,2025-02-26 17:22:31.204+02,45.000,45.000,
9683,4,48,2025-02-26 17:44:13.995+02,616.000,616.000,
9683,4,54,2025-02-26 18:14:38.296+02,1160.300,1160.300,
9683,4,61,2025-02-26 18:33:19.805+02,329.100,329.100,
9683,4,69,2025-02-26 18:46:54.346+02,25.600,25.600,
9683,4,70,2025-02-26 18:49:17.708+02,25.600,25.600,
9683,4,71,2025-02-26 18:51:36.978+02,24.500,24.500,
9683,4,72,2025-02-26 18:53:59.061+02,24.700,24.700,
9683,4,73,2025-02-26 18:56:21.503+02,24.300,24.300,
9683,4,74,2025-02-26 18:58:40.139+02,24.400,24.400,
9683,5,1,2025-02-26 09:01:12.698+02,,,
9683,5,2,2025-02-26 09:03:59.112+02,35.000,35.000,
9683,5,3,2025-02-26 09:16:56.44+02,653.100,653.100,
9683,5,9,2025-02-26 09:29:08.61+02,33.400,33.400,
9683,5,15,2025-02-26 09:48:58.115+02,568.300,568.300,
9683,5,25,2025-02-26 10:42:55.784+02,2171.800,2171.800,
9683,5,31,2025-02-26 11:02:57.067+02,499.400,499.400,
9683,5,34,2025-02-26 11:09:10.863+02,28.400,28.400,
9683,5,37,2025-02-26 11:23:59.939+02,533.300,533.300,
9683,5,40,2025-02-26 11:30:07.924+02,28.300,28.300,
9683,5,43,2025-02-26 11:54:32.268+02,1139.800,1139.800,
9683,5,45,2025-02-26 12:01:43.88+02,212.500,212.500,
9683,5,53,2025-02-26 12:24:26.353+02,571.500,571.500,
9683,5,61,2025-02-26 12:46:47.022+02,518.900,518.900,
9683,6,1,2025-02-26 14:27:46.994+02,,,
9683,6,6,2025-02-26 14:42:11.726+02,369.100,369.100,
9683,6,12,2025-02-26 15:01:18.614+02,459.900,459.900,
9683,6,15,2025-02-26 15:07:32.461+02,30.600,30.600,
9683,6,18,2025-02-26 15:22:59.026+02,605.300,605.300,
9683,6,21,2025-02-26 15:29:12.1+02,29.700,29.700,
9683,6,23,2025-02-26 15:57:35.551+02,1498.100,1498.100,
9683,6,26,2025-02-26 16:03:33.966+02,29.100,29.100,
9683,6,27,2025-02-26 17:10:03.931+02,4019.100,4019.100,
9683,6,40,2025-02-26 17:42:06.341+02,654.300,654.300,
9683,6,53,2025-02-26 18:12:56.91+02,589.700,589.700,
9683,6,66,2025-02-26 18:43:39.751+02,556.200,556.200,
9683,6,67,2025-02-26 18:46:12.041+02,28.500,28.500,
9683,6,68,2025-02-26 18:48:19.038+02,25.400,25.400,
9683,6,69,2025-02-26 18:50:29.341+02,27.500,27.500,
9683,6,71,2025-02-26 18:54:12.029+02,28.600,28.600,
9683,6,72,2025-02-26 18:56:28.93+02,37.400,37.400,
9683,7,1,2025-02-26 09:00:03.919+02,,,
9683,7,6,2025-02-26 09:09:28.294+02,30.300,30.300,
9683,7,7,2025-02-26 09:44:37.662+02,1990.200,1990.200,
9683,7,12,2025-02-26 09:54:31.714+02,57.300,57.300,
9683,7,17,2025-02-26 10:31:33.436+02,1671.700,1671.700,
9683,7,23,2025-02-26 10:42:39.68+02,32.800,32.800,
9683,7,29,2025-02-26 10:53:42.703+02,39.800,39.800,
9683,7,35,2025-02-26 11:24:08.297+02,1217.800,1217.800,
9683,7,38,2025-02-26 11:29:55.647+02,29.900,29.900,
9683,7,51,2025-02-26 12:02:29.952+02,674.700,674.700,
9683,7,54,2025-02-26 12:08:28.688+02,37.900,37.900,
9683,7,67,2025-02-26 12:39:39.635+02,595.300,595.300,
9683,7,70,2025-02-26 12:45:55.567+02,42.000,42.000,
9683,8,1,2025-02-26 09:00:14.061+02,,,
9683,8,3,2025-02-26 09:14:56.343+02,648.100,648.100,
9683,8,5,2025-02-26 09:40:04.515+02,1278.100,1278.100,
9683,8,14,2025-02-26 10:36:34.13+02,2432.000,2432.000,
9683,8,20,2025-02-26 11:47:28.832+02,3601.900,3601.900,
9683,8,22,2025-02-26 11:53:57.248+02,198.200,198.200,
9683,8,30,2025-02-26 12:15:27.295+02,443.700,443.700,
9683,8,39,2025-02-26 12:40:27.308+02,537.600,537.600,
9683,9,1,2025-02-26 14:30:00.537+02,,,
9683,9,6,2025-02-26 14:50:57.846+02,731.500,731.500,
9683,9,11,2025-02-26 14:59:43.597+02,35.700,35.700,
9683,9,12,2025-02-26 15:10:39.956+02,539.000,539.000,
9683,9,17,2025-02-26 15:20:18.145+02,33.100,33.100,
9683,9,22,2025-02-26 15:39:49.408+02,655.200,655.200,
9683,9,28,2025-02-26 15:51:52.959+02,38.400,38.400,
9683,9,33,2025-02-26 17:15:38.114+02,4517.700,4517.700,
9683,9,38,2025-02-26 17:25:27.687+02,32.300,32.300,
9683,9,43,2025-02-26 17:43:13.339+02,568.500,568.500,
9683,9,53,2025-02-26 18:00:04.443+02,30.100,30.100,
9683,9,54,2025-02-26 18:17:11.257+02,879.300,879.300,
9683,9,64,2025-02-26 18:50:29.147+02,1003.900,1003.900,
9683,10,1,2025-02-26 14:39:39.527+02,,,
9683,10,3,2025-02-26 14:57:57.814+02,897.000,897.000,
9683,10,8,2025-02-26 15:13:35.314+02,385.900,385.900,
9683,10,14,2025-02-26 15:38:46.844+02,870.200,870.200,
9683,10,21,2025-02-26 16:02:33.488+02,668.800,668.800,
9683,10,22,2025-02-26 18:09:49.444+02,8304.800,8304.800,
9683,10,28,2025-02-26 18:28:35.548+02,521.500,521.500,
9683,10,34,2025-02-26 18:49:19.989+02,630.000,630.000,
9683,11,1,2025-02-26 09:00:40.874+02,,,
9683,11,4,2025-02-26 09:07:58.994+02,83.900,83.900,
9683,11,7,2025-02-26 09:14:35.992+02,41.700,41.700,
9683,11,10,2025-02-26 09:35:02.465+02,878.800,878.800,
9683,11,17,2025-02-26 09:48:50.595+02,22.600,22.600,
9683,11,24,2025-02-26 10:29:34.256+02,1744.500,1744.500,
9683,11,30,2025-02-26 10:41:29.421+02,21.200,21.200,
9683,11,37,2025-02-26 11:09:09.719+02,980.200,980.200,
9683,11,39,2025-02-26 11:13:28.71+02,33.700,33.700,
9683,11,42,2025-02-26 11:20:09.888+02,49.600,49.600,
9683,11,49,2025-02-26 11:56:07.241+02,1471.200,1471.200,
9683,11,55,2025-02-26 12:08:25.924+02,37.300,37.300,
9683,11,62,2025-02-26 12:27:59.238+02,481.400,481.400,
9683,11,68,2025-02-26 12:40:01.354+02,35.600,35.600,
9683,11,75,2025-02-26 12:57:28.917+02,367.500,367.500,
9683,12,1,2025-02-26 09:07:11.719+02,,,
9683,12,2,2025-02-26 09:15:37.11+02,381.200,381.200,
9683,12,3,2025-02-26 09:18:32.369+02,58.900,58.900,
9683,12,4,2025-02-26 09:21:51.311+02,82.200,82.200,
9683,12,5,2025-02-26 09:34:58.538+02,675.500,675.500,
9683,12,7,2025-02-26 09:54:34.005+02,966.900,966.900,
9683,12,12,2025-02-26 10:29:11.259+02,1539.900,1539.900,
9683,12,19,2025-02-26 10:43:12.609+02,29.200,29.200,
9683,12,26,2025-02-26 11:07:05.919+02,744.100,744.100,
9683,12,31,2025-02-26 11:17:12.142+02,27.700,27.700,
9683,12,40,2025-02-26 12:00:23.955+02,1710.200,1710.200,
9683,12,45,2025-02-26 12:20:10.611+02,640.000,640.000,
9683,12,50,2025-02-26 12:35:26.853+02,439.500,439.500,
9683,12,57,2025-02-26 12:49:03.575+02,30.200,30.200,
9683,13,1,2025-02-26 09:00:27.627+02,,,
9683,13,2,2025-02-26 09:25:49.658+02,1409.600,1409.600,
9683,13,5,2025-02-26 09:31:39.336+02,37.200,37.200,
9683,13,8,2025-02-26 09:37:39.239+02,27.100,27.100,
9683,13,17,2025-02-26 10:19:27.053+02,1614.100,1614.100,
9683,13,22,2025-02-26 10:29:08.598+02,26.400,26.400,
9683,13,30,2025-02-26 11:01:01.437+02,1116.700,1116.700,
9683,13,35,2025-02-26 11:10:27.194+02,26.400,26.400,
9683,13,43,2025-02-26 11:45:17.681+02,1304.900,1304.900,
9683,13,48,2025-02-26 11:54:44.544+02,27.800,27.800,
9683,14,1,2025-02-26 09:01:22.912+02,,,
9683,14,5,2025-02-26 09:32:36.834+02,1466.800,1466.800,
9683,14,9,2025-02-26 09:47:00.85+02,474.800,474.800,
9683,14,14,2025-02-26 10:19:15.24+02,1309.100,1309.100,
9683,14,17,2025-02-26 10:25:35.271+02,33.800,33.800,
9683,14,27,2025-02-26 10:57:33.925+02,883.300,883.300,
9683,14,30,2025-02-26 11:03:35.43+02,35.300,35.300,
9683,14,40,2025-02-26 11:49:11.923+02,1690.800,1690.800,
9683,14,44,2025-02-26 11:57:50.761+02,47.700,47.700,
9683,14,46,2025-02-26 12:19:55.813+02,1037.000,1037.000,
9683,14,49,2025-02-26 12:26:09.822+02,34.600,34.600,
9683,15,1,2025-02-26 14:20:22.523+02,,,
9683,15,2,2025-02-26 14:41:31.175+02,1130.800,1130.800,
9683,15,12,2025-02-26 15:08:29.563+02,619.100,619.100,
9683,15,27,2025-02-26 15:48:29.307+02,919.200,919.200,
9683,15,37,2025-02-26 17:11:46.291+02,5916.100,5916.100,
9683,15,47,2025-02-26 17:37:17.867+02,544.400,544.400,
9683,15,65,2025-02-26 18:07:07.462+02,27.400,27.400,
9683,15,66,2025-02-26 18:24:30.434+02,920.400,920.400,
9683,15,84,2025-02-26 18:54:18.531+02,22.200,22.200,
9683,15,85,2025-02-26 18:56:47.699+02,26.500,26.500,
9683,15,86,2025-02-26 18:58:59.294+02,26.800,26.800,
9683,16,1,2025-02-26 09:00:58.584+02,,,
9683,16,6,2025-02-26 09:30:54.772+02,1260.100,1260.100,
9683,16,11,2025-02-26 09:40:41.192+02,35.400,35.400,
9683,16,12,2025-02-26 09:57:08.293+02,877.000,877.000,
9683,16,17,2025-02-26 10:08:11.035+02,32.000,32.000,
9683,16,22,2025-02-26 10:30:37.033+02,811.900,811.900,
9683,16,27,2025-02-26 10:41:34.374+02,38.000,38.000,
9683,16,32,2025-02-26 11:06:37.211+02,969.100,969.100,
9683,16,37,2025-02-26 11:17:37.248+02,32.800,32.800,
9683,16,42,2025-02-26 11:54:03.647+02,1662.100,1662.100,
9683,16,52,2025-02-26 12:22:03.573+02,677.100,677.100,
9683,16,62,2025-02-26 12:47:31.663+02,518.600,518.600,
9683,17,1,2025-02-26 14:55:31.342+02,,,
9683,17,4,2025-02-26 15:01:09.167+02,26.900,26.900,
9683,17,6,2025-02-26 15:08:23.851+02,231.400,231.400,
9683,17,13,2025-02-26 15:21:49.173+02,22.800,22.800,
9683,17,20,2025-02-26 15:54:25.053+02,1251.500,1251.500,
9683,17,25,2025-02-26 16:03:36.361+02,27.000,27.000,
9683,17,26,2025-02-26 17:11:12.71+02,4083.400,4083.400,
9683,17,31,2025-02-26 17:28:08.018+02,467.400,467.400,
9683,17,34,2025-02-26 17:33:59.215+02,28.500,28.500,
9683,17,37,2025-02-26 17:39:32.905+02,22.300,22.300,
9683,17,46,2025-02-26 18:13:54.41+02,1171.900,1171.900,
9683,17,52,2025-02-26 18:25:22.277+02,31.000,31.000,
9683,17,61,2025-02-26 18:46:43.208+02,379.700,379.700,
9683,17,62,2025-02-26 18:49:06.564+02,25.600,25.600,
9683,17,63,2025-02-26 18:51:24.238+02,25.300,25.300,
9683,17,64,2025-02-26 18:53:47.89+02,25.400,25.400,
9683,17,65,2025-02-26 18:56:06.455+02,24.900,24.900,
9683,17,66,2025-02-26 18:58:36.524+02,38.800,38.800,
9683,18,1,2025-02-26 14:49:56.329+02,,,
9683,18,5,2025-02-26 15:11:05.218+02,863.100,863.100,
9683,18,8,2025-02-26 15:16:59.98+02,32.200,32.200,
9683,18,20,2025-02-26 16:02:35.904+02,1567.000,1567.000,
9683,18,21,2025-02-26 17:12:23.465+02,5754.500,5754.500,
9683,18,23,2025-02-26 17:16:26.232+02,25.900,25.900,
9683,18,26,2025-02-26 17:22:46.627+02,35.600,35.600,
9683,18,38,2025-02-26 18:01:42.904+02,1152.000,1152.000,
9683,18,41,2025-02-26 18:07:40.771+02,30.900,30.900,
9683,18,53,2025-02-26 18:34:39.062+02,451.900,451.900,
9683,18,56,2025-02-26 18:40:23.15+02,29.900,29.900,
9683,19,1,2025-02-26 09:01:35.76+02,,,
9683,19,2,2025-02-26 09:16:33.245+02,783.400,783.400,
9683,19,3,2025-02-26 09:23:07.131+02,282.500,282.500,
9683,19,4,2025-02-26 09:25:25.922+02,30.000,30.000,
9683,19,5,2025-02-26 09:34:17.588+02,420.500,420.500,
9683,19,6,2025-02-26 09:49:24.142+02,794.600,794.600,
9683,19,7,2025-02-26 10:02:08.338+02,643.600,643.600,
9683,19,8,2025-02-26 10:17:57.718+02,827.700,827.700,
9683,19,14,2025-02-26 10:29:14.839+02,30.300,30.300,
9683,19,15,2025-02-26 10:40:29.539+02,557.300,557.300,
9683,19,16,2025-02-26 10:43:15.442+02,29.200,29.200,
9683,19,17,2025-02-26 10:45:40.332+02,27.100,27.100,
9683,19,18,2025-02-26 10:59:11.198+02,700.100,700.100,
9683,19,24,2025-02-26 11:10:30.019+02,25.800,25.800,
9683,19,34,2025-02-26 11:42:38.443+02,972.400,972.400,
9683,19,40,2025-02-26 11:54:14.887+02,38.600,38.600,
9683,19,50,2025-02-26 12:35:02.259+02,1495.600,1495.600,
9683,19,57,2025-02-26 12:48:40.571+02,40.700,40.700,
9683,20,1,2025-02-26 09:01:44.968+02,,,
9683,20,2,2025-02-26 09:20:33.201+02,1018.500,1018.500,
9683,20,7,2025-02-26 09:38:57.049+02,612.000,612.000,
9683,20,12,2025-02-26 10:11:47.895+02,1466.600,1466.600,
9683,20,27,2025-02-26 10:56:39.428+02,1227.800,1227.800,
9683,20,42,2025-02-26 11:38:39.168+02,1050.300,1050.300,
9683,20,57,2025-02-26 12:23:37.276+02,1223.300,1223.300,
9684,2,1,2025-02-27 14:56:13.289+02,,,
9684,2,5,2025-02-27 15:09:00.416+02,339.700,339.700,
9684,2,8,2025-02-27 15:28:41.572+02,861.000,861.000,
9684,2,10,2025-02-27 15:41:42.905+02,570.500,570.500,
9684,2,11,2025-02-27 15:43:51.329+02,26.700,26.700,
9684,2,31,2025-02-27 16:16:46.787+02,35.300,35.300,
9684,2,49,2025-02-27 16:45:40.847+02,34.500,34.500,
9684,2,69,2025-02-27 17:31:04.26+02,859.200,859.200,
9684,2,70,2025-02-27 17:35:46.091+02,175.000,175.000,
9684,2,72,2025-02-27 17:39:24.256+02,24.400,24.400,
9684,2,73,2025-02-27 17:44:33.352+02,214.200,214.200,
9684,2,75,2025-02-27 17:52:40.166+02,290.400,290.400,
9684,3,1,2025-02-27 14:33:39.111+02,,,
9684,3,8,2025-02-27 14:56:04.674+02,579.900,579.900,
9684,3,13,2025-02-27 15:07:24.058+02,163.600,163.600,
9684,3,17,2025-02-27 15:39:49.064+02,1483.400,1483.400,
9684,3,20,2025-02-27 16:05:17.788+02,1219.900,1219.900,
9684,3,22,2025-02-27 16:16:31.997+02,453.100,453.100,
9684,3,23,2025-02-27 16:19:00.078+02,21.700,21.700,
9684,3,36,2025-02-27 16:40:42.437+02,25.000,25.000,
9684,3,56,2025-02-27 17:13:27.518+02,40.600,40.600,
9684,4,1,2025-02-27 14:03:33.265+02,,,
9684,4,2,2025-02-27 14:15:12.148+02,562.000,562.000,
9684,4,13,2025-02-27 14:49:17.008+02,944.800,944.800,
9684,4,14,2025-02-27 14:51:54.298+02,26.800,26.800,
9684,4,31,2025-02-27 15:20:07.171+02,31.900,31.900,
9684,4,56,2025-02-27 16:00:37.7+02,29.500,29.500,
9684,4,72,2025-02-27 16:53:05.051+02,1612.200,1612.200,
9684,4,77,2025-02-27 17:06:16.141+02,246.000,246.000,
9684,4,82,2025-02-27 17:23:05.246+02,449.500,449.500,
9684,4,87,2025-02-27 17:38:07.62+02,366.800,366.800,
9684,4,90,2025-02-27 17:47:04.625+02,242.300,242.300,
9684,4,91,2025-02-27 17:49:24.396+02,23.900,23.900,
9684,4,92,2025-02-27 17:51:34.411+02,24.400,24.400,
9684,4,93,2025-02-27 17:53:36.931+02,24.600,24.600,
9684,5,1,2025-02-27 14:17:17.418+02,,,
9684,5,9,2025-02-27 14:39:49.237+02,463.500,463.500,
9684,5,15,2025-02-27 15:00:41.627+02,573.900,573.900,
9684,5,18,2025-02-27 15:15:49.521+02,575.900,575.900,
9684,5,21,2025-02-27 15:29:15.179+02,464.300,464.300,
9684,5,23,2025-02-27 15:58:58.911+02,1540.400,1540.400,
9684,5,27,2025-02-27 16:14:20.95+02,488.300,488.300,
9684,5,28,2025-02-27 16:17:20.274+02,29.500,29.500,
9684,5,45,2025-02-27 16:46:34.382+02,38.200,38.200,
9684,5,60,2025-02-27 17:11:01.383+02,34.400,34.400,
9684,5,75,2025-02-27 17:44:08.045+02,541.000,541.000,
9684,5,76,2025-02-27 17:46:35.685+02,26.100,26.100,
9684,5,77,2025-02-27 17:48:38.813+02,24.200,24.200,
9684,5,78,2025-02-27 17:50:40.508+02,25.600,25.600,
9684,5,79,2025-02-27 17:52:42.377+02,24.000,24.000,
9684,5,80,2025-02-27 17:54:44.115+02,24.100,24.100,
9684,6,1,2025-02-27 09:01:06.975+02,,,
9684,6,2,2025-02-27 09:13:25.212+02,585.900,585.900,
9684,6,3,2025-02-27 09:31:41.857+02,964.500,964.500,
9684,6,4,2025-02-27 09:40:45.192+02,435.800,435.800,
9684,6,7,2025-02-27 09:46:31.324+02,28.100,28.100,
9684,6,15,2025-02-27 11:24:40.097+02,5075.900,5075.900,
9684,6,23,2025-02-27 11:45:20.909+02,434.500,434.500,
9684,6,26,2025-02-27 11:51:31.542+02,28.700,28.700,
9684,6,32,2025-02-27 12:39:59.683+02,2286.600,2286.600,
9684,6,35,2025-02-27 12:46:25.276+02,29.200,29.200,
9684,7,1,2025-02-27 14:14:57.116+02,,,
9684,7,4,2025-02-27 14:21:05.692+02,20.100,20.100,
9684,7,8,2025-02-27 14:43:50.92+02,921.600,921.600,
9684,7,11,2025-02-27 14:49:54.999+02,29.200,29.200,
9684,7,13,2025-02-27 15:01:11.183+02,454.400,454.400,
9684,7,18,2025-02-27 15:11:03.794+02,19.100,19.100,
9684,7,20,2025-02-27 15:15:29.298+02,33.700,33.700,
9684,7,23,2025-02-27 15:28:29.721+02,470.500,470.500,
9684,7,24,2025-02-27 15:43:33.566+02,780.500,780.500,
9684,7,27,2025-02-27 15:52:32.003+02,237.400,237.400,
9684,7,30,2025-02-27 16:22:06.107+02,1425.900,1425.900,
9684,7,31,2025-02-27 16:24:50.338+02,24.800,24.800,
9684,7,51,2025-02-27 16:58:04.458+02,25.700,25.700,
9684,7,66,2025-02-27 17:22:12.127+02,25.600,25.600,
9684,8,1,2025-02-27 09:02:02.321+02,,,
9684,8,3,2025-02-27 09:26:07.773+02,1214.700,1214.700,
9684,8,10,2025-02-27 10:06:31.892+02,1726.300,1726.300,
9684,8,15,2025-02-27 11:25:40.549+02,4250.100,4250.100,
9684,8,25,2025-02-27 11:51:10.51+02,561.600,561.600,
9684,8,35,2025-02-27 12:29:42.924+02,1327.200,1327.200,
9684,8,41,2025-02-27 12:46:42.697+02,367.200,367.200,
9684,9,1,2025-02-27 14:13:19.007+02,,,
9684,9,8,2025-02-27 14:33:35.344+02,467.100,467.100,
9684,9,13,2025-02-27 14:50:34.552+02,462.500,462.500,
9684,9,19,2025-02-27 15:09:19.75+02,410.900,410.900,
9684,9,24,2025-02-27 15:30:30.463+02,697.300,697.300,
9684,9,26,2025-02-27 16:10:19.412+02,2123.800,2123.800,
9684,9,27,2025-02-27 16:12:45.228+02,23.900,23.900,
9684,9,44,2025-02-27 16:40:47.64+02,24.700,24.700,
9684,9,62,2025-02-27 17:09:38.192+02,24.700,24.700,
9684,10,1,2025-02-27 14:38:29.696+02,,,
9684,10,3,2025-02-27 14:52:39.636+02,643.400,643.400,
9684,10,5,2025-02-27 15:13:44.022+02,1057.500,1057.500,
9684,10,12,2025-02-27 15:47:08.06+02,1252.500,1252.500,
9684,10,17,2025-02-27 16:06:50.95+02,641.600,641.600,
9684,10,23,2025-02-27 16:26:51.393+02,512.300,512.300,
9684,10,28,2025-02-27 16:47:27.757+02,702.300,702.300,
9684,10,38,2025-02-27 17:15:44.277+02,704.200,704.200,
9684,10,48,2025-02-27 17:37:38.634+02,317.600,317.600,
9684,11,1,2025-02-27 09:06:22.99+02,,,
9684,11,4,2025-02-27 09:21:48.762+02,583.300,583.300,
9684,11,6,2025-02-27 10:08:58.793+02,2599.600,2599.600,
9684,11,9,2025-02-27 10:16:06.108+02,56.200,56.200,
9684,11,12,2025-02-27 11:17:51.232+02,3350.100,3350.100,
9684,11,28,2025-02-27 11:54:58.329+02,531.700,531.700,
9684,11,33,2025-02-27 12:19:19.8+02,905.200,905.200,
9684,11,38,2025-02-27 12:36:20.179+02,490.000,490.000,
9684,11,41,2025-02-27 12:42:33.358+02,34.300,34.300,
9684,11,44,2025-02-27 12:48:11.573+02,21.200,21.200,
9684,11,45,2025-02-27 12:50:48.813+02,21.800,21.800,
9684,11,46,2025-02-27 12:53:11.262+02,22.800,22.800,
9684,13,1,2025-02-27 09:00:03.247+02,,,
9684,13,8,2025-02-27 09:49:34.15+02,2272.300,2272.300,
9684,13,13,2025-02-27 09:59:17.391+02,21.800,21.800,
9684,13,22,2025-02-27 11:11:37.002+02,3404.200,3404.200,
9684,13,25,2025-02-27 11:17:07.171+02,22.400,22.400,
9684,13,26,2025-02-27 11:19:31.125+02,26.100,26.100,
9684,13,29,2025-02-27 11:25:38.278+02,32.500,32.500,
9684,13,32,2025-02-27 11:46:45.587+02,921.800,921.800,
9684,13,37,2025-02-27 11:56:19.922+02,22.200,22.200,
9684,13,46,2025-02-27 12:23:48.721+02,782.900,782.900,
9684,13,47,2025-02-27 12:31:17.333+02,334.400,334.400,
9684,13,49,2025-02-27 12:41:58.191+02,421.700,421.700,
9684,13,54,2025-02-27 12:51:32.099+02,21.900,21.900,
9684,14,1,2025-02-27 09:04:17.773+02,,,
9684,14,5,2025-02-27 09:23:43.007+02,754.700,754.700,
9684,14,8,2025-02-27 09:29:56.638+02,35.500,35.500,
9684,14,16,2025-02-27 11:21:31.32+02,5901.100,5901.100,
9684,14,17,2025-02-27 11:24:49.549+02,27.100,27.100,
9684,14,29,2025-02-27 14:21:09.675+02,9406.900,9406.900,
9684,14,31,2025-02-27 14:24:57.421+02,29.200,29.200,
9684,14,51,2025-02-27 14:57:20.964+02,30.400,30.400,
9684,14,75,2025-02-27 15:49:53.376+02,833.900,833.900,
9684,14,78,2025-02-27 15:56:05.525+02,29.500,29.500,
9684,14,79,2025-02-27 16:18:41.856+02,1243.600,1243.600,
9684,14,83,2025-02-27 16:48:32.296+02,1309.800,1309.800,
9684,14,87,2025-02-27 17:20:32.886+02,1458.200,1458.200,
9684,14,90,2025-02-27 17:53:48.53+02,1660.300,1660.300,
9684,15,1,2025-02-27 09:04:07.684+02,,,
9684,15,4,2025-02-27 09:10:19.224+02,42.700,42.700,
9684,15,7,2025-02-27 09:24:03.756+02,521.500,521.500,
9684,15,12,2025-02-27 09:33:03.002+02,22.400,22.400,
9684,15,13,2025-02-27 09:49:24.142+02,862.100,862.100,
9684,15,25,2025-02-27 10:09:16.221+02,22.400,22.400,
9684,15,26,2025-02-27 10:40:06.73+02,1728.100,1728.100,
9684,15,27,2025-02-27 10:42:41.321+02,24.100,24.100,
9684,15,28,2025-02-27 10:45:18.16+02,23.200,23.200,
9684,15,29,2025-02-27 11:25:53.585+02,2302.300,2302.300,
9684,15,32,2025-02-27 11:38:07.906+02,418.900,418.900,
9684,15,36,2025-02-27 11:48:11.875+02,195.700,195.700,
9684,15,51,2025-02-27 12:12:51.15+02,22.000,22.000,
9684,15,52,2025-02-27 12:26:58.799+02,726.400,726.400,
9684,15,68,2025-02-27 12:53:30.775+02,22.300,22.300,
9684,16,1,2025-02-27 09:05:53.667+02,,,
9684,16,6,2025-02-27 09:23:47.64+02,544.800,544.800,
9684,16,12,2025-02-27 09:42:43.802+02,458.200,458.200,
9684,16,17,2025-02-27 10:16:30.639+02,1451.900,1451.900,
9684,16,18,2025-02-27 11:26:09.77+02,4045.900,4045.900,
9684,16,26,2025-02-27 11:47:46.973+02,389.600,389.600,
9684,16,31,2025-02-27 12:09:59.576+02,770.800,770.800,
9684,16,36,2025-02-27 12:31:31.146+02,751.500,751.500,
9684,16,44,2025-02-27 12:52:55.714+02,494.500,494.500,
9684,17,1,2025-02-27 09:07:09.635+02,,,
9684,17,3,2025-02-27 09:23:28.129+02,773.800,773.800,
9684,17,5,2025-02-27 09:38:19.725+02,658.400,658.400,
9684,17,7,2025-02-27 09:47:23.971+02,334.800,334.800,
9684,17,12,2025-02-27 10:04:27.937+02,470.800,470.800,
9684,17,15,2025-02-27 11:30:02.513+02,4785.100,4785.100,
9684,17,21,2025-02-27 11:44:58.257+02,267.000,267.000,
9684,17,27,2025-02-27 12:06:20.568+02,650.800,650.800,
9684,17,32,2025-02-27 12:24:20.34+02,561.900,561.900,
9684,17,39,2025-02-27 12:46:23.921+02,638.600,638.600,
9684,17,45,2025-02-27 14:04:34.329+02,5329.200,5329.200,
9684,17,50,2025-02-27 14:19:35.527+02,348.600,348.600,
9684,17,55,2025-02-27 14:37:22.528+02,510.300,510.300,
9684,17,60,2025-02-27 14:52:46.118+02,387.800,387.800,
9684,17,64,2025-02-27 15:05:38.12+02,337.200,337.200,
9684,17,69,2025-02-27 15:40:17.567+02,1513.200,1513.200,
9684,17,79,2025-02-27 16:05:59.671+02,569.600,569.600,
9684,17,89,2025-02-27 16:31:19.973+02,496.500,496.500,
9684,17,99,2025-02-27 16:56:52.748+02,541.800,541.800,
9684,17,109,2025-02-27 17:22:15.565+02,535.500,535.500,
9684,17,124,2025-02-27 17:47:15.273+02,26.200,26.200,
9684,17,125,2025-02-27 17:49:45.058+02,25.500,25.500,
9684,17,126,2025-02-27 17:52:04.784+02,26.300,26.300,
9684,17,127,2025-02-27 17:54:32.722+02,25.600,25.600,
9684,18,1,2025-02-27 09:00:07.161+02,,,
9684,18,7,2025-02-27 09:23:31.211+02,783.000,783.000,
9684,18,10,2025-02-27 09:29:17.548+02,31.100,31.100,
9684,18,22,2025-02-27 10:00:01.755+02,688.400,688.400,
9684,18,26,2025-02-27 10:08:05.792+02,32.500,32.500,
9684,18,29,2025-02-27 11:07:15.106+02,3212.400,3212.400,
9684,18,43,2025-02-27 11:47:11.474+02,1005.100,1005.100,
9684,18,46,2025-02-27 11:53:16.592+02,37.600,37.600,
9684,18,57,2025-02-27 12:21:04.146+02,594.700,594.700,
9684,18,61,2025-02-27 12:29:00.568+02,30.800,30.800,
9684,18,71,2025-02-27 12:55:13.126+02,603.800,603.800,
9684,19,1,2025-02-27 09:02:26.126+02,,,
9684,19,2,2025-02-27 09:04:54.395+02,30.000,30.000,
9684,19,3,2025-02-27 09:21:10.068+02,862.000,862.000,
9684,19,4,2025-02-27 09:31:37.186+02,514.800,514.800,
9684,19,5,2025-02-27 09:44:03.429+02,620.500,620.500,
9684,19,6,2025-02-27 10:06:18.416+02,1220.000,1220.000,
9684,19,8,2025-02-27 11:19:47.901+02,4179.400,4179.400,
9684,19,21,2025-02-27 11:53:07.906+02,774.500,774.500,
9684,19,25,2025-02-27 12:01:32.414+02,63.600,63.600,
9684,19,31,2025-02-27 12:22:00.097+02,654.400,654.400,
9684,19,33,2025-02-27 12:29:30.07+02,228.200,228.200,
9684,19,37,2025-02-27 12:41:40.723+02,279.700,279.700,
9684,19,41,2025-02-27 12:49:24.441+02,42.700,42.700,
9684,20,1,2025-02-27 14:13:51.492+02,,,
9684,20,6,2025-02-27 14:27:29.989+02,333.400,333.400,
9684,20,21,2025-02-27 15:11:55.153+02,1218.800,1218.800,
9684,20,32,2025-02-27 16:04:20.4+02,2067.800,2067.800,
9684,20,51,2025-02-27 16:55:27.8+02,1240.300,1240.300,
9684,20,64,2025-02-27 17:22:18.706+02,341.800,341.800,
9685,1,1,2025-02-28 09:00:02.93+02,,,
9685,1,5,2025-02-28 09:07:43.817+02,62.300,62.300,
9685,1,9,2025-02-28 09:32:57.185+02,1116.800,1116.800,
9685,1,12,2025-02-28 09:39:08.541+02,32.600,32.600,
9685,1,15,2025-02-28 10:20:55.335+02,2185.000,2185.000,
9685,1,17,2025-02-28 10:25:03.228+02,29.000,29.000,
9685,1,20,2025-02-28 11:01:42.384+02,1824.100,1824.100,
9685,1,25,2025-02-28 11:21:20.971+02,546.900,546.900,
9685,1,37,2025-02-28 12:24:17.87+02,2596.600,2596.600,
9685,1,48,2025-02-28 15:11:43.659+02,8991.200,8991.200,
9685,1,54,2025-02-28 15:29:18.902+02,361.600,361.600,
9685,1,57,2025-02-28 15:50:21.071+02,933.700,933.700,
9685,1,60,2025-02-28 16:04:23.418+02,528.800,528.800,
9685,1,63,2025-02-28 16:31:04.611+02,1298.500,1298.500,
9685,1,66,2025-02-28 17:02:08.399+02,1564.800,1564.800,
9685,1,69,2025-02-28 17:16:39.924+02,572.700,572.700,
9685,1,74,2025-02-28 17:48:54.81+02,512.400,512.400,
9685,2,1,2025-02-28 09:02:53.451+02,,,
9685,2,3,2025-02-28 09:17:25.891+02,624.500,624.500,
9685,2,5,2025-02-28 09:30:48.439+02,552.600,552.600,
9685,2,7,2025-02-28 09:41:27.379+02,383.800,383.800,
9685,2,9,2025-02-28 09:52:37.729+02,424.800,424.800,
9685,2,11,2025-02-28 10:03:10.293+02,388.100,388.100,
9685,2,13,2025-02-28 10:18:51.558+02,695.400,695.400,
9685,2,18,2025-02-28 10:36:00.696+02,437.100,437.100,
9685,2,27,2025-02-28 11:04:32.077+02,610.700,610.700,
9685,2,33,2025-02-28 11:30:28.579+02,819.100,819.100,
9685,2,43,2025-02-28 11:53:44.245+02,405.400,405.400,
9685,2,53,2025-02-28 12:24:04.4+02,842.000,842.000,
9685,3,1,2025-02-28 09:00:23.203+02,,,
9685,3,7,2025-02-28 09:31:02.497+02,1164.800,1164.800,
9685,3,11,2025-02-28 09:46:54.563+02,502.600,502.600,
9685,3,16,2025-02-28 09:57:05.945+02,26.300,26.300,
9685,3,22,2025-02-28 10:31:31.62+02,1468.500,1468.500,
9685,3,23,2025-02-28 12:25:06.049+02,6683.300,6683.300,
9685,3,25,2025-02-28 12:29:21.961+02,40.200,40.200,
9685,3,31,2025-02-28 12:46:27.397+02,390.900,390.900,
9685,4,1,2025-02-28 09:00:12.803+02,,,
9685,4,4,2025-02-28 09:12:08.797+02,332.900,332.900,
9685,4,7,2025-02-28 09:35:38.723+02,1054.100,1054.100,
9685,4,10,2025-02-28 09:41:38.364+02,33.400,33.400,
9685,4,13,2025-02-28 09:53:45.429+02,429.800,429.800,
9685,4,16,2025-02-28 10:00:09.546+02,34.900,34.900,
9685,4,22,2025-02-28 10:23:06.813+02,689.700,689.700,
9685,4,28,2025-02-28 10:44:55.606+02,609.300,609.300,
9685,4,31,2025-02-28 10:51:25.519+02,37.700,37.700,
9685,4,34,2025-02-28 11:05:52.776+02,515.200,515.200,
9685,4,37,2025-02-28 11:12:04.036+02,40.300,40.300,
9685,4,40,2025-02-28 11:18:29.379+02,43.600,43.600,
9685,4,43,2025-02-28 11:24:52.143+02,54.600,54.600,
9685,4,45,2025-02-28 11:46:33.045+02,1079.400,1079.400,
9685,4,46,2025-02-28 11:49:15.419+02,24.300,24.300,
9685,4,61,2025-02-28 12:34:07.8+02,2716.700,2716.700,
9685,4,62,2025-02-28 12:36:43.894+02,24.000,24.000,
9685,5,1,2025-02-28 09:00:29.369+02,,,
9685,5,2,2025-02-28 09:03:38.501+02,30.400,30.400,
9685,5,11,2025-02-28 09:31:03.108+02,621.400,621.400,
9685,5,14,2025-02-28 09:37:25.35+02,28.400,28.400,
9685,5,20,2025-02-28 10:12:26.858+02,1428.300,1428.300,
9685,5,27,2025-02-28 10:31:49.467+02,346.200,346.200,
9685,5,30,2025-02-28 10:37:50.584+02,28.100,28.100,
9685,5,33,2025-02-28 10:52:02.059+02,514.200,514.200,
9685,5,39,2025-02-28 11:30:28.59+02,1600.200,1600.200,
9685,5,45,2025-02-28 11:50:27.543+02,501.500,501.500,
9685,5,51,2025-02-28 12:24:03.582+02,1318.300,1318.300,
9685,6,1,2025-02-28 14:01:26.092+02,,,
9685,6,5,2025-02-28 14:11:28.683+02,,,
9685,6,8,2025-02-28 14:21:52.499+02,314.000,314.000,
9685,6,14,2025-02-28 14:48:44.408+02,930.700,930.700,
9685,6,19,2025-02-28 15:10:32.572+02,748.200,748.200,
9685,6,25,2025-02-28 15:49:20.076+02,1658.100,1658.100,
9685,6,39,2025-02-28 16:30:28.784+02,1129.300,1129.300,
9685,6,53,2025-02-28 17:01:24.965+02,528.200,528.200,
9685,6,79,2025-02-28 17:53:18.674+02,28.900,28.900,
9685,6,80,2025-02-28 17:55:40.517+02,27.300,27.300,
9685,6,81,2025-02-28 17:57:51.249+02,28.400,28.400,
9685,7,1,2025-02-28 09:01:53.029+02,,,
9685,7,4,2025-02-28 09:07:56.064+02,19.200,19.200,
9685,7,8,2025-02-28 09:15:44.883+02,19.200,19.200,
9685,7,11,2025-02-28 09:27:08.444+02,354.600,354.600,
9685,7,14,2025-02-28 10:54:29.047+02,4918.800,4918.800,
9685,7,17,2025-02-28 11:03:26.18+02,225.100,225.100,
9685,7,20,2025-02-28 11:12:08.742+02,204.500,204.500,
9685,7,23,2025-02-28 11:28:13.666+02,647.000,647.000,
9685,7,37,2025-02-28 12:00:30.154+02,549.300,549.300,
9685,7,45,2025-02-28 12:21:03.003+02,1782.000,1782.000,
9685,7,46,2025-02-28 12:24:05.359+02,1964.500,1964.500,
9685,7,53,2025-02-28 12:41:19.305+02,336.600,336.600,
9685,8,1,2025-02-28 09:01:02.263+02,,,
9685,8,3,2025-02-28 09:12:50.632+02,454.200,454.200,
9685,8,5,2025-02-28 09:30:09.507+02,825.600,825.600,
9685,8,12,2025-02-28 10:25:17.465+02,2578.800,2578.800,
9685,8,19,2025-02-28 10:52:49.486+02,942.600,942.600,
9685,8,26,2025-02-28 11:23:30.874+02,1152.000,1152.000,
9685,8,32,2025-02-28 11:51:26.38+02,998.300,998.300,
9685,8,38,2025-02-28 12:24:06.706+02,1294.800,1294.800,
9685,8,44,2025-02-28 12:45:41.92+02,681.300,681.300,
9685,8,50,2025-02-28 16:51:21.486+02,14142.300,14142.300,
9685,8,53,2025-02-28 16:56:37.739+02,25.500,25.500,
9685,8,64,2025-02-28 17:22:42.73+02,495.700,495.700,
9685,8,75,2025-02-28 17:48:00.598+02,448.300,448.300,
9685,8,80,2025-02-28 17:58:09.068+02,127.100,127.100,
9685,9,1,2025-02-28 09:00:36.929+02,,,
9685,9,8,2025-02-28 09:22:56.546+02,549.300,549.300,
9685,9,11,2025-02-28 09:28:59.657+02,30.100,30.100,
9685,9,14,2025-02-28 09:59:17.597+02,1501.600,1501.600,
9685,9,19,2025-02-28 10:19:07.175+02,617.400,617.400,
9685,9,24,2025-02-28 10:38:29.261+02,619.900,619.900,
9685,9,28,2025-02-28 10:59:06.235+02,778.200,778.200,
9685,9,33,2025-02-28 11:31:29.698+02,1385.700,1385.700,
9685,9,43,2025-02-28 12:03:26.726+02,919.400,919.400,
9685,9,49,2025-02-28 12:26:09.776+02,2282.400,2282.400,
9685,9,59,2025-02-28 12:43:24.325+02,51.100,51.100,
9685,9,62,2025-02-28 12:48:41.941+02,24.000,24.000,
9685,10,1,2025-02-28 14:32:18.492+02,,,
9685,10,4,2025-02-28 14:47:16.869+02,570.800,570.800,
9685,10,9,2025-02-28 15:02:23.426+02,349.500,349.500,
9685,10,14,2025-02-28 15:22:16.849+02,632.900,632.900,
9685,10,19,2025-02-28 15:49:53.071+02,1138.900,1138.900,
9685,10,24,2025-02-28 16:07:10.822+02,514.300,514.300,
9685,11,1,2025-02-28 14:07:35.628+02,,,
9685,11,2,2025-02-28 14:12:11.612+02,,,
9685,11,8,2025-02-28 14:36:33.224+02,872.400,872.400,
9685,11,9,2025-02-28 14:38:49.923+02,21.400,21.400,
9685,11,27,2025-02-28 15:24:25.018+02,965.800,965.800,
9685,11,28,2025-02-28 15:26:40.177+02,21.500,21.500,
9685,11,46,2025-02-28 16:16:20.984+02,1219.500,1219.500,
9685,11,47,2025-02-28 16:18:32.643+02,21.200,21.200,
9685,11,65,2025-02-28 17:06:58.798+02,1140.600,1140.600,
9685,11,71,2025-02-28 17:22:01.358+02,250.800,250.800,
9685,11,79,2025-02-28 17:46:49.782+02,246.000,246.000,
9685,11,82,2025-02-28 17:52:54.806+02,49.300,49.300,
9685,11,83,2025-02-28 17:54:53.846+02,24.100,24.100,
9685,11,84,2025-02-28 17:56:52.223+02,24.500,24.500,
9685,11,85,2025-02-28 17:58:52.389+02,24.100,24.100,
9685,12,1,2025-02-28 09:00:52.03+02,,,
9685,12,3,2025-02-28 09:20:05.14+02,946.000,946.000,
9685,12,6,2025-02-28 09:30:03.319+02,301.700,301.700,
9685,12,11,2025-02-28 09:58:06.38+02,1134.900,1134.900,
9685,12,18,2025-02-28 10:23:15.735+02,740.600,740.600,
9685,12,23,2025-02-28 10:38:34.823+02,361.500,361.500,
9685,12,27,2025-02-28 11:24:12.259+02,2277.600,2277.600,
9685,12,39,2025-02-28 12:03:45.683+02,1166.400,1166.400,
9685,12,45,2025-02-28 12:28:17.84+02,2638.900,2638.900,
9685,12,59,2025-02-28 14:40:12.412+02,6515.200,6515.200,
9685,12,81,2025-02-28 15:16:35.019+02,30.000,30.000,
9685,12,98,2025-02-28 16:10:48.458+02,1609.800,1609.800,
9685,12,101,2025-02-28 16:27:46.821+02,690.500,690.500,
9685,12,106,2025-02-28 16:42:30.562+02,359.100,359.100,
9685,12,109,2025-02-28 16:51:52.115+02,252.100,252.100,
9685,12,113,2025-02-28 17:02:13.484+02,183.600,183.600,
9685,12,116,2025-02-28 17:18:35.543+02,666.500,666.500,
9685,12,127,2025-02-28 17:46:39.511+02,604.300,604.300,
9685,13,1,2025-02-28 14:26:11.685+02,,,
9685,13,6,2025-02-28 14:42:42.377+02,450.400,450.400,
9685,13,10,2025-02-28 14:59:17.208+02,536.400,536.400,
9685,13,16,2025-02-28 15:23:13.031+02,752.100,752.100,
9685,13,22,2025-02-28 16:07:38.692+02,1956.300,1956.300,
9685,13,35,2025-02-28 16:48:47.824+02,1171.000,1171.000,
9685,13,48,2025-02-28 17:27:12.543+02,1028.600,1028.600,
9685,13,67,2025-02-28 17:58:43.445+02,24.800,24.800,
9685,15,1,2025-02-28 14:00:04.788+02,,,
9685,15,4,2025-02-28 14:06:38.1+02,34.300,34.300,
9685,15,5,2025-02-28 14:11:09.995+02,306.100,306.100,
9685,15,10,2025-02-28 14:25:46.273+02,332.100,332.100,
9685,15,16,2025-02-28 14:43:57.245+02,385.700,385.700,
9685,15,19,2025-02-28 14:50:31.768+02,33.900,33.900,
9685,15,22,2025-02-28 15:04:33.33+02,510.800,510.800,
9685,15,29,2025-02-28 15:35:28.596+02,1017.300,1017.300,
9685,15,30,2025-02-28 15:38:03.232+02,21.500,21.500,
9685,15,46,2025-02-28 16:04:58.457+02,43.500,43.500,
9685,15,65,2025-02-28 16:36:02.831+02,38.200,38.200,
9685,15,94,2025-02-28 17:44:32.963+02,25.400,25.400,
9685,15,95,2025-02-28 17:46:44.872+02,26.800,26.800,
9685,15,96,2025-02-28 17:49:02.291+02,32.700,32.700,
9685,15,99,2025-02-28 17:54:41.883+02,31.900,31.900,
9685,15,100,2025-02-28 17:57:05.607+02,26.800,26.800,
9685,15,101,2025-02-28 17:59:26.809+02,33.500,33.500,
9685,16,1,2025-02-28 14:11:35.248+02,,,
9685,16,8,2025-02-28 14:39:14.876+02,860.100,860.100,
9685,16,13,2025-02-28 15:04:24.582+02,913.000,913.000,
9685,16,16,2025-02-28 15:10:43.657+02,29.700,29.700,
9685,16,18,2025-02-28 15:22:26.832+02,471.500,471.500,
9685,16,22,2025-02-28 15:43:08.428+02,770.100,770.100,
9685,16,27,2025-02-28 15:57:42.015+02,305.600,305.600,
9685,16,30,2025-02-28 16:24:52.37+02,1309.900,1309.900,
9685,16,31,2025-02-28 16:27:19.938+02,22.400,22.400,
9685,16,43,2025-02-28 17:09:52.508+02,1373.500,1373.500,
9685,18,1,2025-02-28 14:15:59.72+02,,,
9685,18,4,2025-02-28 14:21:55.13+02,33.500,33.500,
9685,18,10,2025-02-28 14:43:08.798+02,678.600,678.600,
9685,18,13,2025-02-28 14:55:29.447+02,408.300,408.300,
9685,18,16,2025-02-28 15:01:15.237+02,32.200,32.200,
9685,18,22,2025-02-28 15:26:35.023+02,901.200,901.200,
9685,18,25,2025-02-28 15:36:11.298+02,257.600,257.600,
9685,18,28,2025-02-28 16:12:31.277+02,1837.000,1837.000,
9685,18,29,2025-02-28 16:15:13.234+02,24.200,24.200,
9685,18,48,2025-02-28 16:46:51.872+02,26.600,26.600,
9685,18,71,2025-02-28 17:23:50.749+02,24.400,24.400,
9685,18,84,2025-02-28 17:49:59.072+02,344.600,344.600,
9685,18,87,2025-02-28 17:55:25.495+02,27.400,27.400,
9685,19,1,2025-02-28 14:38:18.189+02,,,
9685,19,3,2025-02-28 14:43:11.038+02,90.900,90.900,
9685,19,9,2025-02-28 15:02:06.59+02,466.700,466.700,
9685,19,12,2025-02-28 15:07:43.765+02,27.200,27.200,
9685,19,15,2025-02-28 15:27:48.68+02,875.000,875.000,
9685,19,16,2025-02-28 15:30:26.181+02,28.700,28.700,
9685,19,34,2025-02-28 16:00:26.459+02,33.400,33.400,
9685,19,55,2025-02-28 16:34:20.386+02,33.700,33.700,
9685,19,67,2025-02-28 17:08:27.787+02,921.100,921.100,
9685,19,69,2025-02-28 17:12:14.307+02,28.600,28.600,
9685,19,70,2025-02-28 17:14:35.127+02,30.300,30.300,
9685,19,74,2025-02-28 17:26:30.91+02,275.500,275.500,
9685,19,80,2025-02-28 17:48:50.71+02,365.500,365.500,
9685,19,83,2025-02-28 17:59:24.43+02,329.200,329.200,
9685,20,1,2025-02-28 09:00:20.191+02,,,
9685,20,6,2025-02-28 09:24:14.893+02,937.800,937.800,
9685,20,9,2025-02-28 10:43:34.413+02,4315.000,4315.000,
9685,20,12,2025-02-28 10:49:45.49+02,36.300,36.300,
9685,20,19,2025-02-28 11:05:35.818+02,237.700,237.700,
9685,20,22,2025-02-28 11:12:05.892+02,35.700,35.700,
9685,20,25,2025-02-28 11:35:17.988+02,1075.600,1075.600,
9685,20,26,2025-02-28 11:37:44.873+02,22.700,22.700,
9685,20,31,2025-02-28 11:46:52.75+02,39.800,39.800,
9685,20,47,2025-02-28 12:24:08.219+02,2275.200,2275.200,
9686,1,1,2025-03-14 03:30:56.223+02,,,
9686,1,8,2025-03-14 03:56:10.692+02,771.800,771.800,
9686,1,11,2025-03-14 04:01:45.99+02,23.800,23.800,
9686,1,13,2025-03-14 04:19:52.589+02,863.400,863.400,
9686,2,1,2025-03-14 03:30:15.871+02,,,
9686,2,8,2025-03-14 03:55:05.026+02,792.500,792.500,
9686,2,13,2025-03-14 04:19:03.345+02,953.000,953.000,
9686,3,1,2025-03-14 03:30:19.204+02,,,
9686,3,6,2025-03-14 03:46:57.084+02,475.400,475.400,
9686,3,7,2025-03-14 03:55:22.465+02,980.800,980.800,
9686,3,14,2025-03-14 04:19:09.13+02,703.400,703.400,
9686,4,1,2025-03-14 03:30:14.53+02,,,
9686,4,9,2025-03-14 03:44:17.442+02,27.000,27.000,
9686,4,12,2025-03-14 03:55:30.593+02,699.900,699.900,
9686,4,17,2025-03-14 04:19:24.612+02,1000.000,1000.000,
9686,4,21,2025-03-14 04:26:16.759+02,52.300,52.300,
9686,5,1,2025-03-14 03:30:33.174+02,,,
9686,5,11,2025-03-14 03:47:49.484+02,21.300,21.300,
9686,5,12,2025-03-14 04:18:25.886+02,1857.400,1857.400,
9686,6,1,2025-03-14 03:30:28.407+02,,,
9686,6,8,2025-03-14 03:42:50.762+02,22.500,22.500,
9686,6,10,2025-03-14 04:00:55.415+02,917.300,917.300,
9686,6,13,2025-03-14 04:06:55.159+02,12.900,12.900,
9686,6,14,2025-03-14 04:19:23.815+02,761.300,761.300,
9686,7,1,2025-03-14 03:31:38.356+02,,,
9686,7,7,2025-03-14 03:43:04.659+02,12.900,12.900,
9686,7,10,2025-03-14 03:57:31.146+02,574.600,574.600,
9686,7,14,2025-03-14 04:05:01.748+02,12.900,12.900,
9686,7,16,2025-03-14 04:19:20.494+02,871.300,871.300,
9686,8,1,2025-03-14 03:32:11.414+02,,,
9686,8,8,2025-03-14 03:57:35.073+02,857.900,857.900,
9686,8,15,2025-03-14 04:20:19.381+02,2222.200,2222.200,
9686,9,1,2025-03-14 03:31:13.571+02,,,
9686,9,8,2025-03-14 03:55:05.065+02,726.000,726.000,
9686,9,11,2025-03-14 04:04:10.369+02,261.800,261.800,
9686,9,14,2025-03-14 04:20:06.628+02,1218.000,1218.000,
9686,10,1,2025-03-14 03:30:38.774+02,,,
9686,10,8,2025-03-14 03:58:35.447+02,977.400,977.400,
9686,10,14,2025-03-14 04:21:55.783+02,2377.700,2377.700,
9686,11,1,2025-03-14 03:30:46.868+02,,,
9686,11,6,2025-03-14 03:40:23.379+02,24.600,24.600,
9686,11,9,2025-03-14 03:55:21.588+02,572.600,572.600,
9686,11,14,2025-03-14 04:07:12.294+02,275.200,275.200,
9686,11,15,2025-03-14 04:19:10.166+02,993.100,993.100,
9686,11,19,2025-03-14 04:25:36.915+02,38.100,38.100,
9686,12,1,2025-03-14 03:37:20.365+02,,,
9686,12,4,2025-03-14 03:56:33.061+02,860.400,860.400,
9686,12,11,2025-03-14 04:19:25.939+02,2233.200,2233.200,
9686,12,14,2025-03-14 04:25:25.253+02,21.700,21.700,
9686,13,1,2025-03-14 03:30:03.187+02,,,
9686,13,2,2025-03-14 03:32:07.814+02,21.900,21.900,
9686,13,3,2025-03-14 03:34:17.778+02,30.800,30.800,
9686,13,4,2025-03-14 03:43:10.712+02,434.900,434.900,
9686,13,8,2025-03-14 03:56:21.032+02,1225.200,1225.200,
9686,13,11,2025-03-14 04:19:29.957+02,1094.800,1094.800,
9686,14,1,2025-03-14 03:31:20.193+02,,,
9686,14,8,2025-03-14 03:44:13.515+02,28.100,28.100,
9686,14,11,2025-03-14 04:01:14.604+02,1049.200,1049.200,
9686,14,15,2025-03-14 04:19:13.702+02,2128.300,2128.300,
9686,15,1,2025-03-14 03:34:10.468+02,,,
9686,15,8,2025-03-14 04:03:20.745+02,1021.200,1021.200,
9686,15,11,2025-03-14 04:24:45.619+02,2306.100,2306.100,
9686,16,1,2025-03-14 03:31:06.337+02,,,
9686,16,8,2025-03-14 03:55:10.001+02,750.500,750.500,
9686,16,11,2025-03-14 04:06:52.721+02,432.400,432.400,
9686,16,12,2025-03-14 04:19:17.967+02,1177.600,1177.600,
9686,16,17,2025-03-14 04:27:48.444+02,18.300,18.300,
9686,17,1,2025-03-14 03:33:19.29+02,,,
9686,17,10,2025-03-14 03:58:19.342+02,,,
9686,17,16,2025-03-14 04:19:27.816+02,,,
9686,18,1,2025-03-14 03:31:53.442+02,,,
9686,18,7,2025-03-14 03:42:02.141+02,21.300,21.300,
9686,18,11,2025-03-14 03:57:44.03+02,963.100,963.100,
9686,18,17,2025-03-14 04:19:02.061+02,2240.900,2240.900,
9686,19,1,2025-03-14 03:31:29.674+02,,,
9686,19,6,2025-03-14 03:48:02.636+02,478.300,478.300,
9686,19,7,2025-03-14 03:55:03.45+02,899.100,899.100,
9686,19,12,2025-03-14 04:19:05.712+02,972.300,972.300,
9686,20,1,2025-03-14 03:31:26.405+02,,,
9686,20,11,2025-03-14 04:04:39.444+02,1012.100,1012.100,
9687,1,1,2025-03-14 07:01:00.059+02,,,
9687,1,6,2025-03-14 07:26:13.939+02,985.500,985.500,
9687,1,13,2025-03-14 07:50:01.751+02,684.600,684.600,
9687,2,1,2025-03-14 07:00:42.217+02,,,
9687,2,9,2025-03-14 07:21:57.227+02,396.300,396.300,
9687,2,17,2025-03-14 07:43:23.348+02,462.800,462.800,
9687,2,28,2025-03-14 07:58:48.134+02,18.600,18.600,
9687,3,1,2025-03-14 07:00:24.386+02,,,
9687,3,10,2025-03-14 07:23:56.914+02,435.500,435.500,
9687,3,13,2025-03-14 07:29:32.282+02,12.800,12.800,
9687,3,16,2025-03-14 07:43:17.742+02,512.700,512.700,
9687,3,18,2025-03-14 07:46:53.011+02,19.500,19.500,
9687,4,1,2025-03-14 07:00:39.186+02,,,
9687,4,10,2025-03-14 07:23:11.988+02,407.400,407.400,
9687,4,16,2025-03-14 07:40:58.992+02,436.400,436.400,
9687,4,17,2025-03-14 07:42:57.168+02,18.100,18.100,
9687,4,28,2025-03-14 07:58:41.072+02,28.400,28.400,
9687,5,1,2025-03-14 07:01:12.726+02,,,
9687,5,10,2025-03-14 07:27:52.237+02,637.300,637.300,
9687,5,16,2025-03-14 07:41:52.32+02,261.400,261.400,
9687,6,1,2025-03-14 07:00:33.495+02,,,
9687,6,9,2025-03-14 07:23:22.616+02,510.400,510.400,
9687,6,16,2025-03-14 07:41:17.321+02,342.900,342.900,
9687,6,28,2025-03-14 07:58:51.03+02,27.100,27.100,
9687,7,1,2025-03-14 07:01:24.473+02,,,
9687,7,6,2025-03-14 07:11:03.295+02,13.000,13.000,
9687,7,9,2025-03-14 07:22:21.427+02,344.500,344.500,
9687,7,12,2025-03-14 07:28:15.133+02,41.400,41.400,
9687,7,16,2025-03-14 07:40:17.837+02,312.600,312.600,
9687,7,29,2025-03-14 07:58:52.629+02,20.900,20.900,
9687,8,1,2025-03-14 07:00:49.225+02,,,
9687,8,6,2025-03-14 07:21:17.874+02,737.000,737.000,
9687,8,13,2025-03-14 07:42:06.352+02,548.400,548.400,
9687,9,1,2025-03-14 07:01:31.771+02,,,
9687,9,6,2025-03-14 07:11:10.631+02,27.000,27.000,
9687,9,11,2025-03-14 07:25:55.1+02,389.000,389.000,
9687,9,14,2025-03-14 07:31:26.354+02,22.000,22.000,
9687,9,17,2025-03-14 07:41:32.023+02,324.400,324.400,
9687,10,1,2025-03-14 07:00:54.483+02,,,
9687,10,6,2025-03-14 07:21:06.25+02,693.400,693.400,
9687,10,10,2025-03-14 07:28:11.525+02,26.700,26.700,
9687,10,14,2025-03-14 07:42:08.11+02,438.400,438.400,
9687,11,1,2025-03-14 07:00:42.599+02,,,
9687,11,7,2025-03-14 07:22:50.437+02,695.000,695.000,
9687,11,10,2025-03-14 07:35:25.445+02,451.600,451.600,
9687,11,12,2025-03-14 07:39:01.261+02,36.900,36.900,
9687,12,1,2025-03-14 07:04:13.489+02,,,
9687,12,9,2025-03-14 07:26:43.96+02,546.000,546.000,
9687,12,12,2025-03-14 07:32:05.758+02,12.600,12.600,
9687,12,16,2025-03-14 07:43:57.605+02,318.000,318.000,
9687,12,17,2025-03-14 07:46:19.649+02,45.900,45.900,
9687,12,22,2025-03-14 07:53:57.335+02,21.000,21.000,
9687,13,1,2025-03-14 07:01:47.918+02,,,
9687,13,2,2025-03-14 07:04:02.518+02,20.000,20.000,
9687,13,6,2025-03-14 07:29:00.062+02,1070.600,1070.600,
9687,13,12,2025-03-14 07:44:56.841+02,375.500,375.500,
9687,14,1,2025-03-14 07:01:04.043+02,,,
9687,14,8,2025-03-14 07:20:36.29+02,402.800,402.800,
9687,14,11,2025-03-14 07:26:02.141+02,22.900,22.900,
9687,14,17,2025-03-14 07:43:35.053+02,403.700,403.700,
9687,15,1,2025-03-14 07:02:22.045+02,,,
9687,15,10,2025-03-14 07:23:27.829+02,334.200,334.200,
9687,15,13,2025-03-14 07:29:07.006+02,24.900,24.900,
9687,15,19,2025-03-14 07:44:37.548+02,332.900,332.900,
9687,16,1,2025-03-14 07:01:25.643+02,,,
9687,16,6,2025-03-14 07:11:20.156+02,33.400,33.400,
9687,16,11,2025-03-14 07:27:03.056+02,418.600,418.600,
9687,16,13,2025-03-14 07:30:31.701+02,21.400,21.400,
9687,16,17,2025-03-14 07:42:41.96+02,346.700,346.700,
9687,17,1,2025-03-14 07:03:50.068+02,,,
9687,17,6,2025-03-14 07:12:32.419+02,18.700,18.700,
9687,17,9,2025-03-14 07:23:44.5+02,398.300,398.300,
9687,17,12,2025-03-14 07:29:21.454+02,20.500,20.500,
9687,17,15,2025-03-14 07:40:35.697+02,355.100,355.100,
9687,17,28,2025-03-14 07:59:35.833+02,36.400,36.400,
9687,18,1,2025-03-14 07:01:17.518+02,,,
9687,18,8,2025-03-14 07:21:22.853+02,472.400,472.400,
9687,18,11,2025-03-14 07:27:31.393+02,67.100,67.100,
9687,18,14,2025-03-14 07:39:00.145+02,365.400,365.400,
9687,19,1,2025-03-14 07:00:45.957+02,,,
9687,19,9,2025-03-14 07:23:32.623+02,501.400,501.400,
9687,19,17,2025-03-14 07:44:10.263+02,409.100,409.100,
9687,19,28,2025-03-14 07:59:36.832+02,19.400,19.400,
9688,1,1,2025-03-15 03:45:41.841+02,,,
9688,1,4,2025-03-15 03:51:13.527+02,12.600,12.600,
9688,1,7,2025-03-15 03:57:15.333+02,12.600,12.600,
9688,1,10,2025-03-15 04:05:26.513+02,188.700,188.700,
9688,1,11,2025-03-15 04:12:27.722+02,338.800,338.800,
9688,1,14,2025-03-15 04:22:43.741+02,311.300,311.300,
9688,1,16,2025-03-15 04:28:19.414+02,146.000,146.000,
9688,2,1,2025-03-15 03:31:47.761+02,,,
9688,2,2,2025-03-15 03:47:08.903+02,,,
9688,2,5,2025-03-15 03:52:52.199+02,21.400,21.400,
9688,2,8,2025-03-15 04:06:14.118+02,493.200,493.200,
9688,2,11,2025-03-15 04:13:42.31+02,172.300,172.300,
9688,2,18,2025-03-15 04:29:31.62+02,233.600,233.600,
9688,3,1,2025-03-15 03:46:57.024+02,,,
9688,3,4,2025-03-15 03:52:21.71+02,13.500,13.500,
9688,3,7,2025-03-15 03:58:38.514+02,24.700,24.700,
9688,3,10,2025-03-15 04:14:31.236+02,631.600,631.600,
9688,3,13,2025-03-15 04:19:51.44+02,13.100,13.100,
9688,3,16,2025-03-15 04:28:44.421+02,223.400,223.400,
9688,4,1,2025-03-15 03:30:55.064+02,,,
9688,4,2,2025-03-15 03:54:13.333+02,1286.300,1286.300,
9688,4,9,2025-03-15 04:06:11.606+02,18.000,18.000,
9688,4,10,2025-03-15 04:16:35.549+02,521.300,521.300,
9688,4,13,2025-03-15 04:24:34.127+02,177.700,177.700,
9688,5,1,2025-03-15 03:41:12.832+02,,,
9688,5,4,2025-03-15 03:47:02.321+02,21.900,21.900,
9688,5,7,2025-03-15 03:52:47.156+02,23.800,23.800,
9688,5,9,2025-03-15 04:16:16.081+02,1192.100,1192.100,
9688,5,12,2025-03-15 04:21:49.328+02,26.700,26.700,
9688,5,15,2025-03-15 04:27:49.532+02,15.800,15.800,
9688,6,1,2025-03-15 03:50:23.141+02,,,
9688,6,6,2025-03-15 04:00:01.55+02,25.500,25.500,
9688,6,13,2025-03-15 04:15:37.961+02,201.100,201.100,
9688,6,16,2025-03-15 04:21:40.559+02,22.000,22.000,
9688,6,19,2025-03-15 04:27:40.345+02,13.100,13.100,
9688,7,1,2025-03-15 03:48:06.426+02,,,
9688,7,4,2025-03-15 03:54:27.902+02,71.500,71.500,
9688,7,7,2025-03-15 04:01:12.252+02,87.800,87.800,
9688,7,11,2025-03-15 04:15:26.622+02,443.400,443.400,
9688,7,15,2025-03-15 04:23:35.44+02,59.600,59.600,
9688,7,18,2025-03-15 04:29:47.074+02,73.600,73.600,
9688,8,1,2025-03-15 03:41:16.6+02,,,
9688,8,2,2025-03-15 03:43:40.671+02,21.700,21.700,
9688,8,3,2025-03-15 03:49:16.559+02,228.100,228.100,
9688,8,10,2025-03-15 04:06:11.944+02,358.400,358.400,
9688,8,12,2025-03-15 04:09:36.138+02,24.100,24.100,
9688,8,15,2025-03-15 04:20:54.516+02,407.700,407.700,
9688,8,19,2025-03-15 04:27:45.879+02,27.300,27.300,
9688,9,1,2025-03-15 03:30:46.921+02,,,
9688,9,2,2025-03-15 03:41:02.966+02,501.300,501.300,
9688,9,3,2025-03-15 03:43:17.294+02,22.500,22.500,
9688,9,4,2025-03-15 03:49:32.057+02,266.000,266.000,
9688,9,7,2025-03-15 03:55:15.525+02,21.700,21.700,
9688,9,10,2025-03-15 04:00:55.396+02,15.000,15.000,
9688,9,13,2025-03-15 04:16:40.508+02,632.800,632.800,
9688,9,16,2025-03-15 04:22:25.803+02,21.800,21.800,
9688,9,19,2025-03-15 04:28:08.621+02,21.100,21.100,
9688,10,1,2025-03-15 03:41:13.145+02,,,
9688,10,2,2025-03-15 03:43:26.823+02,19.400,19.400,
9688,10,3,2025-03-15 03:48:38.609+02,204.400,204.400,
9688,10,10,2025-03-15 04:04:13.517+02,258.800,258.800,
9688,10,15,2025-03-15 04:20:32.225+02,493.900,493.900,
9688,11,1,2025-03-15 03:31:44.344+02,,,
9688,11,2,2025-03-15 03:54:22.828+02,,,
9688,11,10,2025-03-15 04:16:56.078+02,511.600,511.600,
9688,11,13,2025-03-15 04:25:58.64+02,230.200,230.200,
9688,12,1,2025-03-15 03:49:59.004+02,,,
9688,12,6,2025-03-15 03:58:37.274+02,22.500,22.500,
9688,12,10,2025-03-15 04:09:58.768+02,279.200,279.200,
9688,12,16,2025-03-15 04:23:20.826+02,180.200,180.200,
9688,12,19,2025-03-15 04:28:33.462+02,21.800,21.800,
9688,13,1,2025-03-15 03:52:15.526+02,,,
9688,13,4,2025-03-15 03:57:39.129+02,12.700,12.700,
9688,13,7,2025-03-15 04:03:02.833+02,24.000,24.000,
9688,13,8,2025-03-15 04:19:12.125+02,867.100,867.100,
9688,13,11,2025-03-15 04:24:41.64+02,33.100,33.100,
9688,14,1,2025-03-15 03:44:40.283+02,,,
9688,15,1,2025-03-15 03:41:09.152+02,,,
9688,15,7,2025-03-15 03:52:03.562+02,23.900,23.900,
9688,15,10,2025-03-15 03:57:18.986+02,14.500,14.500,
9688,15,11,2025-03-15 04:20:57.239+02,1310.900,1310.900,
9688,16,1,2025-03-15 03:30:32.932+02,,,
9688,16,2,2025-03-15 03:32:51.501+02,20.900,20.900,
9688,16,3,2025-03-15 03:41:04.706+02,514.100,514.100,
9688,16,4,2025-03-15 03:49:36.749+02,393.400,393.400,
9688,16,8,2025-03-15 03:57:40.789+02,23.800,23.800,
9688,16,13,2025-03-15 04:16:29.801+02,595.000,595.000,
9688,16,17,2025-03-15 04:24:40.313+02,24.000,24.000,
9688,17,1,2025-03-15 03:46:46.373+02,,,
9688,17,6,2025-03-15 03:55:33.131+02,22.100,22.100,
9688,17,12,2025-03-15 04:11:12.37+02,334.700,334.700,
9688,17,18,2025-03-15 04:24:36.412+02,191.300,191.300,
9688,17,21,2025-03-15 04:29:23.091+02,14.200,14.200,
9688,18,1,2025-03-15 03:52:25.929+02,,,
9688,18,4,2025-03-15 03:58:45.232+02,52.700,52.700,
9688,18,6,2025-03-15 04:04:06.297+02,62.100,62.100,
9688,18,9,2025-03-15 04:14:22.814+02,329.700,329.700,
9688,18,12,2025-03-15 04:23:29.485+02,257.900,257.900,
9688,18,15,2025-03-15 04:28:58.586+02,19.100,19.100,
9688,19,1,2025-03-15 03:30:42.499+02,,,
9688,19,2,2025-03-15 03:48:58.17+02,980.200,980.200,
9688,19,8,2025-03-15 04:13:21.712+02,863.900,863.900,
9688,19,14,2025-03-15 04:29:01.389+02,365.100,365.100,
9688,20,1,2025-03-15 03:30:02.717+02,,,
9689,1,1,2025-03-15 07:04:18.343+02,,,
9689,1,4,2025-03-15 07:13:21.92+02,269.100,269.100,
9689,1,6,2025-03-15 07:25:04.608+02,508.000,508.000,
9689,1,9,2025-03-15 07:37:32.122+02,474.200,474.200,
9689,1,12,2025-03-15 07:48:54.514+02,395.500,395.500,
9689,1,15,2025-03-15 07:56:37.731+02,191.000,191.000,
9689,2,1,2025-03-15 07:02:39.733+02,,,
9689,2,4,2025-03-15 07:07:48.332+02,21.300,21.300,
9689,2,7,2025-03-15 07:15:02.558+02,145.800,145.800,
9689,2,9,2025-03-15 07:26:37.55+02,475.900,475.900,
9689,2,12,2025-03-15 07:37:39.386+02,379.400,379.400,
9689,2,15,2025-03-15 07:48:13.465+02,347.300,347.300,
9689,2,18,2025-03-15 07:56:12.087+02,213.300,213.300,
9689,3,1,2025-03-15 07:00:48.384+02,,,
9689,3,3,2025-03-15 07:04:33.066+02,12.700,12.700,
9689,3,6,2025-03-15 07:15:58.885+02,402.200,402.200,
9689,3,9,2025-03-15 07:29:23.937+02,517.400,517.400,
9689,3,12,2025-03-15 07:36:04.111+02,124.300,124.300,
9689,4,1,2025-03-15 07:06:11.901+02,,,
9689,4,4,2025-03-15 07:14:29.043+02,216.400,216.400,
9689,4,7,2025-03-15 07:28:48.977+02,572.900,572.900,
9689,4,10,2025-03-15 07:37:13.939+02,227.200,227.200,
9689,5,1,2025-03-15 07:00:28.938+02,,,
9689,5,7,2025-03-15 07:14:38.909+02,275.400,275.400,
9689,5,10,2025-03-15 07:29:13.553+02,587.600,587.600,
9689,5,13,2025-03-15 07:36:34+02,160.400,160.400,
9689,6,1,2025-03-15 07:01:53.256+02,,,
9689,6,7,2025-03-15 07:14:09.969+02,166.500,166.500,
9689,6,10,2025-03-15 07:29:04.552+02,595.400,595.400,
9689,6,13,2025-03-15 07:38:07.103+02,258.800,258.800,
9689,6,16,2025-03-15 07:49:18.302+02,386.200,386.200,
9689,6,19,2025-03-15 07:56:44.553+02,171.600,171.600,
9689,7,1,2025-03-15 07:01:56.754+02,,,
9689,7,4,2025-03-15 07:09:25.641+02,152.600,152.600,
9689,8,1,2025-03-15 07:01:01.716+02,,,
9689,8,4,2025-03-15 07:07:34.025+02,108.200,108.200,
9689,8,7,2025-03-15 07:15:19.595+02,189.400,189.400,
9689,8,9,2025-03-15 07:27:05.241+02,478.200,478.200,
9689,8,11,2025-03-15 07:37:52.719+02,470.900,470.900,
9689,9,1,2025-03-15 07:02:04.197+02,,,
9689,9,4,2025-03-15 07:07:22.966+02,20.400,20.400,
9689,9,7,2025-03-15 07:16:02.823+02,239.600,239.600,
9689,9,8,2025-03-15 07:25:09.51+02,444.200,444.200,
9689,9,11,2025-03-15 07:31:47.614+02,122.000,122.000,
9689,9,14,2025-03-15 07:38:11.807+02,109.100,109.100,
9689,9,16,2025-03-15 07:48:17.315+02,414.100,414.100,
9689,9,19,2025-03-15 07:56:50.579+02,233.700,233.700,
9689,10,1,2025-03-15 07:01:38.912+02,,,
9689,10,4,2025-03-15 07:07:36.826+02,82.000,82.000,
9689,10,7,2025-03-15 07:15:00.445+02,161.100,161.100,
9689,10,10,2025-03-15 07:27:16.423+02,440.100,440.100,
9689,10,13,2025-03-15 07:36:07.207+02,259.300,259.300,
9689,11,1,2025-03-15 07:06:22.37+02,,,
9689,11,4,2025-03-15 07:13:54.665+02,160.300,160.300,
9689,11,7,2025-03-15 07:29:36.129+02,650.000,650.000,
9689,11,10,2025-03-15 07:36:54.514+02,156.400,156.400,
9689,11,13,2025-03-15 07:49:38.94+02,470.700,470.700,
9689,11,16,2025-03-15 07:57:33.185+02,202.900,202.900,
9689,12,1,2025-03-15 07:01:30.023+02,,,
9689,12,7,2025-03-15 07:14:53.326+02,244.100,244.100,
9689,12,10,2025-03-15 07:26:16.768+02,387.500,387.500,
9689,12,13,2025-03-15 07:37:21.53+02,390.900,390.900,
9689,12,16,2025-03-15 07:49:26.714+02,440.800,440.800,
9689,12,19,2025-03-15 07:57:18.481+02,200.000,200.000,
9689,13,1,2025-03-15 07:00:38.276+02,,,
9689,13,4,2025-03-15 07:06:32.236+02,66.800,66.800,
9689,13,7,2025-03-15 07:15:49.483+02,265.400,265.400,
9689,14,1,2025-03-15 07:01:18.975+02,,,
9689,14,4,2025-03-15 07:08:08.468+02,131.100,131.100,
9689,14,6,2025-03-15 07:13:27.33+02,108.900,108.900,
9689,15,1,2025-03-15 07:00:04.068+02,,,
9689,15,4,2025-03-15 07:06:39.255+02,124.800,124.800,
9689,15,7,2025-03-15 07:14:44.462+02,189.700,189.700,
9689,16,1,2025-03-15 07:02:10.862+02,,,
9689,16,4,2025-03-15 07:08:00.209+02,43.900,43.900,
9689,16,7,2025-03-15 07:15:06.228+02,144.100,144.100,
9689,16,10,2025-03-15 07:25:16.625+02,299.000,299.000,
9689,16,13,2025-03-15 07:31:55.198+02,107.300,107.300,
9689,16,18,2025-03-15 07:48:37.059+02,508.100,508.100,
9689,16,21,2025-03-15 07:57:08.295+02,231.200,231.200,
9689,17,1,2025-03-15 07:00:40.041+02,,,
9689,17,7,2025-03-15 07:12:25.02+02,111.800,111.800,
9689,17,10,2025-03-15 07:26:11.317+02,545.200,545.200,
9689,17,13,2025-03-15 07:37:16.407+02,390.700,390.700,
9689,17,16,2025-03-15 07:49:00.293+02,418.600,418.600,
9689,17,19,2025-03-15 07:57:14.085+02,214.100,214.100,
9689,18,1,2025-03-15 07:00:20.366+02,,,
9689,18,4,2025-03-15 07:06:16.8+02,75.900,75.900,
9689,18,7,2025-03-15 07:13:34.073+02,159.500,159.500,
9689,18,10,2025-03-15 07:25:56.591+02,450.600,450.600,
9689,18,13,2025-03-15 07:36:16.481+02,345.600,345.600,
9689,18,16,2025-03-15 07:48:28.18+02,420.800,420.800,
9689,18,19,2025-03-15 07:56:20.375+02,191.700,191.700,
9689,19,1,2025-03-15 07:03:23.522+02,,,
9689,19,4,2025-03-15 07:08:23.195+02,12.700,12.700,
9689,19,7,2025-03-15 07:16:05.594+02,180.800,180.800,
9689,19,8,2025-03-15 07:26:22.708+02,508.500,508.500,
9689,19,11,2025-03-15 07:38:13.304+02,428.100,428.100,
9689,19,13,2025-03-15 07:48:08.65+02,393.300,393.300,
9689,19,16,2025-03-15 07:56:09.005+02,211.500,211.500,
9689,20,1,2025-03-15 07:00:11.238+02,,,
9693,1,2,2025-03-16 06:23:14.282+02,13.400,13.400,
9693,1,3,2025-03-16 06:25:56.71+02,13.700,13.700,
9693,1,4,2025-03-16 06:28:32.243+02,12.900,12.900,
9693,1,34,2025-03-16 07:17:05.874+02,18.700,18.700,2.700
9693,1,46,2025-03-16 07:40:24.422+02,18.721,18.721,2.500
9693,2,2,2025-03-16 06:23:12.761+02,13.300,13.300,
9693,2,3,2025-03-16 06:25:54.261+02,12.900,12.900,
9693,2,4,2025-03-16 06:28:30.19+02,12.800,12.800,
9693,2,34,2025-03-16 07:16:41.267+02,18.464,18.464,2.700
9693,2,44,2025-03-16 07:37:14.711+02,18.031,18.031,3.100
9693,3,2,2025-03-16 06:23:40.336+02,14.400,14.400,
9693,3,3,2025-03-16 06:26:24.517+02,16.300,16.300,
9693,3,4,2025-03-16 06:29:00.339+02,14.200,14.200,
9693,3,33,2025-03-16 07:16:45.94+02,24.073,24.073,5.600
9693,3,44,2025-03-16 07:37:44.745+02,26.214,26.214,9.300
9693,6,2,2025-03-16 06:23:31.233+02,15.100,15.100,
9693,6,3,2025-03-16 06:26:14.535+02,15.700,15.700,
9693,6,4,2025-03-16 06:28:49.811+02,14.700,14.700,
9693,6,33,2025-03-16 07:16:00.331+02,19.589,19.589,3.600
9693,6,46,2025-03-16 07:40:37.586+02,19.482,19.482,3.300
9693,7,2,2025-03-16 06:23:38.906+02,14.600,14.600,
9693,7,3,2025-03-16 06:26:22.648+02,16.300,16.300,
9693,7,4,2025-03-16 06:28:57.988+02,13.900,13.900,
9693,7,33,2025-03-16 07:16:04.8+02,18.912,18.912,2.700
9693,7,44,2025-03-16 07:37:28.705+02,21.946,21.946,3.000
9693,8,2,2025-03-16 06:23:33.032+02,15.500,15.500,
9693,8,3,2025-03-16 06:26:16.239+02,16.200,16.200,
9693,8,4,2025-03-16 06:28:51.748+02,15.000,15.000,
9693,9,2,2025-03-16 06:23:21.181+02,14.100,14.100,
9693,9,3,2025-03-16 06:26:03.317+02,14.600,14.600,
9693,9,4,2025-03-16 06:28:39.089+02,14.100,14.100,
9693,9,34,2025-03-16 07:17:35.896+02,18.154,18.154,2.300
9693,9,47,2025-03-16 07:42:54.048+02,24.528,24.528,3.200
9693,10,2,2025-03-16 06:23:35.723+02,15.500,15.500,
9693,10,3,2025-03-16 06:26:18.773+02,16.000,16.000,
9693,10,4,2025-03-16 06:28:54.348+02,14.400,14.400,
9693,10,33,2025-03-16 07:16:26.408+02,18.802,18.802,2.800
9693,10,44,2025-03-16 07:37:26.634+02,18.901,18.901,2.800
9693,11,2,2025-03-16 06:23:24.246+02,14.900,14.900,
9693,11,3,2025-03-16 06:26:07.237+02,15.200,15.200,
9693,11,4,2025-03-16 06:28:42.407+02,13.600,13.600,
9693,11,33,2025-03-16 07:15:54.883+02,18.997,18.997,2.600
9693,11,47,2025-03-16 07:42:55.649+02,19.312,19.312,2.400
9693,12,2,2025-03-16 06:23:26.497+02,15.000,15.000,
9693,12,3,2025-03-16 06:26:11.014+02,16.900,16.900,
9693,12,4,2025-03-16 06:28:44.788+02,14.200,14.200,
9693,12,33,2025-03-16 07:15:55.546+02,18.573,18.573,2.700
9693,12,44,2025-03-16 07:37:23.18+02,18.952,18.952,3.500
9693,13,2,2025-03-16 06:23:37.404+02,15.100,15.100,
9693,13,3,2025-03-16 06:26:20.41+02,15.900,15.900,
9693,13,4,2025-03-16 06:28:56.162+02,14.100,14.100,
9693,13,33,2025-03-16 07:16:36.934+02,21.123,21.123,5.100
9693,13,44,2025-03-16 07:37:29.199+02,20.209,20.209,4.000
9693,14,2,2025-03-16 06:23:44.866+02,14.700,14.700,
9693,14,3,2025-03-16 06:26:29.15+02,16.300,16.300,
9693,14,4,2025-03-16 06:29:09.44+02,18.880,18.880,2.500
9693,14,33,2025-03-16 07:16:53.23+02,20.067,20.067,2.900
9693,15,2,2025-03-16 06:23:42.208+02,14.300,14.300,
9693,15,3,2025-03-16 06:26:26.647+02,16.400,16.400,
9693,15,4,2025-03-16 06:29:08.858+02,19.649,19.649,2.500
9693,15,39,2025-03-16 07:30:19.227+02,18.778,18.778,2.800
9693,15,46,2025-03-16 07:41:57.402+02,19.858,19.858,2.600
9693,16,2,2025-03-16 06:23:28.68+02,15.000,15.000,
9693,16,3,2025-03-16 06:26:12.947+02,16.100,16.100,
9693,16,4,2025-03-16 06:28:47.101+02,14.700,14.700,
9693,16,33,2025-03-16 07:15:57.301+02,18.526,18.526,2.400
9693,16,47,2025-03-16 07:42:48.26+02,20.802,20.802,2.400
9693,18,2,2025-03-16 06:23:18.291+02,13.600,13.600,
9693,18,3,2025-03-16 06:26:00.588+02,14.100,14.100,
9693,18,4,2025-03-16 06:28:37.172+02,13.600,13.600,
9693,18,34,2025-03-16 07:17:27.88+02,19.125,19.125,2.600
9693,18,44,2025-03-16 07:37:22.212+02,19.378,19.378,2.700
9693,19,2,2025-03-16 06:23:15.787+02,13.000,13.000,
9693,19,3,2025-03-16 06:25:58.25+02,13.800,13.800,
9693,19,4,2025-03-16 06:28:33.914+02,12.800,12.800,
9693,19,34,2025-03-16 07:16:49.493+02,19.719,19.719,3.800
9693,19,44,2025-03-16 07:38:42.285+02,19.850,19.850,4.100
9693,20,2,2025-03-16 06:23:45.808+02,14.600,14.600,
9693,20,3,2025-03-16 06:26:30.064+02,16.300,16.300,
9693,20,4,2025-03-16 06:29:15.713+02,22.494,22.494,2.400
9693,20,39,2025-03-16 07:30:28.08+02,22.441,22.441,4.900
9693,20,44,2025-03-16 07:38:52.612+02,19.370,19.370,2.800
9832,1,1,2025-12-05 11:31:03.671+02,,,
9832,1,6,2025-12-05 11:41:39.956+02,25.300,25.300,
9832,1,9,2025-12-05 11:53:13.491+02,368.900,368.900,
9832,1,15,2025-12-05 12:10:27.139+02,335.000,335.000,
9832,2,1,2025-12-05 11:30:53.741+02,,,
9832,2,6,2025-12-05 11:41:11.717+02,27.400,27.400,
9832,2,11,2025-12-05 11:57:07.834+02,476.500,476.500,
9832,2,15,2025-12-05 12:05:12.388+02,26.700,26.700,
9832,2,20,2025-12-05 12:19:57.079+02,408.300,408.300,
9832,3,1,2025-12-05 11:32:05.352+02,,,
9832,3,7,2025-12-05 11:43:15.975+02,24.200,24.200,
9832,3,12,2025-12-05 12:00:40.859+02,514.600,514.600,
9832,3,15,2025-12-05 12:06:45.986+02,23.500,23.500,
9832,3,18,2025-12-05 12:16:05.793+02,269.100,269.100,
9832,4,1,2025-12-05 11:30:02.808+02,,,
9832,4,7,2025-12-05 11:41:36.005+02,31.500,31.500,
9832,4,13,2025-12-05 11:56:27.746+02,232.200,232.200,
9832,4,16,2025-12-05 12:02:53.879+02,34.600,34.600,
9832,4,20,2025-12-05 12:14:45.197+02,264.600,264.600,
9832,7,1,2025-12-05 11:30:27.344+02,,,
9832,7,9,2025-12-05 11:47:15.94+02,27.300,27.300,
9832,7,12,2025-12-05 11:57:25.461+02,305.500,305.500,
9832,7,15,2025-12-05 12:04:03.367+02,42.800,42.800,
9832,7,18,2025-12-05 12:14:40.489+02,306.400,306.400,
9832,9,1,2025-12-05 11:31:23.261+02,,,
9832,9,8,2025-12-05 11:45:48.741+02,25.700,25.700,
9832,9,12,2025-12-05 11:59:38.917+02,390.700,390.700,
9832,9,18,2025-12-05 12:16:14.513+02,320.400,320.400,
9832,9,23,2025-12-05 12:24:44.772+02,21.600,21.600,
9832,13,1,2025-12-05 11:31:17.248+02,,,
9832,13,6,2025-12-05 11:41:02.048+02,24.500,24.500,
9832,13,11,2025-12-05 11:57:01.369+02,426.300,426.300,
9832,13,17,2025-12-05 12:14:15.921+02,387.600,387.600,
9832,13,26,2025-12-05 12:28:14.062+02,23.800,23.800,
9832,17,1,2025-12-05 11:30:33.708+02,,,
9832,17,8,2025-12-05 11:44:08.885+02,23.600,23.600,
9832,17,13,2025-12-05 12:02:58.719+02,581.900,581.900,
9832,17,16,2025-12-05 12:09:24.403+02,23.500,23.500,
9832,17,19,2025-12-05 12:20:02.698+02,322.200,322.200,
9832,18,1,2025-12-05 11:32:24.501+02,,,
9832,18,10,2025-12-05 11:54:26.751+02,280.900,280.900,
9832,18,16,2025-12-05 12:12:37.626+02,386.500,386.500,
9832,18,22,2025-12-05 12:22:05.453+02,24.700,24.700,
9832,20,1,2025-12-05 11:31:42.829+02,,,
9832,20,9,2025-12-05 12:02:39.679+02,787.700,787.700,
9832,20,12,2025-12-05 12:07:54.434+02,25.100,25.100,
9832,22,1,2025-12-05 11:30:09.547+02,,,
9832,22,12,2025-12-05 11:55:38.775+02,297.200,297.200,
9832,22,15,2025-12-05 12:01:56.341+02,31.500,31.500,
9832,22,18,2025-12-05 12:13:25.835+02,360.600,360.600,
9832,24,1,2025-12-05 11:31:00.433+02,,,
9832,24,2,2025-12-05 11:48:48.536+02,906.100,906.100,
9832,24,13,2025-12-05 12:13:47.105+02,279.400,279.400,
9832,25,1,2025-12-05 11:31:07.717+02,,,
9832,25,10,2025-12-05 11:49:03.257+02,29.300,29.300,
9832,25,13,2025-12-05 12:02:48.491+02,510.900,510.900,
9832,25,16,2025-12-05 12:08:53.728+02,27.400,27.400,
9832,25,19,2025-12-05 12:18:19.912+02,229.300,229.300,
9832,28,1,2025-12-05 11:30:23.023+02,,,
9832,28,11,2025-12-05 11:59:34.11+02,566.200,566.200,
9832,28,17,2025-12-05 12:16:37.191+02,331.700,331.700,
9832,29,1,2025-12-05 11:30:47.259+02,,,
9832,29,6,2025-12-05 11:41:22.03+02,30.000,30.000,
9832,29,12,2025-12-05 12:00:36.517+02,489.900,489.900,
9832,29,18,2025-12-05 12:17:12.65+02,285.000,285.000,
9832,31,1,2025-12-05 11:30:38.773+02,,,
9832,31,8,2025-12-05 11:51:33.743+02,447.200,447.200,
9832,31,15,2025-12-05 12:14:37.932+02,685.700,685.700,
9832,32,1,2025-12-05 11:30:52.979+02,,,
9832,32,12,2025-12-05 11:52:26.522+02,28.600,28.600,
9832,32,15,2025-12-05 12:06:00.159+02,494.700,494.700,
9832,32,18,2025-12-05 12:12:17.096+02,24.000,24.000,
9832,32,21,2025-12-05 12:23:39.108+02,359.500,359.500,
9832,35,1,2025-12-05 11:30:57.576+02,,,
9832,35,9,2025-12-05 11:56:40.832+02,631.400,631.400,
9832,35,17,2025-12-05 12:20:14.22+02,595.800,595.800,
9832,36,1,2025-12-05 11:30:25.876+02,,,
9832,36,10,2025-12-05 11:54:39.46+02,462.400,462.400,
9832,36,18,2025-12-05 12:15:34.516+02,445.500,445.500,
9832,37,1,2025-12-05 11:30:13.61+02,,,
9832,37,10,2025-12-05 11:54:20.186+02,502.600,502.600,
9832,37,13,2025-12-05 11:59:55.695+02,23.100,23.100,
9832,37,19,2025-12-05 12:17:08.209+02,396.500,396.500,
9832,37,26,2025-12-05 12:28:17.034+02,22.500,22.500,
9833,1,1,2025-12-05 15:01:31.809+02,,,
9833,1,9,2025-12-05 15:21:57.789+02,303.100,303.100,
9833,1,12,2025-12-05 15:32:01.091+02,287.900,287.900,
9833,1,29,2025-12-05 15:57:58.656+02,22.600,22.600,
9833,2,1,2025-12-05 15:01:20.286+02,,,
9833,2,10,2025-12-05 15:25:55.784+02,471.500,471.500,
9833,2,13,2025-12-05 15:31:57.078+02,24.100,24.100,
9833,2,16,2025-12-05 15:43:38.212+02,399.000,399.000,
9833,2,26,2025-12-05 15:58:56.8+02,24.100,24.100,
9833,3,1,2025-12-05 15:01:35.394+02,,,
9833,3,10,2025-12-05 15:26:07.134+02,409.500,409.500,
9833,3,13,2025-12-05 15:32:27.307+02,16.300,16.300,
9833,3,16,2025-12-05 15:43:34.679+02,374.900,374.900,
9833,3,26,2025-12-05 15:59:05.17+02,22.000,22.000,
9833,4,1,2025-12-05 15:04:27.946+02,,,
9833,4,8,2025-12-05 15:22:38.482+02,273.300,273.300,
9833,4,11,2025-12-05 15:30:51.799+02,185.400,185.400,
9833,4,23,2025-12-05 15:53:42.616+02,306.000,306.000,
9833,6,1,2025-12-05 15:00:06.348+02,,,
9833,6,12,2025-12-05 15:28:20.004+02,458.800,458.800,
9833,6,18,2025-12-05 15:44:49.285+02,324.800,324.800,
9833,7,1,2025-12-05 15:00:43.253+02,,,
9833,7,7,2025-12-05 15:14:37.253+02,96.600,96.600,
9833,7,10,2025-12-05 15:25:39.083+02,343.500,343.500,
9833,7,13,2025-12-05 15:32:40.616+02,68.500,68.500,
9833,7,16,2025-12-05 15:43:02.293+02,297.300,297.300,
9833,8,1,2025-12-05 15:01:10.382+02,,,
9833,8,6,2025-12-05 15:11:07.317+02,31.400,31.400,
9833,8,12,2025-12-05 15:29:56.234+02,458.800,458.800,
9833,8,19,2025-12-05 15:48:59.297+02,329.300,329.300,
9833,9,1,2025-12-05 15:01:02.598+02,,,
9833,9,8,2025-12-05 15:15:07.965+02,26.400,26.400,
9833,9,13,2025-12-05 15:26:57.015+02,158.600,158.600,
9833,9,16,2025-12-05 15:33:07.823+02,26.300,26.300,
9833,9,18,2025-12-05 15:42:03.094+02,332.300,332.300,
9833,10,1,2025-12-05 15:00:24.779+02,,,
9833,10,8,2025-12-05 15:15:38.446+02,87.900,87.900,
9833,10,13,2025-12-05 15:29:02.438+02,275.100,275.100,
9833,10,16,2025-12-05 15:35:46.791+02,64.500,64.500,
9833,10,21,2025-12-05 15:49:54.023+02,301.800,301.800,
9833,11,1,2025-12-05 15:00:28.779+02,,,
9833,11,6,2025-12-05 15:11:11.011+02,24.200,24.200,
9833,11,10,2025-12-05 15:19:44.475+02,24.300,24.300,
9833,11,13,2025-12-05 15:29:22.565+02,280.700,280.700,
9833,11,18,2025-12-05 15:45:43.061+02,394.900,394.900,
9833,12,1,2025-12-05 15:00:09.707+02,,,
9833,12,13,2025-12-05 15:25:43.759+02,170.600,170.600,
9833,12,16,2025-12-05 15:31:50.753+02,26.600,26.600,
9833,12,19,2025-12-05 15:42:56.348+02,361.600,361.600,
9833,13,1,2025-12-05 15:01:56.708+02,,,
9833,13,8,2025-12-05 15:23:22.33+02,514.800,514.800,
9833,13,11,2025-12-05 15:29:34.985+02,59.100,59.100,
9833,13,14,2025-12-05 15:40:56.343+02,379.900,379.900,
9833,13,23,2025-12-05 15:54:47.394+02,21.400,21.400,
9833,14,1,2025-12-05 15:00:04.196+02,,,
9833,14,6,2025-12-05 15:10:00.03+02,31.200,31.200,
9833,14,12,2025-12-05 15:24:51.339+02,229.900,229.900,
9833,14,18,2025-12-05 15:41:17.648+02,337.900,337.900,
9833,15,1,2025-12-05 15:02:01.986+02,,,
9833,15,7,2025-12-05 15:14:59.75+02,54.600,54.600,
9833,15,13,2025-12-05 15:34:08.124+02,470.600,470.600,
9833,15,17,2025-12-05 15:42:48.553+02,55.500,55.500,
9833,15,20,2025-12-05 15:51:50.415+02,249.500,249.500,
9833,16,1,2025-12-05 15:00:35.437+02,,,
9833,16,13,2025-12-05 15:30:06.298+02,271.600,271.600,
9833,16,16,2025-12-05 15:36:46.394+02,24.700,24.700,
9833,16,19,2025-12-05 15:47:09.085+02,315.300,315.300,
9833,17,1,2025-12-05 15:00:54.11+02,,,
9833,17,11,2025-12-05 15:23:15.58+02,161.400,161.400,
9833,17,17,2025-12-05 15:40:09.367+02,322.900,322.900,
9833,17,25,2025-12-05 15:52:40.129+02,21.900,21.900,
9833,18,1,2025-12-05 15:02:21.056+02,,,
9833,18,10,2025-12-05 15:25:33.468+02,348.500,348.500,
9833,18,15,2025-12-05 15:40:47.321+02,348.900,348.900,
9833,19,1,2025-12-05 15:04:11.418+02,,,
9833,19,11,2025-12-05 15:27:56.275+02,320.500,320.500,
9833,19,14,2025-12-05 15:33:53.149+02,25.400,25.400,
9833,19,17,2025-12-05 15:44:02.509+02,290.100,290.100,
9833,19,26,2025-12-05 15:58:14.162+02,21.400,21.400,
9833,20,1,2025-12-05 15:01:27.096+02,,,
9833,20,4,2025-12-05 15:08:38.367+02,32.200,32.200,
9833,20,10,2025-12-05 15:26:05.615+02,342.500,342.500,
9833,20,13,2025-12-05 15:32:47.017+02,28.900,28.900,
9833,20,16,2025-12-05 15:43:45.486+02,299.000,299.000,
9833,29,1,2025-12-05 15:00:21.279+02,,,
9833,29,10,2025-12-05 15:28:01.737+02,612.900,612.900,
9833,29,16,2025-12-05 15:44:09.417+02,283.400,283.400,
9834,1,1,2025-12-06 12:52:01.59+02,,,
9834,1,6,2025-12-06 13:14:07.486+02,,,
9834,1,9,2025-12-06 13:21:25.248+02,135.900,135.900,
9834,2,1,2025-12-06 12:41:48.897+02,,,
9834,2,12,2025-12-06 13:14:35.673+02,866.500,866.500,
9834,2,16,2025-12-06 13:25:27.821+02,207.600,207.600,
9834,3,1,2025-12-06 12:45:55.036+02,,,
9834,3,4,2025-12-06 12:51:45.582+02,16.200,16.200,
9834,3,7,2025-12-06 12:58:05.227+02,24.000,24.000,
9834,3,9,2025-12-06 13:19:24.904+02,1303.300,1303.300,
9834,3,12,2025-12-06 13:26:32.683+02,72.700,72.700,
9834,4,1,2025-12-06 12:49:44.285+02,,,
9834,4,7,2025-12-06 13:13:07.243+02,,,
9834,4,10,2025-12-06 13:19:56.809+02,113.500,113.500,
9834,6,1,2025-12-06 12:37:10.83+02,,,
9834,6,7,2025-12-06 12:56:16.946+02,419.800,419.800,
9834,6,10,2025-12-06 13:13:37.729+02,1460.300,1460.300,
9834,6,13,2025-12-06 13:20:42.362+02,118.700,118.700,
9834,7,1,2025-12-06 12:51:52.86+02,,,
9834,7,3,2025-12-06 12:56:04.017+02,16.600,16.600,
9834,7,6,2025-12-06 13:14:00.043+02,1092.600,1092.600,
9834,7,9,2025-12-06 13:21:05.576+02,119.200,119.200,
9834,7,10,2025-12-06 13:25:05.207+02,106.000,106.000,
9834,8,1,2025-12-06 12:31:33.832+02,,,
9834,8,2,2025-12-06 12:34:05.465+02,25.500,25.500,
9834,8,3,2025-12-06 12:48:07.233+02,711.300,711.300,
9834,8,10,2025-12-06 13:19:44.552+02,2608.600,2608.600,
9834,8,13,2025-12-06 13:26:06.804+02,29.100,29.100,
9834,9,1,2025-12-06 12:42:21.446+02,,,
9834,9,4,2025-12-06 12:48:40.385+02,25.300,25.300,
9834,9,7,2025-12-06 12:54:57.331+02,24.800,24.800,
9834,9,10,2025-12-06 13:14:24.085+02,856.600,856.600,
9834,9,12,2025-12-06 13:20:37.232+02,154.800,154.800,
9834,9,15,2025-12-06 13:26:55.232+02,32.700,32.700,
9834,10,1,2025-12-06 12:31:24.607+02,,,
9834,10,2,2025-12-06 12:33:41.735+02,22.900,22.900,
9834,10,3,2025-12-06 12:45:59.239+02,613.800,613.800,
9834,10,9,2025-12-06 12:59:11.424+02,47.900,47.900,
9834,10,10,2025-12-06 13:14:42.528+02,979.000,979.000,
9834,10,13,2025-12-06 13:21:55.309+02,54.200,54.200,
9834,11,1,2025-12-06 12:46:38.821+02,,,
9834,11,8,2025-12-06 13:14:19.472+02,,,
9834,11,10,2025-12-06 13:21:09.281+02,203.700,203.700,
9834,12,1,2025-12-06 12:48:14.472+02,,,
9834,12,8,2025-12-06 13:13:12.416+02,,,
9834,12,12,2025-12-06 13:21:15.398+02,42.900,42.900,
9834,13,1,2025-12-06 12:45:52.794+02,,,
9834,13,4,2025-12-06 12:51:32.822+02,16.200,16.200,
9834,13,7,2025-12-06 12:57:36.288+02,24.600,24.600,
9834,13,9,2025-12-06 13:17:38.88+02,1227.200,1227.200,
9834,13,12,2025-12-06 13:24:03.703+02,56.300,56.300,
9834,13,15,2025-12-06 13:29:37.293+02,22.400,22.400,
9834,14,1,2025-12-06 12:49:38.353+02,,,
9834,14,7,2025-12-06 13:13:04.06+02,731.300,731.300,
9834,14,9,2025-12-06 13:17:51.811+02,94.300,94.300,
9834,14,12,2025-12-06 13:25:21.218+02,125.700,125.700,
9834,15,1,2025-12-06 12:43:56.625+02,,,
9834,15,4,2025-12-06 12:50:23.689+02,50.700,50.700,
9834,15,7,2025-12-06 12:57:08.974+02,51.400,51.400,
9834,15,10,2025-12-06 13:13:15.548+02,1018.000,1018.000,
9834,15,13,2025-12-06 13:20:30.581+02,127.200,127.200,
9834,15,16,2025-12-06 13:27:03.587+02,31.800,31.800,
9834,16,1,2025-12-06 12:44:42.312+02,,,
9834,16,4,2025-12-06 12:51:14.3+02,24.500,24.500,
9834,16,7,2025-12-06 12:57:46.236+02,16.100,16.100,
9834,17,1,2025-12-06 12:49:27.17+02,,,
9834,17,4,2025-12-06 12:55:00.362+02,26.700,26.700,
9834,17,8,2025-12-06 13:13:10.035+02,1116.400,1116.400,
9834,17,12,2025-12-06 13:21:02.083+02,39.400,39.400,
9834,18,1,2025-12-06 12:54:08.517+02,,,
9834,18,5,2025-12-06 13:13:54.304+02,,,
9834,18,8,2025-12-06 13:21:12.323+02,128.200,128.200,
9834,19,1,2025-12-06 12:47:03.772+02,,,
9834,19,4,2025-12-06 12:52:55.973+02,16.100,16.100,
9834,19,10,2025-12-06 13:14:47.766+02,1327.800,1327.800,
9834,19,13,2025-12-06 13:24:14.773+02,213.000,213.000,
9834,20,1,2025-12-06 12:49:00.98+02,,,
9834,20,7,2025-12-06 13:13:27.76+02,,,
9834,20,10,2025-12-06 13:20:27.23+02,121.300,121.300,
9834,20,13,2025-12-06 13:27:15.02+02,35.800,35.800,
9834,29,1,2025-12-06 12:36:38.921+02,,,
9834,29,7,2025-12-06 12:57:01.007+02,490.200,490.200,
9834,29,10,2025-12-06 13:13:50.409+02,1499.600,1499.600,
9834,29,12,2025-12-06 13:20:50.456+02,211.600,211.600,
9835,1,1,2025-12-06 16:03:21.055+02,,,
9835,1,4,2025-12-06 16:13:36.664+02,296.300,296.300,
9835,1,7,2025-12-06 16:25:02.801+02,330.800,330.800,
9835,1,10,2025-12-06 16:30:04.422+02,22.700,22.700,
9835,1,13,2025-12-06 16:48:06.065+02,796.200,796.200,
9835,1,16,2025-12-06 16:57:37.597+02,271.100,271.100,
9835,2,1,2025-12-06 16:04:12.573+02,,,
9835,2,4,2025-12-06 16:13:13.644+02,214.600,214.600,
9835,2,7,2025-12-06 16:29:11.614+02,660.700,660.700,
9835,2,10,2025-12-06 16:37:10.3+02,182.800,182.800,
9835,2,12,2025-12-06 16:48:24.849+02,413.600,413.600,
9835,2,15,2025-12-06 16:57:14.476+02,221.500,221.500,
9835,3,1,2025-12-06 16:01:02.355+02,,,
9835,3,4,2025-12-06 16:07:21.242+02,71.200,71.200,
9835,3,7,2025-12-06 16:15:14.577+02,164.800,164.800,
9835,3,10,2025-12-06 16:28:04.43+02,416.100,416.100,
9835,3,13,2025-12-06 16:35:59.484+02,141.300,141.300,
9835,3,16,2025-12-06 16:48:10.385+02,406.300,406.300,
9835,3,19,2025-12-06 16:56:33.837+02,199.800,199.800,
9835,4,1,2025-12-06 16:03:42.788+02,,,
9835,4,4,2025-12-06 16:13:22.274+02,276.300,276.300,
9835,4,7,2025-12-06 16:27:19.014+02,521.400,521.400,
9835,4,10,2025-12-06 16:36:22.98+02,220.700,220.700,
9835,4,13,2025-12-06 16:48:18.667+02,392.400,392.400,
9835,4,16,2025-12-06 16:56:46.953+02,201.900,201.900,
9835,6,1,2025-12-06 16:00:03.885+02,,,
9835,6,4,2025-12-06 16:05:36.204+02,25.000,25.000,
9835,6,7,2025-12-06 16:14:21.178+02,208.300,208.300,
9835,7,1,2025-12-06 16:04:42.512+02,,,
9835,7,4,2025-12-06 16:13:28.458+02,183.700,183.700,
9835,7,7,2025-12-06 16:27:14.139+02,482.800,482.800,
9835,7,10,2025-12-06 16:35:56.927+02,198.800,198.800,
9835,8,1,2025-12-06 16:04:07.454+02,,,
9835,8,4,2025-12-06 16:14:42.145+02,304.200,304.200,
9835,8,7,2025-12-06 16:27:52.511+02,445.000,445.000,
9835,8,10,2025-12-06 16:36:54.443+02,204.700,204.700,
9835,8,13,2025-12-06 16:48:32.653+02,371.000,371.000,
9835,8,16,2025-12-06 16:56:45.488+02,175.100,175.100,
9835,9,1,2025-12-06 16:03:46.677+02,,,
9835,9,4,2025-12-06 16:13:42.14+02,290.600,290.600,
9835,9,7,2025-12-06 16:27:47.73+02,493.500,493.500,
9835,9,10,2025-12-06 16:35:52.905+02,162.300,162.300,
9835,9,13,2025-12-06 16:48:38.396+02,455.700,455.700,
9835,9,16,2025-12-06 16:56:55.048+02,173.300,173.300,
9835,10,1,2025-12-06 16:00:32.339+02,,,
9835,10,7,2025-12-06 16:14:34.699+02,201.300,201.300,
9835,10,10,2025-12-06 16:27:41.931+02,453.100,453.100,
9835,10,13,2025-12-06 16:36:46.988+02,217.900,217.900,
9835,11,1,2025-12-06 16:03:23.144+02,,,
9835,11,4,2025-12-06 16:13:50.152+02,307.600,307.600,
9835,11,7,2025-12-06 16:27:57.877+02,496.100,496.100,
9835,11,10,2025-12-06 16:35:55.223+02,144.800,144.800,
9835,11,13,2025-12-06 16:48:03.538+02,418.300,418.300,
9835,11,15,2025-12-06 16:56:25.488+02,299.400,299.400,
9835,12,1,2025-12-06 16:03:55.074+02,,,
9835,12,4,2025-12-06 16:13:20.128+02,244.300,244.300,
9835,13,1,2025-12-06 16:01:00.435+02,,,
9835,13,4,2025-12-06 16:07:17.376+02,75.900,75.900,
9835,13,7,2025-12-06 16:15:41.807+02,208.000,208.000,
9835,14,1,2025-12-06 16:00:17.879+02,,,
9835,14,3,2025-12-06 16:04:17.641+02,38.300,38.300,
9835,14,6,2025-12-06 16:14:06.867+02,262.300,262.300,
9835,14,9,2025-12-06 16:27:05.509+02,429.900,429.900,
9835,14,12,2025-12-06 16:36:14.013+02,229.800,229.800,
9835,15,1,2025-12-06 16:04:21.329+02,,,
9835,15,4,2025-12-06 16:14:53.137+02,301.400,301.400,
9835,15,7,2025-12-06 16:26:56.602+02,369.300,369.300,
9835,15,10,2025-12-06 16:36:28.4+02,262.300,262.300,
9835,15,13,2025-12-06 16:48:13.216+02,378.500,378.500,
9835,15,16,2025-12-06 16:56:29.389+02,188.700,188.700,
9835,16,1,2025-12-06 16:00:26.676+02,,,
9835,16,4,2025-12-06 16:06:03.281+02,23.100,23.100,
9835,16,7,2025-12-06 16:14:59.947+02,227.700,227.700,
9835,17,1,2025-12-06 16:03:51.119+02,,,
9835,17,4,2025-12-06 16:13:24.691+02,250.800,250.800,
9835,17,7,2025-12-06 16:27:09.246+02,484.300,484.300,
9835,17,10,2025-12-06 16:36:07.382+02,212.900,212.900,
9835,18,1,2025-12-06 16:04:49.663+02,,,
9835,18,4,2025-12-06 16:13:33.104+02,174.200,174.200,
9835,18,7,2025-12-06 16:27:28.197+02,491.500,491.500,
9835,18,10,2025-12-06 16:36:36.149+02,209.900,209.900,
9835,18,13,2025-12-06 16:49:31.457+02,449.300,449.300,
9835,18,16,2025-12-06 16:57:46.95+02,197.900,197.900,
9835,19,1,2025-12-06 16:04:29.824+02,,,
9835,19,4,2025-12-06 16:13:16.706+02,178.300,178.300,
9835,19,7,2025-12-06 16:28:19.043+02,579.200,579.200,
9835,19,10,2025-12-06 16:37:03.671+02,185.500,185.500,
9835,19,12,2025-12-06 16:49:05.961+02,467.800,467.800,
9835,19,15,2025-12-06 16:57:05.353+02,178.300,178.300,
9835,20,1,2025-12-06 16:04:25.1+02,,,
9835,20,4,2025-12-06 16:15:07.452+02,307.100,307.100,
9835,20,6,2025-12-06 16:27:01.015+02,444.700,444.700,
9835,20,9,2025-12-06 16:36:58.764+02,291.900,291.900,
9835,29,1,2025-12-06 16:00:10.834+02,,,
9835,29,4,2025-12-06 16:06:14.564+02,60.000,60.000,
9835,29,7,2025-12-06 16:14:48.753+02,214.100,214.100,
9839,1,23,2025-12-07 15:38:12.048+02,21.703,21.703,2.300
9839,2,16,2025-12-07 15:27:50.505+02,21.323,21.323,2.100
9839,2,40,2025-12-07 16:03:37.692+02,21.407,21.407,2.400
9839,3,15,2025-12-07 15:26:30.094+02,22.121,22.121,2.500
9839,4,14,2025-12-07 15:25:03.744+02,21.932,21.932,2.600
9839,6,13,2025-12-07 15:23:44.702+02,22.585,22.585,3.000
9839,6,40,2025-12-07 16:04:37.122+02,22.234,22.234,3.000
9839,7,32,2025-12-07 15:52:27.79+02,22.155,22.155,2.600
9839,8,16,2025-12-07 15:27:59.378+02,23.267,23.267,4.100
9839,9,16,2025-12-07 15:27:53.297+02,21.692,21.692,2.500
9839,9,39,2025-12-07 16:02:15.372+02,20.902,20.902,2.000
9839,10,42,2025-12-07 16:07:18.986+02,21.535,21.535,2.300
9839,11,32,2025-12-07 15:52:20.008+02,27.041,27.041,7.900
9839,12,8,2025-12-07 15:16:05.538+02,21.551,21.551,2.100
9839,12,33,2025-12-07 15:53:58.599+02,21.495,21.495,2.400
9839,13,7,2025-12-07 15:14:35.391+02,21.600,21.600,
9839,13,42,2025-12-07 16:07:26.254+02,21.468,21.468,2.400
9839,14,21,2025-12-07 15:35:56.234+02,28.369,28.369,8.900
9839,15,19,2025-12-07 15:32:39.35+02,22.254,22.254,2.700
9839,16,8,2025-12-07 15:16:02.97+02,21.601,21.601,2.400
9839,16,31,2025-12-07 15:50:48.636+02,21.417,21.417,2.100
9839,17,18,2025-12-07 15:31:13.956+02,21.799,21.799,2.700
9839,18,14,2025-12-07 15:24:56.676+02,21.979,21.979,2.300
9839,19,41,2025-12-07 16:05:01.126+02,21.565,21.565,2.200
9839,20,14,2025-12-07 15:25:07.866+02,22.263,22.263,3.000
9839,29,15,2025-12-07 15:26:47.592+02,21.953,21.953,2.700
9839,29,40,2025-12-07 16:04:44.299+02,22.955,22.955,3.600
9840,1,1,2025-11-28 15:30:37.719+02,,,
9840,1,11,2025-11-28 15:56:35.284+02,456.800,456.800,
9840,1,22,2025-11-28 16:20:03.708+02,456.400,456.400,
9840,1,25,2025-11-28 16:28:17.942+02,168.900,168.900,
9840,2,1,2025-11-28 15:31:57.618+02,,,
9840,2,7,2025-11-28 15:50:47.443+02,525.100,525.100,
9840,2,20,2025-11-28 16:19:30.083+02,515.100,515.100,
9840,3,1,2025-11-28 15:31:42.232+02,,,
9840,3,6,2025-11-28 15:40:43.05+02,30.600,30.600,
9840,3,12,2025-11-28 15:57:49.984+02,372.100,372.100,
9840,3,23,2025-11-28 16:21:58.799+02,415.800,415.800,
9840,3,26,2025-11-28 16:27:29.926+02,29.200,29.200,
9840,4,1,2025-11-28 15:30:17.278+02,,,
9840,4,5,2025-11-28 15:37:37.151+02,35.300,35.300,
9840,4,12,2025-11-28 15:54:19.125+02,284.400,284.400,
9840,4,22,2025-11-28 16:16:12.687+02,448.100,448.100,
9840,4,25,2025-11-28 16:22:22.19+02,46.400,46.400,
9840,4,28,2025-11-28 16:29:40.33+02,101.300,101.300,
9840,6,1,2025-11-28 15:31:16.656+02,,,
9840,6,12,2025-11-28 15:59:46.261+02,508.400,508.400,
9840,6,14,2025-11-28 16:03:18.73+02,34.700,34.700,
9840,6,18,2025-11-28 16:18:36.911+02,569.600,569.600,
9840,6,23,2025-11-28 16:28:32.489+02,54.800,54.800,
9840,7,1,2025-11-28 15:30:54.482+02,,,
9840,7,11,2025-11-28 15:54:40.025+02,371.000,371.000,
9840,7,25,2025-11-28 16:20:29.052+02,310.300,310.300,
9840,7,28,2025-11-28 16:26:42.614+02,22.700,22.700,
9840,8,1,2025-11-28 15:33:46.431+02,,,
9840,8,10,2025-11-28 15:58:06.545+02,535.800,535.800,
9840,8,18,2025-11-28 16:18:09.405+02,480.400,480.400,
9840,8,24,2025-11-28 16:29:21.377+02,29.100,29.100,
9840,9,1,2025-11-28 15:31:31.832+02,,,
9840,9,11,2025-11-28 15:50:00.024+02,33.200,33.200,
9840,9,16,2025-11-28 16:03:01.511+02,294.900,294.900,
9840,9,24,2025-11-28 16:20:53.912+02,328.900,328.900,
9840,10,1,2025-11-28 15:33:06.272+02,,,
9840,10,11,2025-11-28 16:01:21.157+02,608.500,608.500,
9840,10,17,2025-11-28 16:15:59.526+02,334.000,334.000,
9840,11,1,2025-11-28 15:31:02.888+02,,,
9840,11,13,2025-11-28 15:59:53.021+02,371.500,371.500,
9840,11,22,2025-11-28 16:22:17.128+02,555.800,555.800,
9840,12,1,2025-11-28 15:31:42.592+02,,,
9840,12,8,2025-11-28 15:44:37.016+02,31.300,31.300,
9840,12,14,2025-11-28 16:03:22.824+02,468.900,468.900,
9840,12,22,2025-11-28 16:18:45.802+02,233.900,233.900,
9840,12,27,2025-11-28 16:28:37.583+02,48.500,48.500,
9840,13,1,2025-11-28 15:30:05.018+02,,,
9840,13,9,2025-11-28 15:54:34.447+02,668.700,668.700,
9840,13,16,2025-11-28 16:12:07.053+02,400.900,400.900,
9840,13,19,2025-11-28 16:21:48.503+02,323.000,323.000,
9840,14,1,2025-11-28 15:30:10.233+02,,,
9840,14,5,2025-11-28 15:37:16.041+02,38.500,38.500,
9840,14,10,2025-11-28 15:46:49.402+02,38.100,38.100,
9840,14,13,2025-11-28 15:57:25.075+02,351.200,351.200,
9840,14,23,2025-11-28 16:16:24.543+02,265.700,265.700,
9840,14,26,2025-11-28 16:21:53.847+02,38.200,38.200,
9840,14,28,2025-11-28 16:29:32.423+02,252.800,252.800,
9840,15,1,2025-11-28 15:30:26.378+02,,,
9840,15,11,2025-11-28 15:55:07.114+02,446.600,446.600,
9840,15,21,2025-11-28 16:15:36.475+02,369.600,369.600,
9840,15,24,2025-11-28 16:21:32.72+02,53.400,53.400,
9840,16,1,2025-11-28 15:31:27.618+02,,,
9840,16,4,2025-11-28 15:36:44.625+02,33.600,33.600,
9840,16,12,2025-11-28 16:00:12.451+02,572.600,572.600,
9840,16,16,2025-11-28 16:10:52.103+02,258.200,258.200,
9840,16,22,2025-11-28 16:22:08.567+02,167.200,167.200,
9840,17,1,2025-11-28 15:31:11.77+02,,,
9840,17,10,2025-11-28 15:47:22.926+02,28.900,28.900,
9840,17,14,2025-11-28 16:15:57.62+02,1307.400,1307.400,
9840,17,15,2025-11-28 16:18:03.765+02,39.100,39.100,
9840,17,18,2025-11-28 16:23:47.869+02,32.300,32.300,
9840,18,1,2025-11-28 15:30:03.555+02,,,
9840,18,12,2025-11-28 15:54:52.871+02,299.100,299.100,
9840,18,26,2025-11-28 16:20:12.88+02,311.900,311.900,
9840,19,1,2025-11-28 15:31:35.866+02,,,
9840,19,8,2025-11-28 15:52:25.816+02,512.300,512.300,
9840,19,21,2025-11-28 16:19:35.239+02,466.500,466.500,
9840,20,1,2025-11-28 15:30:48.076+02,,,
9840,20,10,2025-11-28 15:53:29.937+02,415.100,415.100,
9840,20,17,2025-11-28 16:15:43.714+02,724.600,724.600,
9840,20,20,2025-11-28 16:21:45.69+02,51.100,51.100,
9840,29,1,2025-11-28 15:31:09.155+02,,,
9840,29,12,2025-11-28 16:02:13.402+02,618.700,618.700,
9840,29,18,2025-11-28 16:18:54.927+02,458.200,458.200,
9840,29,24,2025-11-28 16:29:53.18+02,29.200,29.200,
9841,1,1,2025-11-28 19:30:02.971+02,,,
9841,1,9,2025-11-28 19:49:11.918+02,328.300,328.300,
9841,1,15,2025-11-28 20:06:21.501+02,406.600,406.600,
9841,2,1,2025-11-28 19:31:26.43+02,,,
9841,2,8,2025-11-28 19:50:16.121+02,391.600,391.600,
9841,2,13,2025-11-28 20:07:22.333+02,492.600,492.600,
9841,3,1,2025-11-28 19:31:51.849+02,,,
9841,3,8,2025-11-28 19:49:36.402+02,349.300,349.300,
9841,3,11,2025-11-28 19:56:17.117+02,107.900,107.900,
9841,4,1,2025-11-28 19:31:09.271+02,,,
9841,4,9,2025-11-28 19:50:51.035+02,370.400,370.400,
9841,6,1,2025-11-28 19:30:07.69+02,,,
9841,7,1,2025-11-28 19:34:32.99+02,,,
9841,7,7,2025-11-28 19:51:15.881+02,419.000,419.000,
9841,7,13,2025-11-28 20:06:02.985+02,269.100,269.100,
9841,7,16,2025-11-28 20:11:31.291+02,22.700,22.700,
9841,8,1,2025-11-28 19:32:09.781+02,,,
9841,8,7,2025-11-28 19:50:59.787+02,531.100,531.100,
9841,8,13,2025-11-28 20:06:46.032+02,369.700,369.700,
9841,9,1,2025-11-28 19:30:17.565+02,,,
9841,9,9,2025-11-28 19:49:42.824+02,341.200,341.200,
9841,9,12,2025-11-28 19:55:16.592+02,40.400,40.400,
9841,9,15,2025-11-28 20:06:52.392+02,389.100,389.100,
9841,10,1,2025-11-28 19:31:57.446+02,,,
9841,11,1,2025-11-28 19:30:13.955+02,,,
9841,11,9,2025-11-28 19:49:19.199+02,315.800,315.800,
9841,11,12,2025-11-28 19:55:34.405+02,75.100,75.100,
9841,11,15,2025-11-28 20:06:29.11+02,363.800,363.800,
9841,12,1,2025-11-28 19:31:17.384+02,,,
9841,12,9,2025-11-28 19:50:41.389+02,336.400,336.400,
9841,12,15,2025-11-28 20:07:13.016+02,362.500,362.500,
9841,13,1,2025-11-28 19:31:45.53+02,,,
9841,13,9,2025-11-28 19:49:28.574+02,282.100,282.100,
9841,13,12,2025-11-28 19:55:41.936+02,77.200,77.200,
9841,14,1,2025-11-28 19:32:57.461+02,,,
9841,14,4,2025-11-28 19:38:50.795+02,70.300,70.300,
9841,15,1,2025-11-28 19:30:45.884+02,,,
9841,15,9,2025-11-28 19:50:01.147+02,330.700,330.700,
9841,15,12,2025-11-28 19:55:54.389+02,63.300,63.300,
9841,16,1,2025-11-28 19:30:32.43+02,,,
9841,17,1,2025-11-28 19:30:38.165+02,,,
9841,17,9,2025-11-28 19:50:29.222+02,366.600,366.600,
9841,17,15,2025-11-28 20:06:36.923+02,341.800,341.800,
9841,18,1,2025-11-28 19:34:39.725+02,,,
9841,18,7,2025-11-28 19:49:02.73+02,241.600,241.600,
9841,18,14,2025-11-28 20:06:08.782+02,282.200,282.200,
9841,18,17,2025-11-28 20:11:56.861+02,46.800,46.800,
9841,19,1,2025-11-28 19:31:33.861+02,,,
9841,19,8,2025-11-28 19:50:21.433+02,399.000,399.000,
9841,19,13,2025-11-28 20:06:57.737+02,471.400,471.400,
9841,20,1,2025-11-28 19:30:56.732+02,,,
9841,20,9,2025-11-28 19:50:08.988+02,336.800,336.800,
9841,20,12,2025-11-28 19:56:02.436+02,54.300,54.300,
9841,29,1,2025-11-28 19:30:58.572+02,,,
9845,6,17,2025-11-29 16:28:47.409+02,28.876,28.876,2.900
9845,10,13,2025-11-29 16:23:01.416+02,30.852,30.852,4.900
9845,29,17,2025-11-29 16:28:55.585+02,31.299,31.299,4.000
9846,1,1,2025-11-29 20:02:06.227+02,,,
9846,1,4,2025-11-29 20:08:47.985+02,131.900,131.900,
9846,1,10,2025-11-29 20:26:21.552+02,442.400,442.400,
9846,1,17,2025-11-29 20:49:02.704+02,663.000,663.000,
9846,1,21,2025-11-29 21:03:04.738+02,480.700,480.700,
9846,2,1,2025-11-29 20:02:25.977+02,,,
9846,2,4,2025-11-29 20:09:23.095+02,142.700,142.700,
9846,2,7,2025-11-29 20:30:01.897+02,941.600,941.600,
9846,2,10,2025-11-29 20:36:41.182+02,123.500,123.500,
9846,2,13,2025-11-29 20:49:08.844+02,467.100,467.100,
9846,2,16,2025-11-29 21:02:04.032+02,498.000,498.000,
9846,3,1,2025-11-29 20:00:25.143+02,,,
9846,3,6,2025-11-29 20:09:59.242+02,79.000,79.000,
9846,3,9,2025-11-29 20:15:27.542+02,29.800,29.800,
9846,3,12,2025-11-29 20:26:43.904+02,379.200,379.200,
9846,3,15,2025-11-29 20:32:42.407+02,77.200,77.200,
9846,3,18,2025-11-29 20:38:50.239+02,64.300,64.300,
9846,4,1,2025-11-29 20:00:58.955+02,,,
9846,4,4,2025-11-29 20:06:38.795+02,64.800,64.800,
9846,4,7,2025-11-29 20:14:10.565+02,183.400,183.400,
9846,4,10,2025-11-29 20:29:54.771+02,646.000,646.000,
9846,4,13,2025-11-29 20:37:57.687+02,204.100,204.100,
9846,4,16,2025-11-29 20:49:26.188+02,406.100,406.100,
9846,4,19,2025-11-29 21:02:29.5+02,512.600,512.600,
9846,6,1,2025-11-29 20:01:47.79+02,,,
9846,6,4,2025-11-29 20:07:06.685+02,31.600,31.600,
9846,6,7,2025-11-29 20:15:17.033+02,208.500,208.500,
9846,6,10,2025-11-29 20:30:31.803+02,628.800,628.800,
9846,6,13,2025-11-29 20:38:05.516+02,171.100,171.100,
9846,6,16,2025-11-29 20:49:53.579+02,421.000,421.000,
9846,6,19,2025-11-29 21:02:55.602+02,502.900,502.900,
9846,7,1,2025-11-29 20:01:03.877+02,,,
9846,7,5,2025-11-29 20:09:51.695+02,161.400,161.400,
9846,7,11,2025-11-29 20:31:55.956+02,707.900,707.900,
9846,7,14,2025-11-29 20:38:10.785+02,74.600,74.600,
9846,7,17,2025-11-29 20:51:06.079+02,491.800,491.800,
9846,7,20,2025-11-29 21:03:17.863+02,1223.600,1223.600,
9846,8,1,2025-11-29 20:01:29.158+02,,,
9846,8,6,2025-11-29 20:12:17.607+02,176.200,176.200,
9846,8,10,2025-11-29 20:30:17.537+02,674.000,674.000,
9846,8,13,2025-11-29 20:37:53.351+02,180.800,180.800,
9846,8,16,2025-11-29 20:51:19.423+02,521.700,521.700,
9846,8,19,2025-11-29 21:02:22.75+02,1185.100,1185.100,
9846,9,1,2025-11-29 20:01:22.596+02,,,
9846,9,4,2025-11-29 20:06:23.71+02,31.100,31.100,
9846,9,7,2025-11-29 20:13:36.424+02,154.000,154.000,
9846,9,10,2025-11-29 20:26:47.201+02,499.400,499.400,
9846,9,13,2025-11-29 20:31:45.988+02,31.700,31.700,
9846,9,16,2025-11-29 20:38:28.38+02,123.200,123.200,
9846,9,19,2025-11-29 20:49:15.11+02,351.100,351.100,
9846,9,21,2025-11-29 21:02:11.157+02,581.200,581.200,
9846,10,1,2025-11-29 20:01:15.94+02,,,
9846,10,6,2025-11-29 20:11:41.388+02,153.600,153.600,
9846,11,1,2025-11-29 20:02:16.321+02,,,
9846,11,4,2025-11-29 20:08:53.907+02,125.900,125.900,
9846,12,1,2025-11-29 20:00:17.343+02,,,
9846,12,6,2025-11-29 20:09:08.719+02,48.300,48.300,
9846,12,12,2025-11-29 20:26:05.505+02,399.000,399.000,
9846,12,14,2025-11-29 20:29:39.365+02,40.600,40.600,
9846,12,17,2025-11-29 20:37:43.074+02,203.400,203.400,
9846,13,1,2025-11-29 20:00:09.965+02,,,
9846,13,6,2025-11-29 20:09:39.22+02,95.500,95.500,
9846,13,9,2025-11-29 20:14:48.938+02,22.700,22.700,
9846,13,12,2025-11-29 20:26:29.801+02,414.800,414.800,
9846,13,15,2025-11-29 20:32:51.516+02,116.900,116.900,
9846,13,18,2025-11-29 20:38:42.817+02,62.700,62.700,
9846,14,1,2025-11-29 20:00:47.924+02,,,
9846,14,4,2025-11-29 20:06:00.231+02,31.200,31.200,
9846,14,7,2025-11-29 20:14:16.487+02,223.200,223.200,
9846,14,10,2025-11-29 20:29:32.225+02,610.100,610.100,
9846,14,13,2025-11-29 20:38:22.297+02,250.500,250.500,
9846,15,1,2025-11-29 20:00:32.346+02,,,
9846,15,6,2025-11-29 20:10:03.664+02,92.800,92.800,
9846,16,1,2025-11-29 20:01:39.103+02,,,
9846,16,4,2025-11-29 20:07:21.938+02,57.100,57.100,
9846,16,7,2025-11-29 20:13:45.877+02,110.600,110.600,
9846,17,1,2025-11-29 20:00:04.075+02,,,
9846,17,6,2025-11-29 20:09:13.548+02,70.900,70.900,
9846,17,12,2025-11-29 20:26:12.568+02,390.500,390.500,
9846,17,14,2025-11-29 20:30:23.068+02,75.200,75.200,
9846,17,17,2025-11-29 20:37:28.351+02,144.700,144.700,
9846,17,20,2025-11-29 20:50:21.532+02,482.900,482.900,
9846,17,23,2025-11-29 21:03:31.629+02,511.000,511.000,
9846,18,1,2025-11-29 20:01:06.565+02,,,
9846,18,5,2025-11-29 20:08:59.266+02,107.600,107.600,
9846,18,12,2025-11-29 20:30:54.649+02,610.500,610.500,
9846,18,19,2025-11-29 20:49:17.548+02,376.100,376.100,
9846,18,23,2025-11-29 21:01:49.735+02,389.000,389.000,
9846,19,1,2025-11-29 20:02:43.806+02,,,
9846,19,4,2025-11-29 20:09:44.991+02,134.100,134.100,
9846,19,7,2025-11-29 20:29:45.209+02,909.900,909.900,
9846,19,10,2025-11-29 20:36:53.807+02,145.600,145.600,
9846,19,13,2025-11-29 20:49:32.469+02,473.300,473.300,
9846,19,16,2025-11-29 21:02:41.472+02,500.900,500.900,
9846,20,1,2025-11-29 20:00:39.768+02,,,
9846,20,6,2025-11-29 20:10:13.493+02,101.600,101.600,
9846,20,12,2025-11-29 20:26:36.373+02,369.500,369.500,
9846,20,15,2025-11-29 20:32:31.922+02,90.200,90.200,
9846,29,1,2025-11-29 20:01:53.993+02,,,
9846,29,4,2025-11-29 20:07:32.031+02,43.400,43.400,
9846,29,7,2025-11-29 20:15:07.223+02,181.000,181.000,
9850,1,7,2025-11-30 18:14:20.672+02,29.970,29.970,4.100
9850,1,32,2025-11-30 18:52:57.981+02,28.168,28.168,2.500
9850,2,25,2025-11-30 18:42:56.225+02,27.938,27.938,2.200
9850,2,44,2025-11-30 19:10:20.448+02,28.243,28.243,2.700
9850,3,7,2025-11-30 18:14:45.563+02,28.471,28.471,2.500
9850,3,32,2025-11-30 18:53:45.788+02,28.234,28.234,2.200
9850,4,7,2025-11-30 18:14:32.844+02,28.815,28.815,3.200
9850,4,32,2025-11-30 18:53:29.98+02,27.931,27.931,2.200
9850,6,7,2025-11-30 18:15:12.668+02,31.343,31.343,3.800
9850,6,32,2025-11-30 18:53:54.435+02,30.559,30.559,3.700
9850,7,7,2025-11-30 18:14:28.078+02,32.002,32.002,6.300
9850,7,32,2025-11-30 18:53:20.955+02,28.544,28.544,2.600
9850,8,7,2025-11-30 18:14:29.422+02,28.288,28.288,2.500
9850,8,32,2025-11-30 18:53:27.633+02,28.935,28.935,3.000
9850,9,7,2025-11-30 18:14:39.047+02,30.395,30.395,4.700
9850,9,32,2025-11-30 18:53:36.294+02,28.999,28.999,3.200
9850,10,7,2025-11-30 18:14:45.719+02,28.124,28.124,2.700
9850,10,24,2025-11-30 18:42:05.819+02,28.064,28.064,2.500
9850,10,49,2025-11-30 19:18:27.412+02,35.671,35.671,10.100
9850,11,7,2025-11-30 18:14:42.782+02,29.188,29.188,3.600
9850,11,32,2025-11-30 18:53:39.921+02,28.330,28.330,2.900
9850,12,7,2025-11-30 18:14:43.641+02,28.890,28.890,3.100
9850,12,32,2025-11-30 18:53:42.521+02,29.457,29.457,3.700
9850,14,7,2025-11-30 18:14:40.61+02,28.993,28.993,3.200
9850,14,32,2025-11-30 18:53:38.635+02,28.078,28.078,2.300
9850,15,8,2025-11-30 18:16:50.755+02,34.006,34.006,8.300
9850,15,9,2025-11-30 18:19:32.036+02,34.540,34.540,8.600
9850,15,34,2025-11-30 18:56:44.641+02,30.469,30.469,4.600
9850,16,7,2025-11-30 18:14:44.469+02,32.166,32.166,3.200
9850,16,32,2025-11-30 18:53:42.997+02,28.541,28.541,2.700
9850,17,7,2025-11-30 18:14:27.141+02,28.560,28.560,2.900
9850,17,32,2025-11-30 18:53:16.514+02,28.181,28.181,2.600
9850,18,7,2025-11-30 18:14:35.063+02,33.241,33.241,7.200
9850,18,32,2025-11-30 18:53:33.48+02,29.077,29.077,3.000
9850,19,24,2025-11-30 18:41:27.928+02,29.047,29.047,3.100
9850,19,42,2025-11-30 19:07:22.436+02,27.853,27.853,1.800
9850,20,7,2025-11-30 18:14:39.078+02,28.837,28.837,3.800
9850,20,32,2025-11-30 18:53:53.81+02,45.232,45.232,16.300
9850,20,40,2025-11-30 19:05:53.736+02,37.513,37.513,11.800
9850,29,7,2025-11-30 18:14:47.735+02,29.538,29.538,3.100
9850,29,32,2025-11-30 18:53:47.468+02,28.942,28.942,3.200
9851,1,1,2025-11-21 02:36:43.378+02,,,
9851,1,12,2025-11-21 03:07:02.862+02,606.100,606.100,
9851,1,16,2025-11-21 03:19:07.949+02,300.200,300.200,
9851,2,1,2025-11-21 02:35:21.254+02,,,
9851,2,10,2025-11-21 02:52:18.002+02,41.300,41.300,
9851,2,15,2025-11-21 03:12:56.979+02,751.100,751.100,
9851,3,1,2025-11-21 02:32:13.781+02,,,
9851,3,13,2025-11-21 03:06:53.515+02,709.100,709.100,
9851,3,20,2025-11-21 03:23:55.822+02,227.300,227.300,
9851,4,1,2025-11-21 02:30:15.427+02,,,
9851,4,11,2025-11-21 02:48:51.113+02,30.800,30.800,
9851,4,15,2025-11-21 03:00:58.4+02,292.900,292.900,
9851,4,21,2025-11-21 03:16:33.207+02,330.700,330.700,
9851,6,1,2025-11-21 02:30:31.19+02,,,
9851,6,14,2025-11-21 03:02:47.437+02,486.400,486.400,
9851,6,21,2025-11-21 03:23:53.962+02,479.400,479.400,
9851,7,1,2025-11-21 02:31:03.322+02,,,
9851,7,16,2025-11-21 03:04:09.956+02,326.700,326.700,
9851,7,22,2025-11-21 03:18:59.749+02,246.600,246.600,
9851,8,1,2025-11-21 02:35:27.803+02,,,
9851,8,11,2025-11-21 03:01:45.007+02,474.800,474.800,
9851,8,16,2025-11-21 03:19:37.492+02,540.200,540.200,
9851,9,1,2025-11-21 02:30:53.736+02,,,
9851,9,13,2025-11-21 02:59:36.029+02,422.900,422.900,
9851,9,23,2025-11-21 03:23:18.65+02,342.000,342.000,
9851,10,1,2025-11-21 02:35:11.338+02,,,
9851,10,11,2025-11-21 03:00:41.578+02,370.200,370.200,
9851,10,19,2025-11-21 03:21:48.819+02,314.100,314.100,
9851,11,1,2025-11-21 02:30:46.464+02,,,
9851,11,17,2025-11-21 03:09:01.766+02,512.300,512.300,
9851,11,25,2025-11-21 03:28:50.978+02,293.900,293.900,
9851,12,1,2025-11-21 02:31:54.105+02,,,
9851,12,4,2025-11-21 02:46:59.562+02,591.400,591.400,
9851,12,14,2025-11-21 03:15:22.964+02,570.000,570.000,
9851,13,1,2025-11-21 02:32:07.215+02,,,
9851,13,10,2025-11-21 02:59:13.641+02,642.500,642.500,
9851,13,18,2025-11-21 03:20:31.845+02,416.500,416.500,
9851,14,1,2025-11-21 02:31:05.721+02,,,
9851,14,12,2025-11-21 02:51:37.62+02,33.200,33.200,
9851,14,15,2025-11-21 03:03:11.461+02,376.500,376.500,
9851,14,21,2025-11-21 03:19:11.902+02,346.200,346.200,
9851,15,1,2025-11-21 02:30:41.69+02,,,
9851,15,2,2025-11-21 02:33:16.18+02,28.800,28.800,
9851,15,14,2025-11-21 03:01:08.815+02,395.900,395.900,
9851,15,22,2025-11-21 03:19:30.904+02,233.100,233.100,
9851,16,1,2025-11-21 02:34:37.965+02,,,
9851,16,11,2025-11-21 02:59:42.066+02,428.300,428.300,
9851,16,22,2025-11-21 03:25:42.224+02,352.400,352.400,
9851,17,1,2025-11-21 02:31:12.007+02,,,
9851,17,13,2025-11-21 02:59:26.752+02,343.200,343.200,
9851,17,22,2025-11-21 03:15:13.976+02,36.900,36.900,
9851,18,1,2025-11-21 02:37:13.353+02,,,
9851,18,12,2025-11-21 03:01:58.679+02,276.500,276.500,
9851,18,17,2025-11-21 03:19:57.978+02,544.400,544.400,
9851,19,1,2025-11-21 02:37:11.775+02,,,
9851,19,18,2025-11-21 03:17:02.127+02,622.200,622.200,
9851,20,1,2025-11-21 02:30:37.934+02,,,
9851,20,12,2025-11-21 03:00:38.617+02,619.700,619.700,
9851,20,20,2025-11-21 03:19:49.996+02,256.400,256.400,
9851,29,1,2025-11-21 02:30:58.797+02,,,
9851,29,13,2025-11-21 03:01:04.69+02,464.800,464.800,
9851,29,21,2025-11-21 03:21:09.555+02,301.300,301.300,
9852,1,1,2025-11-21 06:07:59.638+02,,,
9852,1,11,2025-11-21 06:32:41.07+02,411.900,411.900,
9852,1,15,2025-11-21 06:54:43.624+02,1734.500,1734.500,
9852,2,1,2025-11-21 06:14:11.053+02,,,
9852,2,9,2025-11-21 06:33:34.705+02,249.200,249.200,
9852,2,12,2025-11-21 06:54:55.992+02,1530.400,1530.400,
9852,3,1,2025-11-21 06:11:35.992+02,,,
9852,3,10,2025-11-21 06:32:18.17+02,250.600,250.600,
9852,3,14,2025-11-21 06:54:04.975+02,1557.300,1557.300,
9852,4,1,2025-11-21 06:06:08.031+02,,,
9852,4,10,2025-11-21 06:27:09.041+02,284.700,284.700,
9852,4,15,2025-11-21 06:54:20.204+02,1062.100,1062.100,
9852,6,1,2025-11-21 06:05:22.854+02,,,
9852,6,13,2025-11-21 06:32:03.592+02,285.700,285.700,
9852,6,17,2025-11-21 06:54:16.28+02,1618.400,1618.400,
9852,7,1,2025-11-21 06:07:19.592+02,,,
9852,7,14,2025-11-21 06:33:25.437+02,126.500,126.500,
9852,7,17,2025-11-21 06:55:06.693+02,1427.700,1427.700,
9852,8,1,2025-11-21 06:11:51.444+02,,,
9852,8,9,2025-11-21 06:32:14.637+02,376.200,376.200,
9852,8,13,2025-11-21 06:54:32.465+02,1713.800,1713.800,
9852,9,1,2025-11-21 06:08:42.337+02,,,
9852,9,12,2025-11-21 06:31:51.315+02,225.500,225.500,
9852,9,16,2025-11-21 06:54:46.549+02,1600.900,1600.900,
9852,10,1,2025-11-21 06:12:11.256+02,,,
9852,10,9,2025-11-21 06:30:09.797+02,174.200,174.200,
9852,10,14,2025-11-21 06:54:37.322+02,1641.700,1641.700,
9852,11,1,2025-11-21 06:08:13.531+02,,,
9852,11,11,2025-11-21 06:32:10.527+02,320.800,320.800,
9852,11,15,2025-11-21 06:54:49.602+02,1680.000,1680.000,
9852,12,1,2025-11-21 06:07:34.887+02,,,
9852,12,11,2025-11-21 06:29:30.188+02,227.100,227.100,
9852,12,16,2025-11-21 06:54:07.296+02,1704.200,1704.200,
9852,13,1,2025-11-21 06:12:02.241+02,,,
9852,13,10,2025-11-21 06:33:44.481+02,323.300,323.300,
9852,13,13,2025-11-21 06:54:02.964+02,1541.700,1541.700,
9852,14,1,2025-11-21 06:06:01.718+02,,,
9852,14,10,2025-11-21 06:26:34.079+02,261.200,261.200,
9852,14,13,2025-11-21 06:32:21.244+02,34.900,34.900,
9852,14,15,2025-11-21 06:54:13.62+02,1065.400,1065.400,
9852,15,1,2025-11-21 06:05:56.084+02,,,
9852,15,14,2025-11-21 06:34:33.66+02,326.100,326.100,
9852,15,17,2025-11-21 06:55:10.095+02,1562.400,1562.400,
9852,16,1,2025-11-21 06:06:54.937+02,,,
9852,16,12,2025-11-21 06:32:30.614+02,353.600,353.600,
9852,16,16,2025-11-21 06:55:00.27+02,1703.200,1703.200,
9852,17,1,2025-11-21 06:11:56.446+02,,,
9852,17,11,2025-11-21 06:30:57.859+02,22.500,22.500,
9852,17,15,2025-11-21 06:54:09.095+02,1413.700,1413.700,
9852,18,1,2025-11-21 06:05:34.461+02,,,
9852,18,13,2025-11-21 06:31:30.032+02,250.500,250.500,
9852,18,17,2025-11-21 06:55:02.841+02,1663.200,1663.200,
9852,19,1,2025-11-21 06:11:47.638+02,,,
9852,19,8,2025-11-21 06:30:15.101+02,294.800,294.800,
9852,19,12,2025-11-21 06:55:43.048+02,1822.800,1822.800,
9852,20,1,2025-11-21 06:06:05.621+02,,,
9852,20,11,2025-11-21 06:30:37.202+02,321.500,321.500,
9852,20,16,2025-11-21 06:55:26.804+02,1811.100,1811.100,
9852,29,1,2025-11-21 06:05:42.321+02,,,
9852,29,13,2025-11-21 06:31:55.76+02,198.500,198.500,
9852,29,17,2025-11-21 06:54:25.59+02,1548.300,1548.300,
9853,1,1,2025-11-22 02:35:40.867+02,,,
9853,1,13,2025-11-22 03:03:50.774+02,294.900,294.900,
9853,1,22,2025-11-22 03:22:22.431+02,169.500,169.500,
9853,2,1,2025-11-22 02:34:57.572+02,,,
9853,2,10,2025-11-22 02:57:57.934+02,256.700,256.700,
9853,2,13,2025-11-22 03:11:36.547+02,487.300,487.300,
9853,3,1,2025-11-22 03:03:16.364+02,,,
9853,3,7,2025-11-22 03:16:49.677+02,119.000,119.000,
9853,4,1,2025-11-22 02:37:56.533+02,,,
9853,4,10,2025-11-22 03:03:30.039+02,410.900,410.900,
9853,4,19,2025-11-22 03:21:27.199+02,96.200,96.200,
9853,6,1,2025-11-22 03:11:46.284+02,,,
9853,7,1,2025-11-22 02:42:59.64+02,,,
9853,7,10,2025-11-22 03:08:49.897+02,440.200,440.200,
9853,7,18,2025-11-22 03:24:01.158+02,23.200,23.200,
9853,8,1,2025-11-22 02:35:45.47+02,,,
9853,8,3,2025-11-22 03:14:21.769+02,2082.600,2082.600,
9853,9,1,2025-11-22 02:40:20.069+02,,,
9853,9,11,2025-11-22 03:02:51.217+02,177.700,177.700,
9853,9,21,2025-11-22 03:22:54.025+02,136.700,136.700,
9853,10,1,2025-11-22 02:53:47.733+02,,,
9853,10,2,2025-11-22 03:12:51.977+02,1026.500,1026.500,
9853,10,8,2025-11-22 03:24:15.285+02,22.600,22.600,
9853,11,1,2025-11-22 02:35:52.216+02,,,
9853,11,8,2025-11-22 03:02:31.42+02,748.800,748.800,
9853,11,19,2025-11-22 03:24:29.898+02,150.800,150.800,
9853,12,1,2025-11-22 02:38:26.323+02,,,
9853,12,8,2025-11-22 03:09:01.209+02,998.000,998.000,
9853,12,15,2025-11-22 03:21:47.679+02,24.300,24.300,
9853,13,1,2025-11-22 03:12:15.785+02,,,
9853,13,8,2025-11-22 03:27:19.048+02,159.000,159.000,
9853,14,1,2025-11-22 02:37:46.388+02,,,
9853,14,10,2025-11-22 03:03:37.137+02,491.500,491.500,
9853,14,18,2025-11-22 03:20:23.543+02,129.000,129.000,
9853,15,1,2025-11-22 02:33:41.254+02,,,
9853,15,11,2025-11-22 03:07:48.656+02,908.800,908.800,
9853,15,19,2025-11-22 03:23:54.779+02,122.300,122.300,
9853,16,1,2025-11-22 02:31:13.012+02,,,
9853,16,14,2025-11-22 03:02:11.057+02,353.700,353.700,
9853,16,23,2025-11-22 03:22:01.798+02,236.500,236.500,
9853,17,1,2025-11-22 02:38:05.007+02,,,
9853,17,9,2025-11-22 03:08:39.291+02,830.900,830.900,
9853,17,16,2025-11-22 03:22:00.327+02,26.800,26.800,
9853,18,1,2025-11-22 02:43:41.199+02,,,
9853,18,8,2025-11-22 03:08:41.346+02,619.900,619.900,
9853,18,16,2025-11-22 03:23:08.184+02,22.800,22.800,
9853,19,1,2025-11-22 02:31:00.308+02,,,
9853,19,12,2025-11-22 03:02:06.242+02,497.600,497.600,
9853,19,16,2025-11-22 03:15:49.123+02,337.300,337.300,
9853,20,1,2025-11-22 02:31:26.378+02,,,
9853,20,2,2025-11-22 02:50:53.73+02,1038.400,1038.400,
9853,20,5,2025-11-22 03:06:33.174+02,581.900,581.900,
9853,20,12,2025-11-22 03:21:58.388+02,164.100,164.100,
9853,29,1,2025-11-22 03:01:51.045+02,,,
9853,29,3,2025-11-22 03:06:06.255+02,32.900,32.900,
9853,29,10,2025-11-22 03:20:40.822+02,140.700,140.700,
9854,1,1,2025-11-22 06:01:27.671+02,,,
9854,1,2,2025-11-22 06:04:25.139+02,25.300,25.300,
9854,1,10,2025-11-22 06:31:49.184+02,638.800,638.800,
9854,1,18,2025-11-22 06:54:51.318+02,417.300,417.300,
9854,2,1,2025-11-22 06:00:56.047+02,,,
9854,2,2,2025-11-22 06:04:00.771+02,27.300,27.300,
9854,2,9,2025-11-22 06:31:03.254+02,771.500,771.500,
9854,2,18,2025-11-22 06:54:06.892+02,304.700,304.700,
9854,3,1,2025-11-22 06:01:03.974+02,,,
9854,4,1,2025-11-22 06:00:40.971+02,,,
9854,4,2,2025-11-22 06:03:56.673+02,25.500,25.500,
9854,4,10,2025-11-22 06:31:17.282+02,629.000,629.000,
9854,4,19,2025-11-22 06:54:17.7+02,290.300,290.300,
9854,6,1,2025-11-22 06:00:10.273+02,,,
9854,6,2,2025-11-22 06:03:14.874+02,38.400,38.400,
9854,6,11,2025-11-22 06:31:40.273+02,596.000,596.000,
9854,6,20,2025-11-22 06:55:01.068+02,305.600,305.600,
9854,7,1,2025-11-22 06:01:24.759+02,,,
9854,7,2,2025-11-22 06:04:23.738+02,28.800,28.800,
9854,8,1,2025-11-22 06:00:03.826+02,,,
9854,8,11,2025-11-22 06:31:58.333+02,667.800,667.800,
9854,8,19,2025-11-22 06:54:37.774+02,393.800,393.800,
9854,9,1,2025-11-22 06:00:37.053+02,,,
9854,9,3,2025-11-22 06:06:00.542+02,27.200,27.200,
9854,9,10,2025-11-22 06:32:03.755+02,671.500,671.500,
9854,9,18,2025-11-22 06:54:02.651+02,346.100,346.100,
9854,10,1,2025-11-22 06:00:07.435+02,,,
9854,10,11,2025-11-22 06:31:07.209+02,594.800,594.800,
9854,10,15,2025-11-22 06:39:56.164+02,33.300,33.300,
9854,11,1,2025-11-22 06:01:02.11+02,,,
9854,11,2,2025-11-22 06:04:10.109+02,32.200,32.200,
9854,12,1,2025-11-22 06:00:31.085+02,,,
9854,12,3,2025-11-22 06:05:44.802+02,25.200,25.200,
9854,13,1,2025-11-22 06:01:16.157+02,,,
9854,13,11,2025-11-22 06:32:46.555+02,658.100,658.100,
9854,14,1,2025-11-22 06:00:48.126+02,,,
9854,14,2,2025-11-22 06:03:47.877+02,26.400,26.400,
9854,14,10,2025-11-22 06:31:32.409+02,702.200,702.200,
9854,14,19,2025-11-22 06:54:24.16+02,277.600,277.600,
9854,15,1,2025-11-22 06:00:17.439+02,,,
9854,15,2,2025-11-22 06:03:18.447+02,31.500,31.500,
9854,15,10,2025-11-22 06:32:21.694+02,775.600,775.600,
9854,16,1,2025-11-22 06:00:29.196+02,,,
9854,16,3,2025-11-22 06:05:41.12+02,23.400,23.400,
9854,17,1,2025-11-22 06:01:14.255+02,,,
9854,17,3,2025-11-22 06:06:20.603+02,23.000,23.000,
9854,17,10,2025-11-22 06:32:11.866+02,668.900,668.900,
9854,17,18,2025-11-22 06:54:29.467+02,314.000,314.000,
9854,18,1,2025-11-22 06:01:22.908+02,,,
9854,18,2,2025-11-22 06:04:18.738+02,31.000,31.000,
9854,18,10,2025-11-22 06:31:13.288+02,619.300,619.300,
9854,18,19,2025-11-22 06:55:43.683+02,408.200,408.200,
9854,19,1,2025-11-22 06:02:14.953+02,,,
9854,19,9,2025-11-22 06:32:39.683+02,818.700,818.700,
9854,19,17,2025-11-22 06:54:12.495+02,319.200,319.200,
9854,20,1,2025-11-22 06:00:12.516+02,,,
9854,20,2,2025-11-22 06:03:10.036+02,26.900,26.900,
9854,20,10,2025-11-22 06:32:18.723+02,701.600,701.600,
9854,29,1,2025-11-22 06:00:24.429+02,,,
9854,29,2,2025-11-22 06:03:25.253+02,30.300,30.300,
9854,29,10,2025-11-22 06:31:25.876+02,690.000,690.000,
9858,1,25,2025-11-23 06:45:59.349+02,21.708,21.708,3.000
9858,2,22,2025-11-23 06:41:15.397+02,21.049,21.049,2.500
9858,3,1,2025-11-23 06:06:49.609+02,33.230,33.230,14.200
9858,4,20,2025-11-23 06:38:22.909+02,21.324,21.324,2.900
9858,6,2,2025-11-23 06:08:33.857+02,23.903,23.903,5.200
9858,7,2,2025-11-23 06:08:21.548+02,21.968,21.968,3.100
9858,8,16,2025-11-23 06:32:00.114+02,21.068,21.068,2.500
9858,9,24,2025-11-23 06:44:43.963+02,21.351,21.351,2.700
9858,11,1,2025-11-23 06:06:24.941+02,21.383,21.383,2.500
9858,11,27,2025-11-23 06:50:08.739+02,20.680,20.680,2.200
9858,12,13,2025-11-23 06:26:53.267+02,23.361,23.361,3.900
9858,12,14,2025-11-23 06:29:02.515+02,30.065,30.065,11.300
9858,12,34,2025-11-23 07:01:52.169+02,29.308,29.308,9.900
9858,13,30,2025-11-23 06:54:29.901+02,22.300,22.300,
9858,14,2,2025-11-23 06:08:42.28+02,32.736,32.736,13.100
9858,14,28,2025-11-23 06:51:50.731+02,21.287,21.287,2.400
9858,15,27,2025-11-23 06:49:49.465+02,22.389,22.389,3.200
9858,16,29,2025-11-23 06:52:53.262+02,21.638,21.638,3.100
9858,17,22,2025-11-23 06:41:30.088+02,21.164,21.164,2.600
9858,18,17,2025-11-23 06:33:13.981+02,20.929,20.929,2.200
9858,19,21,2025-11-23 06:39:54.483+02,21.371,21.371,2.700
9858,20,17,2025-11-23 06:33:38.004+02,21.491,21.491,3.100
9858,29,25,2025-11-23 06:46:56.693+02,22.842,22.842,4.000
9859,1,1,2025-11-07 16:37:51.88+02,,,
9859,1,10,2025-11-07 16:56:42.743+02,291.100,291.100,
9859,1,27,2025-11-07 17:29:44.137+02,678.200,678.200,
9859,1,29,2025-11-07 17:32:54.286+02,25.100,25.100,
9859,2,1,2025-11-07 16:35:12.576+02,,,
9859,2,12,2025-11-07 17:01:03.141+02,609.000,609.000,
9859,2,22,2025-11-07 17:22:34.793+02,509.800,509.800,
9859,2,25,2025-11-07 17:28:04.164+02,44.200,44.200,
9859,3,1,2025-11-07 16:36:37.049+02,,,
9859,3,12,2025-11-07 17:02:35.644+02,483.800,483.800,
9859,3,23,2025-11-07 17:22:29.046+02,305.300,305.300,
9859,3,26,2025-11-07 17:27:36.501+02,29.300,29.300,
9859,3,29,2025-11-07 17:32:35.787+02,18.100,18.100,
9859,4,1,2025-11-07 16:36:30.875+02,,,
9859,4,7,2025-11-07 16:46:51.369+02,32.100,32.100,
9859,4,13,2025-11-07 17:00:31.827+02,286.300,286.300,
9859,4,21,2025-11-07 17:19:46.107+02,523.200,523.200,
9859,4,27,2025-11-07 17:31:39.879+02,137.500,137.500,
9859,6,1,2025-11-07 16:36:11.209+02,,,
9859,6,13,2025-11-07 17:03:51.077+02,489.700,489.700,
9859,6,23,2025-11-07 17:21:34.735+02,304.300,304.300,
9859,7,1,2025-11-07 16:35:03.179+02,,,
9859,7,13,2025-11-07 16:57:39.903+02,302.100,302.100,
9859,7,26,2025-11-07 17:19:41.934+02,315.600,315.600,
9859,7,29,2025-11-07 17:24:39.415+02,18.700,18.700,
9859,7,33,2025-11-07 17:31:22.98+02,18.500,18.500,
9859,8,1,2025-11-07 16:35:40.32+02,,,
9859,8,8,2025-11-07 16:55:42.108+02,529.800,529.800,
9859,8,18,2025-11-07 17:22:12.345+02,722.000,722.000,
9859,8,21,2025-11-07 17:27:06.348+02,27.600,27.600,
9859,8,24,2025-11-07 17:33:55.795+02,134.100,134.100,
9859,9,1,2025-11-07 16:35:54.759+02,,,
9859,9,13,2025-11-07 17:03:07.485+02,450.600,450.600,
9859,9,22,2025-11-07 17:24:58.915+02,582.200,582.200,
9859,10,1,2025-11-07 16:35:44.961+02,,,
9859,10,10,2025-11-07 16:56:19.107+02,360.600,360.600,
9859,10,20,2025-11-07 17:18:57.509+02,546.500,546.500,
9859,10,23,2025-11-07 17:24:08.577+02,19.700,19.700,
9859,11,1,2025-11-07 16:35:49.485+02,,,
9859,11,5,2025-11-07 17:09:42.1+02,1602.900,1602.900,
9859,11,14,2025-11-07 17:28:48.929+02,227.200,227.200,
9859,12,1,2025-11-07 16:35:17.935+02,,,
9859,12,14,2025-11-07 17:01:39.655+02,367.000,367.000,
9859,12,24,2025-11-07 17:19:26.933+02,311.800,311.800,
9859,13,1,2025-11-07 16:36:33.626+02,,,
9859,13,9,2025-11-07 16:49:32.638+02,27.300,27.300,
9859,13,11,2025-11-07 17:03:14.978+02,630.600,630.600,
9859,13,23,2025-11-07 17:23:23.695+02,238.000,238.000,
9859,13,28,2025-11-07 17:31:10.316+02,18.300,18.300,
9859,14,1,2025-11-07 16:35:10.266+02,,,
9859,14,7,2025-11-07 16:44:27.006+02,34.000,34.000,
9859,14,12,2025-11-07 16:52:41.209+02,31.900,31.900,
9859,14,15,2025-11-07 17:02:17.049+02,318.300,318.300,
9859,14,25,2025-11-07 17:20:35.346+02,311.600,311.600,
9859,14,31,2025-11-07 17:30:15.437+02,20.500,20.500,
9859,15,1,2025-11-07 16:35:27.52+02,,,
9859,15,12,2025-11-07 17:06:02.946+02,775.300,775.300,
9859,15,20,2025-11-07 17:20:38.643+02,257.700,257.700,
9859,15,23,2025-11-07 17:26:28.749+02,73.000,73.000,
9859,15,26,2025-11-07 17:32:46.298+02,97.700,97.700,
9859,16,1,2025-11-07 16:36:00.149+02,,,
9859,16,15,2025-11-07 17:05:41.272+02,320.900,320.900,
9859,16,23,2025-11-07 17:25:04.897+02,545.500,545.500,
9859,17,1,2025-11-07 16:35:32.746+02,,,
9859,17,15,2025-11-07 17:01:13.922+02,186.700,186.700,
9859,17,24,2025-11-07 17:13:19.263+02,18.000,18.000,
9859,17,25,2025-11-07 17:20:18.111+02,342.000,342.000,
9859,18,1,2025-11-07 16:35:04.723+02,,,
9859,18,11,2025-11-07 16:57:50.655+02,435.800,435.800,
9859,18,25,2025-11-07 17:20:12.187+02,254.500,254.500,
9859,18,28,2025-11-07 17:25:21.791+02,29.900,29.900,
9859,19,1,2025-11-07 16:36:07.872+02,,,
9859,19,12,2025-11-07 17:00:25.422+02,435.900,435.900,
9859,19,24,2025-11-07 17:22:20.005+02,345.000,345.000,
9859,19,27,2025-11-07 17:27:33.988+02,25.000,25.000,
9859,20,1,2025-11-07 16:35:23.781+02,,,
9859,20,10,2025-11-07 16:50:33.969+02,28.200,28.200,
9859,20,14,2025-11-07 17:04:24.771+02,499.900,499.900,
9859,20,23,2025-11-07 17:20:21.57+02,256.200,256.200,
9859,20,26,2025-11-07 17:25:49.268+02,50.400,50.400,
9859,20,29,2025-11-07 17:31:45.117+02,77.200,77.200,
9859,29,1,2025-11-07 16:36:27.758+02,,,
9859,29,9,2025-11-07 16:51:01.922+02,29.300,29.300,
9859,29,12,2025-11-07 17:05:57.215+02,631.500,631.500,
9859,29,20,2025-11-07 17:21:39.287+02,321.200,321.200,
9860,1,1,2025-11-07 20:34:00.557+02,,,
9860,1,7,2025-11-07 20:49:45.409+02,383.800,383.800,
9860,1,13,2025-11-07 21:11:05.432+02,700.900,700.900,
9860,2,1,2025-11-07 20:30:10.123+02,,,
9860,2,10,2025-11-07 20:51:28.097+02,447.300,447.300,
9860,2,15,2025-11-07 21:06:27.945+02,440.700,440.700,
9860,3,1,2025-11-07 20:32:09.948+02,,,
9860,3,4,2025-11-07 20:38:36.78+02,107.400,107.400,
9860,3,7,2025-11-07 20:49:03.369+02,338.400,338.400,
9860,3,10,2025-11-07 20:55:39.338+02,148.500,148.500,
9860,4,1,2025-11-07 20:30:36.028+02,,,
9860,4,4,2025-11-07 20:38:40.19+02,214.200,214.200,
9860,4,7,2025-11-07 20:49:41.406+02,369.900,369.900,
9860,4,13,2025-11-07 21:11:14.267+02,717.200,717.200,
9860,6,1,2025-11-07 20:34:40.425+02,,,
9860,6,7,2025-11-07 20:51:37.479+02,444.700,444.700,
9860,7,1,2025-11-07 20:34:55.228+02,,,
9860,7,6,2025-11-07 20:52:03.307+02,552.000,552.000,
9860,7,11,2025-11-07 21:06:07.787+02,373.500,373.500,
9860,7,14,2025-11-07 21:11:44.855+02,91.300,91.300,
9860,8,1,2025-11-07 20:30:25.623+02,,,
9860,8,4,2025-11-07 20:38:51.279+02,241.100,241.100,
9860,8,7,2025-11-07 20:49:27.134+02,328.700,328.700,
9860,8,10,2025-11-07 21:10:55.74+02,1023.100,1023.100,
9860,9,1,2025-11-07 20:31:59.687+02,,,
9860,9,9,2025-11-07 20:49:33.164+02,333.700,333.700,
9860,9,12,2025-11-07 20:56:07.662+02,126.100,126.100,
9860,9,14,2025-11-07 21:06:10.709+02,400.300,400.300,
9860,9,17,2025-11-07 21:11:38.41+02,76.000,76.000,
9860,10,1,2025-11-07 20:30:30.118+02,,,
9860,10,4,2025-11-07 20:38:57.037+02,236.600,236.600,
9860,10,7,2025-11-07 20:49:30.243+02,305.600,305.600,
9860,10,10,2025-11-07 20:55:55.305+02,118.700,118.700,
9860,10,13,2025-11-07 21:10:51.044+02,618.400,618.400,
9860,11,1,2025-11-07 20:30:05.399+02,,,
9860,11,4,2025-11-07 20:37:57.337+02,218.100,218.100,
9860,12,1,2025-11-07 20:32:36.769+02,,,
9860,12,4,2025-11-07 20:38:32.034+02,88.000,88.000,
9860,12,7,2025-11-07 20:49:21.006+02,377.100,377.100,
9860,12,10,2025-11-07 20:55:49.406+02,129.800,129.800,
9860,13,1,2025-11-07 20:32:03.277+02,,,
9860,13,4,2025-11-07 20:38:33.744+02,125.700,125.700,
9860,13,7,2025-11-07 20:49:14.729+02,361.900,361.900,
9860,13,10,2025-11-07 20:55:35.993+02,130.700,130.700,
9860,13,13,2025-11-07 21:09:14.438+02,559.600,559.600,
9860,14,1,2025-11-07 20:30:43.526+02,,,
9860,14,4,2025-11-07 20:39:09.658+02,240.700,240.700,
9860,15,1,2025-11-07 20:31:21.405+02,,,
9860,15,4,2025-11-07 20:38:28.92+02,169.500,169.500,
9860,16,1,2025-11-07 20:32:07.701+02,,,
9860,16,9,2025-11-07 20:49:37.508+02,299.800,299.800,
9860,16,12,2025-11-07 20:56:09.494+02,108.600,108.600,
9860,17,1,2025-11-07 20:32:39.029+02,,,
9860,17,4,2025-11-07 20:39:01.655+02,104.300,104.300,
9860,18,1,2025-11-07 20:34:51.757+02,,,
9860,18,5,2025-11-07 20:51:58.318+02,614.000,614.000,
9860,18,11,2025-11-07 21:06:03.264+02,298.900,298.900,
9860,18,14,2025-11-07 21:11:28.553+02,88.000,88.000,
9860,19,1,2025-11-07 20:30:15.017+02,,,
9860,19,10,2025-11-07 20:51:46.333+02,438.100,438.100,
9860,19,14,2025-11-07 21:06:18.412+02,485.500,485.500,
9860,20,1,2025-11-07 20:31:18.494+02,,,
9860,20,4,2025-11-07 20:38:26.727+02,169.400,169.400,
9860,20,7,2025-11-07 20:49:08.458+02,383.700,383.700,
9860,20,10,2025-11-07 20:55:42.027+02,145.900,145.900,
9860,29,1,2025-11-07 20:34:33.155+02,,,
9864,1,7,2025-11-08 16:35:20.407+02,1331.400,1331.400,
9864,2,7,2025-11-08 16:35:11.554+02,1329.100,1329.100,
9864,3,7,2025-11-08 16:35:49.223+02,1333.400,1333.400,
9864,4,7,2025-11-08 16:35:45.949+02,1332.700,1332.700,
9864,6,7,2025-11-08 16:35:38.457+02,1329.900,1329.900,
9864,7,7,2025-11-08 16:35:13.499+02,1329.000,1329.000,
9864,8,7,2025-11-08 16:35:24.771+02,1326.900,1326.900,
9864,9,7,2025-11-08 16:35:29.507+02,1329.100,1329.100,
9864,10,7,2025-11-08 16:35:36.848+02,1331.400,1331.400,
9864,11,7,2025-11-08 16:36:04.884+02,1337.100,1337.100,
9864,12,7,2025-11-08 16:35:41.191+02,1331.100,1331.100,
9864,13,6,2025-11-08 16:33:05.308+02,1245.300,1245.300,
9864,13,7,2025-11-08 16:36:14.4+02,103.000,103.000,
9864,14,7,2025-11-08 16:35:54.157+02,1334.400,1334.400,
9864,15,7,2025-11-08 16:35:58.571+02,1335.700,1335.700,
9864,16,7,2025-11-08 16:35:33.051+02,1329.500,1329.500,
9864,17,7,2025-11-08 16:36:10.994+02,1342.000,1342.000,
9864,18,7,2025-11-08 16:35:17.698+02,1330.600,1330.600,
9864,20,7,2025-11-08 16:36:00.785+02,1335.900,1335.900,
9865,1,1,2025-11-08 20:07:19.64+02,,,
9865,1,4,2025-11-08 20:15:07.845+02,225.200,225.200,
9865,2,1,2025-11-08 20:06:48.117+02,,,
9865,2,7,2025-11-08 20:18:35.922+02,146.200,146.200,
9865,2,10,2025-11-08 20:33:42.728+02,656.500,656.500,
9865,2,13,2025-11-08 20:41:10.532+02,159.400,159.400,
9865,2,16,2025-11-08 20:53:59.209+02,494.000,494.000,
9865,2,19,2025-11-08 21:01:18.941+02,188.000,188.000,
9865,4,1,2025-11-08 20:06:11.736+02,,,
9865,4,7,2025-11-08 20:18:52.783+02,212.800,212.800,
9865,4,10,2025-11-08 20:33:00.368+02,572.200,572.200,
9865,4,13,2025-11-08 20:40:47.567+02,187.700,187.700,
9865,4,16,2025-11-08 20:54:07.949+02,529.800,529.800,
9865,4,19,2025-11-08 21:02:11.703+02,223.300,223.300,
9865,6,1,2025-11-08 20:05:36.231+02,,,
9865,6,4,2025-11-08 20:11:51.559+02,116.300,116.300,
9865,6,7,2025-11-08 20:19:18.427+02,178.500,178.500,
9865,6,10,2025-11-08 20:33:36.993+02,561.100,561.100,
9865,6,13,2025-11-08 20:40:41.792+02,150.100,150.100,
9865,6,16,2025-11-08 20:53:52.019+02,527.700,527.700,
9865,6,19,2025-11-08 21:02:18.255+02,253.100,253.100,
9865,7,1,2025-11-08 20:10:40.892+02,,,
9865,7,4,2025-11-08 20:20:58.561+02,362.300,362.300,
9865,7,6,2025-11-08 20:34:43.073+02,646.100,646.100,
9865,7,9,2025-11-08 20:43:36.64+02,271.100,271.100,
9865,7,11,2025-11-08 20:55:12.182+02,538.900,538.900,
9865,7,14,2025-11-08 21:03:16.054+02,242.500,242.500,
9865,8,1,2025-11-08 20:05:57.047+02,,,
9865,8,4,2025-11-08 20:11:40.66+02,78.300,78.300,
9865,8,7,2025-11-08 20:19:06.251+02,180.900,180.900,
9865,8,10,2025-11-08 20:33:10.043+02,558.800,558.800,
9865,8,13,2025-11-08 20:39:56.673+02,127.500,127.500,
9865,9,1,2025-11-08 20:06:35.067+02,,,
9865,9,7,2025-11-08 20:18:56.708+02,201.900,201.900,
9865,9,10,2025-11-08 20:32:49.997+02,555.300,555.300,
9865,9,14,2025-11-08 20:40:30.854+02,138.100,138.100,
9865,9,17,2025-11-08 20:53:54.886+02,544.100,544.100,
9865,9,20,2025-11-08 21:01:07.958+02,181.400,181.400,
9865,10,1,2025-11-08 20:06:23.726+02,,,
9865,10,4,2025-11-08 20:11:26.167+02,29.600,29.600,
9865,10,7,2025-11-08 20:18:49.42+02,176.600,176.600,
9865,10,10,2025-11-08 20:33:20.416+02,602.500,602.500,
9865,10,13,2025-11-08 20:40:20.698+02,137.800,137.800,
9865,11,1,2025-11-08 20:06:18.761+02,,,
9865,11,7,2025-11-08 20:19:10.87+02,221.000,221.000,
9865,12,1,2025-11-08 20:05:06.145+02,,,
9865,12,2,2025-11-08 20:06:53.268+02,28.700,28.700,
9865,12,5,2025-11-08 20:12:24.687+02,69.100,69.100,
9865,12,8,2025-11-08 20:19:34.401+02,180.700,180.700,
9865,12,10,2025-11-08 20:30:12.405+02,393.100,393.100,
9865,12,13,2025-11-08 20:34:31.443+02,26.800,26.800,
9865,12,16,2025-11-08 20:40:59.512+02,133.200,133.200,
9865,13,1,2025-11-08 20:05:13.642+02,,,
9865,13,3,2025-11-08 20:08:23.145+02,35.400,35.400,
9865,13,6,2025-11-08 20:12:51.444+02,18.400,18.400,
9865,13,9,2025-11-08 20:19:55.273+02,168.000,168.000,
9865,13,12,2025-11-08 20:33:32.453+02,506.900,506.900,
9865,13,15,2025-11-08 20:40:17.425+02,123.300,123.300,
9865,13,18,2025-11-08 20:53:21.706+02,541.000,541.000,
9865,13,21,2025-11-08 21:00:56.057+02,204.000,204.000,
9865,14,1,2025-11-08 20:05:41.858+02,,,
9865,14,4,2025-11-08 20:10:29.915+02,30.600,30.600,
9865,14,7,2025-11-08 20:18:44.126+02,249.400,249.400,
9865,14,10,2025-11-08 20:33:16.539+02,616.400,616.400,
9865,14,13,2025-11-08 20:40:53.343+02,180.600,180.600,
9865,14,16,2025-11-08 20:54:04.588+02,518.300,518.300,
9865,14,19,2025-11-08 21:02:04.793+02,221.300,221.300,
9865,15,1,2025-11-08 20:05:23.206+02,,,
9865,15,4,2025-11-08 20:10:03.504+02,26.700,26.700,
9865,15,7,2025-11-08 20:18:58.856+02,296.300,296.300,
9865,16,1,2025-11-08 20:06:04.953+02,,,
9865,16,5,2025-11-08 20:14:24.263+02,115.400,115.400,
9865,16,7,2025-11-08 20:19:26.042+02,122.300,122.300,
9865,16,10,2025-11-08 20:32:54.184+02,505.800,505.800,
9865,16,13,2025-11-08 20:40:36.945+02,200.500,200.500,
9865,17,1,2025-11-08 20:05:03.263+02,,,
9865,17,2,2025-11-08 20:07:03.034+02,33.100,33.100,
9865,17,5,2025-11-08 20:11:55.15+02,33.400,33.400,
9865,17,8,2025-11-08 20:19:13.824+02,172.900,172.900,
9865,17,11,2025-11-08 20:30:15.368+02,370.900,370.900,
9865,17,13,2025-11-08 20:33:49.982+02,50.200,50.200,
9865,17,16,2025-11-08 20:40:45.587+02,124.300,124.300,
9865,18,1,2025-11-08 20:10:37.392+02,,,
9865,18,4,2025-11-08 20:18:40.313+02,237.500,237.500,
9865,18,7,2025-11-08 20:34:37.435+02,701.300,701.300,
9865,18,10,2025-11-08 20:43:33.04+02,276.300,276.300,
9865,18,11,2025-11-08 20:55:06.082+02,608.700,608.700,
9865,18,14,2025-11-08 21:03:08.457+02,247.700,247.700,
9865,19,1,2025-11-08 20:05:46.064+02,,,
9865,19,4,2025-11-08 20:12:18.687+02,128.200,128.200,
9865,19,7,2025-11-08 20:19:31.589+02,174.600,174.600,
9865,19,9,2025-11-08 20:32:52.106+02,549.600,549.600,
9865,19,12,2025-11-08 20:41:41.497+02,271.100,271.100,
9865,19,14,2025-11-08 20:54:12.677+02,569.400,569.400,
9865,19,17,2025-11-08 21:02:07.236+02,205.000,205.000,
9865,20,1,2025-11-08 20:05:18.644+02,,,
9865,20,4,2025-11-08 20:10:45.058+02,75.400,75.400,
9865,20,7,2025-11-08 20:19:38.427+02,277.800,277.800,
9865,20,9,2025-11-08 20:32:56.153+02,569.300,569.300,
9865,20,12,2025-11-08 20:41:38.325+02,253.200,253.200,
9865,20,14,2025-11-08 20:53:17.561+02,517.100,517.100,
9865,20,17,2025-11-08 21:01:01.905+02,216.500,216.500,
9865,29,1,2025-11-08 20:05:29.644+02,,,
9865,29,4,2025-11-08 20:11:47.249+02,135.000,135.000,
9865,29,7,2025-11-08 20:19:22.872+02,196.300,196.300,
9869,1,7,2025-11-09 19:15:31.935+02,23.197,23.197,2.200
9869,1,34,2025-11-09 19:49:48.897+02,23.058,23.058,2.300
9869,1,54,2025-11-09 20:14:45.259+02,23.311,23.311,2.500
9869,2,30,2025-11-09 19:44:26.554+02,23.490,23.490,2.200
9869,2,50,2025-11-09 20:09:35.109+02,23.238,23.238,2.200
9869,4,18,2025-11-09 19:29:42.776+02,23.708,23.708,2.400
9869,4,37,2025-11-09 19:53:50.99+02,23.460,23.460,2.400
9869,6,18,2025-11-09 19:29:45.653+02,23.673,23.673,2.800
9869,6,39,2025-11-09 19:56:21.926+02,23.648,23.648,2.800
9869,7,21,2025-11-09 19:33:20.888+02,23.356,23.356,2.200
9869,7,47,2025-11-09 20:06:00.862+02,23.401,23.401,2.200
9869,8,28,2025-11-09 19:42:30.689+02,23.942,23.942,3.200
9869,8,46,2025-11-09 20:05:21.29+02,23.563,23.563,2.700
9869,10,29,2025-11-09 19:43:49.293+02,23.760,23.760,2.900
9869,10,54,2025-11-09 20:15:22.847+02,22.968,22.968,2.400
9869,11,2,2025-11-09 19:06:59.702+02,22.974,22.974,2.000
9869,11,24,2025-11-09 19:37:36.928+02,34.185,34.185,13.300
9869,11,47,2025-11-09 20:06:55.174+02,33.841,33.841,13.000
9869,12,35,2025-11-09 19:51:17.776+02,23.061,23.061,2.400
9869,12,55,2025-11-09 20:16:32.416+02,23.112,23.112,2.300
9869,13,36,2025-11-09 19:52:30.227+02,23.000,23.000,
9869,14,19,2025-11-09 19:31:02.424+02,22.899,22.899,2.000
9869,15,8,2025-11-09 19:17:13.579+02,24.204,24.204,2.900
9869,15,47,2025-11-09 20:06:32.445+02,24.177,24.177,2.900
9869,16,2,2025-11-09 19:07:24.4+02,40.076,40.076,18.500
9869,16,14,2025-11-09 19:24:47.649+02,23.426,23.426,2.400
9869,16,32,2025-11-09 19:47:56.309+02,30.752,30.752,9.800
9869,17,17,2025-11-09 19:28:34.078+02,26.064,26.064,5.200
9869,17,38,2025-11-09 19:55:10.135+02,23.234,23.234,2.500
9869,18,34,2025-11-09 19:49:42.685+02,23.358,23.358,2.400
9869,18,48,2025-11-09 20:07:18.286+02,23.128,23.128,2.300
9869,19,38,2025-11-09 19:54:47.696+02,34.644,34.644,13.500
9869,19,51,2025-11-09 20:11:07.234+02,23.113,23.113,2.200
9869,20,17,2025-11-09 19:28:28.124+02,23.748,23.748,3.000
9869,20,42,2025-11-09 19:59:59.59+02,24.654,24.654,3.900
9869,29,29,2025-11-09 19:43:48.58+02,23.710,23.710,2.600
9869,29,43,2025-11-09 20:01:41.658+02,26.124,26.124,5.400
9870,3,1,2025-10-24 21:32:05.557+03,,,
9870,3,10,2025-10-24 21:47:53.771+03,25.300,25.300,
9870,3,15,2025-10-24 22:10:46.526+03,898.100,898.100,
9870,3,19,2025-10-24 22:18:04.931+03,25.000,25.000,
9870,4,1,2025-10-24 21:30:15.909+03,,,
9870,4,7,2025-10-24 21:40:53.115+03,42.900,42.900,
9870,4,16,2025-10-24 21:59:46.924+03,247.300,247.300,
9870,4,19,2025-10-24 22:05:31.902+03,58.500,58.500,
9870,4,22,2025-10-24 22:12:46.292+03,100.600,100.600,
9870,4,25,2025-10-24 22:22:07.415+03,285.600,285.600,
9870,7,1,2025-10-24 21:30:11.143+03,,,
9870,7,8,2025-10-24 21:42:31.35+03,17.300,17.300,
9870,7,15,2025-10-24 21:58:31.394+03,291.000,291.000,
9870,7,18,2025-10-24 22:08:32.696+03,301.500,301.500,
9870,7,29,2025-10-24 22:24:15.756+03,22.600,22.600,
9870,8,1,2025-10-24 21:36:06.3+03,,,
9870,8,10,2025-10-24 22:00:34.96+03,601.900,601.900,
9870,8,18,2025-10-24 22:20:27.294+03,390.300,390.300,
9870,9,1,2025-10-24 21:31:57.69+03,,,
9870,9,10,2025-10-24 21:58:21.065+03,655.400,655.400,
9870,9,16,2025-10-24 22:13:44.336+03,326.200,326.200,
9870,9,21,2025-10-24 22:21:14.571+03,22.600,22.600,
9870,11,1,2025-10-24 21:31:26.268+03,,,
9870,11,14,2025-10-24 22:01:41.583+03,447.600,447.600,
9870,11,17,2025-10-24 22:07:50.064+03,35.500,35.500,
9870,11,20,2025-10-24 22:19:11.441+03,365.800,365.800,
9870,12,1,2025-10-24 21:30:47.236+03,,,
9870,12,15,2025-10-24 21:57:31.703+03,265.900,265.900,
9870,12,24,2025-10-24 22:19:00.034+03,372.600,372.600,
9870,13,1,2025-10-24 21:32:48.691+03,,,
9870,13,10,2025-10-24 21:59:32.839+03,723.500,723.500,
9870,13,13,2025-10-24 22:04:52.3+03,17.100,17.100,
9870,13,16,2025-10-24 22:15:57.145+03,389.800,389.800,
9870,13,25,2025-10-24 22:28:57.362+03,23.800,23.800,
9870,15,1,2025-10-24 21:30:21.17+03,,,
9870,15,13,2025-10-24 22:03:39.957+03,807.900,807.900,
9870,15,19,2025-10-24 22:14:06.086+03,33.600,33.600,
9870,15,22,2025-10-24 22:22:27.025+03,227.100,227.100,
9870,19,1,2025-10-24 21:31:09.721+03,,,
9870,19,6,2025-10-24 21:48:00.474+03,529.600,529.600,
9870,19,9,2025-10-24 21:53:27.506+03,38.900,38.900,
9870,19,15,2025-10-24 22:09:35.931+03,373.600,373.600,
9870,19,26,2025-10-24 22:25:34.015+03,23.100,23.100,
9870,22,1,2025-10-24 21:30:37.19+03,,,
9870,22,9,2025-10-24 21:44:42.173+03,32.700,32.700,
9870,22,14,2025-10-24 21:57:43.225+03,281.900,281.900,
9870,22,20,2025-10-24 22:15:54.68+03,491.600,491.600,
9870,22,23,2025-10-24 22:21:41.961+03,33.800,33.800,
9870,22,26,2025-10-24 22:27:02.958+03,25.900,25.900,
9870,24,1,2025-10-24 21:31:03.705+03,,,
9870,24,13,2025-10-24 21:57:12.277+03,393.000,393.000,
9870,24,22,2025-10-24 22:18:40.754+03,410.000,410.000,
9870,25,1,2025-10-24 21:31:32.346+03,,,
9870,25,10,2025-10-24 21:59:24.598+03,801.500,801.500,
9870,25,16,2025-10-24 22:15:37.257+03,388.600,388.600,
9870,26,1,2025-10-24 21:30:03.862+03,,,
9870,26,8,2025-10-24 21:42:36.428+03,41.600,41.600,
9870,26,13,2025-10-24 21:58:11.836+03,412.300,412.300,
9870,26,19,2025-10-24 22:13:03.542+03,295.500,295.500,
9870,28,1,2025-10-24 21:31:17.236+03,,,
9870,28,13,2025-10-24 22:01:56.752+03,595.200,595.200,
9870,28,18,2025-10-24 22:16:27.979+03,328.100,328.100,
9870,29,1,2025-10-24 21:30:30.578+03,,,
9870,29,6,2025-10-24 21:40:10.771+03,26.200,26.200,
9870,29,9,2025-10-24 21:46:03.427+03,27.500,27.500,
9870,29,14,2025-10-24 21:55:27.853+03,48.100,48.100,
9870,29,15,2025-10-24 22:05:38.605+03,525.000,525.000,
9870,29,18,2025-10-24 22:11:59.513+03,39.400,39.400,
9870,29,21,2025-10-24 22:21:54.587+03,288.400,288.400,
9870,31,1,2025-10-24 21:32:44.879+03,,,
9870,31,12,2025-10-24 21:58:05.324+03,460.000,460.000,
9870,31,21,2025-10-24 22:19:57.373+03,382.900,382.900,
9870,32,1,2025-10-24 21:31:45.221+03,,,
9870,32,8,2025-10-24 21:44:18.207+03,17.100,17.100,
9870,32,11,2025-10-24 21:50:04.915+03,25.500,25.500,
9870,32,14,2025-10-24 22:01:53.321+03,409.600,409.600,
9870,32,17,2025-10-24 22:07:34.171+03,17.200,17.200,
9870,32,20,2025-10-24 22:13:35.242+03,17.100,17.100,
9870,32,23,2025-10-24 22:23:32.511+03,289.000,289.000,
9870,37,1,2025-10-24 21:30:47.236+03,,,
9870,37,10,2025-10-24 21:54:33.93+03,605.900,605.900,
9870,37,16,2025-10-24 22:12:13.683+03,541.000,541.000,
9870,38,1,2025-10-24 21:30:13.096+03,,,
9870,38,10,2025-10-24 21:53:45.006+03,538.000,538.000,
9870,38,19,2025-10-24 22:14:59.499+03,388.600,388.600,
9870,38,25,2025-10-24 22:25:22.932+03,20.300,20.300,
9871,1,1,2025-10-25 01:00:25.64+03,,,
9871,1,4,2025-10-25 01:06:06.103+03,26.400,26.400,
9871,1,10,2025-10-25 01:21:32.913+03,330.300,330.300,
9871,1,13,2025-10-25 01:26:34.202+03,43.900,43.900,
9871,1,16,2025-10-25 01:36:11.274+03,307.700,307.700,
9871,1,28,2025-10-25 01:53:26.128+03,23.300,23.300,
9871,2,1,2025-10-25 01:01:07.937+03,,,
9871,2,10,2025-10-25 01:25:20.88+03,542.800,542.800,
9871,2,16,2025-10-25 01:41:32.003+03,385.000,385.000,
9871,2,27,2025-10-25 01:56:55.962+03,22.000,22.000,
9871,3,1,2025-10-25 01:01:17.671+03,,,
9871,3,5,2025-10-25 01:08:26.823+03,24.000,24.000,
9871,3,8,2025-10-25 01:13:58.384+03,17.100,17.100,
9871,3,10,2025-10-25 01:27:16.515+03,609.000,609.000,
9871,3,15,2025-10-25 01:35:54.086+03,17.100,17.100,
9871,3,18,2025-10-25 01:45:23.054+03,287.200,287.200,
9871,4,1,2025-10-25 01:00:19.999+03,,,
9871,4,6,2025-10-25 01:09:19.982+03,28.000,28.000,
9871,4,12,2025-10-25 01:26:05.755+03,400.000,400.000,
9871,4,15,2025-10-25 01:34:50.07+03,230.900,230.900,
9871,4,18,2025-10-25 01:44:13.463+03,279.800,279.800,
9871,4,27,2025-10-25 01:57:24.372+03,22.400,22.400,
9871,6,1,2025-10-25 01:00:31.686+03,,,
9871,6,2,2025-10-25 01:09:39.608+03,435.400,435.400,
9871,6,5,2025-10-25 01:14:49.384+03,17.000,17.000,
9871,6,8,2025-10-25 01:20:16.063+03,17.000,17.000,
9871,6,10,2025-10-25 01:27:14.312+03,224.900,224.900,
9871,6,13,2025-10-25 01:32:46.21+03,17.000,17.000,
9871,6,16,2025-10-25 01:42:04.191+03,264.800,264.800,
9871,7,1,2025-10-25 01:00:23.671+03,,,
9871,7,5,2025-10-25 01:19:45.172+03,730.100,730.100,
9871,7,10,2025-10-25 01:32:15.96+03,283.100,283.100,
9871,7,13,2025-10-25 01:41:34.69+03,285.300,285.300,
9871,8,1,2025-10-25 01:00:27.796+03,,,
9871,8,2,2025-10-25 01:02:39.716+03,25.200,25.200,
9871,8,3,2025-10-25 01:09:20.935+03,302.000,302.000,
9871,8,11,2025-10-25 01:28:47.084+03,351.400,351.400,
9871,8,14,2025-10-25 01:34:11.898+03,17.100,17.100,
9871,8,18,2025-10-25 01:46:51.673+03,371.200,371.200,
9871,9,1,2025-10-25 01:01:13.343+03,,,
9871,9,6,2025-10-25 01:10:25.789+03,18.800,18.800,
9871,9,11,2025-10-25 01:24:39.43+03,367.500,367.500,
9871,9,14,2025-10-25 01:29:51.835+03,26.100,26.100,
9871,9,17,2025-10-25 01:40:15.455+03,336.700,336.700,
9871,10,1,2025-10-25 01:00:13.483+03,,,
9871,10,8,2025-10-25 01:18:42.725+03,364.500,364.500,
9871,10,13,2025-10-25 01:29:54.053+03,195.200,195.200,
9871,10,16,2025-10-25 01:35:36.477+03,26.000,26.000,
9871,10,19,2025-10-25 01:46:21.813+03,347.900,347.900,
9871,11,1,2025-10-25 01:00:37.39+03,,,
9871,11,6,2025-10-25 01:10:26.306+03,29.900,29.900,
9871,11,12,2025-10-25 01:26:15.365+03,322.500,322.500,
9871,11,18,2025-10-25 01:42:12.128+03,336.700,336.700,
9871,12,1,2025-10-25 01:02:16.247+03,,,
9871,12,9,2025-10-25 01:19:15.216+03,173.900,173.900,
9871,12,12,2025-10-25 01:24:56.849+03,37.700,37.700,
9871,12,16,2025-10-25 01:39:38.893+03,475.400,475.400,
9871,12,25,2025-10-25 01:53:14.466+03,51.700,51.700,
9871,13,1,2025-10-25 01:01:31.171+03,,,
9871,13,7,2025-10-25 01:11:39.47+03,29.200,29.200,
9871,13,10,2025-10-25 01:25:58.427+03,592.500,592.500,
9871,13,16,2025-10-25 01:43:02.394+03,442.300,442.300,
9871,13,20,2025-10-25 01:49:00.017+03,22.600,22.600,
9871,14,1,2025-10-25 01:00:03.764+03,,,
9871,14,7,2025-10-25 01:10:51.98+03,32.100,32.100,
9871,14,10,2025-10-25 01:16:33.28+03,32.800,32.800,
9871,14,17,2025-10-25 01:33:05.429+03,302.300,302.300,
9871,14,20,2025-10-25 01:38:24.502+03,31.700,31.700,
9871,14,24,2025-10-25 01:49:58.971+03,307.700,307.700,
9871,15,1,2025-10-25 01:00:14.468+03,,,
9871,15,12,2025-10-25 01:29:22.069+03,659.800,659.800,
9871,15,18,2025-10-25 01:43:26.66+03,273.400,273.400,
9871,15,29,2025-10-25 01:59:18.576+03,22.900,22.900,
9871,16,1,2025-10-25 01:01:08.593+03,,,
9871,16,11,2025-10-25 01:26:24.755+03,465.900,465.900,
9871,16,14,2025-10-25 01:32:20.21+03,29.900,29.900,
9871,16,20,2025-10-25 01:47:24.798+03,327.600,327.600,
9871,17,1,2025-10-25 01:00:11.124+03,,,
9871,17,8,2025-10-25 01:12:30.136+03,24.500,24.500,
9871,17,13,2025-10-25 01:25:25.552+03,290.000,290.000,
9871,17,16,2025-10-25 01:31:01.944+03,25.000,25.000,
9871,17,19,2025-10-25 01:41:14.034+03,326.500,326.500,
9871,17,20,2025-10-25 01:43:08.519+03,22.400,22.400,
9871,18,1,2025-10-25 01:00:09.405+03,,,
9871,18,8,2025-10-25 01:12:21.292+03,19.700,19.700,
9871,18,13,2025-10-25 01:25:29.349+03,270.900,270.900,
9871,18,16,2025-10-25 01:32:09.273+03,80.600,80.600,
9871,18,19,2025-10-25 01:42:37.316+03,345.800,345.800,
9871,18,29,2025-10-25 01:57:13.779+03,22.500,22.500,
9871,19,1,2025-10-25 01:01:28.249+03,,,
9871,19,10,2025-10-25 01:25:03.302+03,466.100,466.100,
9871,19,16,2025-10-25 01:41:00.612+03,363.300,363.300,
9871,19,28,2025-10-25 01:57:55.185+03,22.100,22.100,
9871,20,1,2025-10-25 01:00:05.171+03,,,
9871,20,15,2025-10-25 01:29:34.382+03,345.100,345.100,
9871,20,21,2025-10-25 01:43:43.744+03,254.500,254.500,
9871,29,1,2025-10-25 01:00:35.015+03,,,
9871,29,4,2025-10-25 01:06:29.322+03,17.000,17.000,
9871,29,7,2025-10-25 01:12:27.136+03,28.100,28.100,
9871,29,10,2025-10-25 01:24:51.896+03,443.700,443.700,
9871,29,13,2025-10-25 01:30:22.022+03,17.100,17.100,
9871,29,16,2025-10-25 01:40:55.206+03,308.300,308.300,
9872,1,1,2025-10-25 20:33:48.316+03,,,
9872,1,10,2025-10-25 20:54:18.499+03,333.000,333.000,
9872,1,20,2025-10-25 21:15:56.689+03,453.800,453.800,
9872,2,1,2025-10-25 20:44:11.971+03,,,
9872,2,12,2025-10-25 21:12:53.176+03,682.300,682.300,
9872,2,15,2025-10-25 21:17:28.167+03,27.400,27.400,
9872,2,20,2025-10-25 21:29:40.092+03,236.900,236.900,
9872,3,1,2025-10-25 20:38:07.164+03,,,
9872,3,4,2025-10-25 20:43:05.218+03,17.100,17.100,
9872,3,7,2025-10-25 20:58:51.421+03,637.200,637.200,
9872,3,9,2025-10-25 21:03:18.776+03,83.400,83.400,
9872,3,18,2025-10-25 21:19:11.324+03,201.600,201.600,
9872,3,21,2025-10-25 21:27:25.538+03,204.200,204.200,
9872,4,1,2025-10-25 20:45:03.409+03,,,
9872,4,4,2025-10-25 20:50:28.475+03,31.500,31.500,
9872,4,7,2025-10-25 21:00:27.466+03,291.000,291.000,
9872,4,10,2025-10-25 21:05:58.011+03,41.900,41.900,
9872,4,11,2025-10-25 21:12:19.457+03,294.600,294.600,
9872,4,14,2025-10-25 21:23:21.588+03,359.800,359.800,
9872,4,17,2025-10-25 21:28:30.532+03,22.500,22.500,
9872,6,1,2025-10-25 20:36:05.279+03,,,
9872,6,2,2025-10-25 20:38:38.227+03,25.000,25.000,
9872,6,5,2025-10-25 20:44:12.768+03,29.000,29.000,
9872,6,8,2025-10-25 20:50:00.194+03,17.100,17.100,
9872,6,11,2025-10-25 21:05:23.683+03,617.300,617.300,
9872,6,14,2025-10-25 21:10:54.122+03,17.000,17.000,
9872,6,17,2025-10-25 21:20:48.646+03,325.900,325.900,
9872,6,20,2025-10-25 21:26:11.91+03,17.000,17.000,
9872,7,1,2025-10-25 20:50:17.616+03,,,
9872,7,4,2025-10-25 20:55:56.577+03,29.300,29.300,
9872,7,8,2025-10-25 21:03:09.573+03,41.100,41.100,
9872,7,11,2025-10-25 21:14:38.072+03,415.500,415.500,
9872,7,14,2025-10-25 21:21:03.286+03,90.600,90.600,
9872,7,17,2025-10-25 21:29:42.28+03,244.300,244.300,
9872,8,1,2025-10-25 20:31:05.519+03,,,
9872,8,2,2025-10-25 20:33:14.363+03,27.000,27.000,
9872,8,3,2025-10-25 20:35:21.254+03,28.900,28.900,
9872,8,4,2025-10-25 20:37:25.024+03,26.400,26.400,
9872,8,5,2025-10-25 20:39:25.209+03,24.600,24.600,
9872,8,6,2025-10-25 20:44:56.316+03,229.600,229.600,
9872,9,1,2025-10-25 20:39:00.555+03,,,
9872,9,4,2025-10-25 20:44:39.877+03,36.200,36.200,
9872,9,10,2025-10-25 20:59:34.525+03,254.100,254.100,
9872,9,17,2025-10-25 21:14:27.978+03,286.800,286.800,
9872,9,20,2025-10-25 21:22:16.307+03,197.600,197.600,
9872,10,1,2025-10-25 20:30:53.664+03,,,
9872,10,2,2025-10-25 20:32:59.488+03,23.800,23.800,
9872,10,3,2025-10-25 20:35:04.317+03,26.700,26.700,
9872,10,4,2025-10-25 20:37:05.786+03,23.200,23.200,
9872,10,5,2025-10-25 20:39:02.024+03,23.400,23.400,
9872,10,6,2025-10-25 20:47:00.963+03,369.600,369.600,
9872,10,14,2025-10-25 21:12:43.363+03,686.100,686.100,
9872,10,17,2025-10-25 21:21:23.786+03,219.300,219.300,
9872,10,20,2025-10-25 21:27:19.96+03,27.100,27.100,
9872,11,1,2025-10-25 20:42:10.797+03,,,
9872,11,9,2025-10-25 20:56:53.254+03,26.100,26.100,
9872,11,15,2025-10-25 21:13:16.123+03,387.600,387.600,
9872,11,18,2025-10-25 21:23:27.135+03,320.500,320.500,
9872,12,1,2025-10-25 20:49:32.114+03,,,
9872,12,10,2025-10-25 21:09:20.262+03,245.000,245.000,
9872,12,12,2025-10-25 21:12:36.738+03,17.000,17.000,
9872,12,15,2025-10-25 21:24:25.703+03,374.800,374.800,
9872,12,18,2025-10-25 21:29:58.467+03,40.200,40.200,
9872,13,1,2025-10-25 20:37:52.539+03,,,
9872,13,4,2025-10-25 20:43:00.062+03,17.100,17.100,
9872,13,7,2025-10-25 20:55:05.487+03,422.100,422.100,
9872,13,19,2025-10-25 21:18:32.514+03,364.500,364.500,
9872,13,22,2025-10-25 21:27:23.132+03,251.600,251.600,
9872,14,1,2025-10-25 20:42:16.146+03,,,
9872,14,4,2025-10-25 20:47:55.282+03,31.700,31.700,
9872,14,8,2025-10-25 21:00:18.784+03,347.800,347.800,
9872,14,11,2025-10-25 21:05:33.308+03,22.300,22.300,
9872,14,12,2025-10-25 21:13:19.513+03,361.400,361.400,
9872,14,15,2025-10-25 21:23:14.401+03,311.300,311.300,
9872,15,1,2025-10-25 20:39:58.607+03,,,
9872,15,9,2025-10-25 20:53:31.747+03,18.300,18.300,
9872,15,18,2025-10-25 21:16:32.833+03,514.900,514.900,
9872,15,24,2025-10-25 21:29:12.873+03,196.700,196.700,
9872,16,1,2025-10-25 20:35:02.02+03,,,
9872,16,6,2025-10-25 20:44:27.408+03,30.300,30.300,
9872,16,10,2025-10-25 20:52:03.064+03,28.100,28.100,
9872,16,13,2025-10-25 21:02:40.387+03,351.400,351.400,
9872,16,20,2025-10-25 21:16:29.442+03,223.400,223.400,
9872,17,1,2025-10-25 20:40:19.862+03,,,
9872,17,8,2025-10-25 20:52:28.689+03,23.900,23.900,
9872,17,11,2025-10-25 21:00:42.299+03,212.800,212.800,
9872,17,18,2025-10-25 21:16:11.877+03,341.800,341.800,
9872,17,22,2025-10-25 21:29:08.733+03,393.400,393.400,
9872,18,1,2025-10-25 20:50:42.663+03,,,
9872,18,4,2025-10-25 20:56:29.953+03,19.500,19.500,
9872,18,7,2025-10-25 21:02:07.727+03,17.900,17.900,
9872,18,11,2025-10-25 21:13:35.217+03,279.700,279.700,
9872,18,14,2025-10-25 21:20:37.302+03,118.700,118.700,
9872,18,17,2025-10-25 21:29:32.514+03,254.500,254.500,
9872,19,1,2025-10-25 20:45:07.3+03,,,
9872,19,15,2025-10-25 21:13:30.185+03,418.800,418.800,
9872,19,21,2025-10-25 21:28:48.857+03,352.200,352.200,
9872,20,1,2025-10-25 20:39:04.43+03,,,
9872,20,6,2025-10-25 20:48:56.814+03,46.000,46.000,
9872,20,15,2025-10-25 21:16:51.255+03,765.800,765.800,
9872,20,21,2025-10-25 21:28:52.732+03,118.700,118.700,
9872,29,1,2025-10-25 20:35:30.395+03,,,
9872,29,2,2025-10-25 20:38:00.633+03,25.600,25.600,
9872,29,5,2025-10-25 20:43:57.158+03,30.300,30.300,
9872,29,8,2025-10-25 20:49:45.335+03,18.200,18.200,
9872,29,11,2025-10-25 21:06:10.477+03,668.000,668.000,
9872,29,16,2025-10-25 21:21:13.349+03,469.200,469.200,
9872,29,19,2025-10-25 21:26:57.647+03,18.600,18.600,
9873,1,1,2025-10-26 00:05:18.31+03,,,
9873,1,4,2025-10-26 00:12:34.917+03,167.200,167.200,
9873,1,7,2025-10-26 00:27:07.72+03,591.000,591.000,
9873,1,10,2025-10-26 00:35:20.895+03,223.000,223.000,
9873,1,13,2025-10-26 00:48:59.28+03,545.600,545.600,
9873,1,16,2025-10-26 00:56:53.082+03,206.300,206.300,
9873,2,1,2025-10-26 00:02:18.488+03,,,
9873,2,7,2025-10-26 00:13:47.058+03,118.500,118.500,
9873,2,10,2025-10-26 00:28:09.186+03,587.100,587.100,
9873,2,13,2025-10-26 00:36:22.942+03,216.400,216.400,
9873,2,16,2025-10-26 00:49:07.819+03,493.000,493.000,
9873,2,19,2025-10-26 00:57:24.128+03,225.500,225.500,
9873,3,1,2025-10-26 00:01:00.206+03,,,
9873,3,4,2025-10-26 00:07:31.467+03,112.300,112.300,
9873,3,7,2025-10-26 00:14:38.351+03,145.200,145.200,
9873,4,1,2025-10-26 00:03:12.115+03,,,
9873,4,4,2025-10-26 00:11:22.047+03,222.300,222.300,
9873,4,7,2025-10-26 00:26:00.412+03,617.700,617.700,
9873,4,10,2025-10-26 00:32:24.614+03,120.400,120.400,
9873,4,13,2025-10-26 00:49:45.663+03,783.000,783.000,
9873,4,16,2025-10-26 00:57:17.315+03,190.800,190.800,
9873,6,1,2025-10-26 00:00:18.777+03,,,
9873,6,4,2025-10-26 00:07:02.31+03,122.600,122.600,
9873,6,7,2025-10-26 00:14:11.671+03,149.000,149.000,
9873,7,1,2025-10-26 00:05:33.81+03,,,
9873,7,4,2025-10-26 00:13:54.95+03,232.800,232.800,
9873,7,7,2025-10-26 00:28:26.654+03,580.000,580.000,
9873,7,10,2025-10-26 00:35:55.067+03,176.600,176.600,
9873,7,13,2025-10-26 00:50:08.646+03,579.800,579.800,
9873,7,16,2025-10-26 00:57:54.345+03,198.900,198.900,
9873,8,1,2025-10-26 00:00:13.245+03,,,
9873,8,4,2025-10-26 00:06:52.654+03,130.600,130.600,
9873,8,7,2025-10-26 00:15:32.737+03,242.300,242.300,
9873,8,10,2025-10-26 00:26:49.673+03,394.600,394.600,
9873,8,13,2025-10-26 00:37:01.255+03,343.300,343.300,
9873,9,1,2025-10-26 00:02:36.539+03,,,
9873,9,7,2025-10-26 00:15:42.222+03,200.600,200.600,
9873,9,9,2025-10-26 00:27:12.877+03,489.500,489.500,
9873,9,12,2025-10-26 00:36:31.224+03,278.900,278.900,
9873,9,15,2025-10-26 00:49:59.554+03,534.000,534.000,
9873,9,18,2025-10-26 00:57:39.144+03,191.300,191.300,
9873,10,1,2025-10-26 00:00:07.277+03,,,
9873,10,4,2025-10-26 00:06:31.716+03,114.900,114.900,
9873,10,7,2025-10-26 00:13:51.762+03,171.000,171.000,
9873,11,1,2025-10-26 00:04:10.943+03,,,
9873,11,4,2025-10-26 00:12:46.527+03,229.200,229.200,
9873,11,7,2025-10-26 00:27:24.173+03,583.500,583.500,
9873,11,10,2025-10-26 00:36:43.568+03,278.800,278.800,
9873,12,1,2025-10-26 00:02:26.836+03,,,
9873,12,4,2025-10-26 00:10:21.676+03,180.500,180.500,
9873,12,7,2025-10-26 00:15:58.3+03,88.400,88.400,
9873,13,1,2025-10-26 00:01:15.484+03,,,
9873,13,4,2025-10-26 00:07:38.763+03,109.800,109.800,
9873,13,7,2025-10-26 00:14:47.921+03,153.300,153.300,
9873,13,10,2025-10-26 00:26:39.824+03,434.200,434.200,
9873,13,13,2025-10-26 00:35:15.364+03,249.400,249.400,
9873,14,1,2025-10-26 00:03:23.365+03,,,
9873,14,4,2025-10-26 00:11:31.416+03,221.700,221.700,
9873,14,7,2025-10-26 00:26:07.202+03,602.900,602.900,
9873,14,9,2025-10-26 00:32:34.739+03,204.900,204.900,
9873,14,11,2025-10-26 00:37:23.427+03,115.600,115.600,
9873,15,1,2025-10-26 00:00:27.644+03,,,
9873,15,4,2025-10-26 00:06:40.373+03,90.700,90.700,
9873,15,7,2025-10-26 00:14:51.87+03,224.600,224.600,
9873,15,10,2025-10-26 00:27:29.262+03,484.700,484.700,
9873,15,13,2025-10-26 00:35:23.989+03,193.100,193.100,
9873,16,1,2025-10-26 00:02:22.899+03,,,
9873,16,7,2025-10-26 00:15:19.675+03,190.300,190.300,
9873,16,10,2025-10-26 00:26:58.767+03,420.900,420.900,
9873,16,13,2025-10-26 00:35:46.286+03,262.000,262.000,
9873,16,16,2025-10-26 00:49:54.507+03,576.500,576.500,
9873,16,19,2025-10-26 00:57:33.66+03,194.400,194.400,
9873,17,1,2025-10-26 00:05:23.2+03,,,
9873,17,4,2025-10-26 00:14:03.406+03,253.000,253.000,
9873,17,7,2025-10-26 00:27:58.292+03,531.400,531.400,
9873,17,10,2025-10-26 00:36:10.489+03,222.500,222.500,
9873,17,13,2025-10-26 00:49:33.71+03,531.100,531.100,
9873,17,16,2025-10-26 00:57:06.8+03,184.800,184.800,
9873,18,1,2025-10-26 00:05:44.841+03,,,
9873,18,4,2025-10-26 00:15:09.237+03,283.200,283.200,
9873,18,7,2025-10-26 00:28:39.264+03,539.000,539.000,
9873,18,10,2025-10-26 00:36:06.271+03,185.100,185.100,
9873,18,13,2025-10-26 00:50:26.005+03,590.700,590.700,
9873,18,16,2025-10-26 00:58:10.16+03,207.600,207.600,
9873,19,1,2025-10-26 00:02:20.89+03,,,
9873,19,7,2025-10-26 00:15:38.003+03,216.600,216.600,
9873,19,9,2025-10-26 00:28:18.311+03,552.200,552.200,
9873,19,12,2025-10-26 00:37:08.56+03,254.700,254.700,
9873,19,15,2025-10-26 00:49:13.71+03,447.100,447.100,
9873,19,18,2025-10-26 00:56:46.506+03,175.500,175.500,
9873,20,1,2025-10-26 00:00:51.117+03,,,
9873,20,4,2025-10-26 00:06:37.716+03,87.000,87.000,
9873,20,7,2025-10-26 00:15:01.268+03,238.100,238.100,
9873,20,10,2025-10-26 00:27:50.21+03,494.800,494.800,
9873,20,13,2025-10-26 00:35:36.88+03,201.000,201.000,
9873,20,16,2025-10-26 00:49:02.842+03,531.000,531.000,
9873,20,19,2025-10-26 00:56:43.828+03,190.500,190.500,
9873,29,1,2025-10-26 00:00:22.355+03,,,
9873,29,4,2025-10-26 00:07:08.388+03,120.300,120.300,
9873,29,7,2025-10-26 00:14:25.256+03,149.600,149.600,
9877,1,37,2025-10-26 22:55:10.67+02,22.762,22.762,2.900
9877,2,34,2025-10-26 22:50:29.025+02,22.567,22.567,2.600
9877,3,37,2025-10-26 22:55:36.348+02,22.410,22.410,2.300
9877,4,34,2025-10-26 22:51:23.005+02,22.196,22.196,2.400
9877,6,33,2025-10-26 22:50:26.031+02,22.834,22.834,2.800
9877,7,22,2025-10-26 22:34:19.665+02,22.476,22.476,2.500
9877,7,47,2025-10-26 23:09:06.973+02,24.523,24.523,4.600
9877,8,20,2025-10-26 22:31:56.534+02,26.816,26.816,7.100
9877,9,31,2025-10-26 22:46:37.358+02,22.215,22.215,2.200
9877,10,26,2025-10-26 22:40:14.3+02,22.071,22.071,2.600
9877,10,43,2025-10-26 23:04:01.158+02,23.713,23.713,4.200
9877,11,36,2025-10-26 22:54:14.394+02,31.630,31.630,12.000
9877,12,41,2025-10-26 23:01:19.045+02,22.040,22.040,2.300
9877,14,2,2025-10-26 22:06:52.641+02,34.212,34.212,13.900
9877,15,27,2025-10-26 22:41:30.822+02,23.203,23.203,3.000
9877,16,23,2025-10-26 22:35:48.975+02,33.308,33.308,13.500
9877,16,47,2025-10-26 23:09:09.701+02,23.342,23.342,3.500
9877,17,17,2025-10-26 22:27:37.255+02,22.502,22.502,5.100
9877,17,46,2025-10-26 23:08:05.554+02,30.500,30.500,
9877,17,56,2025-10-26 23:21:53.849+02,17.900,17.900,
9877,18,25,2025-10-26 22:38:30.984+02,22.347,22.347,2.700
9877,18,48,2025-10-26 23:10:24.92+02,22.470,22.470,3.200
9877,19,24,2025-10-26 22:37:09.936+02,23.211,23.211,3.600
9877,19,47,2025-10-26 23:09:49.689+02,22.159,22.159,2.100
9877,20,24,2025-10-26 22:37:02.592+02,22.647,22.647,2.700
9877,20,48,2025-10-26 23:10:22.169+02,22.174,22.174,2.300
9877,29,48,2025-10-26 23:11:28.773+02,22.789,22.789,2.800
9878,1,1,2025-10-17 20:30:04.998+03,,,
9878,1,10,2025-10-17 20:55:55.939+03,435.900,435.900,
9878,1,20,2025-10-17 21:18:49.737+03,366.000,366.000,
9878,2,1,2025-10-17 20:31:48.051+03,,,
9878,2,8,2025-10-17 20:57:16.643+03,663.900,663.900,
9878,2,18,2025-10-17 21:21:37.124+03,378.900,378.900,
9878,3,1,2025-10-17 20:31:27.317+03,,,
9878,3,9,2025-10-17 20:58:51.487+03,602.400,602.400,
9878,3,18,2025-10-17 21:20:11.648+03,265.100,265.100,
9878,4,1,2025-10-17 20:31:33.629+03,,,
9878,4,10,2025-10-17 20:55:22.366+03,,,
9878,4,18,2025-10-17 21:17:51.948+03,538.500,538.500,
9878,4,22,2025-10-17 21:26:19.31+03,19.100,19.100,
9878,6,1,2025-10-17 20:30:19.208+03,,,
9878,6,10,2025-10-17 20:57:14.55+03,428.700,428.700,
9878,6,18,2025-10-17 21:19:08.338+03,481.600,481.600,
9878,6,21,2025-10-17 21:26:08.439+03,18.600,18.600,
9878,7,1,2025-10-17 20:30:55.045+03,,,
9878,7,10,2025-10-17 20:55:51.23+03,362.200,362.200,
9878,7,21,2025-10-17 21:18:53.456+03,265.400,265.400,
9878,7,23,2025-10-17 21:24:01.184+03,54.300,54.300,
9878,8,1,2025-10-17 20:31:02.667+03,,,
9878,8,2,2025-10-17 20:33:46.455+03,27.800,27.800,
9878,8,9,2025-10-17 20:55:47.147+03,474.800,474.800,
9878,8,18,2025-10-17 21:19:20.776+03,457.300,457.300,
9878,8,21,2025-10-17 21:28:54.22+03,210.800,210.800,
9878,9,1,2025-10-17 20:30:58.271+03,,,
9878,9,3,2025-10-17 20:35:47.452+03,36.000,36.000,
9878,9,10,2025-10-17 21:00:36.159+03,1524.700,1524.700,
9878,9,18,2025-10-17 21:19:13.135+03,272.000,272.000,
9878,10,1,2025-10-17 20:31:08.348+03,,,
9878,10,2,2025-10-17 20:33:53.468+03,30.600,30.600,
9878,10,10,2025-10-17 20:58:12.977+03,1490.100,1490.100,
9878,10,18,2025-10-17 21:20:07.804+03,471.000,471.000,
9878,10,21,2025-10-17 21:27:09.905+03,28.400,28.400,
9878,11,1,2025-10-17 20:30:17.287+03,,,
9878,11,10,2025-10-17 20:56:10.538+03,371.400,371.400,
9878,11,18,2025-10-17 21:18:19.167+03,521.500,521.500,
9878,12,1,2025-10-17 20:31:11.973+03,,,
9878,12,10,2025-10-17 20:55:03.704+03,,,
9878,12,20,2025-10-17 21:18:25.495+03,357.500,357.500,
9878,13,1,2025-10-17 20:31:15.411+03,,,
9878,13,9,2025-10-17 20:59:03.371+03,699.400,699.400,
9878,13,18,2025-10-17 21:21:02.836+03,389.600,389.600,
9878,13,21,2025-10-17 21:27:16.687+03,18.700,18.700,
9878,14,1,2025-10-17 20:30:09.795+03,,,
9878,14,7,2025-10-17 20:42:26.142+03,35.300,35.300,
9878,14,11,2025-10-17 20:56:29.295+03,878.400,878.400,
9878,14,19,2025-10-17 21:18:01.558+03,490.600,490.600,
9878,14,22,2025-10-17 21:26:44.916+03,171.200,171.200,
9878,15,1,2025-10-17 20:30:15.436+03,,,
9878,15,11,2025-10-17 20:57:35.128+03,,,
9878,15,14,2025-10-17 21:09:33.142+03,346.500,346.500,
9878,15,20,2025-10-17 21:21:33.884+03,127.300,127.300,
9878,16,1,2025-10-17 20:30:49.905+03,,,
9878,16,11,2025-10-17 20:59:13.927+03,,,
9878,16,19,2025-10-17 21:19:30.541+03,356.800,356.800,
9878,17,1,2025-10-17 20:30:27.577+03,,,
9878,18,1,2025-10-17 20:31:10.27+03,,,
9878,18,6,2025-10-17 20:41:34.169+03,27.700,27.700,
9878,18,9,2025-10-17 20:55:10.038+03,456.400,456.400,
9878,18,20,2025-10-17 21:17:43.089+03,250.900,250.900,
9878,19,1,2025-10-17 20:31:22.645+03,,,
9878,19,10,2025-10-17 20:58:18.071+03,,,
9878,19,19,2025-10-17 21:19:32.604+03,365.300,365.300,
9878,20,1,2025-10-17 20:30:12.031+03,,,
9878,20,11,2025-10-17 20:55:06.291+03,,,
9878,20,14,2025-10-17 21:07:26.825+03,414.000,414.000,
9878,20,21,2025-10-17 21:20:41.914+03,105.300,105.300,
9878,29,1,2025-10-17 20:30:22.955+03,,,
9878,29,11,2025-10-17 21:00:57.588+03,,,
9878,29,19,2025-10-17 21:20:21.679+03,338.300,338.300,
9879,1,1,2025-10-18 00:33:06.606+03,,,
9879,1,7,2025-10-18 00:49:05.589+03,258.600,258.600,
9879,1,10,2025-10-18 01:11:15.174+03,988.100,988.100,
9879,2,1,2025-10-18 00:32:52.402+03,,,
9879,2,7,2025-10-18 00:50:48.567+03,362.700,362.700,
9879,2,10,2025-10-18 01:10:29.381+03,837.300,837.300,
9879,3,1,2025-10-18 00:30:49.349+03,,,
9879,3,4,2025-10-18 00:40:02.449+03,203.900,203.900,
9879,4,1,2025-10-18 00:30:06.846+03,,,
9879,4,4,2025-10-18 00:39:14.284+03,196.500,196.500,
9879,4,7,2025-10-18 00:55:18.499+03,594.700,594.700,
9879,6,1,2025-10-18 00:33:13.24+03,,,
9879,6,7,2025-10-18 00:55:49.992+03,635.300,635.300,
9879,7,1,2025-10-18 00:33:37.297+03,,,
9879,7,6,2025-10-18 00:49:57.156+03,358.000,358.000,
9879,8,1,2025-10-18 00:31:47.314+03,,,
9879,8,4,2025-10-18 00:40:08.18+03,142.800,142.800,
9879,8,5,2025-10-18 00:49:26.942+03,434.400,434.400,
9879,8,10,2025-10-18 01:10:45.057+03,666.400,666.400,
9879,9,1,2025-10-18 00:32:08.721+03,,,
9879,9,7,2025-10-18 00:50:53.067+03,398.800,398.800,
9879,9,13,2025-10-18 01:09:55.07+03,455.400,455.400,
9879,10,1,2025-10-18 00:31:54.365+03,,,
9879,10,4,2025-10-18 00:39:43.49+03,115.200,115.200,
9879,10,6,2025-10-18 00:49:11.829+03,305.800,305.800,
9879,11,1,2025-10-18 00:30:10.068+03,,,
9879,11,4,2025-10-18 00:40:13.843+03,233.900,233.900,
9879,12,1,2025-10-18 00:31:13.554+03,,,
9879,12,4,2025-10-18 00:38:26.632+03,76.300,76.300,
9879,12,7,2025-10-18 00:50:07.325+03,348.000,348.000,
9879,12,10,2025-10-18 00:57:05.893+03,81.600,81.600,
9879,12,12,2025-10-18 01:06:42.657+03,333.600,333.600,
9879,13,1,2025-10-18 00:30:20.991+03,,,
9879,13,4,2025-10-18 00:39:39.805+03,209.000,209.000,
9879,13,7,2025-10-18 00:55:32.866+03,597.800,597.800,
9879,13,10,2025-10-18 01:09:49.074+03,502.600,502.600,
9879,14,1,2025-10-18 00:31:08.122+03,,,
9879,14,4,2025-10-18 00:40:12.897+03,199.700,199.700,
9879,14,6,2025-10-18 00:55:05.871+03,649.700,649.700,
9879,15,1,2025-10-18 00:30:57.717+03,,,
9879,15,4,2025-10-18 00:40:06.422+03,197.300,197.300,
9879,16,1,2025-10-18 00:32:14.206+03,,,
9879,16,4,2025-10-18 00:39:50.478+03,91.600,91.600,
9879,16,6,2025-10-18 00:51:04.391+03,406.700,406.700,
9879,16,12,2025-10-18 01:10:07.479+03,462.600,462.600,
9879,17,1,2025-10-18 00:31:24.506+03,,,
9879,17,4,2025-10-18 00:38:38.134+03,71.600,71.600,
9879,17,7,2025-10-18 00:50:19.891+03,342.700,342.700,
9879,17,10,2025-10-18 00:57:16.791+03,87.300,87.300,
9879,17,12,2025-10-18 01:07:00.755+03,352.900,352.900,
9879,18,1,2025-10-18 00:33:27.756+03,,,
9879,18,6,2025-10-18 00:49:40.761+03,367.800,367.800,
9879,18,11,2025-10-18 01:06:11.024+03,380.900,380.900,
9879,19,1,2025-10-18 00:32:33.433+03,,,
9879,19,7,2025-10-18 00:50:33.299+03,366.000,366.000,
9879,19,11,2025-10-18 01:10:58.779+03,739.700,739.700,
9879,20,1,2025-10-18 00:30:40.721+03,,,
9879,20,4,2025-10-18 00:39:59.326+03,210.500,210.500,
9879,29,1,2025-10-18 00:30:28.772+03,,,
9879,29,4,2025-10-18 00:38:49.796+03,143.900,143.900,
9883,10,1,2025-10-18 20:06:48.175+03,33.853,33.853,12.500
9883,13,1,2025-10-18 20:06:48.285+03,31.294,31.294,9.500
9883,29,1,2025-10-18 20:07:32.926+03,29.418,29.418,6.100
9884,1,1,2025-10-19 00:16:12.319+03,,,
9884,1,4,2025-10-19 00:24:04.114+03,158.200,158.200,
9884,1,7,2025-10-19 00:38:17.82+03,525.000,525.000,
9884,1,10,2025-10-19 01:01:01.142+03,1031.000,1031.000,
9884,1,13,2025-10-19 01:09:10.782+03,173.100,173.100,
9884,2,1,2025-10-19 00:01:53.631+03,,,
9884,2,2,2025-10-19 00:17:01.686+03,,,
9884,2,3,2025-10-19 00:19:08.044+03,26.700,26.700,
9884,2,9,2025-10-19 00:38:04.301+03,454.800,454.800,
9884,2,12,2025-10-19 00:48:15.028+03,280.100,280.100,
9884,2,15,2025-10-19 01:00:36.668+03,401.200,401.200,
9884,2,18,2025-10-19 01:08:30.309+03,158.800,158.800,
9884,3,1,2025-10-19 00:01:12.248+03,,,
9884,3,3,2025-10-19 00:14:10.596+03,,,
9884,3,6,2025-10-19 00:24:31.774+03,291.900,291.900,
9884,4,1,2025-10-19 00:00:32.144+03,,,
9884,6,1,2025-10-19 00:00:11.901+03,,,
9884,6,3,2025-10-19 00:16:31.426+03,,,
9884,6,6,2025-10-19 00:25:13.193+03,193.300,193.300,
9884,6,9,2025-10-19 00:37:05.748+03,367.500,367.500,
9884,6,12,2025-10-19 00:47:49.94+03,305.800,305.800,
9884,7,1,2025-10-19 00:16:00.784+03,,,
9884,7,4,2025-10-19 00:22:51.739+03,86.700,86.700,
9884,7,7,2025-10-19 00:36:17.962+03,457.700,457.700,
9884,7,10,2025-10-19 00:46:40.977+03,287.700,287.700,
9884,7,13,2025-10-19 00:59:44.063+03,450.600,450.600,
9884,7,16,2025-10-19 01:08:55.167+03,224.500,224.500,
9884,8,1,2025-10-19 00:01:17.11+03,,,
9884,8,3,2025-10-19 00:15:09.783+03,,,
9884,8,6,2025-10-19 00:26:31.529+03,330.700,330.700,
9884,8,7,2025-10-19 00:37:26.948+03,520.300,520.300,
9884,8,10,2025-10-19 00:47:17.003+03,238.000,238.000,
9884,8,13,2025-10-19 01:00:46.491+03,451.100,451.100,
9884,8,16,2025-10-19 01:08:56.504+03,169.300,169.300,
9884,9,1,2025-10-19 00:01:34.781+03,,,
9884,9,2,2025-10-19 00:16:20.501+03,,,
9884,9,5,2025-10-19 00:25:38.048+03,226.300,226.300,
9884,9,8,2025-10-19 00:38:47.302+03,435.800,435.800,
9884,9,11,2025-10-19 00:48:25.665+03,230.400,230.400,
9884,9,12,2025-10-19 00:59:50.363+03,554.200,554.200,
9884,9,15,2025-10-19 01:07:19.358+03,117.200,117.200,
9884,10,1,2025-10-19 00:01:20.868+03,,,
9884,10,2,2025-10-19 00:15:31.864+03,,,
9884,10,5,2025-10-19 00:24:37.569+03,209.100,209.100,
9884,11,1,2025-10-19 00:01:16.162+03,,,
9884,11,2,2025-10-19 00:16:44.302+03,,,
9884,11,5,2025-10-19 00:22:36.861+03,30.600,30.600,
9884,11,8,2025-10-19 00:38:25.889+03,600.600,600.600,
9884,11,11,2025-10-19 00:46:14.58+03,135.600,135.600,
9884,12,1,2025-10-19 00:01:21.904+03,,,
9884,12,2,2025-10-19 00:14:17.913+03,,,
9884,12,4,2025-10-19 00:18:15.318+03,27.300,27.300,
9884,12,7,2025-10-19 00:25:58.249+03,131.600,131.600,
9884,13,1,2025-10-19 00:00:54.355+03,,,
9884,13,3,2025-10-19 00:14:04.356+03,,,
9884,13,6,2025-10-19 00:24:21.31+03,288.000,288.000,
9884,13,9,2025-10-19 00:37:49.501+03,470.500,470.500,
9884,13,12,2025-10-19 00:46:27.59+03,180.900,180.900,
9884,14,1,2025-10-19 00:00:41.405+03,,,
9884,14,3,2025-10-19 00:14:58.713+03,,,
9884,14,6,2025-10-19 00:25:02.612+03,274.400,274.400,
9884,14,9,2025-10-19 00:36:36.003+03,348.100,348.100,
9884,14,12,2025-10-19 00:47:01.351+03,285.400,285.400,
9884,15,1,2025-10-19 00:00:04.842+03,,,
9884,15,3,2025-10-19 00:14:49.407+03,,,
9884,15,6,2025-10-19 00:24:48.509+03,262.900,262.900,
9884,16,1,2025-10-19 00:01:30.083+03,,,
9884,16,2,2025-10-19 00:17:10.673+03,,,
9884,16,5,2025-10-19 00:25:46.999+03,185.500,185.500,
9884,16,8,2025-10-19 00:38:54.86+03,437.100,437.100,
9884,16,11,2025-10-19 00:48:36.082+03,228.700,228.700,
9884,16,13,2025-10-19 01:00:07.566+03,458.700,458.700,
9884,16,16,2025-10-19 01:07:28.182+03,103.100,103.100,
9884,17,1,2025-10-19 00:01:22.789+03,,,
9884,17,2,2025-10-19 00:14:27.446+03,,,
9884,17,4,2025-10-19 00:18:53.339+03,56.600,56.600,
9884,17,7,2025-10-19 00:25:49.635+03,102.400,102.400,
9884,17,9,2025-10-19 00:37:09.301+03,425.800,425.800,
9884,17,12,2025-10-19 00:47:25.484+03,269.200,269.200,
9884,17,15,2025-10-19 00:59:56.552+03,408.400,408.400,
9884,17,18,2025-10-19 01:08:08.897+03,155.700,155.700,
9884,18,1,2025-10-19 00:00:56.582+03,,,
9884,18,2,2025-10-19 00:15:47.138+03,785.500,785.500,
9884,18,5,2025-10-19 00:22:25.834+03,80.500,80.500,
9884,18,8,2025-10-19 00:36:12.506+03,487.000,487.000,
9884,18,11,2025-10-19 00:44:39.195+03,158.100,158.100,
9884,18,14,2025-10-19 00:59:24.592+03,556.500,556.500,
9884,18,17,2025-10-19 01:07:59.739+03,182.000,182.000,
9884,19,1,2025-10-19 00:02:04.731+03,,,
9884,19,2,2025-10-19 00:17:19.624+03,,,
9884,19,9,2025-10-19 00:38:37.129+03,443.800,443.800,
9884,19,12,2025-10-19 00:48:46.177+03,274.300,274.300,
9884,19,14,2025-10-19 00:59:10.694+03,368.800,368.800,
9884,19,17,2025-10-19 01:08:35.656+03,223.100,223.100,
9884,20,1,2025-10-19 00:01:06.748+03,,,
9884,20,3,2025-10-19 00:14:42.097+03,,,
9884,20,6,2025-10-19 00:24:06.657+03,239.700,239.700,
9884,20,9,2025-10-19 00:36:05.029+03,367.100,367.100,
9884,20,12,2025-10-19 00:46:52.077+03,303.000,303.000,
9884,20,14,2025-10-19 00:59:06.48+03,480.200,480.200,
9884,20,17,2025-10-19 01:07:47.977+03,197.500,197.500,
9884,29,1,2025-10-19 00:00:21.855+03,,,
9884,29,3,2025-10-19 00:15:24.613+03,,,
9884,29,6,2025-10-19 00:25:27.046+03,264.900,264.900,
9884,29,9,2025-10-19 00:36:47.187+03,340.900,340.900,
9884,29,12,2025-10-19 00:47:34.553+03,302.200,302.200,
9888,1,33,2025-10-19 22:59:59.042+03,23.987,23.987,2.600
9888,2,32,2025-10-19 22:58:29.205+03,24.580,24.580,3.800
9888,3,14,2025-10-19 22:28:52.915+03,25.567,25.567,4.200
9888,3,36,2025-10-19 23:06:12.15+03,24.007,24.007,2.600
9888,4,28,2025-10-19 22:52:41.432+03,23.831,23.831,2.400
9888,6,27,2025-10-19 22:50:53.659+03,26.631,26.631,5.300
9888,7,31,2025-10-19 22:57:34.602+03,23.949,23.949,2.600
9888,8,30,2025-10-19 22:55:43.948+03,24.054,24.054,2.600
9888,9,22,2025-10-19 22:41:52.626+03,23.718,23.718,2.300
9888,10,28,2025-10-19 22:52:29.263+03,24.192,24.192,2.800
9888,11,29,2025-10-19 22:53:50.773+03,24.539,24.539,3.400
9888,12,7,2025-10-19 22:16:40.245+03,23.763,23.763,2.400
9888,12,36,2025-10-19 23:06:00.064+03,24.582,24.582,3.300
9888,13,33,2025-10-19 23:00:34.358+03,23.753,23.753,2.400
9888,14,30,2025-10-19 22:55:46.326+03,23.681,23.681,2.200
9888,15,24,2025-10-19 22:45:54.44+03,25.060,25.060,3.100
9888,16,31,2025-10-19 22:56:56.565+03,23.937,23.937,2.600
9888,18,33,2025-10-19 23:00:24.12+03,23.555,23.555,2.300
9888,19,30,2025-10-19 22:55:20.165+03,23.452,23.452,2.300
9888,20,30,2025-10-19 22:55:32.548+03,24.110,24.110,2.700
9888,29,32,2025-10-19 22:59:24.55+03,24.045,24.045,2.500
9889,1,1,2025-10-03 12:31:26.952+03,,,
9889,1,6,2025-10-03 12:41:50.176+03,34.800,34.800,
9889,1,11,2025-10-03 13:03:23.553+03,720.100,720.100,
9889,1,17,2025-10-03 13:20:43.618+03,316.800,316.800,
9889,2,1,2025-10-03 12:32:32.177+03,,,
9889,2,10,2025-10-03 13:03:14.434+03,770.800,770.800,
9889,2,13,2025-10-03 13:10:30.974+03,38.200,38.200,
9889,2,17,2025-10-03 13:22:45.629+03,248.100,248.100,
9889,3,1,2025-10-03 12:31:00.007+03,,,
9889,3,7,2025-10-03 12:43:23.444+03,27.100,27.100,
9889,3,14,2025-10-03 13:08:10.906+03,746.100,746.100,
9889,3,17,2025-10-03 13:14:17.716+03,26.300,26.300,
9889,3,20,2025-10-03 13:20:35.57+03,26.000,26.000,
9889,4,1,2025-10-03 12:31:01.001+03,,,
9889,4,8,2025-10-03 12:45:23.001+03,32.400,32.400,
9889,4,14,2025-10-03 13:03:21.928+03,394.900,394.900,
9889,4,17,2025-10-03 13:09:55.255+03,31.600,31.600,
9889,4,20,2025-10-03 13:19:51.826+03,270.500,270.500,
9889,6,1,2025-10-03 12:32:14.738+03,,,
9889,6,6,2025-10-03 12:43:10.135+03,30.000,30.000,
9889,6,11,2025-10-03 12:53:24.696+03,27.300,27.300,
9889,6,14,2025-10-03 13:10:46.836+03,716.100,716.100,
9889,6,18,2025-10-03 13:18:56.947+03,27.300,27.300,
9889,6,21,2025-10-03 13:24:36.924+03,25.800,25.800,
9889,7,1,2025-10-03 12:32:00.837+03,,,
9889,7,10,2025-10-03 12:58:44.404+03,532.300,532.300,
9889,7,13,2025-10-03 13:05:21.32+03,29.300,29.300,
9889,7,16,2025-10-03 13:13:22.275+03,100.300,100.300,
9889,7,19,2025-10-03 13:23:59.766+03,315.500,315.500,
9889,8,1,2025-10-03 12:32:46.229+03,,,
9889,8,8,2025-10-03 12:52:19.467+03,365.100,365.100,
9889,8,13,2025-10-03 13:10:33.29+03,528.800,528.800,
9889,8,20,2025-10-03 13:26:43.646+03,185.600,185.600,
9889,9,1,2025-10-03 12:32:11.543+03,,,
9889,9,12,2025-10-03 13:02:59.719+03,513.500,513.500,
9889,9,15,2025-10-03 13:09:34.214+03,31.200,31.200,
9889,9,18,2025-10-03 13:21:03.077+03,344.600,344.600,
9889,10,1,2025-10-03 12:32:40.529+03,,,
9889,10,8,2025-10-03 13:01:22.641+03,941.100,941.100,
9889,10,14,2025-10-03 13:17:54.979+03,215.800,215.800,
9889,11,1,2025-10-03 12:31:49.78+03,,,
9889,11,8,2025-10-03 12:46:54.142+03,27.200,27.200,
9889,11,13,2025-10-03 13:03:25.343+03,432.200,432.200,
9889,11,15,2025-10-03 13:08:13.489+03,27.500,27.500,
9889,11,21,2025-10-03 13:26:02.233+03,355.200,355.200,
9889,12,1,2025-10-03 12:31:41.413+03,,,
9889,13,1,2025-10-03 12:30:39.822+03,,,
9889,13,14,2025-10-03 13:04:59.477+03,661.000,661.000,
9889,13,17,2025-10-03 13:11:20.175+03,26.800,26.800,
9889,14,1,2025-10-03 12:30:35.793+03,,,
9889,14,8,2025-10-03 12:45:02.888+03,33.200,33.200,
9889,14,15,2025-10-03 13:04:55.897+03,376.700,376.700,
9889,14,17,2025-10-03 13:09:11.257+03,32.300,32.300,
9889,14,20,2025-10-03 13:19:45.656+03,305.100,305.100,
9889,15,1,2025-10-03 12:30:54.869+03,,,
9889,15,12,2025-10-03 13:07:08.536+03,854.300,854.300,
9889,15,15,2025-10-03 13:13:30.561+03,36.300,36.300,
9889,15,18,2025-10-03 13:23:09.895+03,254.100,254.100,
9889,16,1,2025-10-03 12:31:34.91+03,,,
9889,16,12,2025-10-03 13:03:52.148+03,553.000,553.000,
9889,16,17,2025-10-03 13:16:29.73+03,27.900,27.900,
9889,16,20,2025-10-03 13:26:56.514+03,284.200,284.200,
9889,17,1,2025-10-03 12:31:17.992+03,,,
9889,17,11,2025-10-03 12:57:37.516+03,395.400,395.400,
9889,17,18,2025-10-03 13:17:24.719+03,373.600,373.600,
9889,18,1,2025-10-03 12:32:26.655+03,,,
9889,18,6,2025-10-03 12:43:18.341+03,31.400,31.400,
9889,18,11,2025-10-03 13:03:32.034+03,641.800,641.800,
9889,18,15,2025-10-03 13:12:49.964+03,27.900,27.900,
9889,18,18,2025-10-03 13:24:35.071+03,377.200,377.200,
9889,19,1,2025-10-03 12:31:05.623+03,,,
9889,19,10,2025-10-03 13:03:41.221+03,882.900,882.900,
9889,19,13,2025-10-03 13:10:43.523+03,30.000,30.000,
9889,19,17,2025-10-03 13:19:24.99+03,42.500,42.500,
9889,19,21,2025-10-03 13:26:46.299+03,55.100,55.100,
9889,20,1,2025-10-03 12:30:51.522+03,,,
9889,20,12,2025-10-03 13:03:19.519+03,635.200,635.200,
9889,20,19,2025-10-03 13:22:44.831+03,252.200,252.200,
9889,29,1,2025-10-03 12:32:19.398+03,,,
9889,29,10,2025-10-03 13:03:08.97+03,717.400,717.400,
9889,29,13,2025-10-03 13:10:06.782+03,34.800,34.800,
9889,29,16,2025-10-03 13:16:33.241+03,30.500,30.500,
9890,1,1,2025-10-03 16:02:26.637+03,,,
9890,1,9,2025-10-03 16:31:38.969+03,791.500,791.500,
9890,1,11,2025-10-03 16:48:15.811+03,1788.100,1788.100,
9890,2,1,2025-10-03 16:02:17.114+03,,,
9890,2,9,2025-10-03 16:31:04.952+03,751.800,751.800,
9890,2,11,2025-10-03 16:49:38.628+03,1865.400,1865.400,
9890,3,1,2025-10-03 16:02:30.473+03,,,
9890,3,8,2025-10-03 16:18:04.831+03,44.200,44.200,
9890,3,9,2025-10-03 16:31:10.933+03,830.400,830.400,
9890,3,11,2025-10-03 16:47:42.475+03,1821.900,1821.900,
9890,3,13,2025-10-03 16:51:48.744+03,18.300,18.300,
9890,4,1,2025-10-03 16:02:36.14+03,,,
9890,4,9,2025-10-03 16:30:45.022+03,,,
9890,4,11,2025-10-03 16:47:04.968+03,,,
9890,6,1,2025-10-03 16:02:24.256+03,,,
9890,6,4,2025-10-03 16:09:00.447+03,18.200,18.200,
9890,6,7,2025-10-03 16:15:06.77+03,18.200,18.200,
9890,6,9,2025-10-03 16:29:18.931+03,870.100,870.100,
9890,6,12,2025-10-03 16:47:16.92+03,1948.300,1948.300,
9890,6,15,2025-10-03 16:53:36.536+03,18.200,18.200,
9890,7,1,2025-10-03 16:02:43.706+03,,,
9890,7,5,2025-10-03 16:12:02.266+03,35.600,35.600,
9890,7,8,2025-10-03 16:30:32.022+03,728.400,728.400,
9890,7,10,2025-10-03 16:48:08.91+03,1785.500,1785.500,
9890,8,1,2025-10-03 16:04:01.928+03,,,
9890,8,8,2025-10-03 16:30:11.158+03,775.100,775.100,
9890,8,11,2025-10-03 16:48:06.201+03,1850.100,1850.100,
9890,9,1,2025-10-03 16:04:22.629+03,,,
9890,9,7,2025-10-03 16:16:57.491+03,30.200,30.200,
9890,9,8,2025-10-03 16:29:02.15+03,754.800,754.800,
9890,9,11,2025-10-03 16:48:42.934+03,1935.400,1935.400,
9890,9,14,2025-10-03 16:55:21.286+03,20.900,20.900,
9890,10,1,2025-10-03 16:02:59.257+03,,,
9890,10,9,2025-10-03 16:31:49.253+03,,,
9890,10,11,2025-10-03 16:48:35.046+03,,,
9890,11,1,2025-10-03 16:02:50.469+03,,,
9890,11,6,2025-10-03 16:14:21.548+03,27.200,27.200,
9890,11,9,2025-10-03 16:31:53.694+03,1079.400,1079.400,
9890,11,11,2025-10-03 16:49:16.541+03,2121.900,2121.900,
9890,11,15,2025-10-03 16:57:08.603+03,25.700,25.700,
9890,12,1,2025-10-03 16:03:14.741+03,,,
9890,12,9,2025-10-03 16:29:45.767+03,,,
9890,12,12,2025-10-03 16:47:49.915+03,,,
9890,13,1,2025-10-03 16:01:50.156+03,,,
9890,13,8,2025-10-03 16:29:29.271+03,843.700,843.700,
9890,13,11,2025-10-03 16:47:39.105+03,1933.700,1933.700,
9890,14,1,2025-10-03 16:02:20.045+03,,,
9890,14,9,2025-10-03 16:29:56.692+03,717.200,717.200,
9890,15,1,2025-10-03 16:02:42.288+03,,,
9890,15,9,2025-10-03 16:29:13.358+03,,,
9890,15,12,2025-10-03 16:48:23.641+03,,,
9890,16,1,2025-10-03 16:02:46.937+03,,,
9890,16,5,2025-10-03 16:12:22.816+03,27.400,27.400,
9890,16,8,2025-10-03 16:29:05.707+03,1030.300,1030.300,
9890,16,11,2025-10-03 16:49:32.247+03,2256.800,2256.800,
9890,16,13,2025-10-03 16:53:58.139+03,31.400,31.400,
9890,17,1,2025-10-03 16:02:32.122+03,,,
9890,17,9,2025-10-03 16:29:43.577+03,,,
9890,17,12,2025-10-03 16:47:46.303+03,,,
9890,18,1,2025-10-03 16:05:36.968+03,,,
9890,19,1,2025-10-03 16:02:11.939+03,,,
9890,19,9,2025-10-03 16:31:20.562+03,789.200,789.200,
9890,19,11,2025-10-03 16:49:03.251+03,1851.700,1851.700,
9890,20,1,2025-10-03 16:02:37.045+03,,,
9890,20,6,2025-10-03 16:14:58.614+03,44.800,44.800,
9890,20,8,2025-10-03 16:29:09.738+03,895.900,895.900,
9890,20,11,2025-10-03 16:47:20.571+03,1986.500,1986.500,
9890,20,16,2025-10-03 16:58:15.322+03,40.500,40.500,
9890,29,1,2025-10-03 16:02:22.576+03,,,
9890,29,4,2025-10-03 16:08:53.457+03,26.600,26.600,
9890,29,8,2025-10-03 16:17:27.262+03,26.700,26.700,
9890,29,9,2025-10-03 16:30:25.171+03,804.400,804.400,
9890,29,12,2025-10-03 16:47:09.257+03,1808.700,1808.700,
9890,29,15,2025-10-03 16:53:42.711+03,32.400,32.400,
9891,1,1,2025-10-04 12:44:35.1+03,,,
9891,1,2,2025-10-04 12:56:07.093+03,,,
9891,1,10,2025-10-04 13:15:53.791+03,231.300,231.300,
9891,1,13,2025-10-04 13:26:43.769+03,311.900,311.900,
9891,2,1,2025-10-04 12:32:45.946+03,,,
9891,2,7,2025-10-04 12:54:49.208+03,,,
9891,2,16,2025-10-04 13:09:56.216+03,18.300,18.300,
9891,2,17,2025-10-04 13:14:57.243+03,204.100,204.100,
9891,3,1,2025-10-04 12:31:33.127+03,,,
9891,3,4,2025-10-04 12:37:43.063+03,18.900,18.900,
9891,3,7,2025-10-04 12:44:24.06+03,26.100,26.100,
9891,3,8,2025-10-04 12:54:09.65+03,611.800,611.800,
9891,3,18,2025-10-04 13:16:45.56+03,371.000,371.000,
9891,3,21,2025-10-04 13:24:31.386+03,92.600,92.600,
9891,4,1,2025-10-04 12:33:07.192+03,,,
9891,4,4,2025-10-04 12:39:29.329+03,30.100,30.100,
9891,4,7,2025-10-04 12:54:03.067+03,903.500,903.500,
9891,4,10,2025-10-04 13:00:10.023+03,18.600,18.600,
9891,4,16,2025-10-04 13:14:31.249+03,246.400,246.400,
9891,6,1,2025-10-04 12:33:35.024+03,,,
9891,6,4,2025-10-04 12:39:59.394+03,28.900,28.900,
9891,6,7,2025-10-04 12:56:32.903+03,1022.400,1022.400,
9891,6,10,2025-10-04 13:02:50.445+03,18.200,18.200,
9891,6,16,2025-10-04 13:18:43.656+03,351.300,351.300,
9891,6,19,2025-10-04 13:25:20.194+03,18.200,18.200,
9891,7,1,2025-10-04 12:42:14.026+03,,,
9891,7,3,2025-10-04 12:54:37.982+03,,,
9891,7,6,2025-10-04 13:01:05.451+03,29.800,29.800,
9891,7,9,2025-10-04 13:08:20.959+03,62.700,62.700,
9891,7,11,2025-10-04 13:16:11.637+03,252.200,252.200,
9891,7,14,2025-10-04 13:23:32.406+03,59.000,59.000,
9891,8,1,2025-10-04 12:34:02.529+03,,,
9891,8,2,2025-10-04 12:36:29.666+03,26.800,26.800,
9891,8,3,2025-10-04 12:42:00.32+03,207.200,207.200,
9891,8,5,2025-10-04 12:54:14.941+03,941.900,941.900,
9891,8,12,2025-10-04 13:10:52.192+03,291.900,291.900,
9891,8,16,2025-10-04 13:19:45.111+03,111.900,111.900,
9891,8,19,2025-10-04 13:26:38.344+03,78.900,78.900,
9891,9,1,2025-10-04 12:37:50.765+03,,,
9891,9,5,2025-10-04 12:54:54.878+03,,,
9891,9,7,2025-10-04 12:59:11.077+03,20.500,20.500,
9891,9,13,2025-10-04 13:12:49.693+03,218.500,218.500,
9891,9,16,2025-10-04 13:19:15.365+03,29.500,29.500,
9891,10,1,2025-10-04 12:34:06.048+03,,,
9891,10,2,2025-10-04 12:36:42.061+03,26.500,26.500,
9891,10,3,2025-10-04 12:41:25.776+03,149.900,149.900,
9891,10,5,2025-10-04 12:54:22.901+03,927.000,927.000,
9891,10,16,2025-10-04 13:16:28.912+03,123.600,123.600,
9891,11,1,2025-10-04 12:30:23.805+03,,,
9891,11,8,2025-10-04 12:54:40.388+03,599.200,599.200,
9891,11,18,2025-10-04 13:19:06.983+03,478.100,478.100,
9891,11,21,2025-10-04 13:26:06.008+03,27.400,27.400,
9891,12,1,2025-10-04 12:36:56.352+03,,,
9891,12,5,2025-10-04 12:54:42.974+03,,,
9891,12,15,2025-10-04 13:16:02.005+03,262.300,262.300,
9891,12,20,2025-10-04 13:26:35.75+03,29.200,29.200,
9891,13,1,2025-10-04 12:35:54.222+03,,,
9891,13,6,2025-10-04 12:54:16.922+03,,,
9891,13,15,2025-10-04 13:16:33.419+03,427.700,427.700,
9891,13,18,2025-10-04 13:23:46.899+03,89.600,89.600,
9891,14,1,2025-10-04 12:31:16.559+03,,,
9891,14,6,2025-10-04 12:41:34.864+03,32.100,32.100,
9891,15,1,2025-10-04 12:30:14.655+03,,,
9891,15,6,2025-10-04 12:40:59.487+03,24.300,24.300,
9891,15,9,2025-10-04 12:59:08.718+03,1113.500,1113.500,
9891,15,12,2025-10-04 13:05:10.928+03,19.000,19.000,
9891,15,15,2025-10-04 13:15:18.765+03,265.200,265.200,
9891,16,1,2025-10-04 12:35:35.766+03,,,
9891,16,6,2025-10-04 12:55:02.06+03,,,
9891,16,15,2025-10-04 13:15:12.426+03,260.500,260.500,
9891,16,18,2025-10-04 13:22:18.493+03,29.000,29.000,
9891,16,21,2025-10-04 13:28:51.035+03,28.100,28.100,
9891,17,1,2025-10-04 12:36:52.45+03,,,
9891,17,6,2025-10-04 12:54:52.187+03,,,
9891,17,15,2025-10-04 13:10:28.54+03,18.100,18.100,
9891,17,16,2025-10-04 13:15:57.474+03,228.900,228.900,
9891,17,19,2025-10-04 13:26:29.136+03,267.400,267.400,
9891,18,1,2025-10-04 12:43:45.317+03,,,
9891,18,2,2025-10-04 12:54:11.648+03,,,
9891,18,5,2025-10-04 13:00:30.238+03,27.400,27.400,
9891,18,11,2025-10-04 13:16:07.282+03,231.500,231.500,
9891,18,16,2025-10-04 13:29:30.494+03,178.500,178.500,
9891,19,1,2025-10-04 12:32:52.68+03,,,
9891,19,5,2025-10-04 12:41:17.57+03,18.300,18.300,
9891,19,7,2025-10-04 12:54:49.577+03,830.000,830.000,
9891,19,16,2025-10-04 13:09:41.233+03,18.200,18.200,
9891,19,17,2025-10-04 13:15:04.4+03,228.000,228.000,
9891,19,20,2025-10-04 13:20:58.682+03,18.300,18.300,
9891,20,1,2025-10-04 12:30:03.386+03,,,
9891,20,9,2025-10-04 12:55:28.72+03,,,
9891,20,16,2025-10-04 13:15:15.547+03,498.500,498.500,
9891,29,1,2025-10-04 12:30:31.425+03,,,
9891,29,4,2025-10-04 12:37:06.346+03,18.200,18.200,
9891,29,9,2025-10-04 12:55:22.364+03,1114.200,1114.200,
9891,29,12,2025-10-04 13:02:20.007+03,19.600,19.600,
9891,29,15,2025-10-04 13:15:24.569+03,448.000,448.000,
9891,29,18,2025-10-04 13:22:30.8+03,30.700,30.700,
9892,1,1,2025-10-04 16:02:26.207+03,,,
9892,1,4,2025-10-04 16:13:37.903+03,330.400,330.400,
9892,1,7,2025-10-04 16:32:03.703+03,777.000,777.000,
9892,1,10,2025-10-04 16:41:43.824+03,261.800,261.800,
9892,1,13,2025-10-04 16:56:45.574+03,575.400,575.400,
9892,1,16,2025-10-04 17:04:30.676+03,144.600,144.600,
9892,2,1,2025-10-04 16:02:02.869+03,,,
9892,2,4,2025-10-04 16:09:37.304+03,124.200,124.200,
9892,2,9,2025-10-04 16:34:20.511+03,929.500,929.500,
9892,2,12,2025-10-04 16:42:51.82+03,186.700,186.700,
9892,2,15,2025-10-04 16:56:05.079+03,468.400,468.400,
9892,2,18,2025-10-04 17:02:54.366+03,99.800,99.800,
9892,3,1,2025-10-04 16:01:25.069+03,,,
9892,3,6,2025-10-04 16:15:26.623+03,261.500,261.500,
9892,4,1,2025-10-04 16:01:10.968+03,,,
9892,4,7,2025-10-04 16:15:01.627+03,142.900,142.900,
9892,4,9,2025-10-04 16:32:13.228+03,788.000,788.000,
9892,4,12,2025-10-04 16:41:55.456+03,260.600,260.600,
9892,4,15,2025-10-04 16:55:54.336+03,487.400,487.400,
9892,4,18,2025-10-04 17:02:58.429+03,115.800,115.800,
9892,6,1,2025-10-04 16:00:12.785+03,,,
9892,6,4,2025-10-04 16:06:35.156+03,31.900,31.900,
9892,6,7,2025-10-04 16:14:21.947+03,144.600,144.600,
9892,7,1,2025-10-04 16:05:07.035+03,,,
9892,7,3,2025-10-04 16:11:20.194+03,121.700,121.700,
9892,7,6,2025-10-04 16:33:56.969+03,1036.200,1036.200,
9892,7,9,2025-10-04 16:40:57.43+03,84.900,84.900,
9892,7,12,2025-10-04 16:55:21.689+03,542.500,542.500,
9892,7,15,2025-10-04 17:03:34.787+03,175.100,175.100,
9892,8,1,2025-10-04 16:06:26.959+03,,,
9892,8,4,2025-10-04 16:13:48.594+03,131.000,131.000,
9892,8,7,2025-10-04 16:32:31.174+03,761.500,761.500,
9892,8,10,2025-10-04 16:42:59.962+03,277.600,277.600,
9892,8,13,2025-10-04 16:55:33.77+03,407.300,407.300,
9892,8,16,2025-10-04 17:03:47.223+03,171.000,171.000,
9892,9,1,2025-10-04 16:00:55.478+03,,,
9892,9,7,2025-10-04 16:13:54.544+03,90.600,90.600,
9892,9,10,2025-10-04 16:33:24.78+03,809.600,809.600,
9892,9,14,2025-10-04 16:43:41.855+03,161.000,161.000,
9892,9,17,2025-10-04 16:56:15.894+03,422.000,422.000,
9892,9,20,2025-10-04 17:03:03.481+03,91.100,91.100,
9892,10,1,2025-10-04 16:00:27.412+03,,,
9892,10,7,2025-10-04 16:13:31.776+03,106.100,106.100,
9892,11,1,2025-10-04 16:02:36.369+03,,,
9892,11,4,2025-10-04 16:14:40.388+03,384.300,384.300,
9892,11,7,2025-10-04 16:32:50.24+03,732.000,732.000,
9892,11,10,2025-10-04 16:41:34.783+03,187.400,187.400,
9892,12,1,2025-10-04 16:00:33.554+03,,,
9892,12,4,2025-10-04 16:06:52.421+03,27.200,27.200,
9892,12,7,2025-10-04 16:15:46.456+03,217.000,217.000,
9892,12,9,2025-10-04 16:32:15.311+03,743.600,743.600,
9892,12,12,2025-10-04 16:41:46.079+03,245.900,245.900,
9892,13,1,2025-10-04 16:00:17.868+03,,,
9892,13,4,2025-10-04 16:07:06.894+03,69.000,69.000,
9892,13,7,2025-10-04 16:15:22.896+03,154.300,154.300,
9892,13,10,2025-10-04 16:34:27.146+03,802.200,802.200,
9892,13,13,2025-10-04 16:43:38.153+03,219.400,219.400,
9892,14,1,2025-10-04 16:01:34.118+03,,,
9892,14,4,2025-10-04 16:09:06.329+03,130.000,130.000,
9892,14,7,2025-10-04 16:16:08.639+03,118.600,118.600,
9892,14,9,2025-10-04 16:33:00.97+03,774.900,774.900,
9892,14,12,2025-10-04 16:42:30.229+03,241.200,241.200,
9892,15,1,2025-10-04 16:04:31.827+03,,,
9892,15,4,2025-10-04 16:15:39.195+03,337.100,337.100,
9892,16,1,2025-10-04 16:00:49.055+03,,,
9892,16,7,2025-10-04 16:13:26.321+03,83.700,83.700,
9892,16,10,2025-10-04 16:33:16.702+03,863.200,863.200,
9892,16,14,2025-10-04 16:43:57.682+03,195.600,195.600,
9892,16,15,2025-10-04 16:56:28.544+03,620.900,620.900,
9892,16,18,2025-10-04 17:04:08.443+03,133.000,133.000,
9892,17,1,2025-10-04 16:00:37.697+03,,,
9892,17,4,2025-10-04 16:07:03.844+03,30.200,30.200,
9892,17,7,2025-10-04 16:15:53.137+03,197.000,197.000,
9892,17,9,2025-10-04 16:32:19.036+03,740.000,740.000,
9892,17,12,2025-10-04 16:41:50.526+03,224.500,224.500,
9892,18,1,2025-10-04 16:05:03.269+03,,,
9892,18,4,2025-10-04 16:14:32.103+03,239.300,239.300,
9892,18,7,2025-10-04 16:33:48.27+03,799.600,799.600,
9892,18,10,2025-10-04 16:41:24.4+03,130.000,130.000,
9892,18,13,2025-10-04 16:55:10.909+03,504.700,504.700,
9892,18,16,2025-10-04 17:03:18.061+03,174.500,174.500,
9892,19,1,2025-10-04 16:02:08.83+03,,,
9892,19,3,2025-10-04 16:08:12.106+03,112.300,112.300,
9892,19,9,2025-10-04 16:34:45.404+03,902.000,902.000,
9892,19,12,2025-10-04 16:43:19.115+03,187.400,187.400,
9892,19,15,2025-10-04 16:56:38.964+03,464.900,464.900,
9892,19,18,2025-10-04 17:04:21.826+03,139.500,139.500,
9892,20,1,2025-10-04 16:04:29.928+03,,,
9892,20,4,2025-10-04 16:15:33.871+03,338.100,338.100,
9892,20,6,2025-10-04 16:32:07.577+03,746.000,746.000,
9892,20,9,2025-10-04 16:42:03.258+03,274.300,274.300,
9892,20,12,2025-10-04 16:55:02.561+03,419.100,419.100,
9892,20,15,2025-10-04 17:02:45.376+03,157.100,157.100,
9892,29,1,2025-10-04 16:00:04.609+03,,,
9892,29,4,2025-10-04 16:05:56.915+03,27.900,27.900,
9892,29,7,2025-10-04 16:14:07.204+03,171.200,171.200,
9896,1,19,2025-10-05 15:34:57.215+03,24.008,24.008,3.000
9896,2,26,2025-10-05 15:46:15.81+03,23.314,23.314,2.100
9896,3,13,2025-10-05 15:25:51.721+03,32.856,32.856,11.200
9896,4,20,2025-10-05 15:37:03.329+03,23.827,23.827,2.400
9896,6,24,2025-10-05 15:43:56.518+03,25.583,25.583,4.100
9896,6,51,2025-10-05 16:28:40.228+03,25.188,25.188,3.800
9896,7,25,2025-10-05 15:44:51.8+03,23.806,23.806,2.400
9896,8,27,2025-10-05 15:48:33.356+03,30.749,30.749,9.200
9896,9,21,2025-10-05 15:38:22.641+03,23.630,23.630,2.300
9896,10,38,2025-10-05 16:06:50.853+03,24.012,24.012,2.600
9896,11,13,2025-10-05 15:25:48.079+03,24.610,24.610,2.100
9896,12,42,2025-10-05 16:13:32.82+03,25.732,25.732,4.300
9896,13,25,2025-10-05 15:45:19.688+03,24.100,24.100,
9896,13,44,2025-10-05 16:17:22.947+03,31.800,31.800,
9896,14,48,2025-10-05 16:23:18.249+03,24.027,24.027,2.500
9896,15,30,2025-10-05 15:53:39.945+03,25.078,25.078,3.200
9896,16,24,2025-10-05 15:43:21.169+03,24.794,24.794,3.500
9896,16,46,2025-10-05 16:19:00.893+03,23.344,23.344,2.300
9896,17,50,2025-10-05 16:26:35.223+03,24.075,24.075,2.900
9896,18,25,2025-10-05 15:44:30.97+03,23.966,23.966,2.500
9896,19,27,2025-10-05 15:48:00.511+03,26.637,26.637,5.200
9896,20,23,2025-10-05 15:41:57.96+03,23.979,23.979,2.800
9896,29,14,2025-10-05 15:27:18.4+03,24.040,24.040,2.700
9897,1,1,2025-09-19 11:31:38.703+03,,,
9897,1,7,2025-09-19 12:10:24.667+03,,,
9897,1,10,2025-09-19 12:22:28.944+03,340.800,340.800,
9897,2,1,2025-09-19 11:32:14.422+03,,,
9897,2,2,2025-09-19 11:35:00.131+03,30.900,30.900,
9897,2,7,2025-09-19 12:09:23.776+03,2094.600,2094.600,
9897,2,9,2025-09-19 12:14:22.762+03,24.400,24.400,
9897,3,1,2025-09-19 11:31:32.968+03,,,
9897,3,7,2025-09-19 12:09:16.104+03,,,
9897,3,12,2025-09-19 12:19:28.09+03,22.400,22.400,
9897,3,15,2025-09-19 12:26:32.429+03,15.500,15.500,
9897,4,1,2025-09-19 11:31:54.297+03,,,
9897,4,7,2025-09-19 12:09:07.463+03,,,
9897,4,10,2025-09-19 12:17:16.437+03,133.000,133.000,
9897,6,1,2025-09-19 11:31:55.75+03,,,
9897,6,6,2025-09-19 12:09:31.182+03,,,
9897,6,10,2025-09-19 12:18:10.854+03,29.300,29.300,
9897,7,1,2025-09-19 11:32:00.359+03,,,
9897,7,5,2025-09-19 11:41:29.335+03,15.800,15.800,
9897,7,6,2025-09-19 12:09:57.792+03,1723.900,1723.900,
9897,7,9,2025-09-19 12:16:43.335+03,28.800,28.800,
9897,8,1,2025-09-19 11:35:27.333+03,,,
9897,8,5,2025-09-19 12:09:40.729+03,,,
9897,8,10,2025-09-19 12:21:56.882+03,128.400,128.400,
9897,9,1,2025-09-19 11:32:34.109+03,,,
9897,9,6,2025-09-19 12:10:33.682+03,,,
9897,9,9,2025-09-19 12:17:11.14+03,25.200,25.200,
9897,10,1,2025-09-19 11:35:06.384+03,,,
9897,10,5,2025-09-19 12:09:51.292+03,,,
9897,10,10,2025-09-19 12:22:01.241+03,109.500,109.500,
9897,11,1,2025-09-19 11:31:48.015+03,,,
9897,11,7,2025-09-19 12:10:39.108+03,,,
9897,11,10,2025-09-19 12:21:23.522+03,258.000,258.000,
9897,12,1,2025-09-19 11:32:49.906+03,,,
9897,12,6,2025-09-19 12:09:12.057+03,,,
9897,12,10,2025-09-19 12:17:43.812+03,35.400,35.400,
9897,13,1,2025-09-19 11:30:40.406+03,,,
9897,13,7,2025-09-19 12:09:34.776+03,,,
9897,13,10,2025-09-19 12:16:05.667+03,23.600,23.600,
9897,14,1,2025-09-19 11:31:14.343+03,,,
9897,14,7,2025-09-19 12:09:19.87+03,,,
9897,14,10,2025-09-19 12:17:35.141+03,137.000,137.000,
9897,15,1,2025-09-19 11:31:20.984+03,,,
9897,15,7,2025-09-19 12:10:27.886+03,,,
9897,15,10,2025-09-19 12:17:39.109+03,28.900,28.900,
9897,16,1,2025-09-19 11:32:21.515+03,,,
9897,16,6,2025-09-19 12:10:13.167+03,,,
9897,16,10,2025-09-19 12:24:13.508+03,210.600,210.600,
9897,17,1,2025-09-19 11:32:42.609+03,,,
9897,17,6,2025-09-19 12:09:03.073+03,,,
9897,17,12,2025-09-19 12:22:10.257+03,27.600,27.600,
9897,18,1,2025-09-19 11:33:30.984+03,,,
9897,18,6,2025-09-19 12:09:25.667+03,,,
9897,18,9,2025-09-19 12:17:41.078+03,131.000,131.000,
9897,18,12,2025-09-19 12:24:58.38+03,27.200,27.200,
9897,19,1,2025-09-19 11:32:17.64+03,,,
9897,19,3,2025-09-19 12:10:02.964+03,1957.400,1957.400,
9897,19,9,2025-09-19 12:23:14.934+03,25.300,25.300,
9897,20,1,2025-09-19 11:31:17.578+03,,,
9897,20,7,2025-09-19 12:10:20.604+03,,,
9897,20,10,2025-09-19 12:17:19.515+03,49.800,49.800,
9897,29,1,2025-09-19 11:30:06.585+03,,,
9897,29,2,2025-09-19 11:42:11.776+03,590.800,590.800,
9897,29,3,2025-09-19 12:10:07.479+03,2266.400,2266.400,
9897,29,7,2025-09-19 12:19:10.3+03,23.200,23.200,
9898,1,1,2025-09-19 15:03:02.03+03,,,
9898,1,8,2025-09-19 15:29:01.353+03,638.900,638.900,
9898,1,14,2025-09-19 15:47:38.138+03,350.500,350.500,
9898,2,1,2025-09-19 15:06:17.403+03,,,
9898,2,6,2025-09-19 15:27:41.634+03,615.600,615.600,
9898,3,1,2025-09-19 15:01:37.217+03,,,
9898,3,9,2025-09-19 15:29:46.781+03,672.300,672.300,
9898,3,14,2025-09-19 15:47:05.673+03,305.900,305.900,
9898,4,1,2025-09-19 15:02:41.889+03,,,
9898,4,8,2025-09-19 15:28:06.535+03,598.200,598.200,
9898,4,14,2025-09-19 15:46:05.376+03,284.900,284.900,
9898,6,1,2025-09-19 15:03:56.309+03,,,
9898,6,8,2025-09-19 15:29:08.525+03,588.500,588.500,
9898,6,17,2025-09-19 15:53:34.519+03,249.800,249.800,
9898,7,1,2025-09-19 15:02:24.795+03,,,
9898,7,8,2025-09-19 15:28:46.65+03,635.600,635.600,
9898,7,12,2025-09-19 15:39:07.633+03,26.600,26.600,
9898,7,15,2025-09-19 15:50:32.6+03,297.200,297.200,
9898,8,1,2025-09-19 15:02:18.42+03,,,
9898,8,10,2025-09-19 15:29:34.953+03,495.400,495.400,
9898,8,16,2025-09-19 15:48:50.512+03,363.200,363.200,
9898,9,1,2025-09-19 15:03:43.871+03,,,
9898,9,10,2025-09-19 15:29:40.952+03,403.000,403.000,
9898,9,15,2025-09-19 15:41:09.934+03,25.600,25.600,
9898,9,17,2025-09-19 15:50:59.675+03,343.500,343.500,
9898,10,1,2025-09-19 15:03:30.09+03,,,
9898,10,6,2025-09-19 15:15:45.615+03,80.700,80.700,
9898,10,9,2025-09-19 15:27:46.875+03,373.400,373.400,
9898,10,12,2025-09-19 15:34:27.77+03,29.100,29.100,
9898,10,15,2025-09-19 15:46:45.673+03,379.000,379.000,
9898,11,1,2025-09-19 15:02:29.748+03,,,
9898,11,8,2025-09-19 15:28:35.853+03,615.500,615.500,
9898,11,14,2025-09-19 15:47:58.708+03,400.100,400.100,
9898,12,1,2025-09-19 15:02:50.826+03,,,
9898,12,9,2025-09-19 15:27:53.811+03,423.400,423.400,
9898,12,14,2025-09-19 15:43:50.227+03,323.000,323.000,
9898,13,1,2025-09-19 15:01:34.482+03,,,
9898,13,8,2025-09-19 15:28:57.041+03,774.000,774.000,
9898,13,12,2025-09-19 15:44:30.352+03,430.700,430.700,
9898,14,1,2025-09-19 15:02:08.279+03,,,
9898,14,4,2025-09-19 15:09:33.194+03,31.200,31.200,
9898,14,7,2025-09-19 15:27:51.134+03,742.900,742.900,
9898,14,12,2025-09-19 15:44:27.258+03,353.200,353.200,
9898,15,1,2025-09-19 15:01:59.295+03,,,
9898,15,8,2025-09-19 15:28:23.462+03,687.200,687.200,
9898,15,14,2025-09-19 15:45:28.517+03,257.100,257.100,
9898,16,1,2025-09-19 15:03:15.074+03,,,
9898,16,9,2025-09-19 15:32:29.34+03,626.800,626.800,
9898,16,13,2025-09-19 15:42:36.546+03,24.000,24.000,
9898,16,16,2025-09-19 15:54:11.441+03,309.400,309.400,
9898,17,1,2025-09-19 15:04:31.99+03,,,
9898,17,8,2025-09-19 15:27:58.412+03,512.700,512.700,
9898,17,13,2025-09-19 15:43:39.453+03,284.000,284.000,
9898,18,1,2025-09-19 15:05:44.497+03,,,
9898,18,7,2025-09-19 15:32:34.445+03,814.000,814.000,
9898,18,10,2025-09-19 15:39:20.57+03,16.400,16.400,
9898,18,12,2025-09-19 15:50:00.709+03,353.300,353.300,
9898,19,1,2025-09-19 15:02:12.014+03,,,
9898,19,4,2025-09-19 15:09:14.008+03,24.100,24.100,
9898,19,7,2025-09-19 15:15:55.019+03,24.000,24.000,
9898,19,9,2025-09-19 15:29:19.056+03,544.300,544.300,
9898,19,12,2025-09-19 15:36:34.511+03,40.400,40.400,
9898,19,16,2025-09-19 15:49:36.396+03,281.500,281.500,
9898,20,1,2025-09-19 15:02:20.779+03,,,
9898,20,8,2025-09-19 15:28:16.306+03,642.000,642.000,
9898,20,14,2025-09-19 15:45:42.314+03,272.500,272.500,
9898,29,1,2025-09-19 15:04:17.152+03,,,
9898,29,7,2025-09-19 15:26:46.868+03,521.300,521.300,
9898,29,12,2025-09-19 15:44:22.149+03,407.600,407.600,
9899,1,1,2025-09-20 11:52:40.585+03,,,
9899,1,11,2025-09-20 12:17:20.326+03,224.100,224.100,
9899,2,1,2025-09-20 11:42:56.189+03,,,
9899,2,12,2025-09-20 12:14:40.512+03,597.400,597.400,
9899,2,17,2025-09-20 12:29:34.878+03,250.600,250.600,
9899,3,1,2025-09-20 11:46:59.743+03,,,
9899,3,4,2025-09-20 11:53:55.364+03,15.300,15.300,
9899,3,9,2025-09-20 12:17:12.065+03,714.700,714.700,
9899,3,12,2025-09-20 12:24:06.798+03,26.300,26.300,
9899,4,1,2025-09-20 11:36:49.707+03,,,
9899,4,2,2025-09-20 11:47:04.606+03,479.900,479.900,
9899,4,13,2025-09-20 12:14:34.701+03,293.800,293.800,
9899,6,1,2025-09-20 11:46:28.943+03,,,
9899,6,12,2025-09-20 12:14:13.87+03,298.000,298.000,
9899,7,1,2025-09-20 11:49:49.594+03,,,
9899,7,4,2025-09-20 11:57:03.572+03,15.100,15.100,
9899,7,9,2025-09-20 12:14:20.244+03,367.900,367.900,
9899,7,12,2025-09-20 12:21:32.881+03,15.400,15.400,
9899,8,1,2025-09-20 11:46:54.263+03,,,
9899,8,9,2025-09-20 12:09:35.771+03,330.100,330.100,
9899,8,12,2025-09-20 12:18:47.719+03,193.900,193.900,
9899,9,1,2025-09-20 11:46:37.473+03,,,
9899,9,6,2025-09-20 11:58:05.974+03,20.800,20.800,
9899,9,9,2025-09-20 12:07:14.058+03,174.500,174.500,
9899,9,12,2025-09-20 12:18:15.056+03,309.100,309.100,
9899,10,1,2025-09-20 11:46:46.636+03,,,
9899,10,8,2025-09-20 12:10:30.404+03,513.600,513.600,
9899,10,11,2025-09-20 12:18:05.694+03,117.400,117.400,
9899,10,15,2025-09-20 12:27:18.364+03,60.400,60.400,
9899,11,1,2025-09-20 11:47:25.346+03,,,
9899,11,9,2025-09-20 12:12:29.377+03,477.600,477.600,
9899,11,12,2025-09-20 12:20:24.419+03,136.900,136.900,
9899,12,1,2025-09-20 11:47:43.376+03,,,
9899,12,10,2025-09-20 12:13:44.198+03,385.700,385.700,
9899,13,1,2025-09-20 11:45:08.315+03,,,
9899,13,10,2025-09-20 12:14:54.974+03,628.700,628.700,
9899,13,15,2025-09-20 12:28:33.587+03,194.200,194.200,
9899,14,1,2025-09-20 11:35:40.328+03,,,
9899,14,2,2025-09-20 11:43:58.286+03,356.900,356.900,
9899,14,10,2025-09-20 12:04:31.41+03,247.100,247.100,
9899,14,14,2025-09-20 12:18:19.161+03,351.100,351.100,
9899,15,1,2025-09-20 11:44:56.074+03,,,
9899,15,2,2025-09-20 11:47:17.988+03,14.900,14.900,
9899,15,13,2025-09-20 12:18:25.713+03,557.900,557.900,
9899,16,1,2025-09-20 11:46:20.318+03,,,
9899,16,8,2025-09-20 12:02:49.256+03,24.200,24.200,
9899,16,9,2025-09-20 12:09:59.721+03,304.300,304.300,
9899,16,12,2025-09-20 12:19:07.622+03,191.200,191.200,
9899,17,1,2025-09-20 11:47:35.907+03,,,
9899,17,10,2025-09-20 12:17:42.97+03,626.200,626.200,
9899,18,1,2025-09-20 11:52:30.575+03,,,
9899,18,8,2025-09-20 12:14:00.96+03,378.000,378.000,
9899,18,11,2025-09-20 12:20:48.978+03,16.300,16.300,
9899,19,1,2025-09-20 11:45:04.763+03,,,
9899,19,13,2025-09-20 12:16:37.695+03,475.900,475.900,
9899,20,1,2025-09-20 11:36:10.552+03,,,
9899,20,9,2025-09-20 11:57:54.445+03,306.900,306.900,
9899,20,14,2025-09-20 12:15:05.189+03,437.100,437.100,
9899,29,1,2025-09-20 11:46:43.687+03,,,
9899,29,11,2025-09-20 12:17:07.261+03,451.400,451.400,
9900,1,1,2025-09-20 15:02:34.094+03,,,
9900,1,4,2025-09-20 15:16:40.23+03,,,
9900,1,6,2025-09-20 15:29:32.328+03,,,
9900,1,9,2025-09-20 15:48:50.633+03,,,
9900,1,11,2025-09-20 16:01:10.128+03,,,
9900,1,17,2025-09-20 16:20:54.447+03,464.100,464.100,
9900,1,19,2025-09-20 16:37:03.066+03,1432.700,1432.700,
9900,1,21,2025-09-20 16:54:39.787+03,2489.500,2489.500,
9900,2,1,2025-09-20 15:02:00.439+03,,,
9900,2,4,2025-09-20 15:16:30.327+03,,,
9900,2,6,2025-09-20 15:29:20.017+03,,,
9900,2,9,2025-09-20 15:49:22.984+03,,,
9900,2,10,2025-09-20 15:58:51.36+03,,,
9900,2,13,2025-09-20 16:05:11.867+03,22.400,22.400,
9900,2,15,2025-09-20 16:18:58.856+03,596.900,596.900,
9900,2,17,2025-09-20 16:37:29.066+03,1707.400,1707.400,
9900,2,19,2025-09-20 16:54:05.449+03,2703.800,2703.800,
9900,3,1,2025-09-20 15:00:13.229+03,,,
9900,3,4,2025-09-20 15:17:12.148+03,667.500,667.500,
9900,3,6,2025-09-20 15:28:28.951+03,1344.000,1344.000,
9900,3,10,2025-09-20 15:49:29.636+03,2605.000,2605.000,
9900,3,11,2025-09-20 15:58:09.384+03,3124.700,3124.700,
9900,3,14,2025-09-20 16:05:56.471+03,122.200,122.200,
9900,4,1,2025-09-20 15:00:46.458+03,,,
9900,4,4,2025-09-20 15:16:49.918+03,,,
9900,4,6,2025-09-20 15:28:23.989+03,,,
9900,4,10,2025-09-20 15:48:10.449+03,,,
9900,4,12,2025-09-20 15:58:19.217+03,,,
9900,4,15,2025-09-20 16:05:54.003+03,110.700,110.700,
9900,4,18,2025-09-20 16:18:42.846+03,391.800,391.800,
9900,4,21,2025-09-20 16:37:17.338+03,1506.200,1506.200,
9900,4,23,2025-09-20 16:54:27.243+03,2536.100,2536.100,
9900,6,1,2025-09-20 15:00:56.187+03,,,
9900,6,4,2025-09-20 15:15:06.106+03,,,
9900,6,7,2025-09-20 15:31:41.644+03,,,
9900,7,1,2025-09-20 15:02:15.125+03,,,
9900,7,3,2025-09-20 15:15:37.285+03,,,
9900,7,6,2025-09-20 15:28:59.106+03,,,
9900,7,9,2025-09-20 15:59:23.96+03,,,
9900,7,12,2025-09-20 16:05:46.298+03,18.400,18.400,
9900,7,15,2025-09-20 16:19:04.236+03,433.600,433.600,
9900,7,17,2025-09-20 16:37:39.916+03,1549.300,1549.300,
9900,7,19,2025-09-20 16:54:21.385+03,2551.000,2551.000,
9900,8,1,2025-09-20 15:01:14.969+03,,,
9900,8,4,2025-09-20 15:15:11.998+03,,,
9900,8,7,2025-09-20 15:28:43.67+03,,,
9900,8,11,2025-09-20 15:48:20.807+03,,,
9900,8,13,2025-09-20 15:58:40.319+03,,,
9900,9,1,2025-09-20 15:01:44.326+03,,,
9900,9,4,2025-09-20 15:15:57.316+03,,,
9900,9,7,2025-09-20 15:29:08.61+03,,,
9900,9,10,2025-09-20 15:48:29.135+03,,,
9900,9,12,2025-09-20 15:58:02.973+03,,,
9900,9,15,2025-09-20 16:04:46.611+03,21.900,21.900,
9900,9,18,2025-09-20 16:19:29.757+03,529.200,529.200,
9900,10,1,2025-09-20 15:01:23.503+03,,,
9900,10,4,2025-09-20 15:15:23.317+03,,,
9900,10,7,2025-09-20 15:28:35.51+03,,,
9900,10,11,2025-09-20 15:49:34.624+03,,,
9900,10,12,2025-09-20 15:58:31.901+03,,,
9900,10,15,2025-09-20 16:06:03.239+03,105.900,105.900,
9900,11,1,2025-09-20 15:01:34.674+03,,,
9900,11,4,2025-09-20 15:15:49.067+03,,,
9900,11,7,2025-09-20 15:29:48.027+03,,,
9900,11,10,2025-09-20 15:48:58.208+03,,,
9900,11,12,2025-09-20 16:00:55.757+03,,,
9900,11,18,2025-09-20 16:19:42.071+03,400.600,400.600,
9900,11,20,2025-09-20 16:39:34.89+03,1593.400,1593.400,
9900,11,21,2025-09-20 16:54:42.422+03,2501.100,2501.100,
9900,12,1,2025-09-20 15:00:03.602+03,,,
9900,13,1,2025-09-20 15:00:08.42+03,,,
9900,13,4,2025-09-20 15:17:05.507+03,674.500,674.500,
9900,13,6,2025-09-20 15:30:05.736+03,1455.100,1455.100,
9900,14,1,2025-09-20 15:01:00.544+03,,,
9900,14,4,2025-09-20 15:17:19.508+03,,,
9900,14,6,2025-09-20 15:28:18.966+03,,,
9900,14,10,2025-09-20 15:48:15.691+03,,,
9900,14,12,2025-09-20 15:58:25.179+03,,,
9900,14,15,2025-09-20 16:04:33.654+03,25.800,25.800,
9900,14,19,2025-09-20 16:18:37.445+03,364.100,364.100,
9900,14,22,2025-09-20 16:37:11.728+03,1478.400,1478.400,
9900,14,24,2025-09-20 16:54:13.876+03,2500.600,2500.600,
9900,15,1,2025-09-20 15:00:25.339+03,,,
9900,15,5,2025-09-20 15:18:47.353+03,,,
9900,15,6,2025-09-20 15:28:13.71+03,,,
9900,16,1,2025-09-20 15:01:49.696+03,,,
9900,16,4,2025-09-20 15:16:03.686+03,,,
9900,16,7,2025-09-20 15:29:39.632+03,,,
9900,16,10,2025-09-20 15:48:37.25+03,,,
9900,16,12,2025-09-20 15:58:05.403+03,,,
9900,17,1,2025-09-20 15:00:39.599+03,,,
9900,17,4,2025-09-20 15:16:44.998+03,,,
9900,17,6,2025-09-20 15:28:04.854+03,,,
9900,17,10,2025-09-20 15:48:02.781+03,,,
9900,17,12,2025-09-20 15:58:16.209+03,,,
9900,17,15,2025-09-20 16:06:06.127+03,117.200,117.200,
9900,17,17,2025-09-20 16:18:39.337+03,494.700,494.700,
9900,17,20,2025-09-20 16:37:06.412+03,1601.800,1601.800,
9900,17,21,2025-09-20 16:54:07.93+03,892.700,892.700,
9900,18,1,2025-09-20 15:02:09.603+03,,,
9900,18,4,2025-09-20 15:15:30.706+03,,,
9900,18,7,2025-09-20 15:28:53.113+03,,,
9900,18,10,2025-09-20 15:59:21.365+03,,,
9900,18,13,2025-09-20 16:05:40.399+03,25.100,25.100,
9900,18,16,2025-09-20 16:18:48.488+03,425.100,425.100,
9900,18,18,2025-09-20 16:37:30.458+03,1547.100,1547.100,
9900,18,20,2025-09-20 16:54:09.133+03,2545.700,2545.700,
9900,19,1,2025-09-20 15:02:54.004+03,,,
9900,19,3,2025-09-20 15:16:17.596+03,,,
9900,19,6,2025-09-20 15:29:57.52+03,,,
9900,19,8,2025-09-20 15:49:04.881+03,891.300,891.300,
9900,19,9,2025-09-20 15:59:00.437+03,1487.100,1487.100,
9900,19,12,2025-09-20 16:05:25.331+03,15.600,15.600,
9900,19,15,2025-09-20 16:19:17.299+03,469.600,469.600,
9900,19,17,2025-09-20 16:37:46.441+03,1579.000,1579.000,
9900,20,1,2025-09-20 15:00:20.924+03,,,
9900,20,5,2025-09-20 15:18:44.739+03,,,
9900,20,6,2025-09-20 15:28:09.37+03,,,
9900,20,10,2025-09-20 15:48:06.405+03,,,
9900,29,1,2025-09-20 15:00:31.437+03,,,
9900,29,4,2025-09-20 15:16:09.69+03,590.800,590.800,
9900,29,7,2025-09-20 15:31:45.395+03,1526.600,1526.600,
9904,1,40,2025-09-21 15:18:18.941+03,20.221,20.221,2.400
9904,2,37,2025-09-21 15:13:29.85+03,21.975,21.975,4.100
9904,3,26,2025-09-21 14:54:26.724+03,20.845,20.845,2.400
9904,4,29,2025-09-21 14:59:39.966+03,20.294,20.294,2.200
9904,6,35,2025-09-21 15:10:52.502+03,21.500,21.500,3.300
9904,7,18,2025-09-21 14:39:57.929+03,20.669,20.669,2.700
9904,8,21,2025-09-21 14:45:39.568+03,25.768,25.768,8.200
9904,9,19,2025-09-21 14:41:48.078+03,20.500,20.500,
9904,10,37,2025-09-21 15:14:16.997+03,21.820,21.820,4.000
9904,11,38,2025-09-21 15:15:11.802+03,20.323,20.323,2.200
9904,12,1,2025-09-21 14:06:49.89+03,20.758,20.758,2.600
9904,12,15,2025-09-21 14:35:01.462+03,20.489,20.489,2.400
9904,13,36,2025-09-21 15:12:31.329+03,19.970,19.970,2.300
9904,14,20,2025-09-21 14:43:29.987+03,20.283,20.283,2.300
9904,15,1,2025-09-21 14:06:46.44+03,20.691,20.691,2.500
9904,15,2,2025-09-21 14:09:33.338+03,20.759,20.759,2.500
9904,16,36,2025-09-21 15:11:50.527+03,20.062,20.062,2.200
9904,17,27,2025-09-21 14:55:46.106+03,20.508,20.508,2.600
9904,18,39,2025-09-21 15:16:46.908+03,19.809,19.809,2.300
9904,20,28,2025-09-21 14:58:15.827+03,21.194,21.194,3.400
9904,29,16,2025-09-21 14:36:47.589+03,21.088,21.088,2.800
9905,1,1,2025-09-05 14:30:58.441+03,,,
9905,1,10,2025-09-05 14:57:36.034+03,598.500,598.500,
9905,1,13,2025-09-05 15:03:43.382+03,23.100,23.100,
9905,1,14,2025-09-05 15:14:40.959+03,680.600,680.600,
9905,1,17,2025-09-05 15:24:15.238+03,301.700,301.700,
9905,2,1,2025-09-05 14:30:24.345+03,,,
9905,2,10,2025-09-05 14:47:16.117+03,47.000,47.000,
9905,2,11,2025-09-05 14:57:21.533+03,504.200,504.200,
9905,2,16,2025-09-05 15:13:37.2+03,1479.700,1479.700,
9905,2,21,2025-09-05 15:22:08.108+03,24.500,24.500,
9905,3,1,2025-09-05 14:30:06.587+03,,,
9905,3,2,2025-09-05 14:32:21.761+03,29.200,29.200,
9905,3,12,2025-09-05 15:02:43.294+03,740.900,740.900,
9905,3,14,2025-09-05 15:13:16.943+03,1374.500,1374.500,
9905,3,16,2025-09-05 15:16:49.312+03,19.100,19.100,
9905,3,19,2025-09-05 15:25:16.056+03,181.500,181.500,
9905,4,1,2025-09-05 14:32:03.593+03,,,
9905,4,10,2025-09-05 14:49:22.57+03,32.100,32.100,
9905,4,13,2025-09-05 15:00:38.841+03,392.800,392.800,
9905,4,15,2025-09-05 15:15:26.76+03,688.500,688.500,
9905,4,18,2025-09-05 15:21:31.342+03,31.200,31.200,
9905,6,1,2025-09-05 14:31:15.39+03,,,
9905,6,6,2025-09-05 14:41:12.12+03,28.700,28.700,
9905,6,13,2025-09-05 15:03:22.144+03,580.100,580.100,
9905,6,15,2025-09-05 15:13:47.639+03,1205.700,1205.700,
9905,6,19,2025-09-05 15:21:15.255+03,18.800,18.800,
9905,6,22,2025-09-05 15:26:47.252+03,25.200,25.200,
9905,7,1,2025-09-05 14:30:43.014+03,,,
9905,7,4,2025-09-05 14:36:45.851+03,29.700,29.700,
9905,7,7,2025-09-05 14:43:05.698+03,28.900,28.900,
9905,7,13,2025-09-05 15:00:19.95+03,354.500,354.500,
9905,7,16,2025-09-05 15:14:13.955+03,1188.300,1188.300,
9905,7,23,2025-09-05 15:28:10.861+03,31.700,31.700,
9905,8,1,2025-09-05 14:34:37.775+03,,,
9905,8,11,2025-09-05 15:03:33.342+03,675.900,675.900,
9905,8,12,2025-09-05 15:13:09.128+03,1251.600,1251.600,
9905,8,14,2025-09-05 15:16:54.736+03,31.600,31.600,
9905,8,17,2025-09-05 15:27:40.256+03,297.100,297.100,
9905,9,1,2025-09-05 14:31:49.635+03,,,
9905,9,12,2025-09-05 14:59:05.077+03,482.900,482.900,
9905,9,16,2025-09-05 15:14:24.486+03,1402.000,1402.000,
9905,9,19,2025-09-05 15:24:34.075+03,328.600,328.600,
9905,10,1,2025-09-05 14:31:35.838+03,,,
9905,10,13,2025-09-05 15:00:43.321+03,481.000,481.000,
9905,10,16,2025-09-05 15:13:06.851+03,1224.500,1224.500,
9905,10,19,2025-09-05 15:21:56.375+03,230.000,230.000,
9905,11,1,2025-09-05 14:31:24.318+03,,,
9905,11,13,2025-09-05 14:59:50.137+03,365.200,365.200,
9905,11,16,2025-09-05 15:14:31.774+03,1246.800,1246.800,
9905,11,19,2025-09-05 15:24:17.865+03,305.500,305.500,
9905,12,1,2025-09-05 14:31:39.5+03,,,
9905,12,11,2025-09-05 14:59:19.56+03,527.800,527.800,
9905,12,14,2025-09-05 15:13:59.318+03,1407.500,1407.500,
9905,12,17,2025-09-05 15:19:53.447+03,26.100,26.100,
9905,13,1,2025-09-05 14:30:02.308+03,,,
9905,13,2,2025-09-05 14:32:18.187+03,26.700,26.700,
9905,13,12,2025-09-05 14:57:57.948+03,481.400,481.400,
9905,13,15,2025-09-05 15:04:20.756+03,63.000,63.000,
9905,13,16,2025-09-05 15:13:13.007+03,595.200,595.200,
9905,13,18,2025-09-05 15:17:04.077+03,18.900,18.900,
9905,13,21,2025-09-05 15:23:12.213+03,28.200,28.200,
9905,13,24,2025-09-05 15:28:35.148+03,24.900,24.900,
9905,14,1,2025-09-05 14:30:15.746+03,,,
9905,14,6,2025-09-05 14:40:13.162+03,37.700,37.700,
9905,14,9,2025-09-05 14:46:23.801+03,38.900,38.900,
9905,14,15,2025-09-05 15:02:36.995+03,330.600,330.600,
9905,14,17,2025-09-05 15:14:03.754+03,1017.400,1017.400,
9905,14,21,2025-09-05 15:22:16.534+03,33.500,33.500,
9905,15,1,2025-09-05 14:30:28.149+03,,,
9905,15,11,2025-09-05 15:02:39.473+03,830.400,830.400,
9905,15,13,2025-09-05 15:13:22.117+03,1473.000,1473.000,
9905,15,19,2025-09-05 15:27:05.4+03,213.700,213.700,
9905,16,1,2025-09-05 14:32:13.415+03,,,
9905,16,11,2025-09-05 15:03:41.732+03,743.500,743.500,
9905,16,12,2025-09-05 15:15:13.876+03,1435.900,1435.900,
9905,16,15,2025-09-05 15:21:53.569+03,31.200,31.200,
9905,16,18,2025-09-05 15:28:31.84+03,107.500,107.500,
9905,17,1,2025-09-05 14:30:11.328+03,,,
9905,17,3,2025-09-05 14:39:35.994+03,362.100,362.100,
9905,17,13,2025-09-05 15:13:03.171+03,962.700,962.700,
9905,17,16,2025-09-05 15:18:41.904+03,26.000,26.000,
9905,17,19,2025-09-05 15:23:49.483+03,24.300,24.300,
9905,18,1,2025-09-05 14:31:55.905+03,,,
9905,18,4,2025-09-05 14:38:03.027+03,29.400,29.400,
9905,18,9,2025-09-05 14:56:24.425+03,532.600,532.600,
9905,18,11,2025-09-05 15:03:12.369+03,218.700,218.700,
9905,18,13,2025-09-05 15:15:07.716+03,934.100,934.100,
9905,20,1,2025-09-05 14:30:33.677+03,,,
9905,20,11,2025-09-05 15:00:27.854+03,709.300,709.300,
9905,20,14,2025-09-05 15:13:30.786+03,1492.200,1492.200,
9905,20,17,2025-09-05 15:22:44.995+03,284.400,284.400,
9905,32,1,2025-09-05 14:30:46.728+03,,,
9905,32,9,2025-09-05 14:46:36.718+03,26.500,26.500,
9905,32,11,2025-09-05 15:04:06.556+03,809.500,809.500,
9905,32,12,2025-09-05 15:13:55.326+03,1398.200,1398.200,
9905,39,1,2025-09-05 14:30:08.318+03,,,
9905,39,10,2025-09-05 14:56:56.415+03,637.300,637.300,
9905,39,15,2025-09-05 15:14:45.92+03,1706.700,1706.700,
9905,39,24,2025-09-05 15:28:57.449+03,29.200,29.200,
9906,1,1,2025-09-05 18:02:52.159+03,,,
9906,1,5,2025-09-05 18:16:10.363+03,,,
9906,1,8,2025-09-05 18:21:57.997+03,18.800,18.800,
9906,1,10,2025-09-05 18:29:59.433+03,277.100,277.100,
9906,1,15,2025-09-05 18:45:17.414+03,379.200,379.200,
9906,2,1,2025-09-05 18:01:48.176+03,,,
9906,2,6,2025-09-05 18:21:01.965+03,,,
9906,2,8,2025-09-05 18:24:24.478+03,27.700,27.700,
9906,2,12,2025-09-05 18:31:53.048+03,30.500,30.500,
9906,2,15,2025-09-05 18:43:26.043+03,392.100,392.100,
9906,3,1,2025-09-05 18:00:17.939+03,,,
9906,3,4,2025-09-05 18:06:14.647+03,18.900,18.900,
9906,3,6,2025-09-05 18:15:18.955+03,563.200,563.200,
9906,3,8,2025-09-05 18:27:48.949+03,560.700,560.700,
9906,3,11,2025-09-05 18:34:21.052+03,67.700,67.700,
9906,3,14,2025-09-05 18:45:01.365+03,353.400,353.400,
9906,3,15,2025-09-05 18:46:59.209+03,20.000,20.000,
9906,3,23,2025-09-05 18:58:58.47+03,32.800,32.800,
9906,4,1,2025-09-05 18:01:40.579+03,,,
9906,4,4,2025-09-05 18:15:15.927+03,503.500,503.500,
9906,4,5,2025-09-05 18:22:23.807+03,319.000,319.000,
9906,4,8,2025-09-05 18:31:47.345+03,260.400,260.400,
9906,4,11,2025-09-05 18:37:37.197+03,18.900,18.900,
9906,4,14,2025-09-05 18:47:32.811+03,309.300,309.300,
9906,6,1,2025-09-05 18:01:16.919+03,,,
9906,6,6,2025-09-05 18:20:01.461+03,,,
9906,6,9,2025-09-05 18:25:19.608+03,28.300,28.300,
9906,6,15,2025-09-05 18:41:05.446+03,311.100,311.100,
9906,7,1,2025-09-05 18:02:31.73+03,,,
9906,8,1,2025-09-05 18:01:07.074+03,,,
9906,8,6,2025-09-05 18:15:55.588+03,,,
9906,8,11,2025-09-05 18:32:02.28+03,441.400,441.400,
9906,8,18,2025-09-05 18:50:12.159+03,301.800,301.800,
9906,9,1,2025-09-05 18:02:09.019+03,,,
9906,9,6,2025-09-05 18:15:50.948+03,,,
9906,9,11,2025-09-05 18:28:34.541+03,266.300,266.300,
9906,9,14,2025-09-05 18:34:07.491+03,28.500,28.500,
9906,9,19,2025-09-05 18:47:57.627+03,341.000,341.000,
9906,10,1,2025-09-05 18:01:02.862+03,,,
9906,10,6,2025-09-05 18:16:15.991+03,,,
9906,10,13,2025-09-05 18:31:57.333+03,229.000,229.000,
9906,10,20,2025-09-05 18:50:15.301+03,352.900,352.900,
9906,11,1,2025-09-05 18:01:55.303+03,,,
9906,11,5,2025-09-05 18:16:25.616+03,,,
9906,11,8,2025-09-05 18:22:14.308+03,27.200,27.200,
9906,11,12,2025-09-05 18:32:13.809+03,188.500,188.500,
9906,11,18,2025-09-05 18:47:43.247+03,266.200,266.200,
9906,12,1,2025-09-05 18:00:47.803+03,,,
9906,12,4,2025-09-05 18:06:42.912+03,18.800,18.800,
9906,12,6,2025-09-05 18:16:48.023+03,623.900,623.900,
9906,12,12,2025-09-05 18:27:45.995+03,29.100,29.100,
9906,12,17,2025-09-05 18:45:32.046+03,533.600,533.600,
9906,12,26,2025-09-05 18:58:55.731+03,26.600,26.600,
9906,13,1,2025-09-05 18:00:28.825+03,,,
9906,13,6,2025-09-05 18:15:42.476+03,,,
9906,13,9,2025-09-05 18:26:29.026+03,376.000,376.000,
9906,13,12,2025-09-05 18:33:02.788+03,77.600,77.600,
9906,13,15,2025-09-05 18:44:49.128+03,422.100,422.100,
9906,13,25,2025-09-05 18:59:29.53+03,26.400,26.400,
9906,14,1,2025-09-05 18:02:01.937+03,,,
9906,14,4,2025-09-05 18:07:58.775+03,33.900,33.900,
9906,14,5,2025-09-05 18:15:07.722+03,462.700,462.700,
9906,14,8,2025-09-05 18:28:48.75+03,518.100,518.100,
9906,14,11,2025-09-05 18:34:32.209+03,20.100,20.100,
9906,14,14,2025-09-05 18:45:40.982+03,362.900,362.900,
9906,15,1,2025-09-05 18:00:31.219+03,,,
9906,15,7,2025-09-05 18:15:23.992+03,,,
9906,15,11,2025-09-05 18:28:01.118+03,380.500,380.500,
9906,15,14,2025-09-05 18:33:47.251+03,28.400,28.400,
9906,15,17,2025-09-05 18:44:03.459+03,332.700,332.700,
9906,15,27,2025-09-05 18:58:52.885+03,28.200,28.200,
9906,16,1,2025-09-05 18:02:22.89+03,,,
9906,16,5,2025-09-05 18:16:38.332+03,,,
9906,16,9,2025-09-05 18:29:04.206+03,322.200,322.200,
9906,16,12,2025-09-05 18:35:29.88+03,32.700,32.700,
9906,16,15,2025-09-05 18:46:36.711+03,361.900,361.900,
9906,17,1,2025-09-05 18:00:56.282+03,,,
9906,17,4,2025-09-05 18:06:50.764+03,18.900,18.900,
9906,17,6,2025-09-05 18:15:45.249+03,553.200,553.200,
9906,17,12,2025-09-05 18:26:23.208+03,25.900,25.900,
9906,17,18,2025-09-05 18:43:50.271+03,437.500,437.500,
9906,17,28,2025-09-05 18:58:37.96+03,24.400,24.400,
9906,18,1,2025-09-05 18:00:08.299+03,,,
9906,18,6,2025-09-05 18:16:29.386+03,,,
9906,18,8,2025-09-05 18:20:10.704+03,31.900,31.900,
9906,18,11,2025-09-05 18:29:33.879+03,255.400,255.400,
9906,18,17,2025-09-05 18:45:06.673+03,313.600,313.600,
9906,19,1,2025-09-05 18:00:04.735+03,,,
9906,19,6,2025-09-05 18:15:03.722+03,348.500,348.500,
9906,19,12,2025-09-05 18:29:43.441+03,255.700,255.700,
9906,19,15,2025-09-05 18:35:26.138+03,27.500,27.500,
9906,19,18,2025-09-05 18:45:58.034+03,334.400,334.400,
9906,20,1,2025-09-05 18:00:41.234+03,,,
9906,20,7,2025-09-05 18:15:34.704+03,,,
9906,20,10,2025-09-05 18:27:55.155+03,463.200,463.200,
9906,20,16,2025-09-05 18:43:46.327+03,320.000,320.000,
9906,29,1,2025-09-05 18:00:21.174+03,,,
9906,29,6,2025-09-05 18:17:30.716+03,,,
9906,29,9,2025-09-05 18:23:06.297+03,26.800,26.800,
9906,29,12,2025-09-05 18:28:53.682+03,26.700,26.700,
9906,29,15,2025-09-05 18:39:49.618+03,336.000,336.000,
9907,1,1,2025-09-06 13:45:56.56+03,,,
9907,1,4,2025-09-06 13:52:08.202+03,,,
9907,1,10,2025-09-06 14:11:27.433+03,,,
9907,1,12,2025-09-06 14:17:30.466+03,,,
9907,1,15,2025-09-06 14:27:14.326+03,295.800,295.800,
9907,2,1,2025-09-06 13:40:36.015+03,,,
9907,2,13,2025-09-06 14:10:21.477+03,,,
9907,2,16,2025-09-06 14:19:10.459+03,,,
9907,2,19,2025-09-06 14:29:14.048+03,308.300,308.300,
9907,3,1,2025-09-06 13:43:45.378+03,,,
9907,3,4,2025-09-06 13:49:28.741+03,19.000,19.000,
9907,3,7,2025-09-06 13:55:39.157+03,389.400,389.400,
9907,3,10,2025-09-06 14:10:56.331+03,1306.500,1306.500,
9907,3,13,2025-09-06 14:19:26.37+03,1816.400,1816.400,
9907,3,16,2025-09-06 14:28:58.393+03,287.100,287.100,
9907,4,1,2025-09-06 13:32:04.073+03,,,
9907,4,2,2025-09-06 13:41:10.841+03,,,
9907,4,8,2025-09-06 13:57:03.073+03,,,
9907,4,11,2025-09-06 14:11:24.433+03,,,
9907,4,14,2025-09-06 14:17:09.242+03,,,
9907,4,17,2025-09-06 14:25:31.43+03,225.300,225.300,
9907,4,18,2025-09-06 14:27:38.204+03,23.500,23.500,
9907,6,1,2025-09-06 13:35:01.754+03,,,
9907,6,11,2025-09-06 14:07:47.407+03,,,
9907,6,16,2025-09-06 14:19:15.784+03,,,
9907,7,1,2025-09-06 13:41:28.557+03,,,
9907,7,4,2025-09-06 13:47:30.523+03,20.900,20.900,
9907,7,7,2025-09-06 13:59:07.921+03,718.200,718.200,
9907,7,17,2025-09-06 14:20:26.782+03,1996.900,1996.900,
9907,7,20,2025-09-06 14:26:25.138+03,31.000,31.000,
9907,8,1,2025-09-06 13:31:49.657+03,,,
9907,8,2,2025-09-06 13:34:21.404+03,,,
9907,8,3,2025-09-06 13:45:37.236+03,552.000,552.000,
9907,8,11,2025-09-06 14:10:45.268+03,2060.000,2060.000,
9907,8,14,2025-09-06 14:20:15.088+03,2629.900,2629.900,
9907,8,17,2025-09-06 14:26:31.222+03,53.700,53.700,
9907,9,1,2025-09-06 13:39:55.668+03,,,
9907,9,10,2025-09-06 14:01:52.257+03,,,
9907,9,14,2025-09-06 14:09:00.103+03,,,
9907,9,18,2025-09-06 14:21:26.726+03,,,
9907,9,21,2025-09-06 14:27:40.033+03,30.600,30.600,
9907,10,1,2025-09-06 13:31:37.336+03,,,
9907,10,2,2025-09-06 13:34:03.712+03,,,
9907,10,3,2025-09-06 13:44:50.032+03,,,
9907,10,12,2025-09-06 14:10:40.319+03,,,
9907,10,15,2025-09-06 14:19:40.128+03,,,
9907,10,18,2025-09-06 14:26:29.512+03,65.900,65.900,
9907,11,1,2025-09-06 13:35:23.604+03,,,
9907,11,9,2025-09-06 13:54:43.285+03,,,
9907,11,18,2025-09-06 14:14:15.45+03,,,
9907,11,21,2025-09-06 14:27:07.747+03,,,
9907,12,1,2025-09-06 13:40:43.139+03,,,
9907,12,6,2025-09-06 13:50:19.874+03,,,
9907,12,12,2025-09-06 14:06:48.527+03,313.200,313.200,
9907,12,15,2025-09-06 14:19:18.779+03,1063.400,1063.400,
9907,12,21,2025-09-06 14:29:59.03+03,1703.700,1703.700,
9907,13,1,2025-09-06 13:30:29.321+03,,,
9907,13,2,2025-09-06 13:42:21.274+03,,,
9907,13,7,2025-09-06 13:51:40.645+03,,,
9907,13,10,2025-09-06 14:10:50.211+03,,,
9907,13,13,2025-09-06 14:19:21.993+03,,,
9907,13,16,2025-09-06 14:29:18.067+03,299.100,299.100,
9907,14,1,2025-09-06 13:43:33.771+03,,,
9907,14,5,2025-09-06 13:51:29.287+03,,,
9907,14,8,2025-09-06 14:01:33.3+03,,,
9907,14,12,2025-09-06 14:10:37.108+03,,,
9907,15,1,2025-09-06 13:40:01.001+03,,,
9907,15,4,2025-09-06 13:49:57.882+03,304.200,304.200,
9907,15,10,2025-09-06 14:11:32.12+03,1598.500,1598.500,
9907,15,13,2025-09-06 14:20:19.486+03,2125.800,2125.800,
9907,15,16,2025-09-06 14:26:04.584+03,32.500,32.500,
9907,16,1,2025-09-06 13:39:48.708+03,,,
9907,16,10,2025-09-06 14:02:05.771+03,,,
9907,16,13,2025-09-06 14:07:28.025+03,,,
9907,16,17,2025-09-06 14:21:22.372+03,,,
9907,16,20,2025-09-06 14:28:07.456+03,27.900,27.900,
9907,17,1,2025-09-06 13:40:20.849+03,,,
9907,17,7,2025-09-06 13:51:46.44+03,,,
9907,17,11,2025-09-06 14:04:30.202+03,,,
9907,17,16,2025-09-06 14:19:34.945+03,,,
9907,18,1,2025-09-06 13:49:26.515+03,,,
9907,18,4,2025-09-06 13:56:10.293+03,,,
9907,18,7,2025-09-06 14:02:13.276+03,,,
9907,18,10,2025-09-06 14:12:07.598+03,,,
9907,18,13,2025-09-06 14:20:41.86+03,,,
9907,18,16,2025-09-06 14:26:13.088+03,33.600,33.600,
9907,18,17,2025-09-06 14:28:51.936+03,192.900,192.900,
9907,19,1,2025-09-06 13:39:39.005+03,,,
9907,19,14,2025-09-06 14:10:32.432+03,,,
9907,19,17,2025-09-06 14:19:52.292+03,,,
9907,19,20,2025-09-06 14:29:38.998+03,284.600,284.600,
9907,20,1,2025-09-06 13:40:10.753+03,,,
9907,20,7,2025-09-06 13:56:29.967+03,,,
9907,20,12,2025-09-06 14:11:37.579+03,,,
9907,20,15,2025-09-06 14:17:56.019+03,,,
9907,20,18,2025-09-06 14:24:40.352+03,87.900,87.900,
9907,29,1,2025-09-06 13:35:06.106+03,,,
9907,29,10,2025-09-06 14:00:38.782+03,,,
9907,29,15,2025-09-06 14:20:06.939+03,,,
9908,1,1,2025-09-06 17:03:22.508+03,,,
9908,1,4,2025-09-06 17:13:53.52+03,343.200,343.200,
9908,1,7,2025-09-06 17:29:23.451+03,641.400,641.400,
9908,1,10,2025-09-06 17:37:36.439+03,209.300,209.300,
9908,1,13,2025-09-06 17:52:15.809+03,583.300,583.300,
9908,1,16,2025-09-06 17:59:22.605+03,157.900,157.900,
9908,2,1,2025-09-06 17:04:02.879+03,,,
9908,2,4,2025-09-06 17:14:27.504+03,340.800,340.800,
9908,2,8,2025-09-06 17:30:34.091+03,585.000,585.000,
9908,2,10,2025-09-06 17:35:15.648+03,93.700,93.700,
9908,2,16,2025-09-06 17:51:08.929+03,378.200,378.200,
9908,2,19,2025-09-06 17:59:05.82+03,196.400,196.400,
9908,3,1,2025-09-06 17:00:37.323+03,,,
9908,3,4,2025-09-06 17:07:23.328+03,126.500,126.500,
9908,3,7,2025-09-06 17:15:16.486+03,187.700,187.700,
9908,3,10,2025-09-06 17:30:15.063+03,607.600,607.600,
9908,3,13,2025-09-06 17:38:00.646+03,178.700,178.700,
9908,3,16,2025-09-06 17:52:18.872+03,549.400,549.400,
9908,3,19,2025-09-06 17:59:27.941+03,159.500,159.500,
9908,4,1,2025-09-06 17:04:19.703+03,,,
9908,4,4,2025-09-06 17:14:32.712+03,331.500,331.500,
9908,6,1,2025-09-06 17:00:32.345+03,,,
9908,6,4,2025-09-06 17:05:53.618+03,46.800,46.800,
9908,6,7,2025-09-06 17:14:43.675+03,215.100,215.100,
9908,7,1,2025-09-06 17:00:04.843+03,,,
9908,7,8,2025-09-06 17:13:59.779+03,122.200,122.200,
9908,7,11,2025-09-06 17:29:44.155+03,640.400,640.400,
9908,7,14,2025-09-06 17:37:49.093+03,201.500,201.500,
9908,7,17,2025-09-06 17:51:11.918+03,495.800,495.800,
9908,7,20,2025-09-06 17:59:33.887+03,219.300,219.300,
9908,8,1,2025-09-06 17:00:43.049+03,,,
9908,8,4,2025-09-06 17:06:47.532+03,89.400,89.400,
9908,8,7,2025-09-06 17:15:26.931+03,228.500,228.500,
9908,8,9,2025-09-06 17:30:00.735+03,659.700,659.700,
9908,8,12,2025-09-06 17:37:52.729+03,193.300,193.300,
9908,8,15,2025-09-06 17:51:39.635+03,518.200,518.200,
9908,8,18,2025-09-06 17:59:24.66+03,182.300,182.300,
9908,9,1,2025-09-06 17:01:12.584+03,,,
9908,9,4,2025-09-06 17:06:40.323+03,26.000,26.000,
9908,9,7,2025-09-06 17:15:00.343+03,212.800,212.800,
9908,9,9,2025-09-06 17:30:04.586+03,708.700,708.700,
9908,9,12,2025-09-06 17:37:56.512+03,189.600,189.600,
9908,9,15,2025-09-06 17:51:29.978+03,501.900,501.900,
9908,9,18,2025-09-06 17:58:49.916+03,148.600,148.600,
9908,10,1,2025-09-06 17:00:26.58+03,,,
9908,10,4,2025-09-06 17:06:43.846+03,102.600,102.600,
9908,10,7,2025-09-06 17:14:52.833+03,202.300,202.300,
9908,11,1,2025-09-06 17:03:12.175+03,,,
9908,11,4,2025-09-06 17:13:42.421+03,339.400,339.400,
9908,11,7,2025-09-06 17:29:54.76+03,681.300,681.300,
9908,11,10,2025-09-06 17:37:39.654+03,182.400,182.400,
9908,11,13,2025-09-06 17:51:55.883+03,560.100,560.100,
9908,11,16,2025-09-06 17:58:44.037+03,125.400,125.400,
9908,12,1,2025-09-06 17:04:36.956+03,,,
9908,12,5,2025-09-06 17:14:48.979+03,216.500,216.500,
9908,12,8,2025-09-06 17:27:08.191+03,453.000,453.000,
9908,12,11,2025-09-06 17:32:09.144+03,25.300,25.300,
9908,12,14,2025-09-06 17:39:31.495+03,177.700,177.700,
9908,13,1,2025-09-06 17:00:48.579+03,,,
9908,13,4,2025-09-06 17:07:15.795+03,110.100,110.100,
9908,13,7,2025-09-06 17:15:19.098+03,198.400,198.400,
9908,13,10,2025-09-06 17:30:19.948+03,611.500,611.500,
9908,13,13,2025-09-06 17:38:45.602+03,231.500,231.500,
9908,14,1,2025-09-06 17:04:28.952+03,,,
9908,14,4,2025-09-06 17:14:08.495+03,294.900,294.900,
9908,15,1,2025-09-06 17:00:10.454+03,,,
9908,15,4,2025-09-06 17:06:34.066+03,106.800,106.800,
9908,15,7,2025-09-06 17:13:29.849+03,135.200,135.200,
9908,15,10,2025-09-06 17:29:27.38+03,669.100,669.100,
9908,15,13,2025-09-06 17:37:41.886+03,221.100,221.100,
9908,16,1,2025-09-06 17:01:27.997+03,,,
9908,16,4,2025-09-06 17:07:05.599+03,44.200,44.200,
9908,16,7,2025-09-06 17:15:10.257+03,198.500,198.500,
9908,16,9,2025-09-06 17:30:09.901+03,702.800,702.800,
9908,16,12,2025-09-06 17:38:39.441+03,226.600,226.600,
9908,16,15,2025-09-06 17:51:48.877+03,497.600,497.600,
9908,16,18,2025-09-06 17:58:53.331+03,137.900,137.900,
9908,17,1,2025-09-06 17:01:04.145+03,,,
9908,17,4,2025-09-06 17:07:36.244+03,87.400,87.400,
9908,17,7,2025-09-06 17:14:34.837+03,131.600,131.600,
9908,17,11,2025-09-06 17:27:04.936+03,374.800,374.800,
9908,17,14,2025-09-06 17:32:44.09+03,55.600,55.600,
9908,17,17,2025-09-06 17:38:50.626+03,79.300,79.300,
9908,18,1,2025-09-06 17:01:01.744+03,,,
9908,18,4,2025-09-06 17:07:12.643+03,77.100,77.100,
9908,18,7,2025-09-06 17:29:41.274+03,1046.900,1046.900,
9908,18,10,2025-09-06 17:38:14.625+03,228.800,228.800,
9908,18,13,2025-09-06 17:51:24.849+03,488.600,488.600,
9908,18,16,2025-09-06 17:59:42.951+03,211.300,211.300,
9908,19,1,2025-09-06 17:04:09.265+03,,,
9908,19,4,2025-09-06 17:14:17.683+03,321.500,321.500,
9908,19,8,2025-09-06 17:30:44.183+03,606.600,606.600,
9908,19,11,2025-09-06 17:38:22.961+03,177.100,177.100,
9908,19,14,2025-09-06 17:51:15.782+03,474.200,474.200,
9908,19,17,2025-09-06 17:58:58.835+03,177.100,177.100,
9908,20,1,2025-09-06 17:00:22.286+03,,,
9908,20,4,2025-09-06 17:06:55.202+03,125.000,125.000,
9908,20,7,2025-09-06 17:13:34.605+03,121.900,121.900,
9908,20,10,2025-09-06 17:29:31.251+03,671.700,671.700,
9908,20,13,2025-09-06 17:37:46.623+03,224.500,224.500,
9908,29,1,2025-09-06 17:00:46.587+03,,,
9908,29,4,2025-09-06 17:06:00.318+03,39.000,39.000,
9908,29,7,2025-09-06 17:14:46.667+03,215.300,215.300,
9912,1,37,2025-09-07 16:55:17.647+03,24.545,24.545,2.300
9912,2,46,2025-09-07 17:07:50.629+03,27.498,27.498,5.900
9912,3,20,2025-09-07 16:32:18.15+03,26.143,26.143,4.000
9912,4,32,2025-09-07 16:49:09.846+03,24.326,24.326,2.200
9912,6,49,2025-09-07 17:12:58.481+03,25.012,25.012,2.900
9912,7,28,2025-09-07 16:43:27.992+03,24.916,24.916,2.900
9912,8,20,2025-09-07 16:32:17.708+03,25.160,25.160,3.200
9912,9,33,2025-09-07 16:50:04.888+03,24.235,24.235,2.000
9912,10,49,2025-09-07 17:13:01.946+03,38.418,38.418,16.200
9912,11,19,2025-09-07 16:30:55.654+03,24.372,24.372,2.300
9912,12,41,2025-09-07 17:01:27.096+03,24.717,24.717,3.100
9912,14,9,2025-09-07 16:16:53.53+03,24.156,24.156,2.200
9912,15,51,2025-09-07 17:15:37.886+03,30.754,30.754,8.600
9912,16,38,2025-09-07 16:57:08.32+03,23.971,23.971,2.100
9912,17,30,2025-09-07 16:46:20.012+03,24.605,24.605,3.000
9912,18,27,2025-09-07 16:41:53.352+03,25.021,25.021,2.900
9912,19,45,2025-09-07 17:06:26.957+03,23.602,23.602,1.900
9912,20,18,2025-09-07 16:29:32.907+03,25.372,25.372,3.300
9912,29,33,2025-09-07 16:50:45.89+03,24.971,24.971,2.800
9913,1,1,2025-08-29 13:32:42.406+03,,,
9913,1,7,2025-08-29 13:50:44.528+03,,,
9913,1,10,2025-08-29 14:07:19.87+03,748.700,748.700,
9913,1,13,2025-08-29 14:17:13.305+03,326.800,326.800,
9913,2,1,2025-08-29 13:30:08.607+03,,,
9913,2,8,2025-08-29 13:48:07.676+03,,,
9913,2,13,2025-08-29 13:56:15.927+03,25.400,25.400,
9913,2,16,2025-08-29 14:01:20.877+03,19.100,19.100,
9913,2,18,2025-08-29 14:10:31.504+03,362.500,362.500,
9913,2,32,2025-08-29 14:28:41.056+03,19.300,19.300,
9913,3,1,2025-08-29 13:30:25.384+03,,,
9913,3,8,2025-08-29 13:48:09.896+03,,,
9913,3,11,2025-08-29 13:59:21.648+03,394.600,394.600,
9913,3,14,2025-08-29 14:04:31.419+03,18.900,18.900,
9913,3,17,2025-08-29 14:09:55.389+03,21.100,21.100,
9913,3,19,2025-08-29 14:17:44.855+03,290.500,290.500,
9913,3,27,2025-08-29 14:28:22.664+03,18.700,18.700,
9913,4,1,2025-08-29 13:30:46.609+03,,,
9913,4,6,2025-08-29 13:39:26.584+03,25.400,25.400,
9913,4,8,2025-08-29 13:49:06.727+03,605.200,605.200,
9913,4,11,2025-08-29 13:54:02.311+03,28.900,28.900,
9913,4,14,2025-08-29 14:04:29.462+03,367.800,367.800,
9913,4,20,2025-08-29 14:18:27.236+03,249.300,249.300,
9913,6,1,2025-08-29 13:30:58.997+03,,,
9913,6,8,2025-08-29 13:54:38.441+03,,,
9913,6,13,2025-08-29 14:02:22.292+03,21.800,21.800,
9913,6,18,2025-08-29 14:16:41.149+03,365.400,365.400,
9913,7,1,2025-08-29 13:31:17.721+03,,,
9913,7,4,2025-08-29 13:36:48.532+03,12.600,12.600,
9913,8,1,2025-08-29 13:32:15.596+03,,,
9913,8,7,2025-08-29 13:48:19.226+03,,,
9913,8,10,2025-08-29 14:02:38.85+03,594.800,594.800,
9913,8,13,2025-08-29 14:07:44.111+03,14.600,14.600,
9913,8,17,2025-08-29 14:21:55.59+03,478.800,478.800,
9913,9,1,2025-08-29 13:30:38.522+03,,,
9913,9,8,2025-08-29 13:48:27.536+03,,,
9913,9,13,2025-08-29 13:59:38.851+03,210.300,210.300,
9913,9,16,2025-08-29 14:04:56.658+03,25.500,25.500,
9913,9,22,2025-08-29 14:18:31.655+03,268.400,268.400,
9913,10,1,2025-08-29 13:31:41.261+03,,,
9913,10,8,2025-08-29 13:52:32.494+03,,,
9913,10,13,2025-08-29 14:03:15.83+03,197.900,197.900,
9913,10,16,2025-08-29 14:16:15.966+03,471.200,471.200,
9913,10,20,2025-08-29 14:26:02.818+03,169.800,169.800,
9913,11,1,2025-08-29 13:31:54.391+03,,,
9913,11,7,2025-08-29 14:01:45.825+03,,,
9913,11,13,2025-08-29 14:17:48.276+03,376.100,376.100,
9913,12,1,2025-08-29 13:31:35.636+03,,,
9913,12,4,2025-08-29 13:36:51.624+03,22.100,22.100,
9913,12,7,2025-08-29 13:48:35.525+03,725.700,725.700,
9913,12,15,2025-08-29 14:02:02.813+03,50.600,50.600,
9913,12,18,2025-08-29 14:07:04.152+03,12.600,12.600,
9913,12,21,2025-08-29 14:17:11.661+03,326.800,326.800,
9913,13,1,2025-08-29 13:30:04.115+03,,,
9913,13,9,2025-08-29 13:53:55.137+03,,,
9913,13,12,2025-08-29 13:58:51.043+03,12.100,12.100,
9913,13,15,2025-08-29 14:03:39.944+03,12.100,12.100,
9913,13,17,2025-08-29 14:14:23.448+03,460.000,460.000,
9913,13,28,2025-08-29 14:28:47.081+03,17.600,17.600,
9913,14,1,2025-08-29 13:30:19.536+03,,,
9913,14,6,2025-08-29 13:38:36.08+03,26.400,26.400,
9913,14,8,2025-08-29 13:54:22.529+03,972.900,972.900,
9913,14,13,2025-08-29 14:05:12.979+03,190.000,190.000,
9913,14,16,2025-08-29 14:15:01.773+03,320.800,320.800,
9913,15,1,2025-08-29 13:30:22.187+03,,,
9913,15,8,2025-08-29 13:48:44.428+03,,,
9913,15,11,2025-08-29 14:01:54.096+03,524.000,524.000,
9913,15,14,2025-08-29 14:07:17.673+03,39.700,39.700,
9913,15,17,2025-08-29 14:16:18.983+03,265.500,265.500,
9913,16,1,2025-08-29 13:32:07.045+03,,,
9913,16,7,2025-08-29 13:51:28.152+03,,,
9913,16,11,2025-08-29 13:59:57.124+03,143.300,143.300,
9913,16,14,2025-08-29 14:06:17.61+03,34.500,34.500,
9913,16,17,2025-08-29 14:17:29.114+03,329.300,329.300,
9913,17,1,2025-08-29 13:31:32.079+03,,,
9913,17,8,2025-08-29 13:48:13.082+03,,,
9913,17,15,2025-08-29 14:00:09.142+03,20.300,20.300,
9913,17,23,2025-08-29 14:19:04.545+03,344.900,344.900,
9913,18,1,2025-08-29 13:32:31.104+03,,,
9913,18,4,2025-08-29 13:38:02.058+03,46.700,46.700,
9913,18,6,2025-08-29 13:48:02.725+03,647.300,647.300,
9913,18,9,2025-08-29 13:58:46.246+03,378.400,378.400,
9913,18,11,2025-08-29 14:02:26.589+03,27.500,27.500,
9913,18,14,2025-08-29 14:12:14.578+03,296.500,296.500,
9913,19,1,2025-08-29 13:30:15.496+03,,,
9913,19,8,2025-08-29 13:52:28.437+03,,,
9913,19,11,2025-08-29 13:57:02.528+03,21.800,21.800,
9913,19,14,2025-08-29 14:02:04.502+03,23.800,23.800,
9913,19,17,2025-08-29 14:12:19.921+03,324.800,324.800,
9913,19,30,2025-08-29 14:29:20.443+03,18.400,18.400,
9913,20,1,2025-08-29 13:30:29.971+03,,,
9913,20,8,2025-08-29 13:48:56.475+03,,,
9913,20,11,2025-08-29 13:59:18.117+03,359.700,359.700,
9913,20,14,2025-08-29 14:04:47.053+03,36.900,36.900,
9913,20,17,2025-08-29 14:14:45.636+03,326.900,326.900,
9913,29,1,2025-08-29 13:31:12.955+03,,,
9913,29,7,2025-08-29 13:54:25.911+03,,,
9913,29,10,2025-08-29 13:59:07.778+03,21.000,21.000,
9913,29,13,2025-08-29 14:04:21.636+03,23.000,23.000,
9913,29,16,2025-08-29 14:17:17.884+03,482.900,482.900,
9914,1,1,2025-08-29 17:06:02.915+03,,,
9914,1,5,2025-08-29 17:22:46.829+03,,,
9914,1,8,2025-08-29 17:35:30.758+03,495.100,495.100,
9914,1,11,2025-08-29 17:45:34.89+03,1098.900,1098.900,
9914,1,17,2025-08-29 17:53:52.876+03,18.500,18.500,
9914,2,1,2025-08-29 17:00:36.629+03,,,
9914,2,8,2025-08-29 17:25:15.174+03,,,
9914,2,12,2025-08-29 17:32:36.219+03,31.400,31.400,
9914,2,15,2025-08-29 17:37:43.479+03,15.600,15.600,
9914,2,16,2025-08-29 17:46:05.072+03,517.200,517.200,
9914,2,26,2025-08-29 17:59:09.923+03,17.200,17.200,
9914,3,1,2025-08-29 17:00:06.938+03,,,
9914,3,4,2025-08-29 17:04:58.074+03,19.100,19.100,
9914,3,7,2025-08-29 17:09:49.252+03,12.500,12.500,
9914,3,8,2025-08-29 17:32:55.398+03,1398.700,1398.700,
9914,3,11,2025-08-29 17:44:03.103+03,411.800,411.800,
9914,4,1,2025-08-29 17:24:00.068+03,,,
9914,6,1,2025-08-29 17:01:45.301+03,,,
9914,6,6,2025-08-29 17:09:45.728+03,24.000,24.000,
9914,6,7,2025-08-29 17:24:28.99+03,907.300,907.300,
9914,6,14,2025-08-29 17:36:12.348+03,20.800,20.800,
9914,6,16,2025-08-29 17:45:48.884+03,597.300,597.300,
9914,7,1,2025-08-29 17:02:32.441+03,,,
9914,7,7,2025-08-29 17:24:16.302+03,,,
9914,7,9,2025-08-29 17:30:00.712+03,118.500,118.500,
9914,7,12,2025-08-29 17:37:21.586+03,164.400,164.400,
9914,7,13,2025-08-29 17:44:40.791+03,603.600,603.600,
9914,7,16,2025-08-29 17:50:06.387+03,42.700,42.700,
9914,7,19,2025-08-29 17:59:27.896+03,279.500,279.500,
9914,8,1,2025-08-29 17:01:11.223+03,,,
9914,8,8,2025-08-29 17:31:52.93+03,,,
9914,8,11,2025-08-29 17:44:45.369+03,465.800,465.800,
9914,8,14,2025-08-29 17:54:28.423+03,320.400,320.400,
9914,9,1,2025-08-29 17:01:36.676+03,,,
9914,9,8,2025-08-29 17:29:52.603+03,,,
9914,9,11,2025-08-29 17:34:25.461+03,19.500,19.500,
9914,9,14,2025-08-29 17:44:50.343+03,644.100,644.100,
9914,9,18,2025-08-29 17:55:37.762+03,279.800,279.800,
9914,10,1,2025-08-29 17:00:47.676+03,,,
9914,11,1,2025-08-29 17:03:11.423+03,,,
9914,11,7,2025-08-29 17:22:59.742+03,,,
9914,11,11,2025-08-29 17:35:03.804+03,328.800,328.800,
9914,11,14,2025-08-29 17:46:12.119+03,997.100,997.100,
9914,12,1,2025-08-29 17:01:54.101+03,,,
9914,12,6,2025-08-29 17:10:05.968+03,27.000,27.000,
9914,12,7,2025-08-29 17:23:27.34+03,828.500,828.500,
9914,12,15,2025-08-29 17:36:45.258+03,20.600,20.600,
9914,13,1,2025-08-29 17:00:14.922+03,,,
9914,13,4,2025-08-29 17:05:08.562+03,22.000,22.000,
9914,13,7,2025-08-29 17:10:10.421+03,25.200,25.200,
9914,13,8,2025-08-29 17:29:41.869+03,1196.600,1196.600,
9914,13,11,2025-08-29 17:44:07.947+03,619.700,619.700,
9914,14,1,2025-08-29 17:00:04+03,,,
9914,14,8,2025-08-29 17:23:47.593+03,786.800,786.800,
9914,14,14,2025-08-29 17:36:52.43+03,192.800,192.800,
9914,14,16,2025-08-29 17:44:24.306+03,644.700,644.700,
9914,14,19,2025-08-29 17:53:58.626+03,304.100,304.100,
9914,15,1,2025-08-29 17:00:52.988+03,,,
9914,15,6,2025-08-29 17:08:55.365+03,21.300,21.300,
9914,15,8,2025-08-29 17:31:43.211+03,1389.200,1389.200,
9914,15,11,2025-08-29 17:36:41.618+03,28.800,28.800,
9914,15,13,2025-08-29 17:44:59.218+03,526.100,526.100,
9914,15,16,2025-08-29 17:53:28.474+03,244.100,244.100,
9914,16,1,2025-08-29 17:01:22.457+03,,,
9914,16,8,2025-08-29 17:30:41.961+03,,,
9914,16,13,2025-08-29 17:45:18.609+03,,,
9914,16,15,2025-08-29 17:52:34.733+03,255.700,255.700,
9914,17,1,2025-08-29 17:00:42.113+03,,,
9914,17,6,2025-08-29 17:08:49.615+03,34.600,34.600,
9914,17,8,2025-08-29 17:23:25.943+03,910.800,910.800,
9914,17,10,2025-08-29 17:26:41.331+03,12.000,12.000,
9914,17,16,2025-08-29 17:36:25.139+03,18.400,18.400,
9914,17,18,2025-08-29 17:46:18.667+03,611.900,611.900,
9914,17,19,2025-08-29 17:47:59.434+03,17.700,17.700,
9914,18,1,2025-08-29 17:02:05.598+03,,,
9914,18,7,2025-08-29 17:24:41.74+03,,,
9914,18,9,2025-08-29 17:32:25.463+03,241.000,241.000,
9914,18,13,2025-08-29 17:45:56.681+03,1052.200,1052.200,
9914,19,1,2025-08-29 17:00:27.251+03,,,
9914,19,8,2025-08-29 17:23:13.755+03,,,
9914,19,10,2025-08-29 17:29:57.462+03,214.800,214.800,
9914,19,13,2025-08-29 17:34:46.164+03,21.100,21.100,
9914,19,16,2025-08-29 17:45:02.296+03,637.100,637.100,
9914,19,26,2025-08-29 17:58:29.05+03,18.100,18.100,
9914,20,1,2025-08-29 17:01:01.379+03,,,
9914,20,5,2025-08-29 17:07:30.344+03,19.400,19.400,
9914,20,8,2025-08-29 17:31:45.937+03,1475.000,1475.000,
9914,20,12,2025-08-29 17:44:17.837+03,405.900,405.900,
9914,29,1,2025-08-29 17:01:47.676+03,,,
9914,29,6,2025-08-29 17:10:03.319+03,21.600,21.600,
9914,29,7,2025-08-29 17:23:29.918+03,828.200,828.200,
9914,29,15,2025-08-29 17:37:28.414+03,25.400,25.400,
9914,29,16,2025-08-29 17:45:21.39+03,498.400,498.400,
9914,29,19,2025-08-29 17:52:46.248+03,167.700,167.700,
9915,1,1,2025-08-30 12:50:40.718+03,,,
9915,1,4,2025-08-30 12:56:01.95+03,21.800,21.800,
9915,1,10,2025-08-30 13:07:39.857+03,145.700,145.700,
9915,1,12,2025-08-30 13:14:36.425+03,246.700,246.700,
9915,1,15,2025-08-30 13:24:21.512+03,323.200,323.200,
9915,1,18,2025-08-30 13:28:50.957+03,19.500,19.500,
9915,2,1,2025-08-30 12:36:26.828+03,,,
9915,2,2,2025-08-30 12:49:20.158+03,681.200,681.200,
9915,2,5,2025-08-30 12:54:13.984+03,16.300,16.300,
9915,2,8,2025-08-30 13:13:08.013+03,845.400,845.400,
9915,2,11,2025-08-30 13:20:54.985+03,208.300,208.300,
9915,2,14,2025-08-30 13:29:47.305+03,276.400,276.400,
9915,3,1,2025-08-30 12:36:50.185+03,,,
9915,3,8,2025-08-30 12:56:31.963+03,552.600,552.600,
9915,3,11,2025-08-30 13:01:42.517+03,25.200,25.200,
9915,3,14,2025-08-30 13:17:38.57+03,704.500,704.500,
9915,3,17,2025-08-30 13:22:27.802+03,12.100,12.100,
9915,3,19,2025-08-30 13:29:10.421+03,232.100,232.100,
9915,4,1,2025-08-30 12:32:30.254+03,,,
9915,4,2,2025-08-30 12:49:32.034+03,917.600,917.600,
9915,4,8,2025-08-30 12:59:45.686+03,27.000,27.000,
9915,4,10,2025-08-30 13:07:48.323+03,299.400,299.400,
9915,4,13,2025-08-30 13:16:03.835+03,220.700,220.700,
9915,4,19,2025-08-30 13:28:57.717+03,215.500,215.500,
9915,6,1,2025-08-30 12:40:01.816+03,,,
9915,6,4,2025-08-30 12:54:26.32+03,592.300,592.300,
9915,6,16,2025-08-30 13:19:07.587+03,354.500,354.500,
9915,7,1,2025-08-30 12:34:42.188+03,,,
9915,7,5,2025-08-30 12:41:21.149+03,13.200,13.200,
9915,7,8,2025-08-30 12:46:41.615+03,12.300,12.300,
9915,7,11,2025-08-30 12:56:04.691+03,278.300,278.300,
9915,7,12,2025-08-30 12:58:00.179+03,24.100,24.100,
9915,7,24,2025-08-30 13:20:58.549+03,455.300,455.300,
9915,7,27,2025-08-30 13:26:12.45+03,13.600,13.600,
9915,8,1,2025-08-30 12:47:29.76+03,,,
9915,8,14,2025-08-30 13:15:39.445+03,574.800,574.800,
9915,8,17,2025-08-30 13:20:37.614+03,29.200,29.200,
9915,9,1,2025-08-30 12:39:52.597+03,,,
9915,9,2,2025-08-30 12:49:44.505+03,490.900,490.900,
9915,9,10,2025-08-30 13:06:10.788+03,261.400,261.400,
9915,9,13,2025-08-30 13:11:08.899+03,23.100,23.100,
9915,9,16,2025-08-30 13:20:35.927+03,317.100,317.100,
9915,9,19,2025-08-30 13:26:41.769+03,92.200,92.200,
9915,10,1,2025-08-30 12:36:34.025+03,,,
9915,10,2,2025-08-30 12:45:44.006+03,456.900,456.900,
9915,10,15,2025-08-30 13:15:28.209+03,607.200,607.200,
9915,10,18,2025-08-30 13:21:36.159+03,75.900,75.900,
9915,10,21,2025-08-30 13:27:40.088+03,55.700,55.700,
9915,11,1,2025-08-30 12:52:17.662+03,,,
9915,11,11,2025-08-30 13:14:55.799+03,342.400,342.400,
9915,11,14,2025-08-30 13:24:37.95+03,294.100,294.100,
9915,12,1,2025-08-30 12:38:07.158+03,,,
9915,12,2,2025-08-30 12:51:53.222+03,732.400,732.400,
9915,12,14,2025-08-30 13:20:00.058+03,551.100,551.100,
9915,12,20,2025-08-30 13:29:24.304+03,20.400,20.400,
9915,13,1,2025-08-30 12:35:45.313+03,,,
9915,13,8,2025-08-30 12:59:14.217+03,798.700,798.700,
9915,13,15,2025-08-30 13:15:25.564+03,367.400,367.400,
9915,13,18,2025-08-30 13:20:23.384+03,19.900,19.900,
9915,13,22,2025-08-30 13:29:15.699+03,180.200,180.200,
9915,14,1,2025-08-30 12:55:23.919+03,,,
9915,14,7,2025-08-30 13:05:32.767+03,32.400,32.400,
9915,14,10,2025-08-30 13:18:43.085+03,523.700,523.700,
9915,14,13,2025-08-30 13:27:11.042+03,231.200,231.200,
9915,15,1,2025-08-30 12:47:25.978+03,,,
9915,15,7,2025-08-30 12:57:14.965+03,43.100,43.100,
9915,15,10,2025-08-30 13:15:45.773+03,850.100,850.100,
9915,15,13,2025-08-30 13:21:09.051+03,42.400,42.400,
9915,15,16,2025-08-30 13:29:29.714+03,226.800,226.800,
9915,16,1,2025-08-30 12:38:17.458+03,,,
9915,16,2,2025-08-30 12:49:58.547+03,593.600,593.600,
9915,16,9,2025-08-30 13:11:38.066+03,574.400,574.400,
9915,16,11,2025-08-30 13:15:02.1+03,26.600,26.600,
9915,16,14,2025-08-30 13:21:31.479+03,124.700,124.700,
9915,17,1,2025-08-30 12:41:06.972+03,,,
9915,17,2,2025-08-30 12:52:47.993+03,593.200,593.200,
9915,17,14,2025-08-30 13:18:28.584+03,400.500,400.500,
9915,18,1,2025-08-30 12:52:51.59+03,,,
9915,18,4,2025-08-30 12:58:33.576+03,26.900,26.900,
9915,18,10,2025-08-30 13:15:13.87+03,404.900,404.900,
9915,18,15,2025-08-30 13:29:23.232+03,374.700,374.700,
9915,19,1,2025-08-30 12:36:46.857+03,,,
9915,19,2,2025-08-30 12:50:52.741+03,732.500,732.500,
9915,19,5,2025-08-30 12:59:07.514+03,226.500,226.500,
9915,19,8,2025-08-30 13:14:59.025+03,686.900,686.900,
9915,19,11,2025-08-30 13:25:51.687+03,392.800,392.800,
9915,20,1,2025-08-30 12:37:07.915+03,,,
9915,20,2,2025-08-30 12:46:45.758+03,466.100,466.100,
9915,20,8,2025-08-30 12:57:11.531+03,46.300,46.300,
9915,20,11,2025-08-30 13:15:50.67+03,866.400,866.400,
9915,20,14,2025-08-30 13:21:27.607+03,35.300,35.300,
9915,20,17,2025-08-30 13:29:11.926+03,207.300,207.300,
9915,29,1,2025-08-30 12:37:49.42+03,,,
9915,29,8,2025-08-30 13:00:52.405+03,678.400,678.400,
9915,29,14,2025-08-30 13:20:28.998+03,582.000,582.000,
9916,1,1,2025-08-30 16:03:42.402+03,,,
9916,1,4,2025-08-30 16:13:33.992+03,333.500,333.500,
9916,1,7,2025-08-30 16:28:13.932+03,608.600,608.600,
9916,1,10,2025-08-30 16:36:04.367+03,208.900,208.900,
9916,1,13,2025-08-30 16:50:23.278+03,567.000,567.000,
9916,1,16,2025-08-30 16:58:22.121+03,240.000,240.000,
9916,2,1,2025-08-30 16:05:42.422+03,,,
9916,2,4,2025-08-30 16:13:19.756+03,186.300,186.300,
9916,2,7,2025-08-30 16:29:17.524+03,708.000,708.000,
9916,2,10,2025-08-30 16:35:48.741+03,121.600,121.600,
9916,2,13,2025-08-30 16:48:14.759+03,487.100,487.100,
9916,2,16,2025-08-30 16:56:27.063+03,243.000,243.000,
9916,3,1,2025-08-30 16:07:14.532+03,,,
9916,3,4,2025-08-30 16:15:04.123+03,197.600,197.600,
9916,3,7,2025-08-30 16:29:21.274+03,573.700,573.700,
9916,3,10,2025-08-30 16:37:31.898+03,212.400,212.400,
9916,4,1,2025-08-30 16:06:17.828+03,,,
9916,4,4,2025-08-30 16:13:44.184+03,173.900,173.900,
9916,4,7,2025-08-30 16:29:34.036+03,656.000,656.000,
9916,4,10,2025-08-30 16:36:49.397+03,159.700,159.700,
9916,4,13,2025-08-30 16:48:46.416+03,433.300,433.300,
9916,4,16,2025-08-30 16:58:01.777+03,281.500,281.500,
9916,6,1,2025-08-30 16:00:21.778+03,,,
9916,6,4,2025-08-30 16:07:33.329+03,162.500,162.500,
9916,6,7,2025-08-30 16:14:30.047+03,143.600,143.600,
9916,6,10,2025-08-30 16:28:28.278+03,552.500,552.500,
9916,6,13,2025-08-30 16:36:14.173+03,173.100,173.100,
9916,7,1,2025-08-30 16:05:36.469+03,,,
9916,7,4,2025-08-30 16:13:36.648+03,196.300,196.300,
9916,7,7,2025-08-30 16:28:16.776+03,591.900,591.900,
9916,7,10,2025-08-30 16:35:56.781+03,185.700,185.700,
9916,8,1,2025-08-30 16:06:00.203+03,,,
9916,8,4,2025-08-30 16:15:48.167+03,306.500,306.500,
9916,8,6,2025-08-30 16:29:47.224+03,628.600,628.600,
9916,8,9,2025-08-30 16:37:54.923+03,207.700,207.700,
9916,8,12,2025-08-30 16:48:41.947+03,361.000,361.000,
9916,8,15,2025-08-30 16:57:25.449+03,261.900,261.900,
9916,9,1,2025-08-30 16:01:00.036+03,,,
9916,9,4,2025-08-30 16:08:01.423+03,152.600,152.600,
9916,9,7,2025-08-30 16:14:58.301+03,147.900,147.900,
9916,9,10,2025-08-30 16:25:08.177+03,328.700,328.700,
9916,9,13,2025-08-30 16:30:26.503+03,67.800,67.800,
9916,9,16,2025-08-30 16:37:34.681+03,170.500,170.500,
9916,9,17,2025-08-30 16:48:56.979+03,565.300,565.300,
9916,9,20,2025-08-30 16:56:37.246+03,191.500,191.500,
9916,10,1,2025-08-30 16:01:32.365+03,,,
9916,11,1,2025-08-30 16:00:14.616+03,,,
9916,11,4,2025-08-30 16:07:50.954+03,187.100,187.100,
9916,11,7,2025-08-30 16:15:35.246+03,194.300,194.300,
9916,11,10,2025-08-30 16:28:20.557+03,480.700,480.700,
9916,11,13,2025-08-30 16:35:59.922+03,186.600,186.600,
9916,12,1,2025-08-30 16:06:45.703+03,,,
9916,12,4,2025-08-30 16:14:20.229+03,184.200,184.200,
9916,12,7,2025-08-30 16:29:06.083+03,602.800,602.800,
9916,12,10,2025-08-30 16:37:09.157+03,215.100,215.100,
9916,13,1,2025-08-30 16:00:54.702+03,,,
9916,13,4,2025-08-30 16:07:04.501+03,112.400,112.400,
9916,13,7,2025-08-30 16:16:16.277+03,279.100,279.100,
9916,14,1,2025-08-30 16:06:29.34+03,,,
9916,14,4,2025-08-30 16:15:17.277+03,258.200,258.200,
9916,14,7,2025-08-30 16:28:24.556+03,504.200,504.200,
9916,14,10,2025-08-30 16:37:40.241+03,270.900,270.900,
9916,14,13,2025-08-30 16:49:21.104+03,409.800,409.800,
9916,14,16,2025-08-30 16:57:17.824+03,198.600,198.600,
9916,15,1,2025-08-30 16:00:16.396+03,,,
9916,15,4,2025-08-30 16:06:50.657+03,125.800,125.800,
9916,15,7,2025-08-30 16:15:22.355+03,232.600,232.600,
9916,16,1,2025-08-30 16:01:08.374+03,,,
9916,16,4,2025-08-30 16:08:26.034+03,158.100,158.100,
9916,16,6,2025-08-30 16:14:55.417+03,208.100,208.100,
9916,16,9,2025-08-30 16:25:15.388+03,339.800,339.800,
9916,16,12,2025-08-30 16:30:38.178+03,55.500,55.500,
9916,16,15,2025-08-30 16:38:16.447+03,180.300,180.300,
9916,16,16,2025-08-30 16:49:07.76+03,541.000,541.000,
9916,16,19,2025-08-30 16:57:07.886+03,201.300,201.300,
9916,17,1,2025-08-30 16:06:40.735+03,,,
9916,17,4,2025-08-30 16:14:15.355+03,191.800,191.800,
9916,17,7,2025-08-30 16:28:39.017+03,594.400,594.400,
9916,17,10,2025-08-30 16:36:44.6+03,193.800,193.800,
9916,17,13,2025-08-30 16:48:23.015+03,427.000,427.000,
9916,17,16,2025-08-30 16:56:32.437+03,216.700,216.700,
9916,18,1,2025-08-30 16:05:35.078+03,,,
9916,18,4,2025-08-30 16:13:30.308+03,209.000,209.000,
9916,18,7,2025-08-30 16:28:08.213+03,609.300,609.300,
9916,18,10,2025-08-30 16:35:55.483+03,215.300,215.300,
9916,18,13,2025-08-30 16:48:19.742+03,478.500,478.500,
9916,18,16,2025-08-30 16:57:50.611+03,302.500,302.500,
9916,19,1,2025-08-30 16:05:51.203+03,,,
9916,19,4,2025-08-30 16:13:25.153+03,177.400,177.400,
9916,19,7,2025-08-30 16:30:05.193+03,735.700,735.700,
9916,19,10,2025-08-30 16:37:27.453+03,167.800,167.800,
9916,19,13,2025-08-30 16:48:05.534+03,372.000,372.000,
9916,19,16,2025-08-30 16:56:29.648+03,253.600,253.600,
9916,20,1,2025-08-30 16:00:31.735+03,,,
9916,20,4,2025-08-30 16:06:59.813+03,113.200,113.200,
9916,20,7,2025-08-30 16:14:09.164+03,157.900,157.900,
9916,29,1,2025-08-30 16:00:23.86+03,,,
9916,29,4,2025-08-30 16:07:41.782+03,163.000,163.000,
9916,29,7,2025-08-30 16:15:29.339+03,199.200,199.200,
9920,1,23,2025-08-31 16:33:08.69+03,18.740,18.740,3.400
9920,1,53,2025-08-31 17:13:14.523+03,18.261,18.261,3.300
9920,2,23,2025-08-31 16:32:50.571+03,20.042,20.042,4.500
9920,2,53,2025-08-31 17:13:05.704+03,22.608,22.608,4.800
9920,3,22,2025-08-31 16:32:12.034+03,17.908,17.908,2.800
9920,3,60,2025-08-31 17:25:15.124+03,17.491,17.491,2.200
9920,4,23,2025-08-31 16:33:10.759+03,17.414,17.414,2.800
9920,4,53,2025-08-31 17:13:18.898+03,18.535,18.535,4.300
9920,6,23,2025-08-31 16:33:46.306+03,19.223,19.223,4.200
9920,7,23,2025-08-31 16:33:38.078+03,17.476,17.476,2.500
9920,7,51,2025-08-31 17:10:41.425+03,17.365,17.365,2.500
9920,7,53,2025-08-31 17:13:59.14+03,21.300,21.300,
9920,8,18,2025-08-31 16:26:54.464+03,17.417,17.417,2.500
9920,8,40,2025-08-31 16:57:13.739+03,17.949,17.949,3.300
9920,9,22,2025-08-31 16:31:42.364+03,17.081,17.081,2.000
9920,9,52,2025-08-31 17:11:54.453+03,17.042,17.042,2.100
9920,10,8,2025-08-31 16:14:08.91+03,17.561,17.561,2.400
9920,10,52,2025-08-31 17:12:28.628+03,17.598,17.598,2.600
9920,11,19,2025-08-31 16:28:11.388+03,18.348,18.348,3.200
9920,11,53,2025-08-31 17:14:13.825+03,18.147,18.147,2.900
9920,12,23,2025-08-31 16:33:36.849+03,19.692,19.692,4.100
9920,12,53,2025-08-31 17:13:40.892+03,17.840,17.840,3.200
9920,13,19,2025-08-31 16:28:15.588+03,17.602,17.602,2.600
9920,13,53,2025-08-31 17:14:23.517+03,17.944,17.944,3.500
9920,14,23,2025-08-31 16:33:26.707+03,17.549,17.549,2.200
9920,14,27,2025-08-31 16:41:04.116+03,22.209,22.209,6.700
9920,14,52,2025-08-31 17:13:57.375+03,18.552,18.552,2.700
9920,15,52,2025-08-31 17:12:31.402+03,18.270,18.270,2.800
9920,17,23,2025-08-31 16:33:27.973+03,17.670,17.670,2.700
9920,17,27,2025-08-31 16:41:10.549+03,29.443,29.443,13.200
9920,17,51,2025-08-31 17:12:27.454+03,30.340,30.340,15.300
9920,17,65,2025-08-31 17:32:08.359+03,18.043,18.043,3.900
9920,18,23,2025-08-31 16:33:15.415+03,18.832,18.832,3.400
9920,18,53,2025-08-31 17:13:36.861+03,17.344,17.344,2.400
9920,19,23,2025-08-31 16:32:42.802+03,17.375,17.375,2.600
9920,19,53,2025-08-31 17:12:57.881+03,18.589,18.589,3.800
9920,20,53,2025-08-31 17:14:13.278+03,18.622,18.622,3.600
9920,29,19,2025-08-31 16:28:15.263+03,17.986,17.986,2.800
9920,29,53,2025-08-31 17:14:23.235+03,17.586,17.586,2.700
9920,29,65,2025-08-31 17:31:49.153+03,18.077,18.077,3.100
9921,1,1,2025-08-01 14:31:19.843+03,,,
9921,1,4,2025-08-01 14:37:38.913+03,24.200,24.200,
9921,1,10,2025-08-01 15:01:37.686+03,806.400,806.400,
9921,1,13,2025-08-01 15:09:19.104+03,148.500,148.500,
9921,1,16,2025-08-01 15:18:47.762+03,295.600,295.600,
9921,2,1,2025-08-01 14:32:16.447+03,,,
9921,2,7,2025-08-01 14:43:19.509+03,31.600,31.600,
9921,2,13,2025-08-01 15:03:38.452+03,612.900,612.900,
9921,2,16,2025-08-01 15:09:29.012+03,25.100,25.100,
9921,2,18,2025-08-01 15:20:16.894+03,398.900,398.900,
9921,3,1,2025-08-01 14:30:40.727+03,,,
9921,3,4,2025-08-01 14:36:34.416+03,16.500,16.500,
9921,3,12,2025-08-01 15:02:44.615+03,758.800,758.800,
9921,4,1,2025-08-01 14:30:50.129+03,,,
9921,4,10,2025-08-01 14:49:44.925+03,182.100,182.100,
9921,4,18,2025-08-01 15:08:05.677+03,278.600,278.600,
9921,4,24,2025-08-01 15:22:52.732+03,283.300,283.300,
9921,6,1,2025-08-01 14:32:04.664+03,,,
9921,6,5,2025-08-01 14:43:07.701+03,219.200,219.200,
9921,6,11,2025-08-01 14:53:50.005+03,25.400,25.400,
9921,6,14,2025-08-01 15:06:51.974+03,478.200,478.200,
9921,6,20,2025-08-01 15:22:10.46+03,321.300,321.300,
9921,7,1,2025-08-01 14:32:38.058+03,,,
9921,7,3,2025-08-01 14:36:29.842+03,28.800,28.800,
9921,7,6,2025-08-01 14:42:24.561+03,38.600,38.600,
9921,7,9,2025-08-01 14:54:55.184+03,445.400,445.400,
9921,7,11,2025-08-01 15:00:56.873+03,164.300,164.300,
9921,7,14,2025-08-01 15:06:06.68+03,24.000,24.000,
9921,7,17,2025-08-01 15:12:35.145+03,82.000,82.000,
9921,7,20,2025-08-01 15:22:55.458+03,322.700,322.700,
9921,9,1,2025-08-01 14:32:20.97+03,,,
9921,9,3,2025-08-01 14:36:21.22+03,24.400,24.400,
9921,9,8,2025-08-01 14:45:47.899+03,20.800,20.800,
9921,9,11,2025-08-01 15:01:20.795+03,620.700,620.700,
9921,9,14,2025-08-01 15:06:58.828+03,19.300,19.300,
9921,9,17,2025-08-01 15:17:04.215+03,291.700,291.700,
9921,10,1,2025-08-01 14:31:56.055+03,,,
9921,10,3,2025-08-01 14:42:22.295+03,394.000,394.000,
9921,10,10,2025-08-01 15:04:46.982+03,642.100,642.100,
9921,10,16,2025-08-01 15:19:26.665+03,244.000,244.000,
9921,11,1,2025-08-01 14:31:28.476+03,,,
9921,11,6,2025-08-01 14:41:10.077+03,25.100,25.100,
9921,11,10,2025-08-01 14:48:51.801+03,27.900,27.900,
9921,11,13,2025-08-01 15:05:01.918+03,684.800,684.800,
9921,11,19,2025-08-01 15:20:48.994+03,308.900,308.900,
9921,12,1,2025-08-01 14:30:19.598+03,,,
9921,12,6,2025-08-01 14:39:43.077+03,25.300,25.300,
9921,12,9,2025-08-01 14:45:29.446+03,25.500,25.500,
9921,12,12,2025-08-01 15:02:07.427+03,702.700,702.700,
9921,12,15,2025-08-01 15:07:40.294+03,22.500,22.500,
9921,12,17,2025-08-01 15:16:13.612+03,307.300,307.300,
9921,14,1,2025-08-01 14:30:06.473+03,,,
9921,14,6,2025-08-01 14:39:38.97+03,39.300,39.300,
9921,14,12,2025-08-01 14:50:59.085+03,30.000,30.000,
9921,14,15,2025-08-01 15:03:52.296+03,493.600,493.600,
9921,14,18,2025-08-01 15:09:34.71+03,24.400,24.400,
9921,14,21,2025-08-01 15:20:51.944+03,370.500,370.500,
9921,15,1,2025-08-01 14:30:10.223+03,,,
9921,15,6,2025-08-01 14:39:45.399+03,29.000,29.000,
9921,15,12,2025-08-01 15:03:57.608+03,823.800,823.800,
9921,15,15,2025-08-01 15:10:06.832+03,33.900,33.900,
9921,15,18,2025-08-01 15:21:07.132+03,359.200,359.200,
9921,16,1,2025-08-01 14:30:02.691+03,,,
9921,16,4,2025-08-01 14:36:32.281+03,25.700,25.700,
9921,16,7,2025-08-01 14:43:10.383+03,28.100,28.100,
9921,16,12,2025-08-01 15:01:25.666+03,532.200,532.200,
9921,16,15,2025-08-01 15:07:56.092+03,26.800,26.800,
9921,16,19,2025-08-01 15:19:47.912+03,256.000,256.000,
9921,17,1,2025-08-01 14:30:26.815+03,,,
9921,17,6,2025-08-01 14:39:54.023+03,27.000,27.000,
9921,17,14,2025-08-01 15:02:01.302+03,513.600,513.600,
9921,17,19,2025-08-01 15:15:10.221+03,294.000,294.000,
9921,18,1,2025-08-01 14:33:18.202+03,,,
9921,18,4,2025-08-01 14:39:11.62+03,16.900,16.900,
9921,18,6,2025-08-01 14:43:30.327+03,23.500,23.500,
9921,18,9,2025-08-01 14:58:29.335+03,582.800,582.800,
9921,18,12,2025-08-01 15:03:48.608+03,23.000,23.000,
9921,18,15,2025-08-01 15:09:45.482+03,47.400,47.400,
9921,18,18,2025-08-01 15:20:06.909+03,309.400,309.400,
9921,19,1,2025-08-01 14:31:10.154+03,,,
9921,19,7,2025-08-01 14:42:19.952+03,16.500,16.500,
9921,19,10,2025-08-01 14:55:33.516+03,506.800,506.800,
9921,19,15,2025-08-01 15:04:22.597+03,38.600,38.600,
9921,19,19,2025-08-01 15:11:33.355+03,16.500,16.500,
9921,19,22,2025-08-01 15:21:26.944+03,302.300,302.300,
9921,20,1,2025-08-01 14:30:16.363+03,,,
9921,20,6,2025-08-01 14:40:20.194+03,26.000,26.000,
9921,20,9,2025-08-01 14:46:08.123+03,19.700,19.700,
9921,20,12,2025-08-01 15:03:55.124+03,773.400,773.400,
9921,20,19,2025-08-01 15:21:42.223+03,335.700,335.700,
9921,21,1,2025-08-01 14:30:51.801+03,,,
9921,21,6,2025-08-01 14:43:21.721+03,257.900,257.900,
9921,21,13,2025-08-01 15:04:07.171+03,593.300,593.300,
9921,21,18,2025-08-01 15:19:22.53+03,301.100,301.100,
9921,29,1,2025-08-01 14:30:57.207+03,,,
9921,29,4,2025-08-01 14:37:08.744+03,25.200,25.200,
9921,29,7,2025-08-01 14:43:38.577+03,68.700,68.700,
9921,29,10,2025-08-01 14:56:46.674+03,459.200,459.200,
9921,29,11,2025-08-01 14:59:27.935+03,16.700,16.700,
9921,29,14,2025-08-01 15:05:25.265+03,25.700,25.700,
9921,29,17,2025-08-01 15:15:35.065+03,306.700,306.700,
9921,32,1,2025-08-01 14:30:32.417+03,,,
9921,32,2,2025-08-01 14:36:16.346+03,212.800,212.800,
9921,32,9,2025-08-01 14:55:37.778+03,483.400,483.400,
9922,1,1,2025-08-01 18:06:50.05+03,,,
9922,1,4,2025-08-01 18:12:33.473+03,26.200,26.200,
9922,1,7,2025-08-01 18:28:46.592+03,687.400,687.400,
9922,1,10,2025-08-01 18:40:45.004+03,430.400,430.400,
9922,2,1,2025-08-01 18:06:27.903+03,,,
9922,2,8,2025-08-01 18:26:12.616+03,432.800,432.800,
9922,2,12,2025-08-01 18:33:55.214+03,41.000,41.000,
9922,2,15,2025-08-01 18:44:40.271+03,344.100,344.100,
9922,2,24,2025-08-01 18:57:49.86+03,20.800,20.800,
9922,3,1,2025-08-01 18:02:20.225+03,,,
9922,3,11,2025-08-01 18:27:35.663+03,510.200,510.200,
9922,3,14,2025-08-01 18:33:43.03+03,26.400,26.400,
9922,3,17,2025-08-01 18:43:59.456+03,343.900,343.900,
9922,3,27,2025-08-01 18:58:34.851+03,22.500,22.500,
9922,4,1,2025-08-01 18:01:32.64+03,,,
9922,4,4,2025-08-01 18:07:31.136+03,31.200,31.200,
9922,4,10,2025-08-01 18:27:06.757+03,542.900,542.900,
9922,4,13,2025-08-01 18:38:19.748+03,375.500,375.500,
9922,4,27,2025-08-01 18:58:30.173+03,21.400,21.400,
9922,6,1,2025-08-01 18:00:54.686+03,,,
9922,6,7,2025-08-01 18:27:37.469+03,993.800,993.800,
9922,6,9,2025-08-01 18:31:33.67+03,25.000,25.000,
9922,6,12,2025-08-01 18:37:04.524+03,16.400,16.400,
9922,6,15,2025-08-01 18:47:55.211+03,360.300,360.300,
9922,7,1,2025-08-01 18:03:56.913+03,,,
9922,7,4,2025-08-01 18:10:16.238+03,57.700,57.700,
9922,7,7,2025-08-01 18:26:28.71+03,679.300,679.300,
9922,7,10,2025-08-01 18:33:39.336+03,97.400,97.400,
9922,7,13,2025-08-01 18:44:05.3+03,313.400,313.400,
9922,8,1,2025-08-01 18:00:38.027+03,,,
9922,8,8,2025-08-01 18:20:37.536+03,491.100,491.100,
9922,8,12,2025-08-01 18:31:52.054+03,299.000,299.000,
9922,8,15,2025-08-01 18:38:20.397+03,72.700,72.700,
9922,8,18,2025-08-01 18:52:44.656+03,585.200,585.200,
9922,9,1,2025-08-01 18:05:15.069+03,,,
9922,9,4,2025-08-01 18:10:45.941+03,18.100,18.100,
9922,9,7,2025-08-01 18:16:24.161+03,19.600,19.600,
9922,9,10,2025-08-01 18:28:19.987+03,423.100,423.100,
9922,9,14,2025-08-01 18:35:40.176+03,29.100,29.100,
9922,9,17,2025-08-01 18:45:59.065+03,326.000,326.000,
9922,10,1,2025-08-01 18:00:47.937+03,,,
9922,10,8,2025-08-01 18:24:28.888+03,705.700,705.700,
9922,10,11,2025-08-01 18:30:37.006+03,47.800,47.800,
9922,10,16,2025-08-01 18:45:03.387+03,342.400,342.400,
9922,11,1,2025-08-01 18:01:07.795+03,,,
9922,11,7,2025-08-01 18:13:03.145+03,29.900,29.900,
9922,11,11,2025-08-01 18:20:19.845+03,27.700,27.700,
9922,11,13,2025-08-01 18:31:12.644+03,465.200,465.200,
9922,11,16,2025-08-01 18:36:42.615+03,29.300,29.300,
9922,11,18,2025-08-01 18:45:18.755+03,318.700,318.700,
9922,12,1,2025-08-01 18:01:12.764+03,,,
9922,12,7,2025-08-01 18:12:56.27+03,25.300,25.300,
9922,12,11,2025-08-01 18:27:13.944+03,482.800,482.800,
9922,12,14,2025-08-01 18:33:15.624+03,33.600,33.600,
9922,12,17,2025-08-01 18:43:26.987+03,323.700,323.700,
9922,12,28,2025-08-01 18:59:20.511+03,30.900,30.900,
9922,13,1,2025-08-01 18:00:02.255+03,,,
9922,13,6,2025-08-01 18:08:40.566+03,16.500,16.500,
9922,13,9,2025-08-01 18:14:09.202+03,16.500,16.500,
9922,13,12,2025-08-01 18:26:14.772+03,427.600,427.600,
9922,13,15,2025-08-01 18:32:11.289+03,30.000,30.000,
9922,13,18,2025-08-01 18:43:32.112+03,396.000,396.000,
9922,13,29,2025-08-01 18:59:19.527+03,21.600,21.600,
9922,14,1,2025-08-01 18:05:27.257+03,,,
9922,14,4,2025-08-01 18:11:05.584+03,20.200,20.200,
9922,14,7,2025-08-01 18:16:39.987+03,19.300,19.300,
9922,14,10,2025-08-01 18:27:25.05+03,360.500,360.500,
9922,14,13,2025-08-01 18:38:59.203+03,373.900,373.900,
9922,15,1,2025-08-01 18:00:06.716+03,,,
9922,15,10,2025-08-01 18:26:55.172+03,693.600,693.600,
9922,15,13,2025-08-01 18:32:50.295+03,27.200,27.200,
9922,15,16,2025-08-01 18:43:15.318+03,326.600,326.600,
9922,15,27,2025-08-01 18:59:18.386+03,22.000,22.000,
9922,16,1,2025-08-01 18:05:23.022+03,,,
9922,16,4,2025-08-01 18:11:38.299+03,16.500,16.500,
9922,16,8,2025-08-01 18:19:16.548+03,27.900,27.900,
9922,16,10,2025-08-01 18:28:31.065+03,362.500,362.500,
9922,16,13,2025-08-01 18:34:33.761+03,25.400,25.400,
9922,16,16,2025-08-01 18:44:31.296+03,333.700,333.700,
9922,17,1,2025-08-01 18:00:59.92+03,,,
9922,17,6,2025-08-01 18:10:19.972+03,25.400,25.400,
9922,17,10,2025-08-01 18:22:42.042+03,337.600,337.600,
9922,17,16,2025-08-01 18:39:35.985+03,401.100,401.100,
9922,17,17,2025-08-01 18:41:50.005+03,28.100,28.100,
9922,18,1,2025-08-01 18:02:12.334+03,,,
9922,18,4,2025-08-01 18:08:06.173+03,30.600,30.600,
9922,18,7,2025-08-01 18:22:13.967+03,534.200,534.200,
9922,18,9,2025-08-01 18:29:16.054+03,217.500,217.500,
9922,18,12,2025-08-01 18:35:02.442+03,24.500,24.500,
9922,18,15,2025-08-01 18:45:17.156+03,308.900,308.900,
9922,18,25,2025-08-01 18:59:52.836+03,21.700,21.700,
9922,19,1,2025-08-01 18:06:01.044+03,,,
9922,19,4,2025-08-01 18:11:26.318+03,16.500,16.500,
9922,19,7,2025-08-01 18:16:56.394+03,25.300,25.300,
9922,19,10,2025-08-01 18:26:23.491+03,290.000,290.000,
9922,19,13,2025-08-01 18:32:01.633+03,16.500,16.500,
9922,19,16,2025-08-01 18:42:20.467+03,331.200,331.200,
9922,19,28,2025-08-01 18:59:31.152+03,21.700,21.700,
9922,20,1,2025-08-01 18:00:31.512+03,,,
9922,20,9,2025-08-01 18:27:32.985+03,790.000,790.000,
9922,20,13,2025-08-01 18:36:14.52+03,51.600,51.600,
9922,20,16,2025-08-01 18:46:27.8+03,299.100,299.100,
9922,20,25,2025-08-01 18:59:44.59+03,22.900,22.900,
9922,29,1,2025-08-01 18:00:13.73+03,,,
9922,29,4,2025-08-01 18:06:30.216+03,33.200,33.200,
9922,29,7,2025-08-01 18:12:31.645+03,27.600,27.600,
9922,29,10,2025-08-01 18:26:35.928+03,557.900,557.900,
9922,29,13,2025-08-01 18:32:47.17+03,26.400,26.400,
9922,29,16,2025-08-01 18:44:14.206+03,378.800,378.800,
9923,1,1,2025-08-02 13:47:05.831+03,,,
9923,1,12,2025-08-02 14:14:27.415+03,624.700,624.700,
9923,1,15,2025-08-02 14:26:48.373+03,453.700,453.700,
9923,2,1,2025-08-02 13:31:26.024+03,,,
9923,2,2,2025-08-02 13:48:19.404+03,907.200,907.200,
9923,2,6,2025-08-02 13:56:02.749+03,22.800,22.800,
9923,2,9,2025-08-02 14:01:58.941+03,29.900,29.900,
9923,2,12,2025-08-02 14:13:20.984+03,383.900,383.900,
9923,2,15,2025-08-02 14:20:38.407+03,142.700,142.700,
9923,2,18,2025-08-02 14:29:46.073+03,264.500,264.500,
9923,3,1,2025-08-02 13:48:13.247+03,,,
9923,3,4,2025-08-02 13:55:32.212+03,122.500,122.500,
9923,3,11,2025-08-02 14:15:08.733+03,574.200,574.200,
9923,3,14,2025-08-02 14:21:15.611+03,53.000,53.000,
9923,3,17,2025-08-02 14:29:51.453+03,201.600,201.600,
9923,4,1,2025-08-02 13:48:41.577+03,,,
9923,4,7,2025-08-02 14:03:29.828+03,228.500,228.500,
9923,4,11,2025-08-02 14:15:29.515+03,327.300,327.300,
9923,4,14,2025-08-02 14:24:35.41+03,224.300,224.300,
9923,4,15,2025-08-02 14:26:43.746+03,18.800,18.800,
9923,4,16,2025-08-02 14:28:42.141+03,17.600,17.600,
9923,6,1,2025-08-02 13:40:34.794+03,,,
9923,6,4,2025-08-02 13:46:08.84+03,16.400,16.400,
9923,6,7,2025-08-02 14:00:59.672+03,582.900,582.900,
9923,6,15,2025-08-02 14:20:18.416+03,469.600,469.600,
9923,6,19,2025-08-02 14:27:35.117+03,24.600,24.600,
9923,7,1,2025-08-02 13:48:47.437+03,,,
9923,7,4,2025-08-02 13:55:45.383+03,87.300,87.300,
9923,7,7,2025-08-02 14:10:27.793+03,563.800,563.800,
9923,7,9,2025-08-02 14:15:20.971+03,132.100,132.100,
9923,7,12,2025-08-02 14:22:39.308+03,131.300,131.300,
9923,8,1,2025-08-02 13:31:56.811+03,,,
9923,8,2,2025-08-02 13:34:44.484+03,33.200,33.200,
9923,8,3,2025-08-02 13:47:55.456+03,664.900,664.900,
9923,8,8,2025-08-02 14:05:11.466+03,502.800,502.800,
9923,8,12,2025-08-02 14:15:59.56+03,224.500,224.500,
9923,8,15,2025-08-02 14:27:19.658+03,369.800,369.800,
9923,9,1,2025-08-02 13:48:59.813+03,,,
9923,9,4,2025-08-02 13:54:48.269+03,22.300,22.300,
9923,9,7,2025-08-02 14:04:33.905+03,270.900,270.900,
9923,9,10,2025-08-02 14:16:13.427+03,409.300,409.300,
9923,9,13,2025-08-02 14:26:26.215+03,307.200,307.200,
9923,10,1,2025-08-02 13:31:54.521+03,,,
9923,10,2,2025-08-02 13:34:32.18+03,31.800,31.800,
9923,10,3,2025-08-02 13:41:16.997+03,275.600,275.600,
9923,10,9,2025-08-02 13:55:25.883+03,213.900,213.900,
9923,10,12,2025-08-02 14:13:37.215+03,797.600,797.600,
9923,10,15,2025-08-02 14:21:12.845+03,150.900,150.900,
9923,10,18,2025-08-02 14:27:04.504+03,28.700,28.700,
9923,11,1,2025-08-02 13:43:48.266+03,,,
9923,11,13,2025-08-02 14:13:26.476+03,661.800,661.800,
9923,11,16,2025-08-02 14:26:51.442+03,459.500,459.500,
9923,12,1,2025-08-02 13:52:16.953+03,,,
9923,12,4,2025-08-02 13:57:43.887+03,16.600,16.600,
9923,12,12,2025-08-02 14:16:42.974+03,265.800,265.800,
9923,12,15,2025-08-02 14:22:32.643+03,16.400,16.400,
9923,12,18,2025-08-02 14:29:29.796+03,100.300,100.300,
9923,13,1,2025-08-02 13:40:38.198+03,,,
9923,13,4,2025-08-02 13:47:57.726+03,145.200,145.200,
9923,13,13,2025-08-02 14:13:47.991+03,778.800,778.800,
9923,13,16,2025-08-02 14:21:24.242+03,160.200,160.200,
9923,13,19,2025-08-02 14:29:15.92+03,180.400,180.400,
9923,14,1,2025-08-02 13:47:43.77+03,,,
9923,14,4,2025-08-02 13:53:11.283+03,17.900,17.900,
9923,14,7,2025-08-02 13:59:04.654+03,30.000,30.000,
9923,14,10,2025-08-02 14:04:44.239+03,18.400,18.400,
9923,14,13,2025-08-02 14:15:37.315+03,352.600,352.600,
9923,14,16,2025-08-02 14:21:19.767+03,33.200,33.200,
9923,14,19,2025-08-02 14:28:52.779+03,134.600,134.600,
9923,15,1,2025-08-02 13:51:08.999+03,,,
9923,15,7,2025-08-02 14:05:26.403+03,214.600,214.600,
9923,15,10,2025-08-02 14:15:47.504+03,329.500,329.500,
9923,15,12,2025-08-02 14:19:40.871+03,34.400,34.400,
9923,15,16,2025-08-02 14:29:48.687+03,173.500,173.500,
9923,16,1,2025-08-02 13:47:49.556+03,,,
9923,16,4,2025-08-02 13:54:35.812+03,28.100,28.100,
9923,16,9,2025-08-02 14:12:38.191+03,576.800,576.800,
9923,16,12,2025-08-02 14:23:01.976+03,294.200,294.200,
9923,17,1,2025-08-02 13:51:06.176+03,,,
9923,17,7,2025-08-02 14:02:00.854+03,27.300,27.300,
9923,17,12,2025-08-02 14:16:23.92+03,334.800,334.800,
9923,17,15,2025-08-02 14:26:01.732+03,273.300,273.300,
9923,18,1,2025-08-02 13:49:13.718+03,,,
9923,18,4,2025-08-02 13:57:40.2+03,170.100,170.100,
9923,18,7,2025-08-02 14:10:07.298+03,437.600,437.600,
9923,18,9,2025-08-02 14:15:05.603+03,129.900,129.900,
9923,18,12,2025-08-02 14:22:14.186+03,108.500,108.500,
9923,18,15,2025-08-02 14:29:35.232+03,138.900,138.900,
9923,19,1,2025-08-02 13:31:46.568+03,,,
9923,19,2,2025-08-02 13:50:21.599+03,993.100,993.100,
9923,19,5,2025-08-02 13:55:38.682+03,16.600,16.600,
9923,19,9,2025-08-02 14:11:23.171+03,555.400,555.400,
9923,19,12,2025-08-02 14:18:43.117+03,150.000,150.000,
9923,19,15,2025-08-02 14:28:21.317+03,286.500,286.500,
9923,20,1,2025-08-02 13:51:18.296+03,,,
9923,20,4,2025-08-02 13:57:25.465+03,16.500,16.500,
9923,20,8,2025-08-02 14:09:00.887+03,263.800,263.800,
9923,20,10,2025-08-02 14:16:18.171+03,252.700,252.700,
9923,20,13,2025-08-02 14:24:04.297+03,136.700,136.700,
9923,20,15,2025-08-02 14:29:43.665+03,120.100,120.100,
9923,29,1,2025-08-02 13:36:19.159+03,,,
9923,29,4,2025-08-02 13:42:29.819+03,26.000,26.000,
9923,29,8,2025-08-02 14:00:38.325+03,608.900,608.900,
9923,29,11,2025-08-02 14:06:58.136+03,19.000,19.000,
9923,29,14,2025-08-02 14:20:08.931+03,473.100,473.100,
9923,29,17,2025-08-02 14:26:17.717+03,29.100,29.100,
9924,1,1,2025-08-02 17:03:33.085+03,,,
9924,1,4,2025-08-02 17:13:30.284+03,312.700,312.700,
9924,1,7,2025-08-02 17:28:43.46+03,617.100,617.100,
9924,1,10,2025-08-02 17:38:32.903+03,327.200,327.200,
9924,1,13,2025-08-02 17:51:43.503+03,496.100,496.100,
9924,1,16,2025-08-02 18:00:01.985+03,228.200,228.200,
9924,2,1,2025-08-02 17:03:52.793+03,,,
9924,2,4,2025-08-02 17:13:18.776+03,273.600,273.600,
9924,2,7,2025-08-02 17:28:51.838+03,650.100,650.100,
9924,2,10,2025-08-02 17:37:33.894+03,239.300,239.300,
9924,2,13,2025-08-02 17:50:36.373+03,497.700,497.700,
9924,2,16,2025-08-02 17:58:47.594+03,202.500,202.500,
9924,3,1,2025-08-02 17:06:02.175+03,,,
9924,3,4,2025-08-02 17:14:03.078+03,161.500,161.500,
9924,3,7,2025-08-02 17:27:39.948+03,523.600,523.600,
9924,3,10,2025-08-02 17:38:34.851+03,356.400,356.400,
9924,3,13,2025-08-02 17:50:45.563+03,419.900,419.900,
9924,3,16,2025-08-02 17:59:04.209+03,188.000,188.000,
9924,4,1,2025-08-02 17:05:17.696+03,,,
9924,4,4,2025-08-02 17:13:50.842+03,228.500,228.500,
9924,4,7,2025-08-02 17:28:10.721+03,571.000,571.000,
9924,4,10,2025-08-02 17:38:05.333+03,312.200,312.200,
9924,4,13,2025-08-02 17:58:43.828+03,945.400,945.400,
9924,6,1,2025-08-02 17:05:45.246+03,,,
9924,6,4,2025-08-02 17:14:30.514+03,210.400,210.400,
9924,7,1,2025-08-02 17:05:35.497+03,,,
9924,7,4,2025-08-02 17:27:14.793+03,993.600,993.600,
9924,7,7,2025-08-02 17:38:17.121+03,387.100,387.100,
9924,8,1,2025-08-02 17:05:01.815+03,,,
9924,8,4,2025-08-02 17:11:42.435+03,111.400,111.400,
9924,8,7,2025-08-02 17:27:33.582+03,667.200,667.200,
9924,8,10,2025-08-02 17:50:10.654+03,1067.500,1067.500,
9924,8,13,2025-08-02 17:56:31.789+03,96.900,96.900,
9924,9,1,2025-08-02 17:05:07.675+03,,,
9924,9,4,2025-08-02 17:15:41.512+03,345.100,345.100,
9924,9,7,2025-08-02 17:29:35.794+03,542.300,542.300,
9924,9,10,2025-08-02 17:37:37.146+03,210.000,210.000,
9924,9,13,2025-08-02 17:50:30.55+03,483.400,483.400,
9924,9,16,2025-08-02 17:58:38.494+03,211.300,211.300,
9924,10,1,2025-08-02 17:04:47.446+03,,,
9924,10,4,2025-08-02 17:11:34.842+03,127.900,127.900,
9924,10,7,2025-08-02 17:27:25.849+03,675.600,675.600,
9924,10,10,2025-08-02 17:34:43.763+03,155.400,155.400,
9924,10,13,2025-08-02 17:50:04.138+03,640.200,640.200,
9924,10,16,2025-08-02 17:56:08.386+03,87.900,87.900,
9924,11,1,2025-08-02 17:03:39.777+03,,,
9924,11,4,2025-08-02 17:13:43.205+03,318.800,318.800,
9924,12,1,2025-08-02 17:01:32.685+03,,,
9924,12,4,2025-08-02 17:07:03.53+03,60.300,60.300,
9924,12,7,2025-08-02 17:14:44.297+03,189.800,189.800,
9924,13,1,2025-08-02 17:05:54.566+03,,,
9924,13,4,2025-08-02 17:13:54.613+03,169.200,169.200,
9924,14,1,2025-08-02 17:05:24.635+03,,,
9924,14,4,2025-08-02 17:15:49.295+03,335.300,335.300,
9924,14,7,2025-08-02 17:27:52.048+03,430.800,430.800,
9924,14,10,2025-08-02 17:37:48.44+03,300.500,300.500,
9924,14,13,2025-08-02 17:50:17.871+03,446.600,446.600,
9924,14,16,2025-08-02 17:58:56.065+03,234.800,234.800,
9924,15,1,2025-08-02 17:04:04.715+03,,,
9924,15,4,2025-08-02 17:14:52.684+03,355.000,355.000,
9924,16,1,2025-08-02 17:04:17.902+03,,,
9924,16,4,2025-08-02 17:15:38.821+03,379.000,379.000,
9924,16,7,2025-08-02 17:29:06.244+03,518.700,518.700,
9924,16,10,2025-08-02 17:37:41.023+03,226.400,226.400,
9924,17,1,2025-08-02 17:01:21.747+03,,,
9924,17,4,2025-08-02 17:06:20.425+03,27.300,27.300,
9924,17,7,2025-08-02 17:14:07.571+03,162.300,162.300,
9924,17,10,2025-08-02 17:28:59.629+03,592.400,592.400,
9924,17,13,2025-08-02 17:39:14.199+03,334.300,334.300,
9924,18,1,2025-08-02 17:05:38.511+03,,,
9924,18,4,2025-08-02 17:27:21.414+03,986.300,986.300,
9924,18,7,2025-08-02 17:38:29.563+03,396.900,396.900,
9924,18,10,2025-08-02 17:51:27.139+03,483.300,483.300,
9924,18,13,2025-08-02 17:59:42.13+03,225.300,225.300,
9924,19,1,2025-08-02 17:03:59.152+03,,,
9924,19,4,2025-08-02 17:13:16.688+03,262.800,262.800,
9924,19,7,2025-08-02 17:29:20.775+03,680.500,680.500,
9924,19,10,2025-08-02 17:38:36.434+03,269.900,269.900,
9924,19,13,2025-08-02 17:50:40.782+03,410.800,410.800,
9924,19,16,2025-08-02 17:58:51.286+03,191.500,191.500,
9924,20,1,2025-08-02 17:04:41.956+03,,,
9924,20,4,2025-08-02 17:15:30.638+03,369.600,369.600,
9924,20,7,2025-08-02 17:27:36.53+03,449.200,449.200,
9924,20,10,2025-08-02 17:37:29.495+03,298.400,298.400,
9924,29,1,2025-08-02 17:05:49.222+03,,,
9924,29,4,2025-08-02 17:14:39.153+03,215.000,215.000,
9924,29,7,2025-08-02 17:28:21.131+03,531.100,531.100,
9924,29,10,2025-08-02 17:38:47.105+03,349.700,349.700,
9928,1,17,2025-08-03 16:27:14.953+03,21.433,21.433,2.300
9928,1,48,2025-08-03 17:10:05.385+03,21.258,21.258,2.200
9928,2,31,2025-08-03 16:46:07.537+03,20.940,20.940,1.900
9928,3,40,2025-08-03 16:59:03.655+03,21.773,21.773,2.600
9928,4,33,2025-08-03 16:49:42.725+03,21.096,21.096,2.200
9928,6,32,2025-08-03 16:48:23.595+03,21.699,21.699,2.600
9928,7,21,2025-08-03 16:32:58.761+03,22.328,22.328,3.200
9928,8,39,2025-08-03 16:57:35.927+03,22.204,22.204,2.900
9928,9,19,2025-08-03 16:29:34.867+03,21.130,21.130,2.000
9928,9,40,2025-08-03 16:58:22.592+03,21.136,21.136,2.000
9928,10,36,2025-08-03 16:53:38.463+03,21.464,21.464,2.400
9928,11,20,2025-08-03 16:31:41.726+03,21.295,21.295,2.100
9928,11,37,2025-08-03 16:55:26.296+03,21.541,21.541,2.400
9928,12,14,2025-08-03 16:23:14.814+03,21.345,21.345,2.600
9928,12,38,2025-08-03 16:56:46.767+03,22.726,22.726,3.800
9928,13,5,2025-08-03 16:10:42.523+03,21.500,21.500,
9928,13,41,2025-08-03 17:00:56.554+03,28.700,28.700,
9928,14,40,2025-08-03 16:59:09.858+03,22.136,22.136,3.000
9928,15,14,2025-08-03 16:23:15.143+03,22.444,22.444,3.100
9928,16,42,2025-08-03 17:02:07.096+03,21.150,21.150,2.300
9928,17,15,2025-08-03 16:24:35.579+03,21.670,21.670,2.700
9928,17,51,2025-08-03 17:14:40.796+03,21.423,21.423,2.600
9928,18,19,2025-08-03 16:29:41.506+03,21.703,21.703,2.900
9928,18,43,2025-08-03 17:02:38.276+03,21.450,21.450,2.900
9928,19,18,2025-08-03 16:28:15.303+03,21.145,21.145,2.100
9928,19,45,2025-08-03 17:05:10.901+03,20.940,20.940,1.900
9928,20,30,2025-08-03 16:45:32.129+03,21.754,21.754,2.800
9928,29,13,2025-08-03 16:22:01.414+03,30.248,30.248,11.100
9928,29,35,2025-08-03 16:52:42.991+03,26.280,26.280,7.200
9929,1,1,2025-07-25 13:32:13.568+03,,,
9929,1,4,2025-07-25 13:39:07.538+03,31.300,31.300,
9929,1,7,2025-07-25 13:46:14.08+03,34.500,34.500,
9929,1,9,2025-07-25 13:58:20.837+03,478.400,478.400,
9929,1,17,2025-07-25 14:20:08.723+03,413.000,413.000,
9929,1,20,2025-07-25 14:27:46.958+03,26.000,26.000,
9929,2,1,2025-07-25 13:31:28.525+03,,,
9929,2,8,2025-07-25 13:57:45.056+03,662.600,662.600,
9929,2,17,2025-07-25 14:22:23.33+03,435.500,435.500,
9929,3,1,2025-07-25 13:30:11.099+03,,,
9929,3,10,2025-07-25 13:56:52.104+03,394.600,394.600,
9929,3,12,2025-07-25 14:01:08.723+03,25.900,25.900,
9929,3,20,2025-07-25 14:21:49.409+03,338.500,338.500,
9929,4,1,2025-07-25 13:30:08.865+03,,,
9929,4,10,2025-07-25 13:54:47.207+03,360.900,360.900,
9929,4,14,2025-07-25 14:21:47.565+03,1157.800,1157.800,
9929,6,1,2025-07-25 13:30:57.363+03,,,
9929,6,9,2025-07-25 13:57:29.514+03,520.200,520.200,
9929,6,13,2025-07-25 14:14:36.803+03,553.300,553.300,
9929,6,15,2025-07-25 14:19:13.041+03,38.200,38.200,
9929,7,1,2025-07-25 13:30:21.631+03,,,
9929,7,9,2025-07-25 13:58:18.611+03,559.400,559.400,
9929,7,21,2025-07-25 14:21:33.209+03,46.700,46.700,
9929,8,1,2025-07-25 13:31:15.243+03,,,
9929,8,8,2025-07-25 13:53:43.605+03,442.400,442.400,
9929,8,17,2025-07-25 14:19:46.225+03,471.300,471.300,
9929,8,20,2025-07-25 14:29:39.105+03,206.600,206.600,
9929,9,1,2025-07-25 13:31:35.23+03,,,
9929,9,11,2025-07-25 14:03:23.98+03,557.100,557.100,
9929,9,17,2025-07-25 14:21:13.414+03,348.400,348.400,
9929,10,1,2025-07-25 13:30:34.849+03,,,
9929,10,2,2025-07-25 13:47:03.386+03,849.900,849.900,
9929,10,11,2025-07-25 14:15:32.582+03,572.200,572.200,
9929,10,15,2025-07-25 14:29:18.207+03,280.000,280.000,
9929,11,1,2025-07-25 13:31:42.83+03,,,
9929,11,4,2025-07-25 13:38:57.35+03,26.100,26.100,
9929,11,7,2025-07-25 13:46:20.552+03,32.900,32.900,
9929,11,10,2025-07-25 13:59:13.512+03,400.800,400.800,
9929,11,18,2025-07-25 14:20:25.286+03,379.900,379.900,
9929,12,1,2025-07-25 13:31:48.646+03,,,
9929,12,9,2025-07-25 13:56:24.858+03,414.000,414.000,
9929,12,18,2025-07-25 14:19:54.394+03,421.900,421.900,
9929,13,1,2025-07-25 13:30:03.711+03,,,
9929,13,7,2025-07-25 13:58:01.933+03,878.500,878.500,
9929,13,15,2025-07-25 14:21:25.123+03,432.100,432.100,
9929,14,1,2025-07-25 13:30:16.443+03,,,
9929,14,10,2025-07-25 13:55:13.723+03,302.700,302.700,
9929,14,16,2025-07-25 14:21:40.175+03,916.700,916.700,
9929,15,1,2025-07-25 13:30:41.771+03,,,
9929,15,10,2025-07-25 14:04:21.196+03,771.100,771.100,
9929,15,17,2025-07-25 14:22:48.947+03,327.000,327.000,
9929,16,1,2025-07-25 13:31:39.373+03,,,
9929,16,12,2025-07-25 14:02:09.95+03,325.900,325.900,
9929,16,19,2025-07-25 14:21:54.456+03,335.000,335.000,
9929,17,1,2025-07-25 13:30:26.756+03,,,
9929,17,2,2025-07-25 13:59:16.742+03,1512.500,1512.500,
9929,17,11,2025-07-25 14:21:06.898+03,129.700,129.700,
9929,18,1,2025-07-25 13:30:17.912+03,,,
9929,18,9,2025-07-25 13:57:01.104+03,490.200,490.200,
9929,18,15,2025-07-25 14:08:45.081+03,28.100,28.100,
9929,18,22,2025-07-25 14:22:01.646+03,31.700,31.700,
9929,18,25,2025-07-25 14:29:12.91+03,36.700,36.700,
9929,19,1,2025-07-25 13:31:21.181+03,,,
9929,19,8,2025-07-25 13:55:34.754+03,493.900,493.900,
9929,19,17,2025-07-25 14:19:03.264+03,430.400,430.400,
9929,19,20,2025-07-25 14:27:15.523+03,115.900,115.900,
9929,20,1,2025-07-25 13:30:48.803+03,,,
9929,20,10,2025-07-25 14:03:30.58+03,707.900,707.900,
9929,20,17,2025-07-25 14:22:50.65+03,379.500,379.500,
9929,29,1,2025-07-25 13:31:01.769+03,,,
9929,29,7,2025-07-25 13:52:30.68+03,413.900,413.900,
9929,29,14,2025-07-25 14:19:25.302+03,620.300,620.300,
9930,1,1,2025-07-25 17:33:53.254+03,,,
9930,1,4,2025-07-25 17:59:07.709+03,1144.500,1144.500,
9930,1,7,2025-07-25 18:22:13.609+03,1020.500,1020.500,
9930,2,1,2025-07-25 17:32:42.359+03,,,
9930,2,4,2025-07-25 17:56:01.845+03,1024.900,1024.900,
9930,2,10,2025-07-25 18:22:06.828+03,825.500,825.500,
9930,3,1,2025-07-25 17:31:04.619+03,,,
9930,3,4,2025-07-25 17:39:28.638+03,139.600,139.600,
9930,3,7,2025-07-25 18:01:32.24+03,928.500,928.500,
9930,3,10,2025-07-25 18:23:14.004+03,913.400,913.400,
9930,4,1,2025-07-25 17:30:46.694+03,,,
9930,4,4,2025-07-25 17:38:58.784+03,121.500,121.500,
9930,4,6,2025-07-25 18:00:52.663+03,1042.000,1042.000,
9930,4,9,2025-07-25 18:23:30.375+03,977.000,977.000,
9930,6,1,2025-07-25 17:31:30.928+03,,,
9930,6,4,2025-07-25 17:38:35.032+03,32.100,32.100,
9930,6,7,2025-07-25 18:01:47.505+03,991.500,991.500,
9930,6,10,2025-07-25 18:22:57.715+03,880.500,880.500,
9930,7,1,2025-07-25 17:31:39.062+03,,,
9930,8,1,2025-07-25 17:34:32+03,,,
9930,8,5,2025-07-25 18:01:03.398+03,1090.400,1090.400,
9930,9,1,2025-07-25 17:32:07.193+03,,,
9930,9,7,2025-07-25 17:59:16.131+03,872.300,872.300,
9930,9,10,2025-07-25 18:22:28+03,1020.800,1020.800,
9930,10,1,2025-07-25 17:34:24.833+03,,,
9930,10,6,2025-07-25 18:00:45.21+03,967.700,967.700,
9930,11,1,2025-07-25 17:33:57.807+03,,,
9930,11,6,2025-07-25 17:59:21.678+03,902.700,902.700,
9930,12,1,2025-07-25 17:32:30.194+03,,,
9930,13,1,2025-07-25 17:30:49.975+03,,,
9930,13,4,2025-07-25 17:39:18.362+03,143.100,143.100,
9930,14,1,2025-07-25 17:30:58.75+03,,,
9930,14,4,2025-07-25 17:39:13.714+03,133.000,133.000,
9930,14,7,2025-07-25 18:00:55.476+03,899.100,899.100,
9930,15,1,2025-07-25 17:31:11.341+03,,,
9930,15,4,2025-07-25 17:38:43.002+03,73.900,73.900,
9930,15,7,2025-07-25 18:01:14.601+03,951.100,951.100,
9930,15,10,2025-07-25 18:22:35.641+03,888.900,888.900,
9930,16,1,2025-07-25 17:32:15+03,,,
9930,17,1,2025-07-25 17:32:20.776+03,,,
9930,17,6,2025-07-25 18:01:10.554+03,1066.700,1066.700,
9930,17,9,2025-07-25 18:22:31.297+03,896.000,896.000,
9930,18,1,2025-07-25 17:31:51.197+03,,,
9930,18,4,2025-07-25 17:38:52.214+03,29.900,29.900,
9930,18,6,2025-07-25 18:00:42.132+03,1035.300,1035.300,
9930,19,1,2025-07-25 17:32:51.735+03,,,
9930,19,4,2025-07-25 17:56:10.423+03,1022.600,1022.600,
9930,19,9,2025-07-25 18:22:21.937+03,972.200,972.200,
9930,20,1,2025-07-25 17:31:19.1+03,,,
9930,20,4,2025-07-25 17:39:06.884+03,93.700,93.700,
9930,20,7,2025-07-25 18:01:23.927+03,941.000,941.000,
9930,20,10,2025-07-25 18:22:45.594+03,895.200,895.200,
9930,29,1,2025-07-25 17:32:00.3+03,,,
9935,1,1,2025-07-26 17:04:21.167+03,,,
9935,1,4,2025-07-26 17:13:03.531+03,148.100,148.100,
9935,1,7,2025-07-26 17:26:14.167+03,423.900,423.900,
9935,1,10,2025-07-26 17:48:10.304+03,946.200,946.200,
9935,1,13,2025-07-26 17:56:07.892+03,114.000,114.000,
9935,2,1,2025-07-26 17:00:56.24+03,,,
9935,2,4,2025-07-26 17:08:47.572+03,106.400,106.400,
9935,2,9,2025-07-26 17:26:57.347+03,452.000,452.000,
9935,2,12,2025-07-26 17:36:21.296+03,193.700,193.700,
9935,2,15,2025-07-26 17:48:43.648+03,376.400,376.400,
9935,2,18,2025-07-26 17:56:18.264+03,97.100,97.100,
9935,3,1,2025-07-26 17:04:23.308+03,,,
9935,3,4,2025-07-26 17:13:42.11+03,191.400,191.400,
9935,3,7,2025-07-26 17:28:04.278+03,477.500,477.500,
9935,3,10,2025-07-26 17:36:08.498+03,120.700,120.700,
9935,3,13,2025-07-26 17:49:04.663+03,396.200,396.200,
9935,3,16,2025-07-26 17:56:48.442+03,115.000,115.000,
9935,4,1,2025-07-26 17:00:44.002+03,,,
9935,4,2,2025-07-26 17:05:33.963+03,152.600,152.600,
9935,4,5,2025-07-26 17:13:53.349+03,130.500,130.500,
9935,4,8,2025-07-26 17:27:49.017+03,465.800,465.800,
9935,4,11,2025-07-26 17:36:02.408+03,129.100,129.100,
9935,4,14,2025-07-26 17:49:00.864+03,405.600,405.600,
9935,4,17,2025-07-26 17:56:11.875+03,82.900,82.900,
9935,6,1,2025-07-26 17:00:05.497+03,,,
9935,6,3,2025-07-26 17:05:57.807+03,111.600,111.600,
9935,6,6,2025-07-26 17:14:43.2+03,144.500,144.500,
9935,6,9,2025-07-26 17:27:31.705+03,375.100,375.100,
9935,6,12,2025-07-26 17:35:51.05+03,121.800,121.800,
9935,7,1,2025-07-26 17:03:42.052+03,,,
9935,7,4,2025-07-26 17:13:05.893+03,186.900,186.900,
9935,8,1,2025-07-26 17:00:51.973+03,,,
9935,8,3,2025-07-26 17:05:43.572+03,52.200,52.200,
9935,8,6,2025-07-26 17:13:26.119+03,101.700,101.700,
9935,9,1,2025-07-26 17:01:10.886+03,,,
9935,9,3,2025-07-26 17:06:02.807+03,32.800,32.800,
9935,9,6,2025-07-26 17:14:26.62+03,126.600,126.600,
9935,9,8,2025-07-26 17:27:34.981+03,526.200,526.200,
9935,9,11,2025-07-26 17:37:20.051+03,204.100,204.100,
9935,9,13,2025-07-26 17:48:14.539+03,408.700,408.700,
9935,9,16,2025-07-26 17:56:21.249+03,124.200,124.200,
9935,10,1,2025-07-26 17:00:33.017+03,,,
9935,10,3,2025-07-26 17:05:10.127+03,24.200,24.200,
9935,10,6,2025-07-26 17:13:22.275+03,127.100,127.100,
9935,11,1,2025-07-26 17:04:27.902+03,,,
9935,11,4,2025-07-26 17:14:02.066+03,194.900,194.900,
9935,11,7,2025-07-26 17:26:20.18+03,363.500,363.500,
9935,11,10,2025-07-26 17:37:25.428+03,287.100,287.100,
9935,11,12,2025-07-26 17:48:23.726+03,380.900,380.900,
9935,11,15,2025-07-26 17:57:08.366+03,160.100,160.100,
9935,12,1,2025-07-26 17:00:19.95+03,,,
9935,12,3,2025-07-26 17:05:12.682+03,54.600,54.600,
9935,12,6,2025-07-26 17:14:16.143+03,183.900,183.900,
9935,12,9,2025-07-26 17:27:04.754+03,399.700,399.700,
9935,12,12,2025-07-26 17:36:59.01+03,221.800,221.800,
9935,12,15,2025-07-26 17:49:15.312+03,356.800,356.800,
9935,12,18,2025-07-26 17:57:15.007+03,135.800,135.800,
9935,13,1,2025-07-26 17:01:15.943+03,,,
9935,13,3,2025-07-26 17:06:05.463+03,29.300,29.300,
9935,13,6,2025-07-26 17:14:13.657+03,125.200,125.200,
9935,13,9,2025-07-26 17:27:56.481+03,453.600,453.600,
9935,13,12,2025-07-26 17:36:05.81+03,128.000,128.000,
9935,14,1,2025-07-26 17:00:25.1+03,,,
9935,14,3,2025-07-26 17:05:05.113+03,41.300,41.300,
9935,14,6,2025-07-26 17:13:33.772+03,157.000,157.000,
9935,14,9,2025-07-26 17:27:15.415+03,441.700,441.700,
9935,14,12,2025-07-26 17:36:47.807+03,205.700,205.700,
9935,14,15,2025-07-26 17:48:52.345+03,345.700,345.700,
9935,14,18,2025-07-26 17:56:55.975+03,128.600,128.600,
9935,15,1,2025-07-26 17:01:05.136+03,,,
9935,15,3,2025-07-26 17:06:14.16+03,41.100,41.100,
9935,15,6,2025-07-26 17:14:19.102+03,117.800,117.800,
9935,15,9,2025-07-26 17:26:16.457+03,337.100,337.100,
9935,15,12,2025-07-26 17:37:06.859+03,275.300,275.300,
9935,16,1,2025-07-26 17:01:25.516+03,,,
9935,16,3,2025-07-26 17:06:30.581+03,35.400,35.400,
9935,16,6,2025-07-26 17:15:16.568+03,143.800,143.800,
9935,17,1,2025-07-26 17:00:30.821+03,,,
9935,17,3,2025-07-26 17:05:16.963+03,38.100,38.100,
9935,17,6,2025-07-26 17:15:07.563+03,207.200,207.200,
9935,17,8,2025-07-26 17:26:35.962+03,406.200,406.200,
9935,17,11,2025-07-26 17:36:41.604+03,230.000,230.000,
9935,18,1,2025-07-26 17:03:49.698+03,,,
9935,18,4,2025-07-26 17:13:17.971+03,205.900,205.900,
9935,18,7,2025-07-26 17:26:28.268+03,427.500,427.500,
9935,18,10,2025-07-26 17:36:38.4+03,238.800,238.800,
9935,18,13,2025-07-26 17:48:02.539+03,319.600,319.600,
9935,18,16,2025-07-26 17:56:42.889+03,156.900,156.900,
9935,19,1,2025-07-26 17:01:01.803+03,,,
9935,19,4,2025-07-26 17:09:26.754+03,132.700,132.700,
9935,19,10,2025-07-26 17:26:45.134+03,290.400,290.400,
9935,19,13,2025-07-26 17:36:50.463+03,229.300,229.300,
9935,19,16,2025-07-26 17:48:34.476+03,323.900,323.900,
9935,19,19,2025-07-26 17:56:32.116+03,114.400,114.400,
9935,20,1,2025-07-26 17:00:50.117+03,,,
9935,20,3,2025-07-26 17:05:15.635+03,27.300,27.300,
9935,20,6,2025-07-26 17:14:09.752+03,179.300,179.300,
9935,20,9,2025-07-26 17:27:22.604+03,424.900,424.900,
9935,20,11,2025-07-26 17:37:16.266+03,342.900,342.900,
9935,29,1,2025-07-26 17:00:10.944+03,,,
9935,29,3,2025-07-26 17:06:24.889+03,136.600,136.600,
9935,29,6,2025-07-26 17:15:23.156+03,167.100,167.100,
9939,1,12,2025-07-27 17:48:36.639+03,25.913,25.913,4.800
9939,2,13,2025-07-27 17:50:23.65+03,24.376,24.376,3.500
9939,3,12,2025-07-27 17:48:48.514+03,23.274,23.274,2.200
9939,4,13,2025-07-27 17:50:48.009+03,23.580,23.580,2.800
9939,4,20,2025-07-27 18:04:04.883+03,23.376,23.376,2.800
9939,6,11,2025-07-27 17:46:57.838+03,26.825,26.825,3.900
9939,7,12,2025-07-27 17:49:01.423+03,23.609,23.609,2.400
9939,7,30,2025-07-27 18:21:56.569+03,23.059,23.059,2.300
9939,8,11,2025-07-27 17:46:58.342+03,23.404,23.404,2.500
9939,8,29,2025-07-27 18:20:11.108+03,23.692,23.692,3.300
9939,9,12,2025-07-27 17:48:33.936+03,23.806,23.806,2.500
9939,10,12,2025-07-27 17:49:02.22+03,23.787,23.787,2.700
9939,11,13,2025-07-27 17:50:46.228+03,23.330,23.330,2.200
9939,12,12,2025-07-27 17:48:40.404+03,24.029,24.029,2.700
9939,13,11,2025-07-27 17:46:55.195+03,23.599,23.599,2.900
9939,13,32,2025-07-27 18:25:26.166+03,23.890,23.890,3.400
9939,14,12,2025-07-27 17:48:46.326+03,23.269,23.269,2.300
9939,15,13,2025-07-27 17:50:58.918+03,23.802,23.802,2.600
9939,16,11,2025-07-27 17:46:51.232+03,23.284,23.284,2.200
9939,17,12,2025-07-27 17:49:03.12+03,27.528,27.528,6.200
9939,17,26,2025-07-27 18:14:55.941+03,23.770,23.770,3.100
9939,18,12,2025-07-27 17:48:38.404+03,23.635,23.635,2.800
9939,19,12,2025-07-27 17:48:23.686+03,23.844,23.844,2.800
9939,20,12,2025-07-27 17:48:50.448+03,24.130,24.130,3.200
9939,29,12,2025-07-27 17:48:58.204+03,23.665,23.665,2.600
9939,29,28,2025-07-27 18:18:31.792+03,23.449,23.449,2.900
9940,1,1,2025-07-04 14:32:44.414+03,,,
9940,1,8,2025-07-04 14:55:57.223+03,552.600,552.600,
9940,1,11,2025-07-04 15:02:00.65+03,31.500,31.500,
9940,1,14,2025-07-04 15:13:56.98+03,389.300,389.300,
9940,2,1,2025-07-04 14:31:42.842+03,,,
9940,2,10,2025-07-04 14:59:10.021+03,609.800,609.800,
9940,2,17,2025-07-04 15:18:58.913+03,384.100,384.100,
9940,3,1,2025-07-04 14:30:19.655+03,,,
9940,3,11,2025-07-04 15:05:07.525+03,975.600,975.600,
9940,3,13,2025-07-04 15:16:10.789+03,428.900,428.900,
9940,4,1,2025-07-04 14:31:34.773+03,,,
9940,4,9,2025-07-04 14:47:27.532+03,45.500,45.500,
9940,4,12,2025-07-04 14:59:54.756+03,418.400,418.400,
9940,4,19,2025-07-04 15:18:50.492+03,325.900,325.900,
9940,6,1,2025-07-04 14:30:34.515+03,,,
9940,6,8,2025-07-04 14:56:16.605+03,695.400,695.400,
9940,6,12,2025-07-04 15:05:14.729+03,34.500,34.500,
9940,6,17,2025-07-04 15:17:13.756+03,152.500,152.500,
9940,6,18,2025-07-04 15:25:11.691+03,392.200,392.200,
9940,7,1,2025-07-04 14:32:03.934+03,,,
9940,7,7,2025-07-04 14:45:27.6+03,44.400,44.400,
9940,7,10,2025-07-04 14:59:22.274+03,486.100,486.100,
9940,7,13,2025-07-04 15:05:53.352+03,40.500,40.500,
9940,7,16,2025-07-04 15:17:33.333+03,332.900,332.900,
9940,8,1,2025-07-04 14:31:15.067+03,,,
9940,8,10,2025-07-04 14:59:19.24+03,719.900,719.900,
9940,8,13,2025-07-04 15:05:47.818+03,48.000,48.000,
9940,8,18,2025-07-04 15:21:50.118+03,446.000,446.000,
9940,9,1,2025-07-04 14:31:24.956+03,,,
9940,9,4,2025-07-04 14:41:27.438+03,272.700,272.700,
9940,9,7,2025-07-04 14:47:19.062+03,32.000,32.000,
9940,9,11,2025-07-04 15:00:51.761+03,368.200,368.200,
9940,9,14,2025-07-04 15:07:30.646+03,33.700,33.700,
9940,9,18,2025-07-04 15:19:17.656+03,266.900,266.900,
9940,10,1,2025-07-04 14:32:09.576+03,,,
9940,10,9,2025-07-04 14:59:32.391+03,745.300,745.300,
9940,10,12,2025-07-04 15:06:33.901+03,51.400,51.400,
9940,10,17,2025-07-04 15:23:58.441+03,477.600,477.600,
9940,12,1,2025-07-04 14:30:09.666+03,,,
9940,12,2,2025-07-04 14:32:48.501+03,53.900,53.900,
9940,12,13,2025-07-04 14:50:22.44+03,27.900,27.900,
9940,12,14,2025-07-04 15:00:41.575+03,534.200,534.200,
9940,12,20,2025-07-04 15:12:22.585+03,33.300,33.300,
9940,14,1,2025-07-04 14:30:26.957+03,,,
9940,14,6,2025-07-04 14:40:35.629+03,38.300,38.300,
9940,14,12,2025-07-04 15:00:07.444+03,487.000,487.000,
9940,14,19,2025-07-04 15:20:19.093+03,369.200,369.200,
9940,15,1,2025-07-04 14:30:03.644+03,,,
9940,15,3,2025-07-04 14:43:18.823+03,575.200,575.200,
9940,15,8,2025-07-04 14:53:30.458+03,35.400,35.400,
9940,15,11,2025-07-04 15:06:13.858+03,442.800,442.800,
9940,15,14,2025-07-04 15:12:32.569+03,33.600,33.600,
9940,15,17,2025-07-04 15:23:02.524+03,314.600,314.600,
9940,16,1,2025-07-04 14:30:53.798+03,,,
9940,16,11,2025-07-04 14:59:56.475+03,435.400,435.400,
9940,16,17,2025-07-04 15:18:01.656+03,296.900,296.900,
9940,17,1,2025-07-04 14:30:06.096+03,,,
9940,17,2,2025-07-04 14:32:37.085+03,50.600,50.600,
9940,17,13,2025-07-04 14:50:12.404+03,27.900,27.900,
9940,17,14,2025-07-04 15:10:54.357+03,1156.300,1156.300,
9940,17,19,2025-07-04 15:19:52.19+03,38.300,38.300,
9940,17,22,2025-07-04 15:26:08.467+03,34.700,34.700,
9940,18,1,2025-07-04 14:32:26.512+03,,,
9940,18,4,2025-07-04 14:38:31.843+03,32.000,32.000,
9940,18,7,2025-07-04 14:45:08.693+03,38.100,38.100,
9940,18,10,2025-07-04 15:02:18.588+03,682.900,682.900,
9940,18,13,2025-07-04 15:13:22.408+03,341.800,341.800,
9940,19,1,2025-07-04 14:31:59.276+03,,,
9940,19,12,2025-07-04 15:00:37.408+03,456.700,456.700,
9940,19,15,2025-07-04 15:06:21.853+03,30.500,30.500,
9940,19,18,2025-07-04 15:16:34.524+03,297.100,297.100,
9940,20,1,2025-07-04 14:30:40.798+03,,,
9940,20,11,2025-07-04 14:59:58.85+03,549.000,549.000,
9940,20,14,2025-07-04 15:07:26.546+03,65.900,65.900,
9940,20,17,2025-07-04 15:21:22.175+03,526.400,526.400,
9940,28,1,2025-07-04 14:31:51.4+03,,,
9940,28,9,2025-07-04 14:54:13.536+03,360.300,360.300,
9940,28,12,2025-07-04 15:00:28.087+03,33.700,33.700,
9940,28,15,2025-07-04 15:13:53.711+03,446.000,446.000,
9940,28,18,2025-07-04 15:20:12.011+03,34.300,34.300,
9940,29,1,2025-07-04 14:31:05.461+03,,,
9940,29,12,2025-07-04 15:01:20.988+03,489.900,489.900,
9940,29,15,2025-07-04 15:07:44.847+03,32.500,32.500,
9940,29,17,2025-07-04 15:16:12.367+03,292.300,292.300,
9940,32,1,2025-07-04 14:30:12.313+03,,,
9940,32,11,2025-07-04 14:54:43.513+03,344.300,344.300,
9940,32,16,2025-07-04 15:10:27.685+03,355.400,355.400,
9940,32,21,2025-07-04 15:24:02.497+03,279.400,279.400,
9941,1,1,2025-07-04 18:03:56.804+03,,,
9941,1,4,2025-07-04 18:10:41.634+03,34.200,34.200,
9941,1,7,2025-07-04 18:29:18.117+03,792.800,792.800,
9941,1,10,2025-07-04 18:35:32.231+03,32.300,32.300,
9941,1,13,2025-07-04 18:46:28.359+03,327.000,327.000,
9941,2,1,2025-07-04 18:01:44.746+03,,,
9941,2,7,2025-07-04 18:23:18.668+03,596.200,596.200,
9941,2,10,2025-07-04 18:28:39.074+03,31.700,31.700,
9941,2,16,2025-07-04 18:46:41.64+03,419.300,419.300,
9941,2,24,2025-07-04 18:59:22.779+03,27.800,27.800,
9941,3,1,2025-07-04 18:01:01.462+03,,,
9941,3,6,2025-07-04 18:11:46.409+03,31.500,31.500,
9941,3,11,2025-07-04 18:32:23.073+03,690.300,690.300,
9941,3,14,2025-07-04 18:42:26.31+03,284.300,284.300,
9941,3,23,2025-07-04 18:56:53.237+03,28.700,28.700,
9941,4,1,2025-07-04 18:01:18.325+03,,,
9941,4,7,2025-07-04 18:23:09.712+03,611.700,611.700,
9941,4,10,2025-07-04 18:34:59.293+03,407.900,407.900,
9941,4,25,2025-07-04 18:58:59.199+03,32.000,32.000,
9941,6,1,2025-07-04 18:00:25.764+03,,,
9941,6,7,2025-07-04 18:13:29.965+03,52.900,52.900,
9941,6,10,2025-07-04 18:32:08.17+03,781.500,781.500,
9941,6,13,2025-07-04 18:38:00.249+03,42.900,42.900,
9941,6,16,2025-07-04 18:44:00.049+03,34.100,34.100,
9941,6,18,2025-07-04 18:52:47.258+03,312.900,312.900,
9941,7,1,2025-07-04 18:00:57.078+03,,,
9941,7,4,2025-07-04 18:08:42.162+03,81.600,81.600,
9941,7,7,2025-07-04 18:22:10.283+03,468.900,468.900,
9941,7,10,2025-07-04 18:33:28.116+03,354.600,354.600,
9941,7,16,2025-07-04 18:43:21.049+03,42.700,42.700,
9941,8,1,2025-07-04 18:01:56.142+03,,,
9941,8,9,2025-07-04 18:29:36.329+03,709.300,709.300,
9941,8,12,2025-07-04 18:36:03.649+03,27.800,27.800,
9941,8,15,2025-07-04 18:48:12.678+03,370.300,370.300,
9941,9,1,2025-07-04 18:01:26.009+03,,,
9941,9,7,2025-07-04 18:14:38.228+03,33.200,33.200,
9941,9,10,2025-07-04 18:25:57.238+03,356.400,356.400,
9941,9,13,2025-07-04 18:32:19.379+03,36.100,36.100,
9941,9,16,2025-07-04 18:42:36.378+03,298.600,298.600,
9941,10,1,2025-07-04 18:01:07.662+03,,,
9941,10,6,2025-07-04 18:11:51.146+03,25.800,25.800,
9941,10,9,2025-07-04 18:31:55.021+03,852.100,852.100,
9941,10,12,2025-07-04 18:38:13.309+03,23.300,23.300,
9941,10,15,2025-07-04 18:48:39.357+03,309.100,309.100,
9941,11,1,2025-07-04 18:01:36.212+03,,,
9941,11,8,2025-07-04 18:16:29.411+03,32.600,32.600,
9941,11,11,2025-07-04 18:32:02.347+03,616.300,616.300,
9941,11,14,2025-07-04 18:39:00.16+03,38.700,38.700,
9941,11,17,2025-07-04 18:50:17.104+03,343.500,343.500,
9941,12,1,2025-07-04 18:00:19.804+03,,,
9941,12,10,2025-07-04 18:23:47.099+03,337.100,337.100,
9941,12,13,2025-07-04 18:36:07.6+03,426.500,426.500,
9941,12,27,2025-07-04 18:58:16.29+03,28.300,28.300,
9941,13,1,2025-07-04 18:00:02.406+03,,,
9941,13,10,2025-07-04 18:23:22.168+03,371.600,371.600,
9941,13,16,2025-07-04 18:41:33.7+03,414.500,414.500,
9941,13,27,2025-07-04 18:59:02.379+03,28.400,28.400,
9941,14,1,2025-07-04 18:01:50.73+03,,,
9941,14,8,2025-07-04 18:22:41.393+03,421.400,421.400,
9941,14,11,2025-07-04 18:35:20.425+03,443.500,443.500,
9941,14,26,2025-07-04 18:59:07.464+03,30.000,30.000,
9941,15,1,2025-07-04 18:00:10.015+03,,,
9941,15,6,2025-07-04 18:10:38.308+03,35.000,35.000,
9941,15,9,2025-07-04 18:23:48.506+03,467.400,467.400,
9941,15,12,2025-07-04 18:31:47.999+03,182.300,182.300,
9941,15,15,2025-07-04 18:38:08.631+03,39.700,39.700,
9941,15,18,2025-07-04 18:49:01.45+03,334.400,334.400,
9941,16,1,2025-07-04 18:00:48.822+03,,,
9941,16,7,2025-07-04 18:15:01.842+03,49.300,49.300,
9941,16,11,2025-07-04 18:26:17.128+03,243.800,243.800,
9941,16,16,2025-07-04 18:42:01.302+03,325.200,325.200,
9941,16,23,2025-07-04 18:53:18.934+03,28.700,28.700,
9941,17,1,2025-07-04 18:00:39.929+03,,,
9941,17,7,2025-07-04 18:13:18.247+03,30.300,30.300,
9941,17,9,2025-07-04 18:23:54.739+03,392.200,392.200,
9941,17,15,2025-07-04 18:44:08.39+03,498.700,498.700,
9941,18,1,2025-07-04 18:02:31.336+03,,,
9941,18,4,2025-07-04 18:09:04.907+03,34.600,34.600,
9941,18,7,2025-07-04 18:22:02.712+03,442.000,442.000,
9941,18,10,2025-07-04 18:29:04.614+03,83.800,83.800,
9941,18,13,2025-07-04 18:40:34.302+03,366.400,366.400,
9941,19,1,2025-07-04 18:00:34.949+03,,,
9941,19,4,2025-07-04 18:06:43.919+03,33.700,33.700,
9941,19,7,2025-07-04 18:12:43.227+03,32.100,32.100,
9941,19,10,2025-07-04 18:26:55.552+03,541.800,541.800,
9941,19,13,2025-07-04 18:32:34.947+03,23.000,23.000,
9941,19,17,2025-07-04 18:46:59.644+03,411.600,411.600,
9941,20,1,2025-07-04 18:00:06.219+03,,,
9941,20,6,2025-07-04 18:10:32.07+03,40.500,40.500,
9941,20,9,2025-07-04 18:17:15.454+03,59.200,59.200,
9941,20,12,2025-07-04 18:27:22.778+03,296.700,296.700,
9941,20,15,2025-07-04 18:34:48.071+03,91.800,91.800,
9941,20,18,2025-07-04 18:47:55.598+03,488.000,488.000,
9941,29,1,2025-07-04 18:00:15.759+03,,,
9941,29,6,2025-07-04 18:11:03.461+03,29.300,29.300,
9941,29,9,2025-07-04 18:22:56.029+03,360.700,360.700,
9941,29,15,2025-07-04 18:40:24.018+03,336.600,336.600,
9942,1,1,2025-07-05 13:51:03.669+03,,,
9942,1,4,2025-07-05 13:57:52.596+03,33.400,33.400,
9942,1,7,2025-07-05 14:04:31.359+03,39.900,39.900,
9942,1,10,2025-07-05 14:17:48.402+03,485.400,485.400,
9942,1,13,2025-07-05 14:32:03.189+03,529.300,529.300,
9942,2,1,2025-07-05 13:50:54.419+03,,,
9942,2,11,2025-07-05 14:14:34.201+03,401.700,401.700,
9942,2,14,2025-07-05 14:24:05.229+03,257.700,257.700,
9942,2,16,2025-07-05 14:31:51.251+03,723.700,723.700,
9942,3,1,2025-07-05 13:49:52.243+03,,,
9942,3,4,2025-07-05 13:56:27.959+03,87.300,87.300,
9942,3,7,2025-07-05 14:02:13.115+03,23.100,23.100,
9942,3,10,2025-07-05 14:18:39.48+03,671.400,671.400,
9942,3,13,2025-07-05 14:25:20.067+03,90.400,90.400,
9942,3,14,2025-07-05 14:31:02.077+03,432.400,432.400,
9942,4,1,2025-07-05 13:51:15.403+03,,,
9942,4,9,2025-07-05 14:06:00.821+03,23.000,23.000,
9942,4,10,2025-07-05 14:20:57.518+03,807.400,807.400,
9942,4,13,2025-07-05 14:31:30.114+03,1439.600,1439.600,
9942,6,1,2025-07-05 13:35:04.408+03,,,
9942,6,7,2025-07-05 14:06:09.416+03,1188.000,1188.000,
9942,6,14,2025-07-05 14:25:18.366+03,426.300,426.300,
9942,6,15,2025-07-05 14:31:07.299+03,775.200,775.200,
9942,7,1,2025-07-05 13:51:42.161+03,,,
9942,7,4,2025-07-05 13:58:08.262+03,23.300,23.300,
9942,7,7,2025-07-05 14:10:54.194+03,426.500,426.500,
9942,7,10,2025-07-05 14:24:07.385+03,471.800,471.800,
9942,7,11,2025-07-05 14:31:56.407+03,940.800,940.800,
9942,8,1,2025-07-05 13:37:19.026+03,,,
9942,8,2,2025-07-05 13:40:02.885+03,33.800,33.800,
9942,8,3,2025-07-05 13:57:38.732+03,933.000,933.000,
9942,8,9,2025-07-05 14:09:57.329+03,67.400,67.400,
9942,8,14,2025-07-05 14:25:10.933+03,373.800,373.800,
9942,8,15,2025-07-05 14:31:19.549+03,742.100,742.100,
9942,9,1,2025-07-05 13:50:59.903+03,,,
9942,9,4,2025-07-05 13:57:20.543+03,31.200,31.200,
9942,9,7,2025-07-05 14:09:15.523+03,403.700,403.700,
9942,9,11,2025-07-05 14:20:50.276+03,272.000,272.000,
9942,9,14,2025-07-05 14:32:43.726+03,412.700,412.700,
9942,10,1,2025-07-05 13:37:15.026+03,,,
9942,10,2,2025-07-05 13:39:46.184+03,29.300,29.300,
9942,10,3,2025-07-05 13:48:39.11+03,408.500,408.500,
9942,10,7,2025-07-05 13:57:13.45+03,52.100,52.100,
9942,10,10,2025-07-05 14:03:31.163+03,41.600,41.600,
9942,10,14,2025-07-05 14:32:10.362+03,1285.100,1285.100,
9942,11,1,2025-07-05 13:51:32.257+03,,,
9942,11,10,2025-07-05 14:18:04.232+03,490.300,490.300,
9942,11,13,2025-07-05 14:32:57.944+03,550.000,550.000,
9942,12,1,2025-07-05 13:51:51.712+03,,,
9942,12,10,2025-07-05 14:18:56.597+03,583.200,583.200,
9942,12,13,2025-07-05 14:24:45.13+03,30.400,30.400,
9942,12,14,2025-07-05 14:31:04.159+03,409.300,409.300,
9942,13,1,2025-07-05 13:43:47.372+03,,,
9942,13,4,2025-07-05 13:51:08.809+03,133.700,133.700,
9942,13,14,2025-07-05 14:17:52.464+03,608.200,608.200,
9942,13,17,2025-07-05 14:24:36.707+03,68.200,68.200,
9942,13,18,2025-07-05 14:31:42.985+03,494.300,494.300,
9942,14,1,2025-07-05 13:55:37.003+03,,,
9942,14,5,2025-07-05 14:03:41.085+03,38.300,38.300,
9942,14,11,2025-07-05 14:21:34.166+03,377.500,377.500,
9942,14,14,2025-07-05 14:32:25.373+03,1028.700,1028.700,
9942,15,1,2025-07-05 13:54:13.888+03,,,
9942,15,9,2025-07-05 14:21:21.265+03,703.100,703.100,
9942,15,12,2025-07-05 14:33:01.53+03,1403.300,1403.300,
9942,16,1,2025-07-05 13:42:20.856+03,,,
9942,16,7,2025-07-05 14:00:48.382+03,369.500,369.500,
9942,16,10,2025-07-05 14:07:34.179+03,40.300,40.300,
9942,16,14,2025-07-05 14:21:06.421+03,404.000,404.000,
9942,16,17,2025-07-05 14:32:59.185+03,1116.700,1116.700,
9942,17,1,2025-07-05 13:51:46.931+03,,,
9942,17,10,2025-07-05 14:13:51.397+03,307.000,307.000,
9942,17,13,2025-07-05 14:22:00.289+03,181.400,181.400,
9942,17,16,2025-07-05 14:32:05.782+03,786.800,786.800,
9942,18,1,2025-07-05 13:51:55.074+03,,,
9942,18,4,2025-07-05 13:59:03.109+03,52.800,52.800,
9942,18,7,2025-07-05 14:10:34.478+03,335.600,335.600,
9942,18,10,2025-07-05 14:23:57.081+03,478.900,478.900,
9942,18,12,2025-07-05 14:31:09.596+03,911.400,911.400,
9942,19,1,2025-07-05 13:51:06.278+03,,,
9942,19,4,2025-07-05 13:57:04.384+03,23.100,23.100,
9942,19,10,2025-07-05 14:15:22.404+03,535.800,535.800,
9942,19,13,2025-07-05 14:24:48.96+03,264.500,264.500,
9942,19,14,2025-07-05 14:32:20.506+03,716.000,716.000,
9942,20,1,2025-07-05 13:54:09.812+03,,,
9942,20,4,2025-07-05 14:00:43.431+03,43.600,43.600,
9942,20,7,2025-07-05 14:07:06.864+03,33.100,33.100,
9942,20,10,2025-07-05 14:21:18.944+03,562.100,562.100,
9942,20,13,2025-07-05 14:33:45.821+03,1309.000,1309.000,
9942,29,1,2025-07-05 13:35:27.445+03,,,
9942,29,4,2025-07-05 13:41:45.168+03,32.100,32.100,
9942,29,7,2025-07-05 13:55:50.102+03,529.000,529.000,
9942,29,13,2025-07-05 14:25:27.241+03,1058.900,1058.900,
9942,29,14,2025-07-05 14:32:38.303+03,1490.000,1490.000,
9943,1,1,2025-07-05 17:03:03.145+03,,,
9943,1,4,2025-07-05 17:21:24.736+03,800.100,800.100,
9943,1,7,2025-07-05 17:35:56.562+03,548.300,548.300,
9943,1,10,2025-07-05 17:45:10.166+03,249.300,249.300,
9943,1,13,2025-07-05 17:58:14.856+03,485.600,485.600,
9943,1,16,2025-07-05 18:07:33.874+03,266.400,266.400,
9943,2,1,2025-07-05 17:03:07.745+03,,,
9943,2,6,2025-07-05 17:21:18.986+03,,,
9943,2,9,2025-07-05 17:37:38.88+03,679.100,679.100,
9943,2,12,2025-07-05 17:45:18.953+03,155.800,155.800,
9943,2,15,2025-07-05 17:58:36.548+03,485.600,485.600,
9943,2,18,2025-07-05 18:06:24.928+03,171.400,171.400,
9943,3,1,2025-07-05 17:00:04.828+03,,,
9943,3,4,2025-07-05 17:07:38.115+03,150.500,150.500,
9943,3,7,2025-07-05 17:21:22.85+03,975.200,975.200,
9943,4,1,2025-07-05 17:04:23.087+03,,,
9943,4,4,2025-07-05 17:23:57.659+03,881.000,881.000,
9943,4,7,2025-07-05 17:37:03.317+03,488.300,488.300,
9943,4,10,2025-07-05 17:46:36.995+03,277.500,277.500,
9943,6,1,2025-07-05 17:00:42.214+03,,,
9943,6,7,2025-07-05 17:25:00.657+03,,,
9943,6,10,2025-07-05 17:37:46.584+03,458.900,458.900,
9943,6,13,2025-07-05 17:46:55.261+03,242.000,242.000,
9943,6,16,2025-07-05 17:59:27.27+03,427.100,427.100,
9943,6,19,2025-07-05 18:07:08.971+03,151.000,151.000,
9943,7,1,2025-07-05 17:03:04.737+03,,,
9943,7,4,2025-07-05 17:22:38.761+03,862.600,862.600,
9943,7,7,2025-07-05 17:37:53.374+03,601.600,601.600,
9943,7,10,2025-07-05 17:47:16.729+03,253.300,253.300,
9943,7,13,2025-07-05 17:58:16.872+03,341.800,341.800,
9943,7,16,2025-07-05 18:06:04.855+03,165.300,165.300,
9943,8,1,2025-07-05 17:03:48.645+03,,,
9943,8,4,2025-07-05 17:36:35.522+03,1653.000,1653.000,
9943,8,7,2025-07-05 17:45:53.914+03,246.500,246.500,
9943,8,10,2025-07-05 17:59:15.026+03,477.300,477.300,
9943,8,13,2025-07-05 18:06:59.871+03,161.800,161.800,
9943,9,1,2025-07-05 17:03:16.474+03,,,
9943,9,6,2025-07-05 17:21:58.212+03,,,
9943,9,10,2025-07-05 17:36:11.822+03,438.800,438.800,
9943,9,13,2025-07-05 17:45:25.852+03,256.900,256.900,
9943,9,16,2025-07-05 17:58:57.011+03,477.100,477.100,
9943,9,19,2025-07-05 18:06:38.08+03,157.900,157.900,
9943,10,1,2025-07-05 17:00:33.468+03,,,
9943,10,4,2025-07-05 17:06:27.453+03,57.200,57.200,
9943,10,7,2025-07-05 17:22:04.304+03,993.400,993.400,
9943,11,1,2025-07-05 17:03:12.769+03,,,
9943,11,5,2025-07-05 17:22:17.327+03,715.400,715.400,
9943,11,8,2025-07-05 17:36:18.124+03,530.900,530.900,
9943,11,11,2025-07-05 17:46:28+03,311.500,311.500,
9943,12,1,2025-07-05 17:01:20.613+03,,,
9943,12,4,2025-07-05 17:10:19.773+03,242.900,242.900,
9943,12,5,2025-07-05 17:21:17.275+03,900.400,900.400,
9943,12,8,2025-07-05 17:36:51.206+03,623.200,623.200,
9943,12,11,2025-07-05 17:45:13.14+03,200.700,200.700,
9943,13,1,2025-07-05 17:00:13.557+03,,,
9943,13,4,2025-07-05 17:07:46.1+03,139.800,139.800,
9943,13,7,2025-07-05 17:21:21.343+03,955.000,955.000,
9943,14,1,2025-07-05 17:04:10.454+03,,,
9943,14,4,2025-07-05 17:24:02.221+03,890.300,890.300,
9943,15,1,2025-07-05 17:04:37.739+03,,,
9943,15,4,2025-07-05 17:22:25.388+03,765.200,765.200,
9943,15,7,2025-07-05 17:37:11.624+03,578.400,578.400,
9943,15,10,2025-07-05 17:46:41.073+03,261.200,261.200,
9943,16,1,2025-07-05 17:03:29.416+03,,,
9943,16,5,2025-07-05 17:21:31.42+03,,,
9943,16,8,2025-07-05 17:36:07.079+03,555.400,555.400,
9943,16,11,2025-07-05 17:45:46.22+03,286.800,286.800,
9943,16,14,2025-07-05 17:59:04.087+03,476.900,476.900,
9943,16,17,2025-07-05 18:06:43.547+03,158.900,158.900,
9943,17,1,2025-07-05 17:04:41.488+03,,,
9943,17,4,2025-07-05 17:24:47.726+03,898.600,898.600,
9943,17,7,2025-07-05 17:36:46.139+03,422.200,422.200,
9943,17,10,2025-07-05 17:45:21.171+03,211.800,211.800,
9943,18,1,2025-07-05 17:04:01.03+03,,,
9943,18,4,2025-07-05 17:22:41.943+03,815.400,815.400,
9943,18,8,2025-07-05 17:38:04.827+03,505.800,505.800,
9943,18,11,2025-07-05 17:47:39.762+03,260.900,260.900,
9943,18,14,2025-07-05 17:58:45.756+03,353.000,353.000,
9943,18,17,2025-07-05 18:06:10.118+03,141.100,141.100,
9943,19,1,2025-07-05 17:03:21.009+03,,,
9943,19,4,2025-07-05 17:09:12.31+03,23.200,23.200,
9943,19,6,2025-07-05 17:21:12.592+03,743.500,743.500,
9943,19,10,2025-07-05 17:36:23.714+03,501.300,501.300,
9943,19,13,2025-07-05 17:46:04.723+03,266.900,266.900,
9943,19,16,2025-07-05 17:58:23.683+03,422.000,422.000,
9943,19,19,2025-07-05 18:06:29.347+03,180.500,180.500,
9943,20,1,2025-07-05 17:04:34.07+03,,,
9943,20,4,2025-07-05 17:22:23.279+03,767.900,767.900,
9943,20,7,2025-07-05 17:37:08.85+03,577.600,577.600,
9943,20,10,2025-07-05 17:45:16.593+03,190.000,190.000,
9943,20,13,2025-07-05 17:58:06.262+03,458.300,458.300,
9943,20,16,2025-07-05 18:06:16.374+03,196.300,196.300,
9943,29,1,2025-07-05 17:00:50.683+03,,,
9947,1,11,2025-07-06 17:25:32.725+03,28.182,28.182,2.200
9947,1,41,2025-07-06 18:24:51.692+03,29.600,29.600,
9947,2,11,2025-07-06 17:25:33.734+03,30.630,30.630,5.100
9947,2,44,2025-07-06 18:28:57.318+03,28.214,28.214,2.400
9947,4,10,2025-07-06 17:24:11.518+03,28.523,28.523,2.500
9947,6,11,2025-07-06 17:25:43.534+03,28.912,28.912,2.400
9947,6,41,2025-07-06 18:24:52.755+03,28.400,28.400,
9947,7,2,2025-07-06 17:08:17.498+03,28.721,28.721,2.300
9947,7,9,2025-07-06 17:22:24.173+03,28.707,28.707,2.200
9947,7,20,2025-07-06 17:47:35.833+03,29.728,29.728,3.100
9947,8,11,2025-07-06 17:25:44.44+03,28.707,28.707,2.800
9947,8,37,2025-07-06 18:18:04.337+03,28.534,28.534,2.500
9947,9,10,2025-07-06 17:24:06.524+03,29.089,29.089,2.800
9947,9,42,2025-07-06 18:26:39.555+03,28.840,28.840,2.600
9947,10,6,2025-07-06 17:16:33.376+03,29.125,29.125,2.700
9947,10,10,2025-07-06 17:23:53.899+03,28.853,28.853,2.600
9947,10,41,2025-07-06 18:24:46.957+03,28.500,28.500,
9947,11,11,2025-07-06 17:25:59.565+03,28.544,28.544,2.100
9947,11,41,2025-07-06 18:25:39.003+03,40.100,40.100,
9947,12,12,2025-07-06 17:27:41.561+03,29.251,29.251,2.500
9947,12,42,2025-07-06 18:26:43.79+03,29.200,29.200,
9947,13,9,2025-07-06 17:22:11.077+03,29.736,29.736,3.700
9947,13,42,2025-07-06 18:26:13.413+03,29.952,29.952,4.600
9947,15,18,2025-07-06 17:42:15.259+03,29.562,29.562,2.700
9947,15,42,2025-07-06 18:26:45.946+03,28.646,28.646,2.500
9947,16,11,2025-07-06 17:25:42.487+03,28.917,28.917,2.300
9947,16,41,2025-07-06 18:24:34.802+03,29.127,29.127,3.100
9947,17,11,2025-07-06 17:25:46.815+03,29.554,29.554,3.200
9947,17,41,2025-07-06 18:25:01.917+03,28.600,28.600,
9947,18,10,2025-07-06 17:23:59.805+03,28.647,28.647,2.400
9947,18,38,2025-07-06 18:19:45.2+03,28.205,28.205,2.300
9947,19,11,2025-07-06 17:25:25.048+03,29.491,29.491,3.100
9947,19,43,2025-07-06 18:27:27.684+03,40.280,40.280,14.600
9947,20,10,2025-07-06 17:24:14.486+03,29.201,29.201,2.800
9947,20,41,2025-07-06 18:25:03.733+03,29.000,29.000,
9948,1,1,2025-06-27 14:31:04.892+03,,,
9948,1,5,2025-06-27 14:38:01.207+03,25.000,25.000,
9948,1,9,2025-06-27 14:44:32+03,23.800,23.800,
9948,1,12,2025-06-27 14:59:10.275+03,623.400,623.400,
9948,1,18,2025-06-27 15:17:07.452+03,519.900,519.900,
9948,3,1,2025-06-27 14:31:49.896+03,,,
9948,3,7,2025-06-27 14:40:39.424+03,29.800,29.800,
9948,3,12,2025-06-27 14:57:03.01+03,554.200,554.200,
9948,3,15,2025-06-27 15:01:43.867+03,28.800,28.800,
9948,3,18,2025-06-27 15:06:35.349+03,26.800,26.800,
9948,3,21,2025-06-27 15:15:27.536+03,282.900,282.900,
9948,4,1,2025-06-27 14:31:34.349+03,,,
9948,4,15,2025-06-27 14:59:58.388+03,496.200,496.200,
9948,4,19,2025-06-27 15:08:41.411+03,151.200,151.200,
9948,4,22,2025-06-27 15:17:55.038+03,315.600,315.600,
9948,4,31,2025-06-27 15:28:51.218+03,16.100,16.100,
9948,6,1,2025-06-27 14:30:32.786+03,,,
9948,6,13,2025-06-27 14:49:39.899+03,25.800,25.800,
9948,6,15,2025-06-27 15:00:19.816+03,490.300,490.300,
9948,6,23,2025-06-27 15:18:52.458+03,379.000,379.000,
9948,7,1,2025-06-27 14:30:16.011+03,,,
9948,7,4,2025-06-27 14:35:22.054+03,26.400,26.400,
9948,7,7,2025-06-27 14:40:40.549+03,27.400,27.400,
9948,7,10,2025-06-27 14:52:52.751+03,467.400,467.400,
9948,7,13,2025-06-27 14:58:46.831+03,71.600,71.600,
9948,7,16,2025-06-27 15:08:44.252+03,315.700,315.700,
9948,7,30,2025-06-27 15:26:03.259+03,21.900,21.900,
9948,8,1,2025-06-27 14:30:56.029+03,,,
9948,8,14,2025-06-27 14:59:43.947+03,575.600,575.600,
9948,8,19,2025-06-27 15:16:30.263+03,525.900,525.900,
9948,10,1,2025-06-27 14:30:45.341+03,,,
9948,10,12,2025-06-27 14:59:36.603+03,715.600,715.600,
9948,10,19,2025-06-27 15:16:48.41+03,383.500,383.500,
9948,11,1,2025-06-27 14:30:38.664+03,,,
9948,11,6,2025-06-27 14:39:04.977+03,27.100,27.100,
9948,11,9,2025-06-27 14:44:18.815+03,26.800,26.800,
9948,11,13,2025-06-27 15:00:47.67+03,630.400,630.400,
9948,11,16,2025-06-27 15:05:56.68+03,28.200,28.200,
9948,11,19,2025-06-27 15:18:33.473+03,501.600,501.600,
9948,12,1,2025-06-27 14:30:58.411+03,,,
9948,12,15,2025-06-27 14:59:50.302+03,419.900,419.900,
9948,12,18,2025-06-27 15:04:32.76+03,16.400,16.400,
9948,12,21,2025-06-27 15:09:29.963+03,16.200,16.200,
9948,12,24,2025-06-27 15:19:14.254+03,341.300,341.300,
9948,13,1,2025-06-27 14:30:24.339+03,,,
9948,13,8,2025-06-27 14:41:09.981+03,27.400,27.400,
9948,13,11,2025-06-27 14:56:53.047+03,685.600,685.600,
9948,13,14,2025-06-27 15:01:27.601+03,16.300,16.300,
9948,13,18,2025-06-27 15:14:32.322+03,434.600,434.600,
9948,13,30,2025-06-27 15:29:19.368+03,21.300,21.300,
9948,14,1,2025-06-27 14:31:02.361+03,,,
9948,14,10,2025-06-27 14:45:48.059+03,37.400,37.400,
9948,14,16,2025-06-27 15:00:30.543+03,336.000,336.000,
9948,14,22,2025-06-27 15:15:53.043+03,382.800,382.800,
9948,14,23,2025-06-27 15:17:36.635+03,29.900,29.900,
9948,14,32,2025-06-27 15:28:58.681+03,47.600,47.600,
9948,15,1,2025-06-27 14:30:09.667+03,,,
9948,15,9,2025-06-27 14:43:07.977+03,31.300,31.300,
9948,15,14,2025-06-27 15:02:30.341+03,731.600,731.600,
9948,15,17,2025-06-27 15:07:39.53+03,25.400,25.400,
9948,15,23,2025-06-27 15:21:09.772+03,256.100,256.100,
9948,16,1,2025-06-27 14:30:02.358+03,,,
9948,16,5,2025-06-27 14:45:55.882+03,615.400,615.400,
9948,16,8,2025-06-27 14:57:54.902+03,471.400,471.400,
9948,16,11,2025-06-27 15:08:31.833+03,387.300,387.300,
9948,16,14,2025-06-27 15:17:13.171+03,300.200,300.200,
9948,16,17,2025-06-27 15:27:36.772+03,359.300,359.300,
9948,17,1,2025-06-27 14:32:56.045+03,,,
9948,17,8,2025-06-27 14:43:52.282+03,26.600,26.600,
9948,17,11,2025-06-27 14:48:54.699+03,26.700,26.700,
9948,17,14,2025-06-27 14:59:55.603+03,415.200,415.200,
9948,17,20,2025-06-27 15:10:07.252+03,24.200,24.200,
9948,17,23,2025-06-27 15:19:25.645+03,322.700,322.700,
9948,18,1,2025-06-27 14:32:35.585+03,,,
9948,18,9,2025-06-27 14:51:25.052+03,411.800,411.800,
9948,18,12,2025-06-27 14:57:04.566+03,65.700,65.700,
9948,18,15,2025-06-27 15:08:29.098+03,433.000,433.000,
9948,18,28,2025-06-27 15:24:20.637+03,39.000,39.000,
9948,19,1,2025-06-27 14:30:53.787+03,,,
9948,19,9,2025-06-27 14:51:31.708+03,517.400,517.400,
9948,19,14,2025-06-27 15:03:05.537+03,274.900,274.900,
9948,19,20,2025-06-27 15:16:12.472+03,278.300,278.300,
9948,20,1,2025-06-27 14:33:18.64+03,,,
9948,20,9,2025-06-27 14:46:29.811+03,35.600,35.600,
9948,20,13,2025-06-27 14:57:46.472+03,333.400,333.400,
9948,20,16,2025-06-27 15:03:27.009+03,66.600,66.600,
9948,20,19,2025-06-27 15:18:26.638+03,643.900,643.900,
9948,23,1,2025-06-27 14:30:12.276+03,,,
9948,23,13,2025-06-27 15:01:21.195+03,866.400,866.400,
9948,23,23,2025-06-27 15:20:36.802+03,333.600,333.600,
9948,29,1,2025-06-27 14:30:20.136+03,,,
9948,29,15,2025-06-27 14:51:35.099+03,29.400,29.400,
9948,29,17,2025-06-27 15:04:19.624+03,604.200,604.200,
9948,29,20,2025-06-27 15:09:09.619+03,25.500,25.500,
9948,29,23,2025-06-27 15:19:21.833+03,372.900,372.900,
9948,39,1,2025-06-27 14:30:04.779+03,,,
9948,39,3,2025-06-27 14:34:02.459+03,35.400,35.400,
9948,39,5,2025-06-27 14:43:48.482+03,373.600,373.600,
9948,39,7,2025-06-27 14:56:21.319+03,571.700,571.700,
9948,39,14,2025-06-27 15:05:51.8+03,22.500,22.500,
9948,39,20,2025-06-27 15:19:30.333+03,361.600,361.600,
9948,39,25,2025-06-27 15:26:15.904+03,32.300,32.300,
9949,1,1,2025-06-27 18:12:33.181+03,,,
9949,1,7,2025-06-27 18:32:40.229+03,653.800,653.800,
9949,1,13,2025-06-27 18:48:19.174+03,399.500,399.500,
9949,1,20,2025-06-27 18:56:59.759+03,21.800,21.800,
9949,2,1,2025-06-27 18:01:46.543+03,,,
9949,2,9,2025-06-27 18:13:38.609+03,28.500,28.500,
9949,2,12,2025-06-27 18:26:13.053+03,512.500,512.500,
9949,2,19,2025-06-27 18:43:08.074+03,414.300,414.300,
9949,2,33,2025-06-27 18:59:54.162+03,25.500,25.500,
9949,3,1,2025-06-27 18:01:04.166+03,,,
9949,3,4,2025-06-27 18:06:00.257+03,26.900,26.900,
9949,3,7,2025-06-27 18:10:58.047+03,27.400,27.400,
9949,3,10,2025-06-27 18:15:27.999+03,16.200,16.200,
9949,3,13,2025-06-27 18:34:12.455+03,875.400,875.400,
9949,3,16,2025-06-27 18:38:42.098+03,16.200,16.200,
9949,3,19,2025-06-27 18:46:54.912+03,261.300,261.300,
9949,3,29,2025-06-27 18:59:02.927+03,22.100,22.100,
9949,4,1,2025-06-27 18:01:33.381+03,,,
9949,4,10,2025-06-27 18:21:41.666+03,424.200,424.200,
9949,4,12,2025-06-27 18:28:35.811+03,245.500,245.500,
9949,4,15,2025-06-27 18:38:40.613+03,356.700,356.700,
9949,4,32,2025-06-27 18:59:07.349+03,21.900,21.900,
9949,6,1,2025-06-27 18:00:29.661+03,,,
9949,6,12,2025-06-27 18:25:08.541+03,492.400,492.400,
9949,6,15,2025-06-27 18:30:30.226+03,20.500,20.500,
9949,6,18,2025-06-27 18:40:12.557+03,327.100,327.100,
9949,7,1,2025-06-27 18:01:10.401+03,,,
9949,7,4,2025-06-27 18:07:21.82+03,87.100,87.100,
9949,7,6,2025-06-27 18:10:51.469+03,16.200,16.200,
9949,7,8,2025-06-27 18:19:17.177+03,320.900,320.900,
9949,7,11,2025-06-27 18:25:05.392+03,77.000,77.000,
9949,7,14,2025-06-27 18:36:56.277+03,453.200,453.200,
9949,7,32,2025-06-27 18:58:36.259+03,24.200,24.200,
9949,8,1,2025-06-27 18:01:00.385+03,,,
9949,8,10,2025-06-27 18:25:55.771+03,683.300,683.300,
9949,8,13,2025-06-27 18:31:59.258+03,117.300,117.300,
9949,8,16,2025-06-27 18:43:10.315+03,429.800,429.800,
9949,8,29,2025-06-27 18:58:59.409+03,23.900,23.900,
9949,9,1,2025-06-27 18:05:10.743+03,,,
9949,9,8,2025-06-27 18:16:17.95+03,18.200,18.200,
9949,9,13,2025-06-27 18:32:02.196+03,527.200,527.200,
9949,9,19,2025-06-27 18:45:49.059+03,313.500,313.500,
9949,10,1,2025-06-27 18:00:53.544+03,,,
9949,10,7,2025-06-27 18:11:10.5+03,68.600,68.600,
9949,10,12,2025-06-27 18:26:16.725+03,498.300,498.300,
9949,10,15,2025-06-27 18:33:49.034+03,181.300,181.300,
9949,10,18,2025-06-27 18:39:33.997+03,71.200,71.200,
9949,10,20,2025-06-27 18:47:37.698+03,316.100,316.100,
9949,11,1,2025-06-27 18:08:34.034+03,,,
9949,11,7,2025-06-27 18:18:39.42+03,28.600,28.600,
9949,11,10,2025-06-27 18:28:24.985+03,335.300,335.300,
9949,11,13,2025-06-27 18:33:35.409+03,35.200,35.200,
9949,11,16,2025-06-27 18:44:24.005+03,385.400,385.400,
9949,12,1,2025-06-27 18:00:42.322+03,,,
9949,12,10,2025-06-27 18:19:40.265+03,321.500,321.500,
9949,12,14,2025-06-27 18:26:05.506+03,25.000,25.000,
9949,12,18,2025-06-27 18:39:30.543+03,438.800,438.800,
9949,12,19,2025-06-27 18:41:06.675+03,27.600,27.600,
9949,13,1,2025-06-27 18:00:20.771+03,,,
9949,13,7,2025-06-27 18:09:52.172+03,27.800,27.800,
9949,13,10,2025-06-27 18:21:05.383+03,409.500,409.500,
9949,13,13,2025-06-27 18:25:44.821+03,19.400,19.400,
9949,13,17,2025-06-27 18:39:24.262+03,472.900,472.900,
9949,13,33,2025-06-27 18:58:35.311+03,21.600,21.600,
9949,14,1,2025-06-27 18:01:52.555+03,,,
9949,14,2,2025-06-27 18:13:45.485+03,584.200,584.200,
9949,14,7,2025-06-27 18:21:26.943+03,29.400,29.400,
9949,14,11,2025-06-27 18:31:40.839+03,290.000,290.000,
9949,14,14,2025-06-27 18:41:40.347+03,359.100,359.100,
9949,15,1,2025-06-27 18:00:12.221+03,,,
9949,15,6,2025-06-27 18:08:39.149+03,31.400,31.400,
9949,15,11,2025-06-27 18:25:01.582+03,540.800,540.800,
9949,15,17,2025-06-27 18:34:52.737+03,26.000,26.000,
9949,15,20,2025-06-27 18:47:34.323+03,513.700,513.700,
9949,15,21,2025-06-27 18:50:19.903+03,92.600,92.600,
9949,16,1,2025-06-27 18:02:52.141+03,,,
9949,16,12,2025-06-27 18:25:17.089+03,344.800,344.800,
9949,16,15,2025-06-27 18:30:37.117+03,25.500,25.500,
9949,16,20,2025-06-27 18:44:32.583+03,368.900,368.900,
9949,16,29,2025-06-27 18:55:44.852+03,21.400,21.400,
9949,17,1,2025-06-27 18:00:35.421+03,,,
9949,17,8,2025-06-27 18:11:29.355+03,24.000,24.000,
9949,17,11,2025-06-27 18:21:30.231+03,357.100,357.100,
9949,17,14,2025-06-27 18:26:38.319+03,21.300,21.300,
9949,17,17,2025-06-27 18:31:48.921+03,19.000,19.000,
9949,17,20,2025-06-27 18:41:50.894+03,359.100,359.100,
9949,17,34,2025-06-27 18:58:48.112+03,21.600,21.600,
9949,18,1,2025-06-27 18:02:45.212+03,,,
9949,18,4,2025-06-27 18:07:50.535+03,35.300,35.300,
9949,18,7,2025-06-27 18:17:40.403+03,341.100,341.100,
9949,18,10,2025-06-27 18:23:24.602+03,82.800,82.800,
9949,18,13,2025-06-27 18:36:49.59+03,560.300,560.300,
9949,18,30,2025-06-27 18:57:10.978+03,23.700,23.700,
9949,19,1,2025-06-27 18:00:37.855+03,,,
9949,19,8,2025-06-27 18:11:32.902+03,25.100,25.100,
9949,19,11,2025-06-27 18:25:22.665+03,568.200,568.200,
9949,19,17,2025-06-27 18:34:29.705+03,16.200,16.200,
9949,19,20,2025-06-27 18:43:31.237+03,303.500,303.500,
9949,19,33,2025-06-27 18:59:29.459+03,21.500,21.500,
9949,20,1,2025-06-27 18:00:27.677+03,,,
9949,20,9,2025-06-27 18:14:14.074+03,73.600,73.600,
9949,20,12,2025-06-27 18:25:25.727+03,426.400,426.400,
9949,20,15,2025-06-27 18:31:01.492+03,48.300,48.300,
9949,20,18,2025-06-27 18:36:39.383+03,65.300,65.300,
9949,20,20,2025-06-27 18:44:35.77+03,308.300,308.300,
9949,29,1,2025-06-27 18:00:08.918+03,,,
9949,29,4,2025-06-27 18:04:56.691+03,17.400,17.400,
9949,29,7,2025-06-27 18:10:19.027+03,25.800,25.800,
9949,29,10,2025-06-27 18:24:56.957+03,605.600,605.600,
9949,29,13,2025-06-27 18:30:00.998+03,29.500,29.500,
9949,29,16,2025-06-27 18:39:58.041+03,328.100,328.100,
9950,1,1,2025-06-28 13:34:21.996+03,,,
9950,1,10,2025-06-28 13:54:32.886+03,418.300,418.300,
9950,1,21,2025-06-28 14:19:49.07+03,744.300,744.300,
9950,2,1,2025-06-28 13:44:15.186+03,,,
9950,2,10,2025-06-28 14:06:47.788+03,530.000,530.000,
9950,2,16,2025-06-28 14:19:17.208+03,219.800,219.800,
9950,2,19,2025-06-28 14:29:11.616+03,308.000,308.000,
9950,3,1,2025-06-28 13:47:40.094+03,,,
9950,3,4,2025-06-28 13:52:11.129+03,16.300,16.300,
9950,3,7,2025-06-28 13:58:10.533+03,100.500,100.500,
9950,3,10,2025-06-28 14:13:27.564+03,683.000,683.000,
9950,3,13,2025-06-28 14:18:53.681+03,85.400,85.400,
9950,3,16,2025-06-28 14:29:02.081+03,364.300,364.300,
9950,4,1,2025-06-28 13:46:49.013+03,,,
9950,4,7,2025-06-28 13:59:24.162+03,241.700,241.700,
9950,4,13,2025-06-28 14:12:03.504+03,262.200,262.200,
9950,4,16,2025-06-28 14:28:59.581+03,769.100,769.100,
9950,6,1,2025-06-28 13:39:01.809+03,,,
9950,6,4,2025-06-28 13:43:54.895+03,26.000,26.000,
9950,6,7,2025-06-28 13:49:15.121+03,35.200,35.200,
9950,6,10,2025-06-28 14:01:34.73+03,487.700,487.700,
9950,6,20,2025-06-28 14:22:05.405+03,526.000,526.000,
9950,6,23,2025-06-28 14:27:52.297+03,62.500,62.500,
9950,7,1,2025-06-28 13:51:40.371+03,,,
9950,7,4,2025-06-28 13:57:37.627+03,88.600,88.600,
9950,7,7,2025-06-28 14:06:53.337+03,310.000,310.000,
9950,7,10,2025-06-28 14:19:33.285+03,503.400,503.400,
9950,7,13,2025-06-28 14:24:17.993+03,25.600,25.600,
9950,7,16,2025-06-28 14:29:50.692+03,93.200,93.200,
9950,8,1,2025-06-28 13:33:59.346+03,,,
9950,8,2,2025-06-28 13:36:00.038+03,27.500,27.500,
9950,8,3,2025-06-28 13:44:30.062+03,413.000,413.000,
9950,8,13,2025-06-28 14:08:45.305+03,578.200,578.200,
9950,8,16,2025-06-28 14:21:44.682+03,543.400,543.400,
9950,8,19,2025-06-28 14:27:38.926+03,102.500,102.500,
9950,9,1,2025-06-28 13:47:47.891+03,,,
9950,9,4,2025-06-28 13:52:50.223+03,22.400,22.400,
9950,9,7,2025-06-28 13:59:56.973+03,160.800,160.800,
9950,9,10,2025-06-28 14:04:44.539+03,22.600,22.600,
9950,9,13,2025-06-28 14:19:09.593+03,592.900,592.900,
9950,9,16,2025-06-28 14:27:13.932+03,246.100,246.100,
9950,10,1,2025-06-28 13:33:47.846+03,,,
9950,10,2,2025-06-28 13:35:44.991+03,22.300,22.300,
9950,10,3,2025-06-28 13:44:58.211+03,456.500,456.500,
9950,10,14,2025-06-28 14:12:33.442+03,642.000,642.000,
9950,10,17,2025-06-28 14:28:25.743+03,684.200,684.200,
9950,11,1,2025-06-28 13:42:34.333+03,,,
9950,11,7,2025-06-28 14:00:05.567+03,449.200,449.200,
9950,11,10,2025-06-28 14:14:35.39+03,612.100,612.100,
9950,11,13,2025-06-28 14:24:30.274+03,321.100,321.100,
9950,11,15,2025-06-28 14:28:39.24+03,29.900,29.900,
9950,12,1,2025-06-28 13:49:59.416+03,,,
9950,12,8,2025-06-28 14:01:22.543+03,16.200,16.200,
9950,12,11,2025-06-28 14:11:50.035+03,375.000,375.000,
9950,12,14,2025-06-28 14:16:28.752+03,24.400,24.400,
9950,12,17,2025-06-28 14:21:05.193+03,24.500,24.500,
9950,12,20,2025-06-28 14:29:15.024+03,248.800,248.800,
9950,13,1,2025-06-28 13:44:34.155+03,,,
9950,13,4,2025-06-28 13:49:20.401+03,27.400,27.400,
9950,13,7,2025-06-28 13:54:35.535+03,47.900,47.900,
9950,13,10,2025-06-28 14:11:08.176+03,753.400,753.400,
9950,13,13,2025-06-28 14:16:45.533+03,72.400,72.400,
9950,13,16,2025-06-28 14:29:07.77+03,490.000,490.000,
9950,14,1,2025-06-28 13:47:16.125+03,,,
9950,14,7,2025-06-28 14:04:49.102+03,535.900,535.900,
9950,14,10,2025-06-28 14:16:10.252+03,433.300,433.300,
9950,14,13,2025-06-28 14:23:32.383+03,204.200,204.200,
9950,15,1,2025-06-28 13:41:55.933+03,,,
9950,15,7,2025-06-28 13:51:50.247+03,29.000,29.000,
9950,15,10,2025-06-28 14:12:14.129+03,948.600,948.600,
9950,15,13,2025-06-28 14:17:22.929+03,31.300,31.300,
9950,15,16,2025-06-28 14:23:06.642+03,49.300,49.300,
9950,15,19,2025-06-28 14:29:42.036+03,149.900,149.900,
9950,16,1,2025-06-28 13:42:42.501+03,,,
9950,16,10,2025-06-28 14:03:44.868+03,419.000,419.000,
9950,16,17,2025-06-28 14:19:29.766+03,282.800,282.800,
9950,16,20,2025-06-28 14:27:36.966+03,194.200,194.200,
9950,17,1,2025-06-28 13:49:36.235+03,,,
9950,17,4,2025-06-28 13:54:27.513+03,16.200,16.200,
9950,17,10,2025-06-28 14:11:53.035+03,520.900,520.900,
9950,17,13,2025-06-28 14:19:38.57+03,230.100,230.100,
9950,17,16,2025-06-28 14:24:38.18+03,24.400,24.400,
9950,18,1,2025-06-28 13:51:32.797+03,,,
9950,18,4,2025-06-28 13:56:55.945+03,51.600,51.600,
9950,18,7,2025-06-28 14:06:50.662+03,348.800,348.800,
9950,18,10,2025-06-28 14:19:19.692+03,506.100,506.100,
9950,18,13,2025-06-28 14:23:47.289+03,24.000,24.000,
9950,19,1,2025-06-28 13:46:14.762+03,,,
9950,19,4,2025-06-28 13:50:42.391+03,16.200,16.200,
9950,19,8,2025-06-28 14:03:57.212+03,446.000,446.000,
9950,19,11,2025-06-28 14:14:56.986+03,414.700,414.700,
9950,19,15,2025-06-28 14:20:38.37+03,16.200,16.200,
9950,19,18,2025-06-28 14:29:03.534+03,247.800,247.800,
9950,20,1,2025-06-28 13:42:17.005+03,,,
9950,20,4,2025-06-28 13:47:49.188+03,58.900,58.900,
9950,20,7,2025-06-28 13:52:53.754+03,20.500,20.500,
9950,20,10,2025-06-28 14:12:27.973+03,911.000,911.000,
9950,20,13,2025-06-28 14:18:25.534+03,87.800,87.800,
9950,20,16,2025-06-28 14:24:09.836+03,63.400,63.400,
9950,20,19,2025-06-28 14:29:52.723+03,101.500,101.500,
9950,29,1,2025-06-28 13:37:00.167+03,,,
9950,29,4,2025-06-28 13:41:50.235+03,24.600,24.600,
9950,29,7,2025-06-28 13:46:52.948+03,25.800,25.800,
9950,29,11,2025-06-28 14:02:04.836+03,556.600,556.600,
9950,29,20,2025-06-28 14:22:09.53+03,387.500,387.500,
9950,29,23,2025-06-28 14:27:24.744+03,18.400,18.400,
9951,1,1,2025-06-28 17:09:21.503+03,,,
9951,1,4,2025-06-28 17:19:51.204+03,392.300,392.300,
9951,1,7,2025-06-28 17:34:29.678+03,635.000,635.000,
9951,1,10,2025-06-28 17:49:18.705+03,647.900,647.900,
9951,1,13,2025-06-28 18:04:03.732+03,644.000,644.000,
9951,1,16,2025-06-28 18:10:06.85+03,132.000,132.000,
9951,2,1,2025-06-28 17:09:26.761+03,,,
9951,2,4,2025-06-28 17:18:29.797+03,300.300,300.300,
9951,2,7,2025-06-28 17:35:18.45+03,771.100,771.100,
9951,2,10,2025-06-28 17:49:27.88+03,1620.500,1620.500,
9951,2,13,2025-06-28 18:03:44.092+03,617.100,617.100,
9951,2,16,2025-06-28 18:10:53.305+03,190.800,190.800,
9951,3,1,2025-06-28 17:07:58.678+03,,,
9951,3,4,2025-06-28 17:14:35.476+03,158.500,158.500,
9951,3,7,2025-06-28 17:20:37.128+03,126.600,126.600,
9951,3,10,2025-06-28 17:33:48.616+03,543.300,543.300,
9951,3,13,2025-06-28 17:49:04.029+03,675.500,675.500,
9951,3,16,2025-06-28 18:04:17.826+03,676.500,676.500,
9951,3,19,2025-06-28 18:11:07.259+03,176.100,176.100,
9951,4,1,2025-06-28 17:10:11.217+03,,,
9951,4,4,2025-06-28 17:20:26.894+03,374.400,374.400,
9951,4,7,2025-06-28 17:33:39.376+03,547.400,547.400,
9951,4,10,2025-06-28 17:48:54.027+03,675.400,675.400,
9951,6,1,2025-06-28 17:06:21.746+03,,,
9951,6,4,2025-06-28 17:12:57.838+03,158.700,158.700,
9951,6,7,2025-06-28 17:20:02.206+03,186.100,186.100,
9951,6,10,2025-06-28 17:33:58.041+03,577.600,577.600,
9951,6,13,2025-06-28 17:50:35.119+03,744.000,744.000,
9951,6,16,2025-06-28 18:03:20.857+03,507.400,507.400,
9951,6,19,2025-06-28 18:10:02.522+03,161.800,161.800,
9951,7,1,2025-06-28 17:10:31.248+03,,,
9951,7,4,2025-06-28 17:20:42.333+03,357.600,357.600,
9951,7,7,2025-06-28 17:34:38.785+03,584.500,584.500,
9951,7,10,2025-06-28 17:49:58.727+03,668.600,668.600,
9951,7,13,2025-06-28 18:03:23.779+03,551.700,551.700,
9951,7,16,2025-06-28 18:11:16.227+03,230.400,230.400,
9951,8,1,2025-06-28 17:05:36.848+03,,,
9951,8,3,2025-06-28 17:10:59.436+03,155.400,155.400,
9951,8,6,2025-06-28 17:19:18.408+03,245.500,245.500,
9951,8,9,2025-06-28 17:34:33.222+03,653.200,653.200,
9951,8,12,2025-06-28 17:49:54.885+03,680.900,680.900,
9951,9,1,2025-06-28 17:09:36.714+03,,,
9951,9,4,2025-06-28 17:18:47.546+03,303.200,303.200,
9951,9,7,2025-06-28 17:30:03.712+03,420.700,420.700,
9951,9,10,2025-06-28 17:35:34.128+03,108.600,108.600,
9951,9,13,2025-06-28 17:50:21.385+03,995.500,995.500,
9951,9,16,2025-06-28 18:04:09.998+03,580.200,580.200,
9951,9,19,2025-06-28 18:10:36.288+03,154.900,154.900,
9951,10,1,2025-06-28 17:05:32.895+03,,,
9951,10,4,2025-06-28 17:12:00.441+03,144.300,144.300,
9951,10,7,2025-06-28 17:19:03.535+03,183.700,183.700,
9951,11,1,2025-06-28 17:09:51.358+03,,,
9951,11,4,2025-06-28 17:19:31.353+03,322.400,322.400,
9951,12,1,2025-06-28 17:05:29.957+03,,,
9951,12,4,2025-06-28 17:10:51.077+03,80.600,80.600,
9951,12,7,2025-06-28 17:15:47.901+03,36.700,36.700,
9951,12,10,2025-06-28 17:21:18.708+03,97.500,97.500,
9951,12,11,2025-06-28 17:30:29.016+03,462.700,462.700,
9951,12,14,2025-06-28 17:37:19.877+03,192.500,192.500,
9951,12,16,2025-06-28 17:51:02.76+03,1015.300,1015.300,
9951,13,1,2025-06-28 17:07:54.428+03,,,
9951,13,4,2025-06-28 17:14:30.837+03,161.000,161.000,
9951,13,7,2025-06-28 17:19:55.422+03,97.600,97.600,
9951,14,1,2025-06-28 17:10:26.858+03,,,
9951,14,4,2025-06-28 17:18:39.469+03,257.300,257.300,
9951,14,7,2025-06-28 17:33:44.229+03,659.500,659.500,
9951,14,10,2025-06-28 17:49:44.328+03,721.500,721.500,
9951,14,13,2025-06-28 18:05:01.514+03,672.800,672.800,
9951,14,15,2025-06-28 18:10:19.506+03,163.100,163.100,
9951,15,1,2025-06-28 17:05:43.704+03,,,
9951,15,4,2025-06-28 17:11:44.259+03,98.000,98.000,
9951,15,7,2025-06-28 17:18:41.485+03,176.700,176.700,
9951,16,1,2025-06-28 17:09:46.03+03,,,
9951,16,4,2025-06-28 17:18:52.216+03,291.100,291.100,
9951,16,7,2025-06-28 17:30:08.751+03,414.500,414.500,
9951,16,10,2025-06-28 17:35:37.701+03,106.100,106.100,
9951,16,13,2025-06-28 17:50:30.635+03,999.000,999.000,
9951,16,16,2025-06-28 18:04:21.686+03,586.100,586.100,
9951,16,19,2025-06-28 18:10:56.618+03,147.100,147.100,
9951,17,1,2025-06-28 17:05:39.805+03,,,
9951,17,4,2025-06-28 17:10:44.358+03,39.700,39.700,
9951,17,7,2025-06-28 17:15:26.432+03,27.200,27.200,
9951,17,10,2025-06-28 17:20:55.919+03,84.900,84.900,
9951,18,1,2025-06-28 17:10:41.592+03,,,
9951,18,4,2025-06-28 17:20:49.522+03,358.100,358.100,
9951,18,7,2025-06-28 17:34:50.519+03,592.700,592.700,
9951,18,10,2025-06-28 17:50:12.269+03,678.300,678.300,
9951,18,13,2025-06-28 18:04:40.764+03,621.800,621.800,
9951,18,16,2025-06-28 18:10:33.225+03,122.100,122.100,
9951,19,1,2025-06-28 17:09:31.968+03,,,
9951,19,6,2025-06-28 17:18:44.344+03,126.800,126.800,
9951,19,9,2025-06-28 17:34:59.66+03,720.600,720.600,
9951,19,12,2025-06-28 17:49:35.803+03,626.400,626.400,
9951,19,15,2025-06-28 18:03:27.014+03,582.400,582.400,
9951,19,18,2025-06-28 18:10:58.399+03,199.300,199.300,
9951,20,1,2025-06-28 17:05:48.928+03,,,
9951,20,4,2025-06-28 17:11:47.744+03,97.900,97.900,
9951,20,7,2025-06-28 17:18:59.579+03,193.000,193.000,
9951,20,10,2025-06-28 17:33:51.317+03,631.300,631.300,
9951,20,13,2025-06-28 17:48:56.045+03,665.800,665.800,
9951,29,1,2025-06-28 17:06:25.293+03,,,
9951,29,4,2025-06-28 17:13:00.697+03,158.800,158.800,
9951,29,7,2025-06-28 17:20:07.644+03,189.300,189.300,
9951,29,10,2025-06-28 17:34:01.743+03,579.700,579.700,
9951,29,13,2025-06-28 17:50:44.385+03,750.900,750.900,
9955,2,20,2025-06-29 16:43:35.564+03,22.131,22.131,3.100
9955,2,52,2025-06-29 17:21:10.318+03,21.427,21.427,2.500
9955,3,21,2025-06-29 16:45:08.63+03,21.676,21.676,2.400
9955,3,49,2025-06-29 17:18:32.536+03,21.286,21.286,2.200
9955,4,2,2025-06-29 16:21:58.785+03,21.297,21.297,2.200
9955,4,28,2025-06-29 16:53:45.441+03,21.680,21.680,2.700
9955,6,12,2025-06-29 16:34:25.507+03,21.959,21.959,3.000
9955,6,38,2025-06-29 17:05:48.294+03,22.105,22.105,2.700
9955,8,33,2025-06-29 16:59:35.606+03,21.865,21.865,2.800
9955,9,25,2025-06-29 16:49:38.562+03,21.308,21.308,2.300
9955,9,49,2025-06-29 17:17:56.986+03,21.536,21.536,2.400
9955,10,26,2025-06-29 16:51:27.716+03,22.907,22.907,3.600
9955,10,53,2025-06-29 17:23:47.998+03,21.763,21.763,2.500
9955,11,18,2025-06-29 16:41:42.896+03,21.492,21.492,2.400
9955,11,30,2025-06-29 16:56:28.687+03,30.000,30.000,10.600
9955,11,60,2025-06-29 17:32:24.688+03,32.643,32.643,13.600
9955,12,13,2025-06-29 16:35:33.152+03,21.210,21.210,2.500
9955,13,12,2025-06-29 16:34:29.788+03,21.236,21.236,2.300
9955,13,42,2025-06-29 17:10:20.552+03,21.045,21.045,2.300
9955,14,32,2025-06-29 16:58:21.124+03,21.434,21.434,2.200
9955,15,19,2025-06-29 16:42:53.542+03,23.188,23.188,3.900
9955,15,50,2025-06-29 17:19:50.397+03,22.284,22.284,3.000
9955,16,26,2025-06-29 16:50:52.763+03,21.287,21.287,2.200
9955,16,50,2025-06-29 17:19:16.051+03,21.158,21.158,2.200
9955,18,18,2025-06-29 16:41:30.636+03,21.344,21.344,2.400
9955,18,45,2025-06-29 17:13:44.466+03,21.854,21.854,2.900
9955,19,24,2025-06-29 16:48:21.332+03,22.599,22.599,3.400
9955,19,53,2025-06-29 17:22:22.916+03,21.033,21.033,2.000
9955,20,11,2025-06-29 16:33:15.023+03,21.910,21.910,3.100
9955,20,39,2025-06-29 17:06:55.95+03,21.771,21.771,3.000
9955,29,13,2025-06-29 16:35:43.334+03,23.038,23.038,3.900
9955,29,39,2025-06-29 17:07:09.171+03,21.087,21.087,2.200
9956,1,1,2025-06-13 20:31:24.148+03,,,
9956,1,9,2025-06-13 20:54:24.49+03,,,
9956,1,13,2025-06-13 21:04:14.376+03,248.000,248.000,
9956,1,18,2025-06-13 21:16:27.41+03,252.400,252.400,
9956,1,26,2025-06-13 21:28:02.039+03,24.000,24.000,
9956,2,1,2025-06-13 20:30:39.179+03,,,
9956,2,5,2025-06-13 20:37:20.294+03,37.200,37.200,
9956,2,10,2025-06-13 20:53:14.224+03,991.100,991.100,
9956,2,16,2025-06-13 21:12:08.751+03,629.100,629.100,
9956,3,1,2025-06-13 20:31:04.289+03,,,
9956,3,10,2025-06-13 20:57:35.56+03,,,
9956,3,19,2025-06-13 21:16:18.816+03,326.100,326.100,
9956,3,28,2025-06-13 21:28:56.867+03,35.600,35.600,
9956,4,1,2025-06-13 20:31:30.664+03,,,
9956,4,7,2025-06-13 20:40:58.103+03,30.900,30.900,
9956,4,10,2025-06-13 20:53:38.974+03,791.700,791.700,
9956,4,16,2025-06-13 21:05:57.049+03,237.100,237.100,
9956,4,25,2025-06-13 21:23:48.647+03,268.900,268.900,
9956,6,1,2025-06-13 20:30:43.148+03,,,
9956,6,10,2025-06-13 20:57:03.294+03,,,
9956,6,22,2025-06-13 21:21:57.646+03,323.100,323.100,
9956,7,1,2025-06-13 20:33:46.243+03,,,
9956,7,8,2025-06-13 20:54:35.209+03,,,
9956,7,13,2025-06-13 21:02:17.703+03,27.100,27.100,
9956,7,21,2025-06-13 21:19:07.004+03,293.700,293.700,
9956,7,28,2025-06-13 21:29:05.312+03,25.200,25.200,
9956,8,1,2025-06-13 20:36:42.464+03,,,
9956,8,6,2025-06-13 20:54:00.333+03,,,
9956,8,11,2025-06-13 21:05:40.861+03,262.400,262.400,
9956,8,17,2025-06-13 21:19:32.145+03,302.000,302.000,
9956,9,1,2025-06-13 20:30:55.538+03,,,
9956,10,1,2025-06-13 20:34:58.463+03,,,
9956,10,7,2025-06-13 20:53:47.083+03,,,
9956,10,12,2025-06-13 21:09:40.485+03,487.700,487.700,
9956,10,19,2025-06-13 21:24:06.788+03,229.100,229.100,
9956,11,1,2025-06-13 20:31:15.898+03,,,
9956,11,9,2025-06-13 20:54:45.381+03,,,
9956,11,20,2025-06-13 21:21:37.756+03,526.300,526.300,
9956,12,1,2025-06-13 20:31:09.46+03,,,
9956,12,10,2025-06-13 21:00:51.843+03,,,
9956,12,20,2025-06-13 21:21:20.865+03,316.100,316.100,
9956,13,1,2025-06-13 20:30:15.991+03,,,
9956,13,2,2025-06-13 20:34:52.791+03,187.500,187.500,
9956,13,7,2025-06-13 20:42:57.918+03,27.100,27.100,
9956,13,8,2025-06-13 20:55:11.396+03,760.600,760.600,
9956,13,12,2025-06-13 21:01:52.547+03,53.000,53.000,
9956,13,15,2025-06-13 21:14:19.299+03,491.300,491.300,
9956,13,26,2025-06-13 21:29:15.156+03,24.700,24.700,
9956,14,1,2025-06-13 20:30:30.851+03,,,
9956,14,9,2025-06-13 20:43:39.741+03,36.700,36.700,
9956,14,10,2025-06-13 20:53:28.458+03,625.400,625.400,
9956,14,17,2025-06-13 21:07:54.515+03,239.100,239.100,
9956,14,24,2025-06-13 21:23:37.788+03,302.700,302.700,
9956,15,1,2025-06-13 20:30:03.663+03,,,
9956,15,3,2025-06-13 20:39:00.898+03,354.500,354.500,
9956,15,7,2025-06-13 20:53:17.677+03,1211.100,1211.100,
9956,15,11,2025-06-13 21:07:59.421+03,543.800,543.800,
9956,15,18,2025-06-13 21:25:01.054+03,371.200,371.200,
9956,16,1,2025-06-13 20:30:17.21+03,,,
9956,16,10,2025-06-13 20:54:07.443+03,,,
9956,16,12,2025-06-13 21:00:58.921+03,221.200,221.200,
9956,16,17,2025-06-13 21:14:09.83+03,336.800,336.800,
9956,16,28,2025-06-13 21:28:59.187+03,23.200,23.200,
9956,17,1,2025-06-13 20:33:07.852+03,,,
9956,17,9,2025-06-13 20:53:57.193+03,,,
9956,17,20,2025-06-13 21:17:11.644+03,338.600,338.600,
9956,17,28,2025-06-13 21:28:35.605+03,24.000,24.000,
9956,18,1,2025-06-13 20:33:43.258+03,,,
9956,18,8,2025-06-13 20:53:02.755+03,,,
9956,18,12,2025-06-13 20:58:55.061+03,26.700,26.700,
9956,18,18,2025-06-13 21:14:12.862+03,385.600,385.600,
9956,18,24,2025-06-13 21:24:48.085+03,138.800,138.800,
9956,19,1,2025-06-13 20:30:13.319+03,,,
9956,19,3,2025-06-13 20:33:59.618+03,38.500,38.500,
9956,19,5,2025-06-13 20:53:07.599+03,963.600,963.600,
9956,19,13,2025-06-13 21:08:53.375+03,221.000,221.000,
9956,19,18,2025-06-13 21:17:28.41+03,18.200,18.200,
9956,19,22,2025-06-13 21:23:49.991+03,26.100,26.100,
9956,20,1,2025-06-13 20:31:00.429+03,,,
9956,20,10,2025-06-13 20:53:26.396+03,,,
9956,20,14,2025-06-13 21:03:11.172+03,238.300,238.300,
9956,20,24,2025-06-13 21:23:28.428+03,311.800,311.800,
9956,29,1,2025-06-13 20:30:24.851+03,,,
9956,29,10,2025-06-13 20:53:54.474+03,,,
9956,29,15,2025-06-13 21:07:46.359+03,401.300,401.300,
9956,29,25,2025-06-13 21:27:00.305+03,226.600,226.600,
9957,1,1,2025-06-14 00:03:24.093+03,,,
9957,1,9,2025-06-14 00:22:44.502+03,398.600,398.600,
9957,1,16,2025-06-14 00:41:42.754+03,454.400,454.400,
9957,2,1,2025-06-14 00:00:35.607+03,,,
9957,2,9,2025-06-14 00:22:48.04+03,596.100,596.100,
9957,2,17,2025-06-14 00:41:32.519+03,404.800,404.800,
9957,2,18,2025-06-14 00:43:33.374+03,18.300,18.300,
9957,2,30,2025-06-14 00:59:30.115+03,24.100,24.100,
9957,3,1,2025-06-14 00:01:17.795+03,,,
9957,3,11,2025-06-14 00:24:24.419+03,519.500,519.500,
9957,3,19,2025-06-14 00:43:51.629+03,438.700,438.700,
9957,3,30,2025-06-14 00:59:03.834+03,26.700,26.700,
9957,4,1,2025-06-14 00:05:29.212+03,,,
9957,4,5,2025-06-14 00:12:13.831+03,43.300,43.300,
9957,4,8,2025-06-14 00:23:05.772+03,389.100,389.100,
9957,4,16,2025-06-14 00:40:57.55+03,316.100,316.100,
9957,4,17,2025-06-14 00:43:01.496+03,19.800,19.800,
9957,4,29,2025-06-14 00:59:16.99+03,26.500,26.500,
9957,6,1,2025-06-14 00:00:29.498+03,,,
9957,6,10,2025-06-14 00:23:55.45+03,571.200,571.200,
9957,6,17,2025-06-14 00:39:42.206+03,297.100,297.100,
9957,6,31,2025-06-14 00:58:27.356+03,29.200,29.200,
9957,7,1,2025-06-14 00:03:16.437+03,,,
9957,7,7,2025-06-14 00:20:48.335+03,507.600,507.600,
9957,7,14,2025-06-14 00:36:50.707+03,322.500,322.500,
9957,7,30,2025-06-14 00:58:07.824+03,26.800,26.800,
9957,8,1,2025-06-14 00:03:02.921+03,,,
9957,8,13,2025-06-14 00:29:52.718+03,522.800,522.800,
9957,8,22,2025-06-14 00:49:21.695+03,347.100,347.100,
9957,8,29,2025-06-14 00:59:12.209+03,24.800,24.800,
9957,10,1,2025-06-14 00:03:07.843+03,,,
9957,11,1,2025-06-14 00:01:10.498+03,,,
9957,11,13,2025-06-14 00:25:25.56+03,348.300,348.300,
9957,11,19,2025-06-14 00:35:10.716+03,27.500,27.500,
9957,11,22,2025-06-14 00:44:47.927+03,332.100,332.100,
9957,12,1,2025-06-14 00:00:59.498+03,,,
9957,12,11,2025-06-14 00:16:30.974+03,19.100,19.100,
9957,12,12,2025-06-14 00:20:39.679+03,172.500,172.500,
9957,12,24,2025-06-14 00:44:40.655+03,384.800,384.800,
9957,12,35,2025-06-14 00:59:28.412+03,23.200,23.200,
9957,13,1,2025-06-14 00:00:23.904+03,,,
9957,13,11,2025-06-14 00:24:16.012+03,537.800,537.800,
9957,13,20,2025-06-14 00:43:41.686+03,364.400,364.400,
9957,13,31,2025-06-14 00:58:26.434+03,24.900,24.900,
9957,14,1,2025-06-14 00:05:41.822+03,,,
9957,14,8,2025-06-14 00:22:54.35+03,409.000,409.000,
9957,14,16,2025-06-14 00:42:11.457+03,413.000,413.000,
9957,14,17,2025-06-14 00:44:23.395+03,26.600,26.600,
9957,15,1,2025-06-14 00:00:14.998+03,,,
9957,15,11,2025-06-14 00:26:03.56+03,621.500,621.500,
9957,15,18,2025-06-14 00:41:16.113+03,297.700,297.700,
9957,15,31,2025-06-14 00:58:39.349+03,24.900,24.900,
9957,16,1,2025-06-14 00:00:09.482+03,,,
9957,16,10,2025-06-14 00:20:56.695+03,396.800,396.800,
9957,16,15,2025-06-14 00:29:39.687+03,28.800,28.800,
9957,16,19,2025-06-14 00:42:13.676+03,403.200,403.200,
9957,17,1,2025-06-14 00:01:27.42+03,,,
9957,17,12,2025-06-14 00:21:50.164+03,234.600,234.600,
9957,17,21,2025-06-14 00:40:43.269+03,331.400,331.400,
9957,17,22,2025-06-14 00:42:50.301+03,27.700,27.700,
9957,18,1,2025-06-14 00:03:12.265+03,,,
9957,18,9,2025-06-14 00:20:43.569+03,309.900,309.900,
9957,18,12,2025-06-14 00:33:23.428+03,508.300,508.300,
9957,18,30,2025-06-14 00:57:26.714+03,23.700,23.700,
9957,19,1,2025-06-14 00:00:49.889+03,,,
9957,19,11,2025-06-14 00:25:02.403+03,519.200,519.200,
9957,19,21,2025-06-14 00:45:13.099+03,305.500,305.500,
9957,19,22,2025-06-14 00:47:42.194+03,20.800,20.800,
9957,20,1,2025-06-14 00:00:05.466+03,,,
9957,20,13,2025-06-14 00:24:45.638+03,369.400,369.400,
9957,20,18,2025-06-14 00:37:39.176+03,340.000,340.000,
9957,20,31,2025-06-14 00:55:17.291+03,25.000,25.000,
9957,29,1,2025-06-14 00:00:22.654+03,,,
9957,29,8,2025-06-14 00:18:56.772+03,458.300,458.300,
9957,29,15,2025-06-14 00:37:18.317+03,384.300,384.300,
9958,1,1,2025-06-14 19:57:49.585+03,,,
9958,1,10,2025-06-14 20:16:34.273+03,245.200,245.200,
9958,2,1,2025-06-14 19:45:33.889+03,,,
9958,2,6,2025-06-14 19:57:16.335+03,,,
9958,2,14,2025-06-14 20:13:43.147+03,307.100,307.100,
9958,2,19,2025-06-14 20:24:18.611+03,199.000,199.000,
9958,3,1,2025-06-14 19:41:24.315+03,,,
9958,3,5,2025-06-14 19:47:43.874+03,18.400,18.400,
9958,3,8,2025-06-14 19:58:26.929+03,661.500,661.500,
9958,3,11,2025-06-14 20:09:34.95+03,415.000,415.000,
9958,3,20,2025-06-14 20:28:59.145+03,327.400,327.400,
9958,4,1,2025-06-14 19:36:15.203+03,,,
9958,4,2,2025-06-14 19:38:10.501+03,26.700,26.700,
9958,4,3,2025-06-14 19:48:08.687+03,511.300,511.300,
9958,4,6,2025-06-14 19:58:07.288+03,1109.700,1109.700,
9958,4,14,2025-06-14 20:16:27.226+03,338.300,338.300,
9958,4,20,2025-06-14 20:28:29.769+03,193.200,193.200,
9958,6,1,2025-06-14 19:40:20.627+03,,,
9958,6,9,2025-06-14 19:58:34.96+03,,,
9958,6,17,2025-06-14 20:16:16.96+03,312.400,312.400,
9958,7,1,2025-06-14 19:42:09.95+03,,,
9958,7,2,2025-06-14 19:50:34.094+03,423.500,423.500,
9958,7,3,2025-06-14 19:57:11.566+03,820.700,820.700,
9958,7,9,2025-06-14 20:14:27.647+03,503.500,503.500,
9958,7,15,2025-06-14 20:24:03.235+03,30.000,30.000,
9958,8,1,2025-06-14 19:34:00.408+03,,,
9958,8,2,2025-06-14 19:35:54.409+03,27.700,27.700,
9958,8,3,2025-06-14 19:42:21.918+03,304.300,304.300,
9958,8,9,2025-06-14 20:05:35.698+03,849.700,849.700,
9958,8,14,2025-06-14 20:18:32.158+03,345.700,345.700,
9958,9,1,2025-06-14 19:37:55.079+03,,,
9958,9,10,2025-06-14 19:58:23.82+03,413.400,413.400,
9958,9,18,2025-06-14 20:15:16.225+03,377.000,377.000,
9958,10,1,2025-06-14 19:34:14.486+03,,,
9958,10,2,2025-06-14 19:36:02.857+03,24.200,24.200,
9958,10,3,2025-06-14 19:43:14.403+03,348.800,348.800,
9958,10,8,2025-06-14 19:57:27.194+03,380.500,380.500,
9958,10,18,2025-06-14 20:16:13.929+03,256.400,256.400,
9958,11,1,2025-06-14 19:41:35.049+03,,,
9958,11,5,2025-06-14 19:48:15.202+03,28.900,28.900,
9958,11,8,2025-06-14 20:23:33.938+03,2147.600,2147.600,
9958,12,1,2025-06-14 19:57:40.773+03,,,
9958,12,12,2025-06-14 20:17:13.313+03,180.200,180.200,
9958,13,1,2025-06-14 19:40:30.799+03,,,
9958,13,8,2025-06-14 20:15:08.46+03,1453.600,1453.600,
9958,13,14,2025-06-14 20:24:36.204+03,43.200,43.200,
9958,14,1,2025-06-14 19:35:21.205+03,,,
9958,14,2,2025-06-14 19:37:21.203+03,28.000,28.000,
9958,14,3,2025-06-14 19:47:33.671+03,523.700,523.700,
9958,14,6,2025-06-14 19:58:20.788+03,1170.800,1170.800,
9958,14,17,2025-06-14 20:17:21.923+03,150.100,150.100,
9958,14,20,2025-06-14 20:22:10.728+03,33.400,33.400,
9958,15,1,2025-06-14 19:39:30.564+03,,,
9958,15,9,2025-06-14 20:04:46.291+03,,,
9958,15,11,2025-06-14 20:10:44.201+03,203.300,203.300,
9958,15,20,2025-06-14 20:29:17.532+03,312.300,312.300,
9958,16,1,2025-06-14 19:43:52.247+03,,,
9958,16,7,2025-06-14 19:57:21.71+03,,,
9958,16,15,2025-06-14 20:13:36.381+03,218.300,218.300,
9958,16,18,2025-06-14 20:18:47.117+03,22.700,22.700,
9958,16,23,2025-06-14 20:27:15.143+03,26.200,26.200,
9958,17,1,2025-06-14 19:57:32.179+03,,,
9958,17,13,2025-06-14 20:18:57.289+03,195.400,195.400,
9958,18,1,2025-06-14 19:47:23.108+03,,,
9958,18,2,2025-06-14 19:57:02.957+03,493.700,493.700,
9958,18,11,2025-06-14 20:15:21.226+03,251.200,251.200,
9958,18,18,2025-06-14 20:29:35.501+03,199.900,199.900,
9958,19,1,2025-06-14 19:44:23.747+03,,,
9958,19,6,2025-06-14 20:05:19.464+03,,,
9958,19,12,2025-06-14 20:22:49.5+03,491.800,491.800,
9958,20,1,2025-06-14 19:39:25.439+03,,,
9958,20,9,2025-06-14 19:58:42.523+03,,,
9958,20,15,2025-06-14 20:10:09.175+03,178.400,178.400,
9958,20,25,2025-06-14 20:29:15.219+03,254.600,254.600,
9958,29,1,2025-06-14 19:33:26.673+03,,,
9958,29,4,2025-06-14 19:38:20.516+03,33.200,33.200,
9958,29,12,2025-06-14 20:02:11.478+03,643.700,643.700,
9958,29,18,2025-06-14 20:17:31.139+03,378.200,378.200,
9959,1,1,2025-06-14 23:06:55.639+03,,,
9959,1,4,2025-06-14 23:23:29.378+03,742.000,742.000,
9959,1,7,2025-06-14 23:33:03.593+03,324.600,324.600,
9959,1,12,2025-06-14 23:43:23.354+03,212.100,212.100,
9959,1,15,2025-06-14 23:57:11.498+03,586.700,586.700,
9959,1,18,2025-06-15 00:05:18.064+03,258.700,258.700,
9959,2,1,2025-06-14 23:03:37.434+03,,,
9959,2,6,2025-06-14 23:20:15.252+03,572.000,572.000,
9959,2,9,2025-06-14 23:33:10.015+03,532.900,532.900,
9959,2,12,2025-06-14 23:44:46.527+03,451.000,451.000,
9959,2,15,2025-06-14 23:56:13.217+03,439.000,439.000,
9959,2,20,2025-06-15 00:05:05.049+03,122.900,122.900,
9959,3,1,2025-06-14 23:00:56.065+03,,,
9959,3,5,2025-06-14 23:07:57.155+03,69.900,69.900,
9959,3,8,2025-06-14 23:21:28.705+03,545.400,545.400,
9959,4,1,2025-06-14 23:01:33.956+03,,,
9959,4,7,2025-06-14 23:21:49.877+03,658.600,658.600,
9959,4,10,2025-06-14 23:36:48.347+03,648.800,648.800,
9959,4,13,2025-06-14 23:45:15.714+03,272.000,272.000,
9959,4,16,2025-06-14 23:57:45.108+03,485.900,485.900,
9959,4,19,2025-06-15 00:05:48.737+03,242.600,242.600,
9959,6,1,2025-06-14 23:00:34.362+03,,,
9959,6,6,2025-06-14 23:10:20.16+03,159.100,159.100,
9959,6,8,2025-06-14 23:20:36.408+03,775.200,775.200,
9959,7,1,2025-06-14 23:01:40.815+03,,,
9959,7,4,2025-06-14 23:06:23.405+03,18.300,18.300,
9959,7,7,2025-06-14 23:22:02.534+03,683.000,683.000,
9959,7,10,2025-06-14 23:37:40.566+03,669.500,669.500,
9959,7,13,2025-06-14 23:44:31.042+03,163.600,163.600,
9959,7,16,2025-06-14 23:58:41.749+03,593.600,593.600,
9959,7,19,2025-06-15 00:05:27.627+03,164.100,164.100,
9959,8,1,2025-06-14 23:03:31.972+03,,,
9959,8,8,2025-06-14 23:20:48.986+03,,,
9959,8,12,2025-06-14 23:33:41.314+03,444.000,444.000,
9959,8,16,2025-06-14 23:44:01.714+03,296.600,296.600,
9959,8,20,2025-06-14 23:56:41.279+03,416.100,416.100,
9959,8,23,2025-06-15 00:02:56.907+03,141.400,141.400,
9959,9,1,2025-06-14 23:02:25.212+03,,,
9959,9,8,2025-06-14 23:20:23.471+03,,,
9959,9,13,2025-06-14 23:33:59.409+03,389.100,389.100,
9959,9,16,2025-06-14 23:40:17.693+03,136.500,136.500,
9959,9,21,2025-06-14 23:56:05.201+03,521.800,521.800,
9959,9,26,2025-06-15 00:04:32.892+03,106.400,106.400,
9959,10,1,2025-06-14 23:01:16.44+03,,,
9959,10,6,2025-06-14 23:09:19.075+03,52.100,52.100,
9959,10,9,2025-06-14 23:21:02.424+03,755.500,755.500,
9959,11,1,2025-06-14 23:01:09.253+03,,,
9959,11,4,2025-06-14 23:08:05.093+03,163.700,163.700,
9959,11,7,2025-06-14 23:21:56.19+03,568.100,568.100,
9959,11,10,2025-06-14 23:36:33.284+03,614.700,614.700,
9959,11,13,2025-06-14 23:44:19.245+03,225.400,225.400,
9959,12,1,2025-06-14 23:00:09.299+03,,,
9959,12,7,2025-06-14 23:09:15.903+03,33.600,33.600,
9959,12,10,2025-06-14 23:23:08.316+03,866.000,866.000,
9959,12,13,2025-06-14 23:34:42.862+03,457.100,457.100,
9959,12,16,2025-06-14 23:39:39.02+03,64.100,64.100,
9959,12,23,2025-06-14 23:56:42.904+03,447.300,447.300,
9959,12,24,2025-06-14 23:58:30.015+03,27.500,27.500,
9959,12,28,2025-06-15 00:05:36.502+03,103.100,103.100,
9959,13,1,2025-06-14 23:00:43.706+03,,,
9959,13,5,2025-06-14 23:06:46.592+03,18.300,18.300,
9959,13,7,2025-06-14 23:21:19.237+03,686.800,686.800,
9959,13,11,2025-06-14 23:35:00.362+03,493.500,493.500,
9959,13,15,2025-06-14 23:44:07.573+03,226.700,226.700,
9959,14,1,2025-06-14 23:01:52.502+03,,,
9959,14,8,2025-06-14 23:22:17.706+03,598.500,598.500,
9959,15,1,2025-06-14 23:00:20.659+03,,,
9959,15,7,2025-06-14 23:09:37.408+03,48.500,48.500,
9959,15,10,2025-06-14 23:21:21.362+03,752.500,752.500,
9959,15,14,2025-06-14 23:33:51.362+03,416.700,416.700,
9959,15,18,2025-06-14 23:43:51.26+03,273.400,273.400,
9959,16,1,2025-06-14 23:02:18.087+03,,,
9959,16,8,2025-06-14 23:20:32.174+03,,,
9959,16,12,2025-06-14 23:34:08.924+03,469.000,469.000,
9959,16,18,2025-06-14 23:45:03.855+03,146.000,146.000,
9959,16,20,2025-06-14 23:56:03.529+03,469.600,469.600,
9959,16,24,2025-06-15 00:02:58.032+03,85.100,85.100,
9959,17,1,2025-06-14 23:00:05.08+03,,,
9959,17,7,2025-06-14 23:09:24.794+03,61.100,61.100,
9959,17,10,2025-06-14 23:21:30.846+03,787.200,787.200,
9959,18,1,2025-06-14 23:01:22.112+03,,,
9959,18,4,2025-06-14 23:06:42.608+03,54.500,54.500,
9959,18,7,2025-06-14 23:21:59.19+03,646.000,646.000,
9959,18,10,2025-06-14 23:37:38.66+03,675.000,675.000,
9959,18,13,2025-06-14 23:44:24.026+03,167.000,167.000,
9959,18,16,2025-06-14 23:58:37.812+03,607.100,607.100,
9959,18,19,2025-06-15 00:05:26.393+03,167.800,167.800,
9959,19,1,2025-06-14 23:04:06.241+03,,,
9959,19,5,2025-06-14 23:20:04.549+03,592.100,592.100,
9959,19,10,2025-06-14 23:33:17.015+03,376.600,376.600,
9959,19,13,2025-06-14 23:44:52.214+03,442.400,442.400,
9959,19,16,2025-06-14 23:56:23.904+03,436.100,436.100,
9959,19,21,2025-06-15 00:04:53.83+03,95.300,95.300,
9959,20,1,2025-06-14 23:00:16.924+03,,,
9959,20,7,2025-06-14 23:09:45.764+03,50.700,50.700,
9959,20,10,2025-06-14 23:21:06.69+03,731.700,731.700,
9959,20,14,2025-06-14 23:33:48.96+03,424.000,424.000,
9959,20,17,2025-06-14 23:43:49.214+03,362.800,362.800,
9959,29,1,2025-06-14 23:00:29.112+03,,,
9959,29,6,2025-06-14 23:10:11.316+03,163.300,163.300,
9959,29,8,2025-06-14 23:20:53.315+03,805.000,805.000,
9959,29,12,2025-06-14 23:33:27.53+03,411.200,411.200,
9959,29,17,2025-06-14 23:42:49.057+03,149.300,149.300,
9963,1,12,2025-06-15 21:18:46.909+03,23.604,23.604,2.600
9963,1,37,2025-06-15 21:50:44.061+03,23.121,23.121,2.200
9963,1,67,2025-06-15 22:28:43.779+03,18.200,18.200,
9963,1,68,2025-06-15 22:30:49.058+03,19.200,19.200,
9963,1,69,2025-06-15 22:32:52.76+03,18.300,18.300,
9963,2,29,2025-06-15 21:40:32.682+03,23.223,23.223,2.200
9963,2,47,2025-06-15 22:03:25.68+03,23.471,23.471,2.400
9963,3,49,2025-06-15 22:07:07.635+03,23.715,23.715,2.400
9963,3,66,2025-06-15 22:29:22.67+03,18.200,18.200,
9963,3,67,2025-06-15 22:31:20.346+03,18.200,18.200,
9963,3,68,2025-06-15 22:33:06.244+03,18.200,18.200,
9963,4,13,2025-06-15 21:20:28.381+03,24.130,24.130,3.100
9963,4,66,2025-06-15 22:29:32.417+03,23.693,23.693,2.800
9963,4,67,2025-06-15 22:31:27.9+03,18.200,18.200,
9963,4,68,2025-06-15 22:33:10.916+03,18.200,18.200,
9963,6,53,2025-06-15 22:12:18.953+03,23.987,23.987,2.900
9963,6,66,2025-06-15 22:29:26.092+03,18.200,18.200,
9963,6,67,2025-06-15 22:31:21.526+03,18.200,18.200,
9963,6,68,2025-06-15 22:33:08.26+03,18.200,18.200,
9963,7,14,2025-06-15 21:21:22.053+03,23.320,23.320,2.400
9963,7,38,2025-06-15 21:52:00.218+03,23.416,23.416,2.200
9963,7,67,2025-06-15 22:28:46.904+03,18.200,18.200,
9963,7,68,2025-06-15 22:30:50.277+03,18.900,18.900,
9963,7,69,2025-06-15 22:32:53.9+03,18.200,18.200,
9963,8,15,2025-06-15 21:22:54.213+03,24.021,24.021,3.200
9963,8,50,2025-06-15 22:07:59.919+03,23.409,23.409,2.600
9963,8,66,2025-06-15 22:28:33.451+03,18.200,18.200,
9963,8,67,2025-06-15 22:30:27.19+03,18.100,18.100,
9963,8,68,2025-06-15 22:32:06.587+03,18.200,18.200,
9963,8,69,2025-06-15 22:33:43.135+03,18.200,18.200,
9963,9,28,2025-06-15 21:39:19.256+03,23.360,23.360,2.200
9963,9,53,2025-06-15 22:11:03.28+03,23.859,23.859,2.100
9963,9,67,2025-06-15 22:29:14.03+03,18.300,18.300,
9963,9,68,2025-06-15 22:31:08.887+03,18.200,18.200,
9963,9,69,2025-06-15 22:32:59.65+03,18.200,18.200,
9963,10,24,2025-06-15 21:34:50.901+03,23.742,23.742,2.600
9963,10,51,2025-06-15 22:09:55.498+03,34.742,34.742,13.300
9963,10,66,2025-06-15 22:29:35.126+03,23.772,23.772,2.600
9963,10,67,2025-06-15 22:31:30.993+03,18.200,18.200,
9963,10,68,2025-06-15 22:33:13.025+03,18.200,18.200,
9963,11,56,2025-06-15 22:15:57.626+03,25.178,25.178,3.700
9963,11,66,2025-06-15 22:29:19.201+03,18.200,18.200,
9963,11,67,2025-06-15 22:31:16.491+03,18.200,18.200,
9963,11,68,2025-06-15 22:33:02.791+03,18.200,18.200,
9963,12,23,2025-06-15 21:33:34.193+03,23.898,23.898,3.000
9963,13,19,2025-06-15 21:28:08.403+03,23.476,23.476,2.400
9963,13,66,2025-06-15 22:28:37.654+03,18.200,18.200,
9963,13,67,2025-06-15 22:30:30.052+03,18.200,18.200,
9963,13,68,2025-06-15 22:32:09.15+03,18.300,18.300,
9963,13,69,2025-06-15 22:33:46.01+03,18.300,18.300,
9963,14,38,2025-06-15 21:52:59.709+03,23.280,23.280,2.100
9963,15,57,2025-06-15 22:17:03.23+03,24.452,24.452,3.000
9963,15,66,2025-06-15 22:28:54.639+03,18.200,18.200,
9963,15,67,2025-06-15 22:30:51.777+03,18.200,18.200,
9963,15,68,2025-06-15 22:32:55.228+03,18.200,18.200,
9963,16,15,2025-06-15 21:22:45.572+03,23.604,23.604,2.300
9963,16,45,2025-06-15 22:01:17.519+03,23.338,23.338,2.000
9963,16,67,2025-06-15 22:29:45.861+03,18.200,18.200,
9963,16,68,2025-06-15 22:31:36.447+03,18.200,18.200,
9963,16,69,2025-06-15 22:33:14.229+03,18.200,18.200,
9963,17,57,2025-06-15 22:17:07.152+03,23.269,23.269,2.600
9963,17,66,2025-06-15 22:28:55.248+03,18.200,18.200,
9963,17,67,2025-06-15 22:30:52.73+03,18.100,18.100,
9963,17,68,2025-06-15 22:32:56.228+03,18.100,18.100,
9963,18,13,2025-06-15 21:20:00.568+03,23.231,23.231,2.500
9963,18,42,2025-06-15 21:56:57.358+03,24.262,24.262,3.300
9963,18,67,2025-06-15 22:28:41.123+03,18.200,18.200,
9963,18,68,2025-06-15 22:30:47.996+03,19.400,19.400,
9963,18,69,2025-06-15 22:32:51.728+03,18.200,18.200,
9963,19,16,2025-06-15 21:23:58.495+03,23.245,23.245,2.100
9963,19,45,2025-06-15 22:00:51.238+03,23.174,23.174,2.200
9963,19,67,2025-06-15 22:28:56.092+03,26.385,26.385,4.000
9963,19,68,2025-06-15 22:30:53.949+03,18.200,18.200,
9963,19,69,2025-06-15 22:32:57.822+03,18.200,18.200,
9963,20,18,2025-06-15 21:27:00.309+03,23.562,23.562,2.800
9963,20,66,2025-06-15 22:29:16.967+03,27.985,27.985,7.200
9963,20,67,2025-06-15 22:31:13.668+03,18.200,18.200,
9963,20,68,2025-06-15 22:33:00.697+03,18.200,18.200,
9963,29,14,2025-06-15 21:21:42.506+03,24.735,24.735,3.400
9963,29,66,2025-06-15 22:29:21.748+03,18.100,18.100,
9963,29,67,2025-06-15 22:31:18.654+03,18.100,18.100,
9963,29,68,2025-06-15 22:33:04.51+03,18.100,18.100,
9964,1,1,2025-05-30 14:33:30.611+03,,,
9964,1,6,2025-05-30 14:42:30.415+03,16.600,16.600,
9964,1,9,2025-05-30 14:59:43.663+03,748.900,748.900,
9964,1,12,2025-05-30 15:24:25.471+03,1194.700,1194.700,
9964,2,1,2025-05-30 14:30:46.83+03,,,
9964,2,9,2025-05-30 14:51:57.354+03,498.500,498.500,
9964,2,12,2025-05-30 15:01:05.078+03,279.200,279.200,
9964,2,15,2025-05-30 15:06:29.333+03,32.100,32.100,
9964,2,18,2025-05-30 15:16:48.324+03,351.400,351.400,
9964,3,1,2025-05-30 14:31:23.607+03,,,
9964,3,2,2025-05-30 14:38:50.069+03,342.700,342.700,
9964,3,7,2025-05-30 14:47:53.649+03,27.700,27.700,
9964,3,10,2025-05-30 15:04:50.022+03,734.000,734.000,
9964,3,13,2025-05-30 15:09:59.834+03,16.700,16.700,
9964,3,15,2025-05-30 15:21:21.666+03,493.200,493.200,
9964,4,1,2025-05-30 14:33:15.732+03,,,
9964,4,6,2025-05-30 14:42:05.36+03,34.600,34.600,
9964,4,12,2025-05-30 15:02:57.576+03,604.400,604.400,
9964,4,15,2025-05-30 15:15:02.403+03,441.900,441.900,
9964,4,16,2025-05-30 15:17:01.107+03,25.200,25.200,
9964,4,23,2025-05-30 15:27:13.823+03,23.600,23.600,
9964,4,24,2025-05-30 15:29:23.505+03,20.100,20.100,
9964,6,1,2025-05-30 14:31:19.234+03,,,
9964,6,9,2025-05-30 14:45:37.615+03,29.700,29.700,
9964,6,12,2025-05-30 14:51:16.683+03,16.600,16.600,
9964,6,15,2025-05-30 14:56:34.492+03,30.300,30.300,
9964,6,16,2025-05-30 15:06:35.042+03,512.800,512.800,
9964,6,19,2025-05-30 15:12:30.847+03,19.000,19.000,
9964,6,21,2025-05-30 15:21:35.986+03,348.400,348.400,
9964,7,1,2025-05-30 14:31:45.626+03,,,
9964,7,4,2025-05-30 14:38:05.215+03,41.400,41.400,
9964,7,7,2025-05-30 14:44:22.152+03,31.200,31.200,
9964,7,10,2025-05-30 14:55:46.099+03,375.800,375.800,
9964,7,13,2025-05-30 15:06:38.593+03,354.500,354.500,
9964,8,1,2025-05-30 14:31:07.682+03,,,
9964,8,10,2025-05-30 14:55:27.387+03,644.700,644.700,
9964,8,15,2025-05-30 15:12:17.623+03,587.400,587.400,
9964,9,1,2025-05-30 14:30:39.525+03,,,
9964,9,4,2025-05-30 14:35:39.362+03,27.600,27.600,
9964,9,7,2025-05-30 14:41:21.87+03,26.100,26.100,
9964,9,13,2025-05-30 14:59:04.47+03,457.300,457.300,
9964,9,16,2025-05-30 15:04:56.639+03,26.600,26.600,
9964,9,18,2025-05-30 15:14:42.001+03,357.300,357.300,
9964,10,1,2025-05-30 14:30:19.356+03,,,
9964,10,9,2025-05-30 14:58:59.124+03,915.700,915.700,
9964,10,14,2025-05-30 15:15:38.876+03,513.900,513.900,
9964,11,1,2025-05-30 14:31:32.886+03,,,
9964,11,10,2025-05-30 15:00:05.464+03,680.900,680.900,
9964,11,13,2025-05-30 15:12:05.839+03,383.600,383.600,
9964,11,21,2025-05-30 15:23:34.616+03,32.900,32.900,
9964,13,1,2025-05-30 14:30:32.887+03,,,
9964,13,2,2025-05-30 14:38:46.534+03,395.700,395.700,
9964,13,9,2025-05-30 14:56:54.301+03,424.600,424.600,
9964,13,12,2025-05-30 15:02:18.398+03,16.600,16.600,
9964,13,15,2025-05-30 15:23:17.474+03,968.800,968.800,
9964,14,1,2025-05-30 14:30:11.935+03,,,
9964,14,3,2025-05-30 14:34:09.19+03,36.300,36.300,
9964,14,5,2025-05-30 14:44:34.346+03,428.700,428.700,
9964,14,11,2025-05-30 14:55:20.794+03,31.200,31.200,
9964,14,17,2025-05-30 15:09:55.356+03,250.400,250.400,
9964,14,20,2025-05-30 15:21:18.381+03,411.300,411.300,
9964,16,1,2025-05-30 14:30:57.317+03,,,
9964,16,12,2025-05-30 15:00:08.063+03,543.000,543.000,
9964,16,15,2025-05-30 15:07:01.957+03,32.500,32.500,
9964,16,17,2025-05-30 15:15:14.889+03,279.600,279.600,
9964,17,1,2025-05-30 14:44:51.346+03,,,
9964,17,6,2025-05-30 14:53:31.002+03,27.000,27.000,
9964,17,9,2025-05-30 14:59:24.961+03,45.400,45.400,
9964,17,12,2025-05-30 15:05:00.764+03,25.600,25.600,
9964,17,15,2025-05-30 15:15:41.805+03,372.700,372.700,
9964,17,24,2025-05-30 15:28:43.011+03,23.400,23.400,
9964,18,1,2025-05-30 14:32:56.405+03,,,
9964,18,6,2025-05-30 14:42:33.752+03,28.200,28.200,
9964,18,9,2025-05-30 14:53:16.192+03,327.100,327.100,
9964,18,13,2025-05-30 15:05:23.632+03,314.900,314.900,
9964,19,1,2025-05-30 14:31:28.853+03,,,
9964,19,8,2025-05-30 14:52:46.648+03,601.800,601.800,
9964,19,11,2025-05-30 15:01:12.157+03,241.000,241.000,
9964,19,14,2025-05-30 15:06:33.164+03,24.300,24.300,
9964,19,17,2025-05-30 15:16:20.842+03,282.800,282.800,
9964,19,26,2025-05-30 15:29:14.71+03,26.200,26.200,
9964,20,1,2025-05-30 14:31:53.638+03,,,
9964,20,6,2025-05-30 14:41:35.971+03,34.000,34.000,
9964,20,12,2025-05-30 15:05:03.858+03,787.200,787.200,
9964,20,15,2025-05-30 15:16:38.604+03,357.700,357.700,
9964,25,1,2025-05-30 14:32:01.72+03,,,
9964,25,4,2025-05-30 14:37:53.239+03,44.300,44.300,
9964,25,7,2025-05-30 14:43:57.855+03,29.800,29.800,
9964,25,13,2025-05-30 15:10:58.257+03,975.800,975.800,
9964,25,16,2025-05-30 15:17:45.094+03,82.000,82.000,
9964,25,18,2025-05-30 15:25:12.928+03,248.700,248.700,
9964,29,1,2025-05-30 14:31:12.143+03,,,
9964,29,6,2025-05-30 14:40:19.307+03,17.200,17.200,
9964,29,11,2025-05-30 14:50:00.061+03,26.400,26.400,
9964,29,14,2025-05-30 14:55:42.505+03,17.000,17.000,
9964,29,17,2025-05-30 15:08:45.038+03,466.900,466.900,
9964,40,1,2025-05-30 14:30:03.156+03,,,
9964,40,2,2025-05-30 14:36:48.464+03,305.000,305.000,
9964,40,4,2025-05-30 14:45:16.122+03,318.500,318.500,
9964,40,13,2025-05-30 15:00:10.935+03,48.300,48.300,
9964,40,16,2025-05-30 15:09:19.98+03,271.000,271.000,
9964,40,24,2025-05-30 15:27:05.754+03,307.600,307.600,
9965,1,1,2025-05-30 18:03:45.402+03,,,
9965,1,4,2025-05-30 18:09:27.892+03,24.700,24.700,
9965,1,6,2025-05-30 18:21:37.04+03,538.000,538.000,
9965,1,9,2025-05-30 18:32:57.08+03,405.600,405.600,
9965,1,19,2025-05-30 18:47:00.268+03,22.800,22.800,
9965,2,1,2025-05-30 18:01:38.551+03,,,
9965,2,4,2025-05-30 18:07:48.346+03,34.000,34.000,
9965,2,7,2025-05-30 18:22:12.348+03,561.700,561.700,
9965,2,10,2025-05-30 18:27:19.015+03,34.500,34.500,
9965,2,12,2025-05-30 18:35:56.291+03,317.900,317.900,
9965,2,24,2025-05-30 18:52:43.661+03,23.200,23.200,
9965,3,1,2025-05-30 18:01:25.537+03,,,
9965,3,4,2025-05-30 18:07:17.487+03,17.300,17.300,
9965,3,7,2025-05-30 18:12:59.163+03,22.800,22.800,
9965,3,9,2025-05-30 18:30:38.075+03,850.500,850.500,
9965,3,12,2025-05-30 18:36:17.541+03,30.800,30.800,
9965,3,14,2025-05-30 18:44:28.737+03,296.900,296.900,
9965,4,1,2025-05-30 18:01:50.974+03,,,
9965,4,4,2025-05-30 18:07:54.265+03,34.200,34.200,
9965,4,7,2025-05-30 18:20:30.126+03,427.800,427.800,
9965,4,10,2025-05-30 18:28:21.616+03,199.100,199.100,
9965,4,13,2025-05-30 18:37:47.071+03,295.800,295.800,
9965,4,14,2025-05-30 18:40:04.831+03,18.800,18.800,
9965,4,27,2025-05-30 18:58:23.359+03,24.500,24.500,
9965,6,1,2025-05-30 18:01:14.049+03,,,
9965,6,4,2025-05-30 18:07:13.191+03,18.100,18.100,
9965,6,7,2025-05-30 18:12:56.451+03,21.900,21.900,
9965,6,9,2025-05-30 18:25:09.076+03,534.400,534.400,
9965,6,12,2025-05-30 18:30:42.658+03,23.500,23.500,
9965,6,14,2025-05-30 18:39:31.01+03,311.600,311.600,
9965,6,21,2025-05-30 18:49:40.549+03,27.100,27.100,
9965,7,1,2025-05-30 18:00:20.633+03,,,
9965,7,4,2025-05-30 18:06:50.516+03,64.200,64.200,
9965,7,7,2025-05-30 18:19:39.904+03,442.800,442.800,
9965,7,10,2025-05-30 18:32:23.955+03,466.600,466.600,
9965,7,27,2025-05-30 18:56:15.749+03,22.800,22.800,
9965,8,1,2025-05-30 18:01:37.099+03,,,
9965,8,10,2025-05-30 18:25:17.669+03,437.700,437.700,
9965,8,13,2025-05-30 18:40:50.808+03,625.700,625.700,
9965,8,26,2025-05-30 18:59:03.664+03,24.300,24.300,
9965,9,1,2025-05-30 18:00:14.713+03,,,
9965,9,4,2025-05-30 18:07:29.627+03,150.300,150.300,
9965,9,6,2025-05-30 18:11:22.49+03,24.500,24.500,
9965,9,9,2025-05-30 18:16:56.809+03,19.700,19.700,
9965,9,12,2025-05-30 18:25:36.53+03,210.800,210.800,
9965,9,15,2025-05-30 18:30:55.717+03,26.000,26.000,
9965,9,17,2025-05-30 18:39:24.809+03,295.200,295.200,
9965,9,24,2025-05-30 18:49:36.806+03,24.400,24.400,
9965,10,1,2025-05-30 18:00:39.04+03,,,
9965,10,7,2025-05-30 18:12:11.58+03,27.700,27.700,
9965,10,9,2025-05-30 18:25:44.601+03,592.200,592.200,
9965,10,12,2025-05-30 18:33:27.503+03,131.600,131.600,
9965,10,14,2025-05-30 18:42:23.951+03,326.000,326.000,
9965,11,1,2025-05-30 18:01:54.399+03,,,
9965,11,4,2025-05-30 18:08:35.277+03,28.400,28.400,
9965,11,7,2025-05-30 18:21:45.689+03,485.200,485.200,
9965,11,10,2025-05-30 18:33:24.594+03,403.500,403.500,
9965,11,21,2025-05-30 18:49:00.985+03,22.100,22.100,
9965,12,1,2025-05-30 18:01:09.12+03,,,
9965,12,7,2025-05-30 18:12:47.018+03,16.900,16.900,
9965,12,10,2025-05-30 18:22:43.413+03,276.200,276.200,
9965,12,13,2025-05-30 18:35:01.825+03,400.200,400.200,
9965,12,19,2025-05-30 18:44:02.18+03,35.700,35.700,
9965,13,1,2025-05-30 18:02:04.608+03,,,
9965,13,4,2025-05-30 18:07:39.461+03,17.300,17.300,
9965,13,8,2025-05-30 18:22:37.948+03,484.600,484.600,
9965,13,11,2025-05-30 18:30:01.676+03,134.600,134.600,
9965,13,13,2025-05-30 18:38:32.106+03,331.700,331.700,
9965,13,27,2025-05-30 18:58:02.161+03,23.500,23.500,
9965,14,1,2025-05-30 18:02:29.709+03,,,
9965,14,4,2025-05-30 18:08:30.198+03,25.900,25.900,
9965,14,7,2025-05-30 18:17:02.965+03,217.400,217.400,
9965,14,10,2025-05-30 18:28:00.002+03,342.600,342.600,
9965,14,13,2025-05-30 18:38:05.858+03,324.400,324.400,
9965,14,14,2025-05-30 18:40:42.03+03,26.900,26.900,
9965,15,1,2025-05-30 18:00:18.741+03,,,
9965,15,4,2025-05-30 18:05:52.233+03,29.400,29.400,
9965,15,10,2025-05-30 18:17:38.294+03,54.500,54.500,
9965,15,13,2025-05-30 18:30:29.68+03,490.000,490.000,
9965,15,16,2025-05-30 18:36:45.118+03,62.000,62.000,
9965,15,19,2025-05-30 18:46:57.21+03,329.100,329.100,
9965,16,1,2025-05-30 18:01:01.275+03,,,
9965,16,4,2025-05-30 18:07:15.929+03,30.300,30.300,
9965,16,8,2025-05-30 18:15:36.202+03,27.200,27.200,
9965,16,11,2025-05-30 18:27:02.354+03,379.200,379.200,
9965,16,14,2025-05-30 18:40:07.959+03,488.800,488.800,
9965,16,24,2025-05-30 18:54:46.264+03,24.500,24.500,
9965,17,1,2025-05-30 18:01:05.784+03,,,
9965,17,7,2025-05-30 18:12:27.682+03,25.800,25.800,
9965,17,9,2025-05-30 18:20:39.593+03,303.700,303.700,
9965,17,12,2025-05-30 18:31:38.616+03,364.000,364.000,
9965,17,21,2025-05-30 18:44:38.925+03,23.600,23.600,
9965,18,1,2025-05-30 18:03:19.322+03,,,
9965,18,4,2025-05-30 18:10:06.814+03,66.200,66.200,
9965,18,7,2025-05-30 18:19:33.44+03,263.700,263.700,
9965,18,10,2025-05-30 18:30:14.601+03,350.700,350.700,
9965,18,29,2025-05-30 18:56:57.854+03,34.200,34.200,
9965,19,1,2025-05-30 18:02:09.813+03,,,
9965,19,4,2025-05-30 18:13:25.808+03,362.000,362.000,
9965,19,7,2025-05-30 18:25:54.957+03,461.200,461.200,
9965,19,10,2025-05-30 18:36:14.604+03,323.000,323.000,
9965,19,26,2025-05-30 18:58:28.103+03,22.200,22.200,
9965,20,1,2025-05-30 18:00:29.527+03,,,
9965,20,4,2025-05-30 18:07:21.953+03,56.400,56.400,
9965,20,6,2025-05-30 18:36:53.018+03,1501.400,1501.400,
9965,20,9,2025-05-30 18:46:24.284+03,269.700,269.700,
9965,29,1,2025-05-30 18:00:26.123+03,,,
9965,29,4,2025-05-30 18:06:27.011+03,26.800,26.800,
9965,29,7,2025-05-30 18:12:42.909+03,26.900,26.900,
9965,29,10,2025-05-30 18:24:57.668+03,439.000,439.000,
9965,29,13,2025-05-30 18:30:35.016+03,18.600,18.600,
9965,29,16,2025-05-30 18:40:13.69+03,263.300,263.300,
9965,29,21,2025-05-30 18:47:56.111+03,23.600,23.600,
9966,1,1,2025-05-31 13:53:23.314+03,,,
9966,1,7,2025-05-31 14:10:22.767+03,631.800,631.800,
9966,1,10,2025-05-31 14:26:06.252+03,666.600,666.600,
9966,2,4,2025-05-31 13:53:23.314+03,26.700,26.700,
9966,2,11,2025-05-31 14:11:39.678+03,744.700,744.700,
9966,2,13,2025-05-31 14:15:50.434+03,43.200,43.200,
9966,2,16,2025-05-31 14:29:01.264+03,507.800,507.800,
9966,3,7,2025-05-31 13:53:23.314+03,562.000,562.000,
9966,3,10,2025-05-31 13:59:24.403+03,120.700,120.700,
9966,3,12,2025-05-31 14:13:55.853+03,685.900,685.900,
9966,3,15,2025-05-31 14:19:23.19+03,31.300,31.300,
9966,3,17,2025-05-31 14:28:46.317+03,367.900,367.900,
9966,4,1,2025-05-31 13:53:23.314+03,,,
9966,4,4,2025-05-31 13:59:20.559+03,297.400,297.400,
9966,4,9,2025-05-31 14:07:18.126+03,36.400,36.400,
9966,4,10,2025-05-31 14:16:09.043+03,420.200,420.200,
9966,4,13,2025-05-31 14:23:43.55+03,172.300,172.300,
9966,4,14,2025-05-31 14:25:49.068+03,17.200,17.200,
9966,4,15,2025-05-31 14:28:03.113+03,17.100,17.100,
9966,6,4,2025-05-31 13:53:23.314+03,25.900,25.900,
9966,6,7,2025-05-31 14:03:50.511+03,606.300,606.300,
9966,6,14,2025-05-31 14:16:51.083+03,195.800,195.800,
9966,6,17,2025-05-31 14:27:16.813+03,341.400,341.400,
9966,7,1,2025-05-31 13:55:32.512+03,,,
9966,7,4,2025-05-31 14:08:06.917+03,449.400,449.400,
9966,7,7,2025-05-31 14:20:13.934+03,437.600,437.600,
9966,7,10,2025-05-31 14:29:46.589+03,290.400,290.400,
9966,8,3,2025-05-31 13:53:23.314+03,679.700,679.700,
9966,8,6,2025-05-31 13:55:42.937+03,26.300,26.300,
9966,8,9,2025-05-31 14:12:22.531+03,684.100,684.100,
9966,8,12,2025-05-31 14:18:45.414+03,74.200,74.200,
9966,8,15,2025-05-31 14:28:38.094+03,323.300,323.300,
9966,9,1,2025-05-31 13:53:23.314+03,,,
9966,9,4,2025-05-31 13:53:49.99+03,31.400,31.400,
9966,9,10,2025-05-31 14:16:01.359+03,774.400,774.400,
9966,9,13,2025-05-31 14:26:20.516+03,321.700,321.700,
9966,10,3,2025-05-31 13:53:23.314+03,683.300,683.300,
9966,10,6,2025-05-31 13:54:57.661+03,16.600,16.600,
9966,10,9,2025-05-31 14:00:46.829+03,16.500,16.500,
9966,10,12,2025-05-31 14:12:34.715+03,415.100,415.100,
9966,10,15,2025-05-31 14:18:58.452+03,74.800,74.800,
9966,10,18,2025-05-31 14:28:33.04+03,285.900,285.900,
9966,11,4,2025-05-31 13:55:51.785+03,474.200,474.200,
9966,11,7,2025-05-31 14:11:47.125+03,617.300,617.300,
9966,11,10,2025-05-31 14:26:32.828+03,558.200,558.200,
9966,12,1,2025-05-31 13:53:23.314+03,,,
9966,12,4,2025-05-31 14:00:34.671+03,376.200,376.200,
9966,13,4,2025-05-31 13:53:23.314+03,121.100,121.100,
9966,13,13,2025-05-31 14:13:51.845+03,654.300,654.300,
9966,13,16,2025-05-31 14:29:13.234+03,641.100,641.100,
9966,14,4,2025-05-31 13:55:29.784+03,265.300,265.300,
9966,14,7,2025-05-31 14:06:01.048+03,307.000,307.000,
9966,14,11,2025-05-31 14:19:17.827+03,365.500,365.500,
9966,14,16,2025-05-31 14:29:21.13+03,44.400,44.400,
9966,15,4,2025-05-31 13:58:10.435+03,655.200,655.200,
9966,15,7,2025-05-31 14:13:11.491+03,608.100,608.100,
9966,15,10,2025-05-31 14:25:10.376+03,428.300,428.300,
9966,16,1,2025-05-31 13:53:23.314+03,,,
9966,16,4,2025-05-31 13:55:08.465+03,30.500,30.500,
9966,16,7,2025-05-31 14:01:04.906+03,17.000,17.000,
9966,16,11,2025-05-31 14:18:46.531+03,695.700,695.700,
9966,16,14,2025-05-31 14:27:46.545+03,192.900,192.900,
9966,17,4,2025-05-31 13:53:23.314+03,27.800,27.800,
9966,17,7,2025-05-31 14:04:57.964+03,512.100,512.100,
9966,17,10,2025-05-31 14:10:27.61+03,37.300,37.300,
9966,17,11,2025-05-31 14:21:24.441+03,553.700,553.700,
9966,17,14,2025-05-31 14:29:34.61+03,207.600,207.600,
9966,18,1,2025-05-31 13:53:23.314+03,,,
9966,18,4,2025-05-31 13:59:37.469+03,282.800,282.800,
9966,18,13,2025-05-31 14:20:34.734+03,544.400,544.400,
9966,18,16,2025-05-31 14:29:31.647+03,265.000,265.000,
9966,19,1,2025-05-31 13:53:23.314+03,,,
9966,19,4,2025-05-31 13:59:51.871+03,404.400,404.400,
9966,19,9,2025-05-31 14:15:59.003+03,532.100,532.100,
9966,19,12,2025-05-31 14:28:25.918+03,461.700,461.700,
9966,20,4,2025-05-31 14:00:51.522+03,627.600,627.600,
9966,20,7,2025-05-31 14:15:40.917+03,597.100,597.100,
9966,20,10,2025-05-31 14:28:16.913+03,452.500,452.500,
9966,29,7,2025-05-31 13:53:23.314+03,475.200,475.200,
9966,29,14,2025-05-31 14:01:12.223+03,21.000,21.000,
9966,29,17,2025-05-31 14:15:16.945+03,559.000,559.000,
9966,29,20,2025-05-31 14:26:49.465+03,397.100,397.100,
9967,1,1,2025-05-31 17:07:46.718+03,,,
9967,1,4,2025-05-31 17:27:22.772+03,876.000,876.000,
9967,1,7,2025-05-31 17:49:05.197+03,1030.300,1030.300,
9967,1,10,2025-05-31 17:57:31.002+03,223.500,223.500,
9967,2,1,2025-05-31 17:05:26.702+03,,,
9967,2,4,2025-05-31 17:13:13.775+03,176.500,176.500,
9967,2,7,2025-05-31 17:27:59.773+03,614.400,614.400,
9967,2,10,2025-05-31 17:49:54.962+03,1015.300,1015.300,
9967,2,13,2025-05-31 17:56:54.012+03,148.000,148.000,
9967,3,1,2025-05-31 17:04:44.253+03,,,
9967,3,4,2025-05-31 17:13:18.428+03,240.600,240.600,
9967,3,7,2025-05-31 17:27:35.833+03,573.400,573.400,
9967,3,10,2025-05-31 17:36:39.14+03,261.100,261.100,
9967,4,1,2025-05-31 17:05:58.401+03,,,
9967,4,4,2025-05-31 17:13:50.721+03,200.200,200.200,
9967,4,7,2025-05-31 17:27:49.13+03,551.000,551.000,
9967,4,10,2025-05-31 17:37:05.401+03,259.100,259.100,
9967,4,13,2025-05-31 17:56:33.517+03,891.100,891.100,
9967,6,1,2025-05-31 17:06:02.616+03,,,
9967,6,4,2025-05-31 17:13:57.884+03,186.400,186.400,
9967,6,7,2025-05-31 17:27:41.9+03,530.700,530.700,
9967,6,10,2025-05-31 17:36:24.983+03,221.800,221.800,
9967,6,13,2025-05-31 17:49:14.434+03,481.600,481.600,
9967,6,16,2025-05-31 17:56:45.719+03,159.100,159.100,
9967,7,1,2025-05-31 17:05:11.366+03,,,
9967,7,4,2025-05-31 17:13:31.89+03,192.400,192.400,
9967,7,7,2025-05-31 17:29:23.482+03,650.100,650.100,
9967,7,10,2025-05-31 17:36:12.735+03,130.100,130.100,
9967,7,13,2025-05-31 17:48:53.84+03,473.100,473.100,
9967,7,16,2025-05-31 17:57:03.272+03,222.300,222.300,
9967,8,1,2025-05-31 17:06:17.522+03,,,
9967,8,4,2025-05-31 17:15:10.152+03,217.900,217.900,
9967,8,6,2025-05-31 17:25:06.003+03,385.100,385.100,
9967,8,7,2025-05-31 17:28:26.373+03,113.900,113.900,
9967,8,10,2025-05-31 17:37:36.095+03,256.800,256.800,
9967,8,12,2025-05-31 17:53:14.298+03,720.700,720.700,
9967,9,1,2025-05-31 17:07:08.416+03,,,
9967,9,4,2025-05-31 17:15:18.315+03,206.300,206.300,
9967,9,5,2025-05-31 17:28:41.881+03,657.900,657.900,
9967,9,8,2025-05-31 17:37:53.181+03,264.200,264.200,
9967,9,10,2025-05-31 17:50:48.439+03,581.100,581.100,
9967,10,1,2025-05-31 17:00:28.1+03,,,
9967,10,4,2025-05-31 17:08:08.499+03,181.300,181.300,
9967,10,7,2025-05-31 17:15:56.75+03,185.900,185.900,
9967,10,10,2025-05-31 17:27:27.63+03,407.200,407.200,
9967,10,13,2025-05-31 17:36:11.102+03,250.500,250.500,
9967,11,1,2025-05-31 17:04:48.434+03,,,
9967,11,4,2025-05-31 17:15:53.553+03,377.600,377.600,
9967,12,1,2025-05-31 17:00:59.15+03,,,
9967,12,4,2025-05-31 17:06:09.774+03,47.300,47.300,
9967,12,7,2025-05-31 17:15:05.911+03,234.500,234.500,
9967,12,9,2025-05-31 17:25:03.27+03,400.300,400.300,
9967,12,12,2025-05-31 17:36:30.161+03,427.600,427.600,
9967,13,1,2025-05-31 17:04:42.333+03,,,
9967,13,4,2025-05-31 17:13:15.824+03,250.700,250.700,
9967,14,1,2025-05-31 17:04:55.628+03,,,
9967,14,4,2025-05-31 17:15:04.504+03,320.700,320.700,
9967,14,7,2025-05-31 17:27:32.731+03,470.400,470.400,
9967,14,10,2025-05-31 17:37:21.124+03,311.100,311.100,
9967,15,1,2025-05-31 17:00:10.644+03,,,
9967,15,4,2025-05-31 17:07:24.865+03,153.800,153.800,
9967,15,7,2025-05-31 17:15:08.474+03,177.300,177.300,
9967,16,1,2025-05-31 17:06:55.395+03,,,
9967,16,4,2025-05-31 17:15:02.306+03,201.400,201.400,
9967,16,7,2025-05-31 17:28:58.985+03,566.000,566.000,
9967,16,10,2025-05-31 17:49:37.922+03,949.600,949.600,
9967,16,13,2025-05-31 17:57:22.904+03,186.100,186.100,
9967,17,1,2025-05-31 17:05:01.981+03,,,
9967,17,4,2025-05-31 17:14:46.829+03,289.300,289.300,
9967,18,1,2025-05-31 17:05:47.638+03,,,
9967,18,4,2025-05-31 17:29:32.864+03,1132.700,1132.700,
9967,18,7,2025-05-31 17:48:58.601+03,891.200,891.200,
9967,18,10,2025-05-31 17:58:05.42+03,266.900,266.900,
9967,19,1,2025-05-31 17:06:06.532+03,,,
9967,19,4,2025-05-31 17:13:29.456+03,145.500,145.500,
9967,19,6,2025-05-31 17:29:06.405+03,740.300,740.300,
9967,19,9,2025-05-31 17:48:39.809+03,888.600,888.600,
9967,19,12,2025-05-31 17:56:59.986+03,222.400,222.400,
9967,20,1,2025-05-31 17:00:22.411+03,,,
9967,20,4,2025-05-31 17:07:34.433+03,158.400,158.400,
9967,20,7,2025-05-31 17:15:12.81+03,168.700,168.700,
9967,20,10,2025-05-31 17:25:16.703+03,298.700,298.700,
9967,20,13,2025-05-31 17:37:44.364+03,484.100,484.100,
9967,29,1,2025-05-31 17:00:04.444+03,,,
9967,29,4,2025-05-31 17:07:19.323+03,157.800,157.800,
9967,29,7,2025-05-31 17:15:16.476+03,200.800,200.800,
9971,1,13,2025-06-01 16:21:17.088+03,21.869,21.869,2.500
9971,1,29,2025-06-01 16:42:59.372+03,21.933,21.933,2.300
9971,1,47,2025-06-01 17:07:10.374+03,21.802,21.802,2.400
9971,1,55,2025-06-01 17:18:11.362+03,22.197,22.197,2.400
9971,2,21,2025-06-01 16:32:04.917+03,22.454,22.454,3.000
9971,2,48,2025-06-01 17:08:26.277+03,21.863,21.863,2.300
9971,2,55,2025-06-01 17:18:08.762+03,23.562,23.562,3.900
9971,3,19,2025-06-01 16:30:07.914+03,22.041,22.041,2.100
9971,3,49,2025-06-01 17:11:18.414+03,22.953,22.953,3.400
9971,4,19,2025-06-01 16:29:48.856+03,21.769,21.769,2.500
9971,4,48,2025-06-01 17:09:20.535+03,22.019,22.019,2.400
9971,4,55,2025-06-01 17:19:35.767+03,21.841,21.841,2.500
9971,6,10,2025-06-01 16:17:27.032+03,22.224,22.224,2.400
9971,6,31,2025-06-01 16:46:33.982+03,22.006,22.006,2.100
9971,6,55,2025-06-01 17:20:05.783+03,22.818,22.818,3.000
9971,7,21,2025-06-01 16:32:28.543+03,22.234,22.234,2.500
9971,7,49,2025-06-01 17:10:32.65+03,23.457,23.457,3.800
9971,8,15,2025-06-01 16:24:35.45+03,22.782,22.782,3.100
9971,8,42,2025-06-01 17:01:40.017+03,22.242,22.242,2.800
9971,8,54,2025-06-01 17:18:20.041+03,22.216,22.216,2.600
9971,9,17,2025-06-01 16:26:50.882+03,21.863,21.863,2.100
9971,9,40,2025-06-01 16:57:58.47+03,21.893,21.893,2.300
9971,9,55,2025-06-01 17:18:34.491+03,22.383,22.383,2.800
9971,11,8,2025-06-01 16:19:35.821+03,21.868,21.868,2.300
9971,11,24,2025-06-01 16:37:05.525+03,22.056,22.056,2.400
9971,11,44,2025-06-01 17:04:32.386+03,21.822,21.822,2.400
9971,11,54,2025-06-01 17:18:27.128+03,22.283,22.283,2.500
9971,12,6,2025-06-01 16:12:13.654+03,30.823,30.823,11.400
9971,12,26,2025-06-01 16:40:13.803+03,37.674,37.674,16.900
9971,13,9,2025-06-01 16:16:07.039+03,22.233,22.233,2.700
9971,13,45,2025-06-01 17:05:29.605+03,21.849,21.849,2.500
9971,13,56,2025-06-01 17:21:28.036+03,21.904,21.904,2.700
9971,14,18,2025-06-01 16:28:34.699+03,22.039,22.039,2.500
9971,14,44,2025-06-01 17:04:16.481+03,22.127,22.127,2.300
9971,15,20,2025-06-01 16:31:32.319+03,22.554,22.554,2.800
9971,15,43,2025-06-01 17:03:11.902+03,22.468,22.468,2.700
9971,16,16,2025-06-01 16:25:31.587+03,21.957,21.957,2.200
9971,16,46,2025-06-01 17:06:15.959+03,24.416,24.416,4.900
9971,16,55,2025-06-01 17:18:50.955+03,22.830,22.830,2.700
9971,17,9,2025-06-01 16:16:24.654+03,30.547,30.547,10.800
9971,17,34,2025-06-01 16:50:52.991+03,22.346,22.346,3.000
9971,17,55,2025-06-01 17:20:33.319+03,21.984,21.984,2.800
9971,18,20,2025-06-01 16:31:01.089+03,21.739,21.739,2.200
9971,18,41,2025-06-01 16:59:29.893+03,21.752,21.752,2.300
9971,18,55,2025-06-01 17:18:39.415+03,23.167,23.167,3.500
9971,19,22,2025-06-01 16:33:20.042+03,21.858,21.858,2.200
9971,19,49,2025-06-01 17:09:39.403+03,21.838,21.838,2.200
9971,19,55,2025-06-01 17:18:02.898+03,22.748,22.748,3.300
9971,20,8,2025-06-01 16:14:49.875+03,22.009,22.009,2.600
9971,20,35,2025-06-01 16:52:07.362+03,22.270,22.270,2.900
9971,20,54,2025-06-01 17:18:23.59+03,22.765,22.765,3.400
9971,29,14,2025-06-01 16:23:12.878+03,22.491,22.491,2.800
9971,29,39,2025-06-01 16:58:06.002+03,22.119,22.119,2.400
9971,29,54,2025-06-01 17:19:00.832+03,21.874,21.874,2.100
9972,1,1,2025-05-23 14:30:57.823+03,,,
9972,1,7,2025-05-23 14:45:34.807+03,,,
9972,1,18,2025-05-23 15:13:58.369+03,746.800,746.800,
9972,1,24,2025-05-23 15:22:53.994+03,26.000,26.000,
9972,2,1,2025-05-23 14:30:35.604+03,,,
9972,2,7,2025-05-23 14:44:44.213+03,,,
9972,2,16,2025-05-23 15:05:06.998+03,438.900,438.900,
9972,2,24,2025-05-23 15:21:25.415+03,268.600,268.600,
9972,3,1,2025-05-23 14:31:23.463+03,,,
9972,3,6,2025-05-23 14:44:33.823+03,,,
9972,3,18,2025-05-23 15:15:08.76+03,747.000,747.000,
9972,4,1,2025-05-23 14:30:11.619+03,,,
9972,4,7,2025-05-23 14:44:59.416+03,,,
9972,4,18,2025-05-23 15:04:37.215+03,230.200,230.200,
9972,4,20,2025-05-23 15:10:32.5+03,190.000,190.000,
9972,6,1,2025-05-23 14:31:31.901+03,,,
9972,6,2,2025-05-23 14:44:21.401+03,681.700,681.700,
9972,6,15,2025-05-23 15:09:46.296+03,422.500,422.500,
9972,7,1,2025-05-23 14:31:38.542+03,,,
9972,7,6,2025-05-23 14:44:06.525+03,,,
9972,7,14,2025-05-23 15:00:01.443+03,243.200,243.200,
9972,8,1,2025-05-23 14:31:57.151+03,,,
9972,8,6,2025-05-23 14:46:02.886+03,,,
9972,8,14,2025-05-23 15:07:28.108+03,554.900,554.900,
9972,8,19,2025-05-23 15:20:02.32+03,328.500,328.500,
9972,9,1,2025-05-23 14:31:15.104+03,,,
9972,9,5,2025-05-23 14:46:27.917+03,513.000,513.000,
9972,9,24,2025-05-23 15:19:55.646+03,328.600,328.600,
9972,10,1,2025-05-23 14:31:44.995+03,,,
9972,11,1,2025-05-23 14:30:48.901+03,,,
9972,11,7,2025-05-23 14:45:52.011+03,,,
9972,11,20,2025-05-23 15:13:48.103+03,555.800,555.800,
9972,11,23,2025-05-23 15:18:40.968+03,28.600,28.600,
9972,12,1,2025-05-23 14:32:49.714+03,,,
9972,12,5,2025-05-23 14:47:35.293+03,,,
9972,12,15,2025-05-23 15:02:27.866+03,27.100,27.100,
9972,12,28,2025-05-23 15:24:52.354+03,154.800,154.800,
9972,13,1,2025-05-23 14:30:19.119+03,,,
9972,13,7,2025-05-23 14:44:49.635+03,,,
9972,13,17,2025-05-23 15:13:03.009+03,804.500,804.500,
9972,14,1,2025-05-23 14:30:04.432+03,,,
9972,14,7,2025-05-23 14:44:26.026+03,,,
9972,14,18,2025-05-23 15:05:15.42+03,301.700,301.700,
9972,15,1,2025-05-23 14:30:30.166+03,,,
9972,15,7,2025-05-23 14:45:23.573+03,,,
9972,15,18,2025-05-23 15:12:33.784+03,723.800,723.800,
9972,16,1,2025-05-23 14:31:08.791+03,,,
9972,16,6,2025-05-23 14:45:45.104+03,,,
9972,16,14,2025-05-23 15:03:24.452+03,354.400,354.400,
9972,16,24,2025-05-23 15:23:33.088+03,250.700,250.700,
9972,17,1,2025-05-23 14:32:57.183+03,,,
9972,17,5,2025-05-23 14:44:08.713+03,,,
9972,17,14,2025-05-23 14:57:36.504+03,28.300,28.300,
9972,17,21,2025-05-23 15:08:44.593+03,19.900,19.900,
9972,17,29,2025-05-23 15:23:27.416+03,153.500,153.500,
9972,18,1,2025-05-23 14:32:21.979+03,,,
9972,18,5,2025-05-23 14:44:03.135+03,,,
9972,18,15,2025-05-23 15:02:43.007+03,215.600,215.600,
9972,18,18,2025-05-23 15:08:47.139+03,74.600,74.600,
9972,18,23,2025-05-23 15:17:18.578+03,25.000,25.000,
9972,19,1,2025-05-23 14:30:41.432+03,,,
9972,19,6,2025-05-23 14:44:13.869+03,,,
9972,19,13,2025-05-23 15:05:12.06+03,631.400,631.400,
9972,19,19,2025-05-23 15:15:01.698+03,51.800,51.800,
9972,19,23,2025-05-23 15:25:31.213+03,271.200,271.200,
9972,20,1,2025-05-23 14:30:25.916+03,,,
9972,20,7,2025-05-23 14:45:15.854+03,,,
9972,20,18,2025-05-23 15:06:55.17+03,352.100,352.100,
9972,20,26,2025-05-23 15:21:48.243+03,179.000,179.000,
9972,29,1,2025-05-23 14:32:06.292+03,,,
9972,29,6,2025-05-23 14:45:09.76+03,,,
9972,29,17,2025-05-23 15:09:27.546+03,480.000,480.000,
9972,29,26,2025-05-23 15:23:54.65+03,19.800,19.800,
9973,1,1,2025-05-23 18:01:14.655+03,,,
9973,1,5,2025-05-23 18:14:46.797+03,,,
9973,1,8,2025-05-23 18:25:39.999+03,,,
9973,1,13,2025-05-23 18:33:20.421+03,19.600,19.600,
9973,1,18,2025-05-23 18:46:03.092+03,329.500,329.500,
9973,2,1,2025-05-23 18:01:53.081+03,,,
9973,2,5,2025-05-23 18:14:05.094+03,,,
9973,2,9,2025-05-23 18:25:51.78+03,,,
9973,2,12,2025-05-23 18:30:39.45+03,26.700,26.700,
9973,2,21,2025-05-23 18:47:52.346+03,284.500,284.500,
9973,3,1,2025-05-23 18:01:05.518+03,,,
9973,3,6,2025-05-23 18:13:09.875+03,,,
9973,3,10,2025-05-23 18:29:40.934+03,,,
9973,3,15,2025-05-23 18:37:39.737+03,29.600,29.600,
9973,3,20,2025-05-23 18:50:28.131+03,339.700,339.700,
9973,4,1,2025-05-23 18:04:22.031+03,,,
9973,4,3,2025-05-23 18:26:06.34+03,,,
9973,6,1,2025-05-23 18:00:41.146+03,,,
9973,6,6,2025-05-23 18:13:20.188+03,,,
9973,6,11,2025-05-23 18:25:29.405+03,,,
9973,6,23,2025-05-23 18:47:38.677+03,243.800,243.800,
9973,7,1,2025-05-23 18:01:43.177+03,,,
9973,7,5,2025-05-23 18:13:54.813+03,,,
9973,7,9,2025-05-23 18:24:16.745+03,,,
9973,7,15,2025-05-23 18:33:37.611+03,29.500,29.500,
9973,7,18,2025-05-23 18:38:37.886+03,29.800,29.800,
9973,7,21,2025-05-23 18:47:42.255+03,303.600,303.600,
9973,8,1,2025-05-23 18:01:27.312+03,,,
9973,8,5,2025-05-23 18:13:39.5+03,,,
9973,8,9,2025-05-23 18:25:08.545+03,,,
9973,8,14,2025-05-23 18:32:46.827+03,29.300,29.300,
9973,8,20,2025-05-23 18:48:17.561+03,378.100,378.100,
9973,9,1,2025-05-23 18:00:34.615+03,,,
9973,9,6,2025-05-23 18:14:32+03,,,
9973,9,10,2025-05-23 18:25:13.468+03,,,
9973,9,13,2025-05-23 18:29:59.684+03,28.300,28.300,
9973,9,21,2025-05-23 18:47:48.851+03,345.400,345.400,
9973,10,1,2025-05-23 18:02:14.362+03,,,
9973,10,5,2025-05-23 18:13:45.844+03,,,
9973,10,9,2025-05-23 18:25:19.343+03,,,
9973,10,14,2025-05-23 18:33:30.674+03,30.900,30.900,
9973,10,23,2025-05-23 18:53:05.864+03,341.000,341.000,
9973,11,1,2025-05-23 18:01:31.702+03,,,
9973,11,5,2025-05-23 18:14:39.204+03,,,
9973,11,8,2025-05-23 18:25:57.771+03,,,
9973,11,19,2025-05-23 18:48:05.365+03,357.200,357.200,
9973,12,1,2025-05-23 18:00:08.599+03,,,
9973,12,6,2025-05-23 18:14:19.094+03,,,
9973,12,10,2025-05-23 18:24:05.72+03,,,
9973,12,13,2025-05-23 18:28:37.296+03,30.500,30.500,
9973,12,20,2025-05-23 18:44:06.598+03,274.700,274.700,
9973,13,1,2025-05-23 18:00:56.133+03,,,
9973,13,5,2025-05-23 18:13:02.5+03,,,
9973,13,10,2025-05-23 18:24:58.385+03,,,
9973,13,17,2025-05-23 18:42:25.628+03,447.700,447.700,
9973,13,29,2025-05-23 18:58:04.662+03,24.100,24.100,
9973,14,1,2025-05-23 18:00:04.943+03,,,
9973,14,6,2025-05-23 18:15:36.41+03,,,
9973,14,9,2025-05-23 18:24:10.384+03,,,
9973,14,14,2025-05-23 18:31:21.599+03,27.600,27.600,
9973,14,22,2025-05-23 18:48:40.506+03,355.700,355.700,
9973,15,1,2025-05-23 18:00:21.896+03,,,
9973,15,6,2025-05-23 18:14:51.351+03,,,
9973,15,9,2025-05-23 18:24:37.151+03,,,
9973,15,21,2025-05-23 18:46:44.058+03,259.200,259.200,
9973,16,1,2025-05-23 18:00:30.146+03,,,
9973,16,6,2025-05-23 18:14:29.172+03,,,
9973,16,9,2025-05-23 18:24:26.979+03,,,
9973,16,13,2025-05-23 18:32:26.218+03,156.700,156.700,
9973,16,21,2025-05-23 18:50:02.881+03,312.000,312.000,
9973,17,1,2025-05-23 18:02:06.612+03,,,
9973,17,5,2025-05-23 18:13:14.422+03,,,
9973,17,9,2025-05-23 18:24:03.229+03,,,
9973,17,12,2025-05-23 18:28:25.827+03,25.400,25.400,
9973,17,20,2025-05-23 18:45:18.467+03,302.700,302.700,
9973,17,21,2025-05-23 18:46:55.063+03,24.300,24.300,
9973,18,1,2025-05-23 18:02:25.737+03,,,
9973,18,5,2025-05-23 18:13:24.719+03,,,
9973,18,9,2025-05-23 18:24:30.338+03,,,
9973,18,17,2025-05-23 18:36:56.402+03,30.300,30.300,
9973,18,21,2025-05-23 18:48:00.177+03,310.300,310.300,
9973,19,1,2025-05-23 18:02:00.971+03,,,
9973,19,5,2025-05-23 18:14:14.766+03,,,
9973,19,9,2025-05-23 18:28:32.39+03,,,
9973,19,16,2025-05-23 18:39:41.293+03,26.500,26.500,
9973,19,23,2025-05-23 18:55:31.589+03,336.900,336.900,
9973,20,1,2025-05-23 18:00:17.146+03,,,
9973,20,6,2025-05-23 18:15:02.318+03,,,
9973,20,9,2025-05-23 18:24:47.823+03,,,
9973,20,19,2025-05-23 18:44:03.441+03,249.400,249.400,
9973,29,1,2025-05-23 18:00:50.452+03,,,
9973,29,6,2025-05-23 18:13:30.516+03,,,
9973,29,10,2025-05-23 18:25:31.921+03,,,
9973,29,17,2025-05-23 18:37:03.839+03,28.800,28.800,
9973,29,21,2025-05-23 18:49:33.424+03,397.000,397.000,
9974,1,1,2025-05-24 13:45:43.053+03,,,
9974,1,12,2025-05-24 14:10:05.841+03,487.000,487.000,
9974,1,18,2025-05-24 14:19:43.273+03,19.500,19.500,
9974,1,19,2025-05-24 14:21:38.475+03,19.500,19.500,
9974,2,1,2025-05-24 13:44:43.369+03,,,
9974,2,8,2025-05-24 13:55:44.4+03,31.200,31.200,
9974,2,14,2025-05-24 14:13:40.951+03,568.500,568.500,
9974,2,19,2025-05-24 14:21:17.131+03,28.500,28.500,
9974,3,1,2025-05-24 13:36:41.497+03,,,
9974,3,15,2025-05-24 14:06:48.966+03,535.800,535.800,
9974,3,18,2025-05-24 14:11:38.679+03,28.600,28.600,
9974,4,1,2025-05-24 13:30:14.582+03,,,
9974,4,2,2025-05-24 13:35:59.809+03,252.100,252.100,
9974,4,18,2025-05-24 14:05:32.06+03,353.300,353.300,
9974,4,23,2025-05-24 14:15:32.334+03,177.400,177.400,
9974,4,29,2025-05-24 14:25:35.592+03,37.800,37.800,
9974,6,1,2025-05-24 13:43:40.415+03,,,
9974,6,13,2025-05-24 14:15:46.372+03,809.900,809.900,
9974,7,1,2025-05-24 13:47:33.719+03,,,
9974,7,11,2025-05-24 14:03:00.556+03,19.900,19.900,
9974,7,14,2025-05-24 14:12:47.109+03,337.400,337.400,
9974,7,17,2025-05-24 14:17:32.87+03,19.900,19.900,
9974,7,20,2025-05-24 14:22:21.803+03,19.800,19.800,
9974,7,23,2025-05-24 14:27:18.073+03,19.600,19.600,
9974,8,1,2025-05-24 13:30:46.02+03,,,
9974,8,2,2025-05-24 13:32:33.99+03,26.100,26.100,
9974,8,3,2025-05-24 13:34:19.09+03,25.900,25.900,
9974,8,4,2025-05-24 13:49:53.293+03,854.000,854.000,
9974,8,14,2025-05-24 14:14:53.625+03,596.300,596.300,
9974,9,1,2025-05-24 13:42:41.998+03,,,
9974,9,12,2025-05-24 14:00:01.512+03,31.900,31.900,
9974,9,15,2025-05-24 14:10:29.679+03,358.800,358.800,
9974,9,21,2025-05-24 14:20:01.585+03,28.800,28.800,
9974,10,1,2025-05-24 13:30:47.973+03,,,
9974,10,2,2025-05-24 13:32:41.367+03,27.000,27.000,
9974,10,3,2025-05-24 13:34:26.868+03,26.400,26.400,
9974,10,4,2025-05-24 13:44:35.065+03,529.700,529.700,
9974,10,17,2025-05-24 14:15:36.303+03,661.100,661.100,
9974,11,1,2025-05-24 13:44:58.932+03,,,
9974,11,13,2025-05-24 14:10:12.69+03,421.900,421.900,
9974,11,19,2025-05-24 14:23:24.929+03,243.600,243.600,
9974,12,1,2025-05-24 13:45:18.269+03,,,
9974,12,12,2025-05-24 14:06:38.428+03,263.400,263.400,
9974,13,1,2025-05-24 13:36:36.578+03,,,
9974,13,13,2025-05-24 14:06:02.685+03,683.900,683.900,
9974,14,1,2025-05-24 13:30:04.992+03,,,
9974,14,2,2025-05-24 13:32:13.302+03,35.700,35.700,
9974,14,20,2025-05-24 14:03:45.148+03,272.000,272.000,
9974,14,23,2025-05-24 14:11:46.69+03,234.100,234.100,
9974,14,28,2025-05-24 14:19:34.46+03,40.800,40.800,
9974,14,31,2025-05-24 14:24:44.129+03,33.100,33.100,
9974,15,1,2025-05-24 13:39:11.711+03,,,
9974,15,16,2025-05-24 14:13:34.436+03,698.800,698.800,
9974,16,1,2025-05-24 13:30:11.372+03,,,
9974,16,2,2025-05-24 13:41:29.773+03,584.200,584.200,
9974,16,16,2025-05-24 14:10:48.776+03,387.300,387.300,
9974,17,1,2025-05-24 13:46:00.263+03,,,
9974,17,7,2025-05-24 13:55:30.248+03,28.800,28.800,
9974,17,14,2025-05-24 14:11:16.974+03,300.100,300.100,
9974,18,1,2025-05-24 13:48:10.902+03,,,
9974,18,13,2025-05-24 14:12:08.906+03,340.000,340.000,
9974,18,16,2025-05-24 14:16:55.472+03,27.700,27.700,
9974,18,19,2025-05-24 14:21:55.694+03,23.500,23.500,
9974,18,21,2025-05-24 14:25:21.701+03,26.800,26.800,
9974,19,1,2025-05-24 13:45:49.032+03,,,
9974,19,8,2025-05-24 13:57:00.876+03,26.000,26.000,
9974,19,13,2025-05-24 14:13:58.442+03,561.100,561.100,
9974,19,19,2025-05-24 14:23:20.101+03,20.000,20.000,
9974,20,1,2025-05-24 13:43:52.962+03,,,
9974,20,6,2025-05-24 13:52:01.317+03,36.000,36.000,
9974,20,12,2025-05-24 14:15:18.314+03,823.700,823.700,
9974,20,16,2025-05-24 14:21:51.178+03,35.900,35.900,
9974,29,1,2025-05-24 13:30:37.723+03,,,
9974,29,13,2025-05-24 13:49:55.751+03,28.000,28.000,
9974,29,21,2025-05-24 14:08:54.536+03,371.600,371.600,
9974,29,31,2025-05-24 14:25:28.06+03,31.500,31.500,
9975,1,1,2025-05-24 17:05:27.202+03,,,
9975,1,6,2025-05-24 17:13:51.48+03,85.200,85.200,
9975,1,10,2025-05-24 17:30:30.709+03,648.500,648.500,
9975,1,13,2025-05-24 17:49:30.387+03,1788.200,1788.200,
9975,1,16,2025-05-24 18:05:20.967+03,716.100,716.100,
9975,1,19,2025-05-24 18:12:08.824+03,179.500,179.500,
9975,2,1,2025-05-24 17:03:34.07+03,,,
9975,2,8,2025-05-24 17:14:05.371+03,23.800,23.800,
9975,2,12,2025-05-24 17:30:11.63+03,605.300,605.300,
9975,2,15,2025-05-24 17:46:36.386+03,1590.300,1590.300,
9975,2,20,2025-05-24 18:03:36.32+03,613.000,613.000,
9975,2,23,2025-05-24 18:09:44.957+03,130.600,130.600,
9975,3,1,2025-05-24 17:01:04.309+03,,,
9975,3,8,2025-05-24 17:11:07.946+03,25.400,25.400,
9975,4,1,2025-05-24 17:01:09.606+03,,,
9975,4,7,2025-05-24 17:11:24.727+03,109.500,109.500,
9975,4,13,2025-05-24 17:29:59.286+03,566.200,566.200,
9975,4,16,2025-05-24 17:44:23.557+03,1430.200,1430.200,
9975,4,19,2025-05-24 17:51:21.451+03,179.600,179.600,
9975,4,22,2025-05-24 18:04:03.086+03,507.200,507.200,
9975,4,25,2025-05-24 18:11:27.943+03,204.300,204.300,
9975,6,1,2025-05-24 17:00:32.262+03,,,
9975,6,7,2025-05-24 17:12:05.118+03,168.100,168.100,
9975,7,1,2025-05-24 17:02:29.903+03,,,
9975,7,7,2025-05-24 17:11:34.665+03,26.300,26.300,
9975,8,1,2025-05-24 17:01:19.465+03,,,
9975,8,8,2025-05-24 17:12:31.712+03,80.100,80.100,
9975,8,13,2025-05-24 17:29:27.348+03,563.000,563.000,
9975,8,17,2025-05-24 17:44:57.433+03,1492.800,1492.800,
9975,8,23,2025-05-24 18:03:17.741+03,595.900,595.900,
9975,8,27,2025-05-24 18:11:06.786+03,147.100,147.100,
9975,9,1,2025-05-24 17:01:33.309+03,,,
9975,9,13,2025-05-24 17:29:37.974+03,637.900,637.900,
9975,9,16,2025-05-24 17:44:36.901+03,1536.800,1536.800,
9975,9,22,2025-05-24 18:03:52.726+03,643.800,643.800,
9975,9,25,2025-05-24 18:11:51.787+03,233.800,233.800,
9975,10,1,2025-05-24 17:01:27.559+03,,,
9975,10,8,2025-05-24 17:12:56.587+03,56.400,56.400,
9975,11,1,2025-05-24 17:01:51.169+03,,,
9975,11,7,2025-05-24 17:12:42.495+03,145.400,145.400,
9975,11,12,2025-05-24 17:30:26.521+03,610.300,610.300,
9975,11,15,2025-05-24 17:47:13.043+03,1616.800,1616.800,
9975,12,1,2025-05-24 17:00:03.902+03,,,
9975,12,9,2025-05-24 17:11:47.634+03,28.900,28.900,
9975,12,14,2025-05-24 17:29:08.755+03,600.200,600.200,
9975,12,18,2025-05-24 17:44:07.542+03,1499.000,1499.000,
9975,12,22,2025-05-24 17:50:00.325+03,29.200,29.200,
9975,12,26,2025-05-24 18:03:04.101+03,440.800,440.800,
9975,12,27,2025-05-24 18:04:49.413+03,25.700,25.700,
9975,12,31,2025-05-24 18:11:12.896+03,51.400,51.400,
9975,13,1,2025-05-24 17:00:47.465+03,,,
9975,13,8,2025-05-24 17:10:55.086+03,25.600,25.600,
9975,13,14,2025-05-24 17:29:03.254+03,557.000,557.000,
9975,13,18,2025-05-24 17:44:03.229+03,1457.000,1457.000,
9975,13,21,2025-05-24 17:50:46.482+03,174.000,174.000,
9975,14,1,2025-05-24 17:00:54.012+03,,,
9975,14,7,2025-05-24 17:12:18.54+03,183.400,183.400,
9975,14,12,2025-05-24 17:29:33.536+03,576.900,576.900,
9975,14,15,2025-05-24 17:47:05.011+03,1628.400,1628.400,
9975,14,21,2025-05-24 18:04:40.691+03,551.200,551.200,
9975,14,24,2025-05-24 18:11:18.818+03,152.200,152.200,
9975,15,1,2025-05-24 17:00:15.73+03,,,
9975,15,8,2025-05-24 17:10:25.524+03,26.600,26.600,
9975,15,14,2025-05-24 17:29:19.864+03,639.600,639.600,
9975,15,18,2025-05-24 17:44:29.948+03,1549.600,1549.600,
9975,15,21,2025-05-24 17:49:53.919+03,87.700,87.700,
9975,15,25,2025-05-24 18:03:08.523+03,471.900,471.900,
9975,15,29,2025-05-24 18:10:43.724+03,142.200,142.200,
9975,16,1,2025-05-24 17:01:42.559+03,,,
9975,16,10,2025-05-24 17:15:09.262+03,25.000,25.000,
9975,16,13,2025-05-24 17:29:47.614+03,603.700,603.700,
9975,16,16,2025-05-24 17:44:46.651+03,1502.700,1502.700,
9975,16,23,2025-05-24 18:03:45.695+03,552.500,552.500,
9975,16,26,2025-05-24 18:11:40.865+03,234.200,234.200,
9975,17,1,2025-05-24 17:00:08.699+03,,,
9975,17,9,2025-05-24 17:12:00.368+03,27.300,27.300,
9975,17,14,2025-05-24 17:29:15.505+03,587.700,587.700,
9975,17,18,2025-05-24 17:44:12.651+03,1484.900,1484.900,
9975,17,22,2025-05-24 17:50:08.263+03,28.400,28.400,
9975,18,1,2025-05-24 17:03:27.478+03,,,
9975,18,12,2025-05-24 17:31:14.225+03,639.600,639.600,
9975,19,1,2025-05-24 17:03:39.092+03,,,
9975,19,8,2025-05-24 17:14:31.746+03,30.100,30.100,
9975,19,11,2025-05-24 17:30:16.021+03,685.200,685.200,
9975,19,14,2025-05-24 17:45:10.933+03,1580.200,1580.200,
9975,19,22,2025-05-24 18:03:25.367+03,424.500,424.500,
9975,19,25,2025-05-24 18:09:33.348+03,121.300,121.300,
9975,20,1,2025-05-24 17:00:25.387+03,,,
9975,20,8,2025-05-24 17:10:34.321+03,26.700,26.700,
9975,29,1,2025-05-24 17:00:38.121+03,,,
9975,29,8,2025-05-24 17:12:10.806+03,99.200,99.200,
9979,1,28,2025-05-25 16:40:54.216+03,24.114,24.114,2.300
9979,1,77,2025-05-25 17:42:47.01+03,23.950,23.950,2.200
9979,2,19,2025-05-25 16:29:25.731+03,24.545,24.545,2.700
9979,2,50,2025-05-25 17:08:27.17+03,23.704,23.704,2.200
9979,3,1,2025-05-25 16:05:35.82+03,37.243,37.243,14.600
9979,3,26,2025-05-25 16:39:33.903+03,24.483,24.483,2.700
9979,3,35,2025-05-25 16:51:32.327+03,24.246,24.246,2.400
9979,4,14,2025-05-25 16:23:19.864+03,24.311,24.311,2.700
9979,4,19,2025-05-25 16:30:02.482+03,24.031,24.031,2.500
9979,6,1,2025-05-25 16:05:02.483+03,24.376,24.376,2.400
9979,7,69,2025-05-25 17:36:00.507+03,24.457,24.457,2.400
9979,7,71,2025-05-25 17:38:51.533+03,24.837,24.837,2.300
9979,8,16,2025-05-25 16:25:54.877+03,25.375,25.375,2.600
9979,9,22,2025-05-25 16:33:15.011+03,23.576,23.576,2.000
9979,9,49,2025-05-25 17:07:17.044+03,23.678,23.678,2.200
9979,10,17,2025-05-25 16:27:46.469+03,23.978,23.978,2.500
9979,10,64,2025-05-25 17:29:40.406+03,25.916,25.916,4.200
9979,11,1,2025-05-25 16:05:00.714+03,24.525,24.525,2.600
9979,11,73,2025-05-25 17:41:05.576+03,24.086,24.086,2.400
9979,12,32,2025-05-25 16:47:05.165+03,23.927,23.927,2.400
9979,12,40,2025-05-25 16:57:39.323+03,24.190,24.190,2.300
9979,13,12,2025-05-25 16:21:04.879+03,24.065,24.065,2.400
9979,13,44,2025-05-25 17:03:16.358+03,24.397,24.397,3.000
9979,14,31,2025-05-25 16:45:47.184+03,24.206,24.206,2.600
9979,14,40,2025-05-25 16:57:37.401+03,24.320,24.320,2.500
9979,15,16,2025-05-25 16:26:00.002+03,25.575,25.575,3.100
9979,15,28,2025-05-25 16:41:44.9+03,24.773,24.773,2.800
9979,16,18,2025-05-25 16:28:25.231+03,23.565,23.565,2.100
9979,16,56,2025-05-25 17:16:41.123+03,24.256,24.256,2.500
9979,17,48,2025-05-25 17:08:10.982+03,24.498,24.498,3.100
9979,17,53,2025-05-25 17:14:45.772+03,24.049,24.049,2.700
9979,18,53,2025-05-25 17:14:47.147+03,19.400,19.400,
9979,18,62,2025-05-25 17:26:38.027+03,25.063,25.063,3.700
9979,18,68,2025-05-25 17:34:22.421+03,24.025,24.025,2.500
9979,19,20,2025-05-25 16:30:48.575+03,25.756,25.756,3.800
9979,19,48,2025-05-25 17:06:10.466+03,23.908,23.908,2.300
9979,20,1,2025-05-25 16:05:30.195+03,50.191,50.191,28.500
9979,20,17,2025-05-25 16:27:48.411+03,24.580,24.580,3.200
9979,29,13,2025-05-25 16:22:26.27+03,24.355,24.355,2.500
9979,29,26,2025-05-25 16:39:35.09+03,24.497,24.497,2.700
9980,1,1,2025-05-16 14:31:14.795+03,,,
9980,1,4,2025-05-16 14:48:37.932+03,699.600,699.600,
9980,1,10,2025-05-16 15:15:25.853+03,987.300,987.300,
9980,2,1,2025-05-16 14:31:04.48+03,,,
9980,2,7,2025-05-16 14:43:17.624+03,59.500,59.500,
9980,2,10,2025-05-16 15:01:25.871+03,780.900,780.900,
9980,2,15,2025-05-16 15:15:15.23+03,329.200,329.200,
9980,3,1,2025-05-16 14:30:33.669+03,,,
9980,3,2,2025-05-16 14:33:20.807+03,65.800,65.800,
9980,3,11,2025-05-16 14:59:09.323+03,623.400,623.400,
9980,3,14,2025-05-16 15:04:56.422+03,35.700,35.700,
9980,3,17,2025-05-16 15:17:58.559+03,476.600,476.600,
9980,4,1,2025-05-16 14:33:32.055+03,,,
9980,4,10,2025-05-16 15:01:44.539+03,746.500,746.500,
9980,4,12,2025-05-16 15:08:52.131+03,245.300,245.300,
9980,4,15,2025-05-16 15:19:53.706+03,313.000,313.000,
9980,4,16,2025-05-16 15:22:43.285+03,47.400,47.400,
9980,6,1,2025-05-16 14:30:51.907+03,,,
9980,6,4,2025-05-16 14:37:03.171+03,59.700,59.700,
9980,6,7,2025-05-16 14:42:41.618+03,24.700,24.700,
9980,6,10,2025-05-16 14:48:43.851+03,35.900,35.900,
9980,6,13,2025-05-16 15:02:40.061+03,526.000,526.000,
9980,6,16,2025-05-16 15:08:43.745+03,24.800,24.800,
9980,6,19,2025-05-16 15:14:30.64+03,36.000,36.000,
9980,6,20,2025-05-16 15:21:59.41+03,358.500,358.500,
9980,7,1,2025-05-16 14:31:07.944+03,,,
9980,7,4,2025-05-16 14:37:17.703+03,24.900,24.900,
9980,7,7,2025-05-16 14:49:01.212+03,395.300,395.300,
9980,7,10,2025-05-16 14:56:51.178+03,173.800,173.800,
9980,7,13,2025-05-16 15:08:11.212+03,369.600,369.600,
9980,7,22,2025-05-16 15:25:34.809+03,270.100,270.100,
9980,8,1,2025-05-16 14:31:05.024+03,,,
9980,8,10,2025-05-16 14:57:54.348+03,662.300,662.300,
9980,8,16,2025-05-16 15:19:05.458+03,639.600,639.600,
9980,9,1,2025-05-16 14:30:49.647+03,,,
9980,9,9,2025-05-16 14:52:34.783+03,453.600,453.600,
9980,9,12,2025-05-16 15:02:49.903+03,344.600,344.600,
9980,9,15,2025-05-16 15:08:50.702+03,29.300,29.300,
9980,9,18,2025-05-16 15:19:29.037+03,337.700,337.700,
9980,10,1,2025-05-16 14:31:10.764+03,,,
9980,10,11,2025-05-16 15:02:30.358+03,747.800,747.800,
9980,10,14,2025-05-16 15:08:57.669+03,42.300,42.300,
9980,10,18,2025-05-16 15:20:32.67+03,266.000,266.000,
9980,11,1,2025-05-16 14:33:07.826+03,,,
9980,11,4,2025-05-16 14:46:26.611+03,463.800,463.800,
9980,11,7,2025-05-16 14:52:40.235+03,38.400,38.400,
9980,11,11,2025-05-16 15:06:32.279+03,406.900,406.900,
9980,11,13,2025-05-16 15:11:17.361+03,39.100,39.100,
9980,11,18,2025-05-16 15:27:34.685+03,392.200,392.200,
9980,12,1,2025-05-16 14:35:54.189+03,,,
9980,12,11,2025-05-16 15:00:19.385+03,412.700,412.700,
9980,12,20,2025-05-16 15:25:01.252+03,509.400,509.400,
9980,13,1,2025-05-16 14:30:20.316+03,,,
9980,13,3,2025-05-16 14:34:30.048+03,75.000,75.000,
9980,13,11,2025-05-16 14:59:54.66+03,705.200,705.200,
9980,13,14,2025-05-16 15:05:26.641+03,37.400,37.400,
9980,13,17,2025-05-16 15:18:21.552+03,481.500,481.500,
9980,14,1,2025-05-16 14:30:39.975+03,,,
9980,14,7,2025-05-16 14:43:52.066+03,177.600,177.600,
9980,14,13,2025-05-16 15:01:53.251+03,472.600,472.600,
9980,14,16,2025-05-16 15:12:15.127+03,337.100,337.100,
9980,14,19,2025-05-16 15:22:38.637+03,338.300,338.300,
9980,15,1,2025-05-16 14:30:27.809+03,,,
9980,15,6,2025-05-16 14:39:16.762+03,38.500,38.500,
9980,15,11,2025-05-16 15:04:57.297+03,1054.600,1054.600,
9980,15,14,2025-05-16 15:11:36.017+03,71.300,71.300,
9980,15,17,2025-05-16 15:23:04.701+03,395.800,395.800,
9980,16,1,2025-05-16 14:30:43.835+03,,,
9980,16,9,2025-05-16 14:54:28.497+03,555.200,555.200,
9980,16,12,2025-05-16 15:03:06.557+03,234.600,234.600,
9980,16,16,2025-05-16 15:11:18.22+03,32.400,32.400,
9980,16,18,2025-05-16 15:21:00.091+03,374.000,374.000,
9980,17,1,2025-05-16 14:30:10.691+03,,,
9980,17,2,2025-05-16 14:41:08.842+03,545.900,545.900,
9980,17,6,2025-05-16 14:49:23.171+03,51.200,51.200,
9980,17,9,2025-05-16 14:55:06.401+03,25.100,25.100,
9980,17,12,2025-05-16 15:09:03.778+03,563.300,563.300,
9980,17,15,2025-05-16 15:14:34.093+03,24.700,24.700,
9980,17,18,2025-05-16 15:25:05.439+03,352.900,352.900,
9980,18,1,2025-05-16 14:31:03.561+03,,,
9980,18,7,2025-05-16 14:46:51.867+03,296.000,296.000,
9980,18,10,2025-05-16 14:57:09.059+03,325.900,325.900,
9980,18,19,2025-05-16 15:16:47.448+03,412.900,412.900,
9980,19,1,2025-05-16 14:31:31.608+03,,,
9980,19,10,2025-05-16 14:59:12.605+03,699.000,699.000,
9980,19,16,2025-05-16 15:17:10.37+03,484.800,484.800,
9980,20,1,2025-05-16 14:30:02.378+03,,,
9980,20,4,2025-05-16 14:45:24.967+03,628.500,628.500,
9980,20,7,2025-05-16 14:51:35.67+03,54.900,54.900,
9980,20,10,2025-05-16 15:05:00.422+03,534.000,534.000,
9980,20,13,2025-05-16 15:11:31.939+03,77.700,77.700,
9980,20,16,2025-05-16 15:21:39.583+03,331.800,331.800,
9980,29,1,2025-05-16 14:30:44.772+03,,,
9980,29,4,2025-05-16 14:36:33.343+03,25.400,25.400,
9980,29,7,2025-05-16 14:42:46.047+03,39.500,39.500,
9980,29,10,2025-05-16 14:49:08.212+03,44.400,44.400,
9980,29,13,2025-05-16 14:54:42.637+03,31.800,31.800,
9980,29,14,2025-05-16 15:09:49.69+03,813.800,813.800,
9980,29,16,2025-05-16 15:13:48.245+03,24.800,24.800,
9980,29,19,2025-05-16 15:24:08.189+03,314.600,314.600,
9981,1,1,2025-05-16 18:02:23.857+03,,,
9981,1,7,2025-05-16 18:21:23.422+03,489.800,489.800,
9981,1,12,2025-05-16 18:37:15.957+03,402.400,402.400,
9981,1,24,2025-05-16 18:59:05.816+03,1712.700,1712.700,
9981,2,1,2025-05-16 18:02:03.935+03,,,
9981,2,7,2025-05-16 18:22:59.845+03,653.300,653.300,
9981,2,13,2025-05-16 18:41:28.426+03,510.500,510.500,
9981,2,22,2025-05-16 18:58:07.253+03,1509.500,1509.500,
9981,3,1,2025-05-16 18:02:11.732+03,,,
9981,3,4,2025-05-16 18:07:45.545+03,25.600,25.600,
9981,3,9,2025-05-16 18:24:05.08+03,488.300,488.300,
9981,3,12,2025-05-16 18:29:48.206+03,36.200,36.200,
9981,3,15,2025-05-16 18:40:45.024+03,384.300,384.300,
9981,3,25,2025-05-16 18:58:33.847+03,1453.300,1453.300,
9981,4,1,2025-05-16 18:00:28.726+03,,,
9981,4,4,2025-05-16 18:08:48.885+03,194.700,194.700,
9981,4,7,2025-05-16 18:22:19.017+03,529.400,529.400,
9981,4,10,2025-05-16 18:27:59.081+03,24.800,24.800,
9981,4,13,2025-05-16 18:38:19.87+03,346.300,346.300,
9981,4,14,2025-05-16 18:41:02.488+03,50.300,50.300,
9981,6,1,2025-05-16 18:00:13.162+03,,,
9981,6,4,2025-05-16 18:06:07.084+03,44.100,44.100,
9981,6,7,2025-05-16 18:12:24.938+03,49.000,49.000,
9981,6,10,2025-05-16 18:23:33.642+03,373.800,373.800,
9981,6,13,2025-05-16 18:35:05.399+03,394.200,394.200,
9981,6,27,2025-05-16 18:58:26.457+03,1795.600,1795.600,
9981,7,1,2025-05-16 18:02:07.06+03,,,
9981,7,4,2025-05-16 18:07:43.264+03,24.900,24.900,
9981,7,7,2025-05-16 18:21:34.266+03,528.300,528.300,
9981,7,9,2025-05-16 18:25:12.221+03,25.500,25.500,
9981,7,13,2025-05-16 18:38:57.659+03,381.500,381.500,
9981,7,24,2025-05-16 18:58:31.113+03,1555.300,1555.300,
9981,8,1,2025-05-16 18:00:45.247+03,,,
9981,8,9,2025-05-16 18:24:08.517+03,590.300,590.300,
9981,8,12,2025-05-16 18:35:05.415+03,375.200,375.200,
9981,8,15,2025-05-16 18:49:02.615+03,562.500,562.500,
9981,8,19,2025-05-16 18:58:52.035+03,1151.900,1151.900,
9981,9,1,2025-05-16 18:01:43.779+03,,,
9981,9,9,2025-05-16 18:22:50.657+03,430.900,430.900,
9981,9,12,2025-05-16 18:28:19.581+03,30.600,30.600,
9981,9,16,2025-05-16 18:41:43.754+03,396.000,396.000,
9981,9,25,2025-05-16 18:58:20.597+03,1393.200,1393.200,
9981,10,1,2025-05-16 18:01:51.247+03,,,
9981,10,8,2025-05-16 18:26:40.158+03,770.000,770.000,
9981,10,11,2025-05-16 18:32:27.988+03,34.800,34.800,
9981,10,14,2025-05-16 18:44:05.786+03,417.000,417.000,
9981,10,21,2025-05-16 18:58:58.238+03,1309.400,1309.400,
9981,11,1,2025-05-16 18:02:00.622+03,,,
9981,11,10,2025-05-16 18:22:06.173+03,225.200,225.200,
9981,11,16,2025-05-16 18:38:42.89+03,355.600,355.600,
9981,11,27,2025-05-16 18:59:00.613+03,1573.600,1573.600,
9981,12,1,2025-05-16 18:01:38.279+03,,,
9981,12,10,2025-05-16 18:22:39.438+03,341.600,341.600,
9981,12,16,2025-05-16 18:39:36.437+03,386.300,386.300,
9981,12,17,2025-05-16 18:41:28.441+03,32.000,32.000,
9981,12,26,2025-05-16 18:58:03.566+03,1027.200,1027.200,
9981,13,1,2025-05-16 18:01:29.263+03,,,
9981,13,7,2025-05-16 18:21:42.844+03,610.500,610.500,
9981,13,10,2025-05-16 18:27:35.69+03,36.800,36.800,
9981,13,12,2025-05-16 18:39:17.578+03,508.400,508.400,
9981,13,23,2025-05-16 18:58:19.113+03,1650.300,1650.300,
9981,14,1,2025-05-16 18:00:59.755+03,,,
9981,14,4,2025-05-16 18:06:49.326+03,38.000,38.000,
9981,14,7,2025-05-16 18:21:57.798+03,617.100,617.100,
9981,14,10,2025-05-16 18:31:40.379+03,294.000,294.000,
9981,14,13,2025-05-16 18:42:15.207+03,358.100,358.100,
9981,14,14,2025-05-16 18:44:38.489+03,30.200,30.200,
9981,14,20,2025-05-16 18:58:59.441+03,891.500,891.500,
9981,15,1,2025-05-16 18:00:07.34+03,,,
9981,15,4,2025-05-16 18:05:56.369+03,65.800,65.800,
9981,15,7,2025-05-16 18:11:45.584+03,43.600,43.600,
9981,15,10,2025-05-16 18:26:19.549+03,589.600,589.600,
9981,15,13,2025-05-16 18:32:43.395+03,86.200,86.200,
9981,15,16,2025-05-16 18:46:00.903+03,523.900,523.900,
9981,15,22,2025-05-16 18:58:36.691+03,1280.000,1280.000,
9981,16,1,2025-05-16 18:01:22.06+03,,,
9981,16,9,2025-05-16 18:23:18.454+03,461.400,461.400,
9981,16,14,2025-05-16 18:41:16.332+03,530.500,530.500,
9981,16,23,2025-05-16 18:58:27.316+03,1561.800,1561.800,
9981,17,1,2025-05-16 18:00:48.854+03,,,
9981,17,7,2025-05-16 18:11:47.428+03,33.300,33.300,
9981,17,9,2025-05-16 18:22:27.892+03,457.400,457.400,
9981,17,16,2025-05-16 18:41:11.973+03,399.900,399.900,
9981,17,26,2025-05-16 18:58:33.113+03,1441.300,1441.300,
9981,18,1,2025-05-16 18:04:58.638+03,,,
9981,18,4,2025-05-16 18:16:18.661+03,389.700,389.700,
9981,18,7,2025-05-16 18:34:50.274+03,834.500,834.500,
9981,18,21,2025-05-16 18:58:29.644+03,2254.100,2254.100,
9981,19,1,2025-05-16 18:02:13.904+03,,,
9981,19,9,2025-05-16 18:23:52.939+03,490.700,490.700,
9981,19,12,2025-05-16 18:29:07.581+03,34.100,34.100,
9981,19,15,2025-05-16 18:40:11.328+03,392.600,392.600,
9981,19,25,2025-05-16 18:58:12.597+03,1474.100,1474.100,
9981,20,1,2025-05-16 18:00:06.004+03,,,
9981,20,4,2025-05-16 18:06:30.696+03,69.000,69.000,
9981,20,7,2025-05-16 18:21:51.688+03,635.200,635.200,
9981,20,10,2025-05-16 18:28:17.925+03,86.400,86.400,
9981,20,12,2025-05-16 18:37:03.274+03,321.700,321.700,
9981,20,24,2025-05-16 18:59:04.113+03,1642.800,1642.800,
9981,29,1,2025-05-16 18:00:15.658+03,,,
9981,29,4,2025-05-16 18:05:53.546+03,25.400,25.400,
9981,29,7,2025-05-16 18:12:14.769+03,49.900,49.900,
9981,29,10,2025-05-16 18:23:42.861+03,400.300,400.300,
9981,29,13,2025-05-16 18:34:44.536+03,384.800,384.800,
9981,29,27,2025-05-16 18:58:42.004+03,1822.200,1822.200,
9982,1,1,2025-05-17 13:47:05.225+03,,,
9982,1,4,2025-05-17 13:52:40.788+03,32.600,32.600,
9982,1,7,2025-05-17 13:58:42.241+03,24.700,24.700,
9982,1,10,2025-05-17 14:11:16.089+03,471.600,471.600,
9982,1,13,2025-05-17 14:25:28.399+03,556.400,556.400,
9982,2,1,2025-05-17 13:30:24.585+03,,,
9982,2,2,2025-05-17 13:47:47.748+03,949.500,949.500,
9982,2,5,2025-05-17 13:53:39.855+03,33.800,33.800,
9982,2,10,2025-05-17 14:13:00.703+03,726.400,726.400,
9982,2,13,2025-05-17 14:18:32.154+03,35.800,35.800,
9982,2,16,2025-05-17 14:27:47.398+03,269.800,269.800,
9982,3,1,2025-05-17 13:39:54.036+03,,,
9982,3,4,2025-05-17 13:53:25.98+03,529.300,529.300,
9982,3,8,2025-05-17 14:11:46.168+03,720.700,720.700,
9982,3,11,2025-05-17 14:19:00.092+03,131.100,131.100,
9982,3,14,2025-05-17 14:27:49.07+03,252.600,252.600,
9982,4,1,2025-05-17 13:45:09.29+03,,,
9982,4,7,2025-05-17 14:00:04.835+03,288.400,288.400,
9982,4,10,2025-05-17 14:05:13.083+03,30.700,30.700,
9982,4,11,2025-05-17 14:07:37.227+03,29.400,29.400,
9982,4,12,2025-05-17 14:14:21.747+03,305.400,305.400,
9982,4,15,2025-05-17 14:22:43.495+03,202.800,202.800,
9982,4,18,2025-05-17 14:28:22.758+03,66.300,66.300,
9982,6,1,2025-05-17 13:42:37.977+03,,,
9982,6,4,2025-05-17 13:59:15.538+03,714.900,714.900,
9982,6,7,2025-05-17 14:13:34.903+03,569.000,569.000,
9982,6,10,2025-05-17 14:25:53.46+03,422.400,422.400,
9982,7,1,2025-05-17 13:50:45.317+03,,,
9982,7,4,2025-05-17 13:58:53.413+03,194.000,194.000,
9982,7,7,2025-05-17 14:07:16.742+03,192.400,192.400,
9982,7,10,2025-05-17 14:17:06.513+03,296.700,296.700,
9982,7,13,2025-05-17 14:29:42.899+03,470.800,470.800,
9982,8,1,2025-05-17 13:35:57.04+03,,,
9982,8,2,2025-05-17 13:44:39.899+03,422.200,422.200,
9982,8,10,2025-05-17 14:14:08.075+03,963.100,963.100,
9982,8,16,2025-05-17 14:29:10.758+03,308.900,308.900,
9982,9,1,2025-05-17 13:44:20.899+03,,,
9982,9,4,2025-05-17 13:50:06.968+03,29.800,29.800,
9982,9,7,2025-05-17 13:56:09.606+03,30.900,30.900,
9982,9,16,2025-05-17 14:14:31.653+03,322.600,322.600,
9982,10,1,2025-05-17 13:35:24.844+03,,,
9982,10,2,2025-05-17 13:47:33.592+03,618.400,618.400,
9982,10,10,2025-05-17 14:06:04.648+03,283.400,283.400,
9982,10,15,2025-05-17 14:19:53.349+03,351.500,351.500,
9982,11,1,2025-05-17 13:47:30.467+03,,,
9982,11,7,2025-05-17 14:13:09.979+03,861.800,861.800,
9982,11,10,2025-05-17 14:25:22.051+03,370.700,370.700,
9982,12,1,2025-05-17 13:50:07.634+03,,,
9982,12,10,2025-05-17 14:12:13.82+03,396.600,396.600,
9982,12,13,2025-05-17 14:17:52.748+03,34.300,34.300,
9982,12,17,2025-05-17 14:27:46.586+03,196.400,196.400,
9982,13,1,2025-05-17 13:36:43.306+03,,,
9982,13,4,2025-05-17 13:53:22.437+03,727.300,727.300,
9982,13,7,2025-05-17 13:58:49.257+03,30.400,30.400,
9982,13,8,2025-05-17 14:11:34.808+03,680.700,680.700,
9982,13,11,2025-05-17 14:18:49.42+03,143.400,143.400,
9982,13,14,2025-05-17 14:29:07.664+03,345.700,345.700,
9982,14,1,2025-05-17 13:40:13.559+03,,,
9982,14,7,2025-05-17 13:57:23.163+03,428.600,428.600,
9982,14,10,2025-05-17 14:03:24.662+03,31.100,31.100,
9982,14,11,2025-05-17 14:05:55.397+03,30.600,30.600,
9982,14,12,2025-05-17 14:08:16.414+03,32.000,32.000,
9982,14,13,2025-05-17 14:15:03.606+03,296.300,296.300,
9982,14,16,2025-05-17 14:23:01.156+03,191.000,191.000,
9982,14,19,2025-05-17 14:28:42.524+03,49.700,49.700,
9982,15,1,2025-05-17 13:44:46.384+03,,,
9982,15,4,2025-05-17 13:50:35.145+03,65.700,65.700,
9982,15,7,2025-05-17 14:13:43.653+03,1100.200,1100.200,
9982,15,10,2025-05-17 14:20:03.49+03,69.200,69.200,
9982,15,13,2025-05-17 14:29:17.743+03,274.400,274.400,
9982,16,1,2025-05-17 13:36:32.884+03,,,
9982,16,4,2025-05-17 13:42:51.93+03,28.700,28.700,
9982,16,7,2025-05-17 13:56:21.934+03,482.900,482.900,
9982,16,16,2025-05-17 14:15:15.028+03,314.200,314.200,
9982,16,19,2025-05-17 14:21:51.932+03,25.300,25.300,
9982,16,22,2025-05-17 14:28:00.82+03,27.200,27.200,
9982,17,1,2025-05-17 13:50:24.246+03,,,
9982,17,4,2025-05-17 13:55:52.372+03,32.600,32.600,
9982,17,7,2025-05-17 14:05:30.519+03,293.900,293.900,
9982,17,10,2025-05-17 14:10:54.855+03,27.700,27.700,
9982,17,13,2025-05-17 14:19:26.513+03,237.100,237.100,
9982,18,1,2025-05-17 13:52:10.724+03,,,
9982,18,7,2025-05-17 14:08:48.055+03,330.700,330.700,
9982,18,9,2025-05-17 14:16:16.27+03,262.700,262.700,
9982,18,12,2025-05-17 14:29:59.146+03,491.000,491.000,
9982,19,1,2025-05-17 13:46:51.353+03,,,
9982,19,9,2025-05-17 14:11:00.183+03,748.600,748.600,
9982,19,14,2025-05-17 14:22:08.744+03,179.700,179.700,
9982,19,17,2025-05-17 14:28:47.649+03,140.000,140.000,
9982,20,1,2025-05-17 13:44:55.149+03,,,
9982,20,4,2025-05-17 13:50:49.395+03,54.800,54.800,
9982,20,6,2025-05-17 14:13:58.465+03,1209.400,1209.400,
9982,20,9,2025-05-17 14:21:07.338+03,112.200,112.200,
9982,20,12,2025-05-17 14:29:30.618+03,240.700,240.700,
9982,29,1,2025-05-17 13:40:44.434+03,,,
9982,29,4,2025-05-17 13:57:16.71+03,714.800,714.800,
9982,29,7,2025-05-17 14:13:24.559+03,688.300,688.300,
9982,29,10,2025-05-17 14:26:11.617+03,476.000,476.000,
9983,1,1,2025-05-17 17:03:27.005+03,,,
9983,1,3,2025-05-17 17:22:46.953+03,,,
9983,1,6,2025-05-17 17:58:36.501+03,1880.700,1880.700,
9983,1,9,2025-05-17 18:09:50.726+03,401.500,401.500,
9983,1,12,2025-05-17 18:22:41.579+03,504.500,504.500,
9983,1,15,2025-05-17 18:30:59.925+03,233.900,233.900,
9983,2,1,2025-05-17 17:04:43.287+03,,,
9983,2,2,2025-05-17 17:23:18.829+03,,,
9983,2,5,2025-05-17 17:28:18.737+03,28.300,28.300,
9983,2,8,2025-05-17 18:00:03.01+03,1622.200,1622.200,
9983,2,11,2025-05-17 18:11:16.614+03,404.100,404.100,
9983,2,14,2025-05-17 18:22:15.516+03,396.000,396.000,
9983,2,17,2025-05-17 18:30:49.503+03,248.300,248.300,
9983,3,1,2025-05-17 17:00:07.957+03,,,
9983,3,4,2025-05-17 17:20:21.921+03,941.000,941.000,
9983,3,7,2025-05-17 17:28:28.268+03,219.400,219.400,
9983,3,10,2025-05-17 17:58:03.726+03,1478.700,1478.700,
9983,3,13,2025-05-17 18:08:46.409+03,388.500,388.500,
9983,4,1,2025-05-17 17:04:57.13+03,,,
9983,4,2,2025-05-17 17:20:52.109+03,,,
9983,4,5,2025-05-17 17:30:27.41+03,311.300,311.300,
9983,4,7,2025-05-17 17:59:25.391+03,1530.700,1530.700,
9983,4,10,2025-05-17 18:08:55.677+03,306.300,306.300,
9983,4,13,2025-05-17 18:22:01.329+03,509.300,509.300,
9983,4,16,2025-05-17 18:30:29.894+03,234.000,234.000,
9983,6,1,2025-05-17 17:21:48.312+03,,,
9983,6,4,2025-05-17 17:29:38.222+03,189.000,189.000,
9983,6,6,2025-05-17 18:00:20.491+03,1642.200,1642.200,
9983,6,9,2025-05-17 18:10:22.679+03,326.800,326.800,
9983,6,12,2025-05-17 18:23:11.454+03,481.600,481.600,
9983,6,15,2025-05-17 18:31:13.785+03,210.100,210.100,
9983,7,1,2025-05-17 17:04:19.99+03,,,
9983,7,2,2025-05-17 17:22:20.016+03,,,
9983,7,5,2025-05-17 17:28:42.8+03,115.200,115.200,
9983,7,8,2025-05-17 17:59:34.079+03,1549.000,1549.000,
9983,7,11,2025-05-17 18:08:58.555+03,285.700,285.700,
9983,8,1,2025-05-17 17:00:41.816+03,,,
9983,8,4,2025-05-17 17:22:07.641+03,1013.800,1013.800,
9983,8,7,2025-05-17 17:30:34.269+03,229.400,229.400,
9983,8,8,2025-05-17 17:58:54.985+03,1608.800,1608.800,
9983,8,11,2025-05-17 18:10:55.77+03,448.900,448.900,
9983,8,14,2025-05-17 18:21:48.844+03,378.100,378.100,
9983,8,17,2025-05-17 18:31:10.847+03,291.200,291.200,
9983,9,1,2025-05-17 17:01:38.598+03,,,
9983,9,4,2025-05-17 17:22:55.828+03,,,
9983,9,7,2025-05-17 17:30:35.582+03,198.900,198.900,
9983,9,9,2025-05-17 17:59:02.345+03,1506.000,1506.000,
9983,9,12,2025-05-17 18:09:25.987+03,352.400,352.400,
9983,10,1,2025-05-17 17:00:34.051+03,,,
9983,10,4,2025-05-17 17:22:01.172+03,1008.900,1008.900,
9983,10,7,2025-05-17 17:29:12.722+03,154.100,154.100,
9983,10,10,2025-05-17 17:58:47.11+03,1454.600,1454.600,
9983,10,13,2025-05-17 18:10:39.242+03,438.300,438.300,
9983,10,16,2025-05-17 18:21:41+03,379.200,379.200,
9983,10,19,2025-05-17 18:29:59.925+03,228.000,228.000,
9983,11,1,2025-05-17 17:03:34.646+03,,,
9983,12,1,2025-05-17 17:01:17.941+03,,,
9983,12,4,2025-05-17 17:21:03.437+03,,,
9983,12,7,2025-05-17 17:30:40.394+03,311.900,311.900,
9983,12,9,2025-05-17 18:00:09.99+03,1544.900,1544.900,
9983,12,12,2025-05-17 18:10:03.163+03,329.000,329.000,
9983,12,15,2025-05-17 18:23:21.704+03,513.800,513.800,
9983,12,18,2025-05-17 18:30:04.738+03,133.800,133.800,
9983,13,1,2025-05-17 17:00:02.316+03,,,
9983,13,4,2025-05-17 17:20:14.859+03,946.200,946.200,
9983,13,7,2025-05-17 17:28:36.331+03,234.300,234.300,
9983,14,1,2025-05-17 17:05:22.271+03,,,
9983,14,2,2025-05-17 17:20:37.437+03,,,
9983,14,5,2025-05-17 17:30:12.785+03,307.600,307.600,
9983,15,1,2025-05-17 17:00:14.707+03,,,
9983,15,4,2025-05-17 17:21:19.609+03,991.300,991.300,
9983,15,7,2025-05-17 17:29:02.394+03,180.700,180.700,
9983,16,1,2025-05-17 17:01:02.863+03,,,
9983,16,4,2025-05-17 17:23:08.61+03,1044.600,1044.600,
9983,16,7,2025-05-17 17:30:39.051+03,196.000,196.000,
9983,16,9,2025-05-17 17:59:10.782+03,1486.200,1486.200,
9983,16,12,2025-05-17 18:09:15.811+03,339.700,339.700,
9983,17,1,2025-05-17 17:00:45.004+03,,,
9983,17,4,2025-05-17 17:21:07.14+03,920.600,920.600,
9983,17,7,2025-05-17 17:28:52.769+03,172.200,172.200,
9983,17,10,2025-05-17 18:01:16.051+03,1637.400,1637.400,
9983,17,13,2025-05-17 18:09:55.523+03,254.700,254.700,
9983,17,16,2025-05-17 18:23:31.36+03,538.100,538.100,
9983,17,19,2025-05-17 18:31:15.347+03,195.100,195.100,
9983,18,1,2025-05-17 17:04:30.333+03,,,
9983,18,2,2025-05-17 17:22:39.594+03,,,
9983,18,5,2025-05-17 17:30:38.269+03,215.600,215.600,
9983,18,6,2025-05-17 17:59:49.995+03,1654.100,1654.100,
9983,18,9,2025-05-17 18:09:38.648+03,317.400,317.400,
9983,18,12,2025-05-17 18:22:58.563+03,523.500,523.500,
9983,18,15,2025-05-17 18:31:12.41+03,226.400,226.400,
9983,19,1,2025-05-17 17:05:11.802+03,,,
9983,19,2,2025-05-17 17:23:36.157+03,,,
9983,19,7,2025-05-17 18:00:37.448+03,1740.400,1740.400,
9983,19,10,2025-05-17 18:11:05.567+03,345.900,345.900,
9983,19,13,2025-05-17 18:22:27.219+03,411.300,411.300,
9983,19,16,2025-05-17 18:29:55.175+03,179.200,179.200,
9983,20,1,2025-05-17 17:00:26.972+03,,,
9983,20,4,2025-05-17 17:21:31.015+03,999.200,999.200,
9983,20,7,2025-05-17 17:29:28.41+03,206.400,206.400,
9983,29,1,2025-05-17 17:20:05.015+03,,,
9983,29,4,2025-05-17 17:29:58.207+03,317.800,317.800,
9987,1,29,2025-05-18 16:43:28.454+03,29.991,29.991,2.300
9987,1,46,2025-05-18 17:07:31.467+03,29.657,29.657,2.100
9987,2,28,2025-05-18 16:42:09.669+03,29.513,29.513,2.100
9987,2,46,2025-05-18 17:08:00.101+03,31.675,31.675,4.400
9987,3,12,2025-05-18 16:20:40.339+03,30.906,30.906,3.400
9987,3,29,2025-05-18 16:44:56.898+03,30.605,30.605,3.100
9987,3,46,2025-05-18 17:09:30.819+03,29.917,29.917,2.300
9987,4,29,2025-05-18 16:44:16.27+03,30.123,30.123,2.500
9987,4,46,2025-05-18 17:08:41.836+03,30.096,30.096,2.600
9987,6,9,2025-05-18 16:16:32.985+03,31.488,31.488,3.700
9987,6,29,2025-05-18 16:44:52.195+03,32.003,32.003,3.200
9987,7,29,2025-05-18 16:44:16.613+03,30.051,30.051,2.500
9987,8,12,2025-05-18 16:20:32.826+03,30.163,30.163,2.600
9987,8,46,2025-05-18 17:09:17.721+03,30.886,30.886,3.100
9987,9,10,2025-05-18 16:17:48.791+03,29.634,29.634,2.000
9987,9,29,2025-05-18 16:44:24.145+03,31.898,31.898,2.800
9987,10,14,2025-05-18 16:23:21.071+03,31.218,31.218,3.600
9987,10,46,2025-05-18 17:09:24.776+03,34.496,34.496,4.100
9987,11,29,2025-05-18 16:44:36.052+03,29.807,29.807,2.200
9987,12,29,2025-05-18 16:44:04.66+03,30.471,30.471,2.900
9987,12,47,2025-05-18 17:10:16.509+03,29.786,29.786,2.500
9987,13,29,2025-05-18 16:44:27.364+03,30.184,30.184,2.600
9987,14,10,2025-05-18 16:17:54.304+03,29.695,29.695,2.200
9987,14,29,2025-05-18 16:44:53.898+03,30.291,30.291,2.300
9987,15,1,2025-05-18 16:05:35.954+03,30.506,30.506,2.600
9987,16,29,2025-05-18 16:44:16.991+03,29.949,29.949,2.300
9987,16,46,2025-05-18 17:08:32.132+03,29.950,29.950,2.100
9987,17,11,2025-05-18 16:19:11.457+03,30.080,30.080,3.400
9987,17,29,2025-05-18 16:44:37.333+03,30.635,30.635,3.000
9987,18,11,2025-05-18 16:19:09.863+03,29.784,29.784,2.400
9987,18,29,2025-05-18 16:44:30.255+03,30.754,30.754,2.700
9987,19,13,2025-05-18 16:21:45.574+03,30.973,30.973,3.600
9987,19,30,2025-05-18 16:46:06.139+03,30.609,30.609,3.300
9987,20,29,2025-05-18 16:44:30.614+03,31.414,31.414,2.900
9987,20,31,2025-05-18 16:48:38.35+03,56.757,56.757,29.000
9987,29,22,2025-05-18 16:34:31.375+03,30.317,30.317,2.800
9987,29,46,2025-05-18 17:09:28.081+03,31.107,31.107,3.200
9988,1,1,2025-03-21 05:30:56.963+02,,,
9988,1,9,2025-03-21 05:56:27.229+02,568.100,568.100,
9988,1,20,2025-03-21 06:23:58.267+02,543.000,543.000,
9988,1,22,2025-03-21 06:28:09.015+02,23.500,23.500,
9988,2,1,2025-03-21 05:31:15.945+02,,,
9988,2,8,2025-03-21 05:59:16.202+02,821.400,821.400,
9988,2,18,2025-03-21 06:23:04.565+02,399.000,399.000,
9988,3,1,2025-03-21 05:30:58.315+02,,,
9988,3,7,2025-03-21 05:52:37.125+02,558.300,558.300,
9988,3,19,2025-03-21 06:22:18.859+02,469.400,469.400,
9988,4,1,2025-03-21 05:30:18.995+02,,,
9988,4,8,2025-03-21 05:45:16.521+02,20.400,20.400,
9988,4,11,2025-03-21 05:57:12.801+02,372.700,372.700,
9988,4,18,2025-03-21 06:23:34.008+02,886.700,886.700,
9988,5,1,2025-03-21 05:30:38.842+02,,,
9988,5,10,2025-03-21 06:02:58.652+02,802.800,802.800,
9988,6,1,2025-03-21 05:30:28.165+02,,,
9988,6,9,2025-03-21 05:58:33.575+02,666.100,666.100,
9988,6,18,2025-03-21 06:23:49.712+02,554.000,554.000,
9988,6,21,2025-03-21 06:29:49.316+02,25.300,25.300,
9988,7,1,2025-03-21 05:30:43.821+02,,,
9988,7,10,2025-03-21 05:55:07.816+02,390.600,390.600,
9988,7,22,2025-03-21 06:22:35.287+02,449.100,449.100,
9988,7,25,2025-03-21 06:28:47.972+02,27.500,27.500,
9988,8,1,2025-03-21 05:31:55.189+02,,,
9988,8,6,2025-03-21 05:42:47.45+02,55.800,55.800,
9988,8,9,2025-03-21 05:57:49.229+02,555.400,555.400,
9988,8,18,2025-03-21 06:23:16.904+02,580.700,580.700,
9988,8,21,2025-03-21 06:29:36.446+02,28.400,28.400,
9988,9,1,2025-03-21 05:31:05.821+02,,,
9988,9,10,2025-03-21 06:02:40.569+02,760.200,760.200,
9988,9,16,2025-03-21 06:22:32.268+02,498.600,498.600,
9988,10,1,2025-03-21 05:33:30.75+02,,,
9988,10,6,2025-03-21 05:44:51.572+02,71.200,71.200,
9988,10,9,2025-03-21 06:02:02.575+02,672.100,672.100,
9988,10,16,2025-03-21 06:24:19.539+02,567.100,567.100,
9988,11,1,2025-03-21 05:30:13.578+02,,,
9988,11,13,2025-03-21 06:02:16.131+02,443.900,443.900,
9988,11,19,2025-03-21 06:24:04.961+02,692.200,692.200,
9988,12,1,2025-03-21 05:31:23.86+02,,,
9988,12,11,2025-03-21 05:57:23.553+02,344.200,344.200,
9988,12,18,2025-03-21 06:09:44.932+02,41.900,41.900,
9988,12,19,2025-03-21 06:22:09.006+02,620.200,620.200,
9988,12,22,2025-03-21 06:29:36.941+02,93.900,93.900,
9988,13,1,2025-03-21 05:31:37.984+02,,,
9988,13,6,2025-03-21 05:54:38.7+02,809.000,809.000,
9988,13,11,2025-03-21 06:04:25.144+02,19.600,19.600,
9988,13,16,2025-03-21 06:23:43.276+02,660.700,660.700,
9988,14,1,2025-03-21 05:31:10.416+02,,,
9988,14,11,2025-03-21 06:03:37.246+02,700.300,700.300,
9988,14,18,2025-03-21 06:22:13.208+02,399.500,399.500,
9988,15,1,2025-03-21 05:30:09.384+02,,,
9988,15,11,2025-03-21 05:57:34.72+02,415.900,415.900,
9988,15,18,2025-03-21 06:23:23.032+02,834.700,834.700,
9988,16,1,2025-03-21 05:30:49.252+02,,,
9988,16,10,2025-03-21 05:58:14.796+02,524.500,524.500,
9988,16,17,2025-03-21 06:22:46.01+02,648.300,648.300,
9988,16,20,2025-03-21 06:29:29.992+02,18.700,18.700,
9988,17,1,2025-03-21 05:30:20.35+02,,,
9988,17,11,2025-03-21 05:50:36.839+02,41.400,41.400,
9988,17,12,2025-03-21 05:56:31.443+02,230.900,230.900,
9988,17,20,2025-03-21 06:10:19.429+02,20.300,20.300,
9988,17,21,2025-03-21 06:22:03.638+02,581.200,581.200,
9988,17,24,2025-03-21 06:29:40.789+02,120.300,120.300,
9988,18,1,2025-03-21 05:31:51.471+02,,,
9988,18,11,2025-03-21 05:58:28.607+02,383.400,383.400,
9988,18,21,2025-03-21 06:22:21.312+02,431.000,431.000,
9988,18,24,2025-03-21 06:28:40.215+02,28.800,28.800,
9988,19,1,2025-03-21 05:31:01.79+02,,,
9988,19,9,2025-03-21 05:59:42.744+02,757.000,757.000,
9988,19,19,2025-03-21 06:22:53.338+02,2147.600,2147.600,
9988,20,1,2025-03-21 05:30:04.178+02,,,
9988,20,10,2025-03-21 06:00:41.851+02,779.600,779.600,
9988,20,18,2025-03-21 06:23:00.739+02,527.300,527.300,
9989,1,1,2025-03-21 09:30:33.552+02,,,
9989,1,4,2025-03-21 09:39:07.055+02,171.100,171.100,
9989,1,7,2025-03-21 09:49:26.948+02,275.400,275.400,
9989,1,10,2025-03-21 10:10:58.442+02,957.400,957.400,
9989,2,1,2025-03-21 09:32:20.872+02,,,
9989,2,7,2025-03-21 09:49:35.599+02,348.400,348.400,
9989,2,10,2025-03-21 10:06:30.472+02,685.500,685.500,
9989,3,1,2025-03-21 09:30:19.414+02,,,
9989,3,4,2025-03-21 09:38:43.804+02,166.900,166.900,
9989,3,7,2025-03-21 09:49:19.682+02,292.200,292.200,
9989,3,10,2025-03-21 09:56:10.518+02,47.900,47.900,
9989,4,1,2025-03-21 09:30:50.801+02,,,
9989,4,4,2025-03-21 09:38:28.292+02,121.500,121.500,
9989,4,7,2025-03-21 09:55:10.621+02,667.000,667.000,
9989,5,1,2025-03-21 09:31:10.92+02,,,
9989,6,1,2025-03-21 09:30:59.082+02,,,
9989,7,1,2025-03-21 09:30:04.546+02,,,
9989,7,5,2025-03-21 09:38:13.745+02,47.700,47.700,
9989,7,8,2025-03-21 09:49:04.136+02,305.600,305.600,
9989,7,15,2025-03-21 10:06:36.441+02,265.500,265.500,
9989,8,1,2025-03-21 09:32:56.259+02,,,
9989,8,6,2025-03-21 09:55:37.043+02,768.600,768.600,
9989,9,1,2025-03-21 09:31:45.242+02,,,
9989,9,4,2025-03-21 09:38:55.148+02,81.000,81.000,
9989,9,7,2025-03-21 09:50:04.905+02,330.000,330.000,
9989,9,13,2025-03-21 10:09:43.521+02,510.600,510.600,
9989,10,1,2025-03-21 09:32:42.306+02,,,
9989,10,7,2025-03-21 09:55:26.433+02,677.900,677.900,
9989,10,10,2025-03-21 10:09:47.055+02,521.500,521.500,
9989,11,1,2025-03-21 09:30:27.765+02,,,
9989,11,4,2025-03-21 09:38:40.301+02,145.400,145.400,
9989,11,7,2025-03-21 09:55:20.371+02,663.400,663.400,
9989,11,10,2025-03-21 10:11:37.464+02,639.700,639.700,
9989,12,1,2025-03-21 09:32:09.656+02,,,
9989,12,7,2025-03-21 09:54:17.167+02,634.500,634.500,
9989,12,11,2025-03-21 10:09:25.833+02,457.900,457.900,
9989,13,1,2025-03-21 09:33:04.679+02,,,
9989,13,4,2025-03-21 09:39:49.3+02,71.200,71.200,
9989,14,1,2025-03-21 09:32:01.814+02,,,
9989,15,1,2025-03-21 09:31:28.417+02,,,
9989,15,4,2025-03-21 09:39:33.675+02,141.400,141.400,
9989,16,1,2025-03-21 09:31:37.523+02,,,
9989,16,4,2025-03-21 09:39:26.57+02,125.300,125.300,
9989,16,7,2025-03-21 09:49:53.115+02,290.900,290.900,
9989,16,13,2025-03-21 10:09:35.271+02,507.200,507.200,
9989,17,1,2025-03-21 09:31:52.633+02,,,
9989,17,4,2025-03-21 09:38:16.901+02,36.500,36.500,
9989,17,7,2025-03-21 09:54:12.777+02,617.500,617.500,
9989,18,1,2025-03-21 09:30:09.808+02,,,
9989,18,9,2025-03-21 09:49:09.87+02,236.000,236.000,
9989,18,16,2025-03-21 10:06:48.066+02,272.800,272.800,
9989,19,1,2025-03-21 09:32:32.7+02,,,
9989,19,5,2025-03-21 09:49:42.6+02,549.000,549.000,
9989,19,9,2025-03-21 10:06:19.691+02,542.600,542.600,
9989,20,1,2025-03-21 09:31:20.051+02,,,
9989,20,4,2025-03-21 09:39:16.18+02,142.500,142.500,
9989,20,7,2025-03-21 09:55:44.462+02,646.000,646.000,
9993,17,11,2025-03-22 05:22:20.561+02,22.400,22.400,2.400
9994,1,1,2025-03-22 09:04:42.563+02,,,
9994,1,4,2025-03-22 09:28:07.925+02,1081.300,1081.300,
9994,1,7,2025-03-22 09:35:17.163+02,105.800,105.800,
9994,1,10,2025-03-22 09:48:03.726+02,446.800,446.800,
9994,1,13,2025-03-22 09:56:23.088+02,188.500,188.500,
9994,2,1,2025-03-22 09:01:40.788+02,,,
9994,2,4,2025-03-22 09:09:33.21+02,149.300,149.300,
9994,2,10,2025-03-22 09:27:37.454+02,393.000,393.000,
9994,2,13,2025-03-22 09:49:20.841+02,974.500,974.500,
9994,2,16,2025-03-22 09:56:33.641+02,122.600,122.600,
9994,3,1,2025-03-22 09:00:17.661+02,,,
9994,3,4,2025-03-22 09:06:11.015+02,38.300,38.300,
9994,3,7,2025-03-22 09:14:35.394+02,181.000,181.000,
9994,4,1,2025-03-22 09:00:51.986+02,,,
9994,4,3,2025-03-22 09:05:56.733+02,93.800,93.800,
9994,4,6,2025-03-22 09:15:15.185+02,240.100,240.100,
9994,4,9,2025-03-22 09:26:54.034+02,353.400,353.400,
9994,4,12,2025-03-22 09:36:15.186+02,236.700,236.700,
9994,4,15,2025-03-22 09:48:21.007+02,394.200,394.200,
9994,4,18,2025-03-22 09:56:13.166+02,153.000,153.000,
9994,5,1,2025-03-22 09:01:12.616+02,,,
9994,5,3,2025-03-22 09:06:13.218+02,64.700,64.700,
9994,5,6,2025-03-22 09:15:55.741+02,248.600,248.600,
9994,6,1,2025-03-22 09:01:04.991+02,,,
9994,6,4,2025-03-22 09:07:07.913+02,34.900,34.900,
9994,6,7,2025-03-22 09:15:47.476+02,193.500,193.500,
9994,7,1,2025-03-22 09:03:11.539+02,,,
9994,7,4,2025-03-22 09:09:35.928+02,66.400,66.400,
9994,7,10,2025-03-22 09:26:22.635+02,301.600,301.600,
9994,7,13,2025-03-22 09:34:52.811+02,173.700,173.700,
9994,7,17,2025-03-22 09:48:07.695+02,351.000,351.000,
9994,7,20,2025-03-22 09:56:00.864+02,149.800,149.800,
9994,8,1,2025-03-22 09:00:22.969+02,,,
9994,8,4,2025-03-22 09:06:00.812+02,30.600,30.600,
9994,8,7,2025-03-22 09:14:32.097+02,189.100,189.100,
9994,8,10,2025-03-22 09:27:24.72+02,423.600,423.600,
9994,8,13,2025-03-22 09:36:47.302+02,235.000,235.000,
9994,9,1,2025-03-22 09:01:47.21+02,,,
9994,9,4,2025-03-22 09:09:02.394+02,109.400,109.400,
9994,9,10,2025-03-22 09:27:56.204+02,442.100,442.100,
9994,9,13,2025-03-22 09:35:48.241+02,151.200,151.200,
9994,9,16,2025-03-22 09:49:03.128+02,457.400,457.400,
9994,9,19,2025-03-22 09:57:05.638+02,156.700,156.700,
9994,10,1,2025-03-22 09:00:03.193+02,,,
9994,10,4,2025-03-22 09:05:46.015+02,23.500,23.500,
9994,10,7,2025-03-22 09:14:28.112+02,203.100,203.100,
9994,10,10,2025-03-22 09:27:01.691+02,426.500,426.500,
9994,10,13,2025-03-22 09:36:33.672+02,239.100,239.100,
9994,11,1,2025-03-22 09:00:29.672+02,,,
9994,11,3,2025-03-22 09:06:10.952+02,129.800,129.800,
9994,11,6,2025-03-22 09:15:00.2+02,199.700,199.700,
9994,11,9,2025-03-22 09:27:13.173+02,391.400,391.400,
9994,11,12,2025-03-22 09:36:25.391+02,222.000,222.000,
9994,11,15,2025-03-22 09:48:29.538+02,390.000,390.000,
9994,11,18,2025-03-22 09:56:59.607+02,194.500,194.500,
9994,12,1,2025-03-22 09:02:12.673+02,,,
9994,12,3,2025-03-22 09:06:36.359+02,36.000,36.000,
9994,12,6,2025-03-22 09:15:27.254+02,203.900,203.900,
9994,12,9,2025-03-22 09:28:10.862+02,413.600,413.600,
9994,12,12,2025-03-22 09:36:50.021+02,200.300,200.300,
9994,12,15,2025-03-22 09:48:34.57+02,373.300,373.300,
9994,12,18,2025-03-22 09:55:58.394+02,120.800,120.800,
9994,13,1,2025-03-22 09:00:09.082+02,,,
9994,13,4,2025-03-22 09:07:14.054+02,99.500,99.500,
9994,13,7,2025-03-22 09:14:30.566+02,115.100,115.100,
9994,13,10,2025-03-22 09:28:27.03+02,510.900,510.900,
9994,13,13,2025-03-22 09:35:22.616+02,108.600,108.600,
9994,14,1,2025-03-22 09:01:30.725+02,,,
9994,14,3,2025-03-22 09:07:02.16+02,111.600,111.600,
9994,14,6,2025-03-22 09:15:35.316+02,200.200,200.200,
9994,15,1,2025-03-22 09:00:56.94+02,,,
9994,15,4,2025-03-22 09:07:53.164+02,82.600,82.600,
9994,15,7,2025-03-22 09:16:02.444+02,154.500,154.500,
9994,15,10,2025-03-22 09:26:20.947+02,287.400,287.400,
9994,15,13,2025-03-22 09:35:55.185+02,241.300,241.300,
9994,16,1,2025-03-22 09:02:01.179+02,,,
9994,16,4,2025-03-22 09:08:54.76+02,94.900,94.900,
9994,16,10,2025-03-22 09:27:47.72+02,452.300,452.300,
9994,16,13,2025-03-22 09:35:37.522+02,156.100,156.100,
9994,16,16,2025-03-22 09:48:56.275+02,459.300,459.300,
9994,16,19,2025-03-22 09:56:40.719+02,136.500,136.500,
9994,17,1,2025-03-22 09:00:31.375+02,,,
9994,17,4,2025-03-22 09:06:15.952+02,26.800,26.800,
9994,17,7,2025-03-22 09:15:19.144+02,208.700,208.700,
9994,17,10,2025-03-22 09:26:30.635+02,324.000,324.000,
9994,17,13,2025-03-22 09:36:53.834+02,287.800,287.800,
9994,18,1,2025-03-22 09:03:20.209+02,,,
9994,18,4,2025-03-22 09:09:11.788+02,36.800,36.800,
9994,18,10,2025-03-22 09:26:26.681+02,334.900,334.900,
9994,18,13,2025-03-22 09:35:04.67+02,183.700,183.700,
9994,18,16,2025-03-22 09:48:04.945+02,457.400,457.400,
9994,18,20,2025-03-22 09:57:33.183+02,150.400,150.400,
9994,19,1,2025-03-22 09:02:08.719+02,,,
9994,19,4,2025-03-22 09:09:23.882+02,111.900,111.900,
9994,19,9,2025-03-22 09:27:30.782+02,521.300,521.300,
9994,19,12,2025-03-22 09:35:26.881+02,158.000,158.000,
9994,19,15,2025-03-22 09:48:44.148+02,470.700,470.700,
9994,19,18,2025-03-22 09:56:49.665+02,165.900,165.900,
9994,20,1,2025-03-22 09:00:40.512+02,,,
9994,20,4,2025-03-22 09:08:03.319+02,117.000,117.000,
9994,20,7,2025-03-22 09:16:08.578+02,159.800,159.800,
9998,1,13,2025-03-23 09:25:31.444+02,22.454,22.454,2.200
9998,2,15,2025-03-23 09:28:37.122+02,22.213,22.213,2.200
9998,3,1,2025-03-23 09:06:04.34+02,23.385,23.385,3.300
9998,3,26,2025-03-23 09:47:46.464+02,22.790,22.790,2.600
9998,4,12,2025-03-23 09:23:59.507+02,22.896,22.896,3.000
9998,4,33,2025-03-23 09:58:46.021+02,22.234,22.234,2.500
9998,5,11,2025-03-23 09:22:27.138+02,22.793,22.793,2.700
9998,6,10,2025-03-23 09:20:44.723+02,23.138,23.138,3.100
9998,7,12,2025-03-23 09:23:56.527+02,22.675,22.675,2.700
9998,9,15,2025-03-23 09:28:42.4+02,22.100,22.100,
9998,10,36,2025-03-23 10:03:32.324+02,22.995,22.995,3.200
9998,11,11,2025-03-23 09:22:19.754+02,22.519,22.519,2.100
9998,11,35,2025-03-23 10:01:56.37+02,22.583,22.583,2.300
9998,11,46,2025-03-23 10:20:25.204+02,38.102,38.102,17.600
9998,12,20,2025-03-23 09:37:11.948+02,23.362,23.362,3.300
9998,13,20,2025-03-23 09:37:39.728+02,22.959,22.959,2.700
9998,14,18,2025-03-23 09:34:04.511+02,22.536,22.536,2.500
9998,14,30,2025-03-23 09:54:02.377+02,22.355,22.355,2.500
9998,15,11,2025-03-23 09:22:21.968+02,23.114,23.114,2.800
9998,16,13,2025-03-23 09:25:26.243+02,22.388,22.388,2.400
9998,16,37,2025-03-23 10:04:48.706+02,22.364,22.364,2.300
9998,17,17,2025-03-23 09:32:20.876+02,22.721,22.721,2.700
9998,18,14,2025-03-23 09:27:01.311+02,22.324,22.324,2.400
9998,19,14,2025-03-23 09:26:57.345+02,23.938,23.938,3.800
9998,20,26,2025-03-23 09:47:11.72+02,22.808,22.808,2.900
9999,1,1,2025-04-04 05:30:43.215+03,,,
9999,1,6,2025-04-04 05:48:36.163+03,434.800,434.800,
9999,1,9,2025-04-04 06:00:11.696+03,378.900,378.900,
9999,1,12,2025-04-04 06:14:28.81+03,505.100,505.100,
9999,2,1,2025-04-04 05:32:46.61+03,,,
9999,2,8,2025-04-04 05:55:11.854+03,523.700,523.700,
9999,2,10,2025-04-04 06:02:16.22+03,222.000,222.000,
9999,2,15,2025-04-04 06:17:22.076+03,320.100,320.100,
9999,3,1,2025-04-04 05:31:18.793+03,,,
9999,3,8,2025-04-04 05:55:52.385+03,681.300,681.300,
9999,3,11,2025-04-04 06:02:09.858+03,34.600,34.600,
9999,3,14,2025-04-04 06:12:24.368+03,290.700,290.700,
9999,4,1,2025-04-04 05:30:29.133+03,,,
9999,4,9,2025-04-04 05:46:04.512+03,31.300,31.300,
9999,4,14,2025-04-04 06:02:07.976+03,442.800,442.800,
9999,4,17,2025-04-04 06:08:26.135+03,29.600,29.600,
9999,4,20,2025-04-04 06:18:51.167+03,313.200,313.200,
9999,4,21,2025-04-04 06:21:07.948+03,23.200,23.200,
9999,6,1,2025-04-04 05:34:11.189+03,,,
9999,6,10,2025-04-04 06:02:50.021+03,722.000,722.000,
9999,6,16,2025-04-04 06:20:18.662+03,360.500,360.500,
9999,7,1,2025-04-04 05:31:38.191+03,,,
9999,7,10,2025-04-04 05:56:08.284+03,387.600,387.600,
9999,7,13,2025-04-04 06:02:35.913+03,30.800,30.800,
9999,7,16,2025-04-04 06:13:08.809+03,280.500,280.500,
9999,8,1,2025-04-04 05:31:37.568+03,,,
9999,8,8,2025-04-04 05:45:47.391+03,57.700,57.700,
9999,8,13,2025-04-04 06:05:01.533+03,579.700,579.700,
9999,8,16,2025-04-04 06:11:33.059+03,34.200,34.200,
9999,8,19,2025-04-04 06:22:18.344+03,311.600,311.600,
9999,9,1,2025-04-04 05:30:12.886+03,,,
9999,9,10,2025-04-04 05:58:00.206+03,620.800,620.800,
9999,9,16,2025-04-04 06:15:25.504+03,338.600,338.600,
9999,10,1,2025-04-04 05:32:12.352+03,,,
9999,10,8,2025-04-04 05:47:03.108+03,55.700,55.700,
9999,10,13,2025-04-04 06:05:07.1+03,499.600,499.600,
9999,10,16,2025-04-04 06:11:51.711+03,28.100,28.100,
9999,10,19,2025-04-04 06:22:06.275+03,273.700,273.700,
9999,11,1,2025-04-04 05:31:00.205+03,,,
9999,11,10,2025-04-04 05:57:38.206+03,463.100,463.100,
9999,11,16,2025-04-04 06:17:50.353+03,466.400,466.400,
9999,12,1,2025-04-04 05:31:10.039+03,,,
9999,12,6,2025-04-04 05:41:32.064+03,43.600,43.600,
9999,12,11,2025-04-04 05:57:19.517+03,384.600,384.600,
9999,12,14,2025-04-04 06:03:36.626+03,26.900,26.900,
9999,12,19,2025-04-04 06:22:26.266+03,549.200,549.200,
9999,13,1,2025-04-04 05:31:12.61+03,,,
9999,13,2,2025-04-04 05:40:14.217+03,424.000,424.000,
9999,13,9,2025-04-04 06:05:56.335+03,772.900,772.900,
9999,13,12,2025-04-04 06:12:12.817+03,33.300,33.300,
9999,13,14,2025-04-04 06:21:58.239+03,375.900,375.900,
9999,14,1,2025-04-04 05:30:34.995+03,,,
9999,14,6,2025-04-04 05:40:25.115+03,33.500,33.500,
9999,14,14,2025-04-04 06:01:59.185+03,390.700,390.700,
9999,14,17,2025-04-04 06:08:04.142+03,31.700,31.700,
9999,14,19,2025-04-04 06:17:58.087+03,375.900,375.900,
9999,14,20,2025-04-04 06:20:20.485+03,29.000,29.000,
9999,15,1,2025-04-04 05:31:22.825+03,,,
9999,15,10,2025-04-04 05:57:56.131+03,508.300,508.300,
9999,15,13,2025-04-04 06:04:08.56+03,30.300,30.300,
9999,15,16,2025-04-04 06:22:39.686+03,759.400,759.400,
9999,16,1,2025-04-04 05:30:24.224+03,,,
9999,16,10,2025-04-04 06:00:28.711+03,655.100,655.100,
9999,16,16,2025-04-04 06:18:17.39+03,348.100,348.100,
9999,17,1,2025-04-04 05:30:46.306+03,,,
9999,17,8,2025-04-04 05:44:29.399+03,19.000,19.000,
9999,17,9,2025-04-04 05:46:51.111+03,39.500,39.500,
9999,17,12,2025-04-04 05:56:00.149+03,240.600,240.600,
9999,17,15,2025-04-04 06:02:12.691+03,33.900,33.900,
9999,17,18,2025-04-04 06:08:18.565+03,27.100,27.100,
9999,17,21,2025-04-04 06:21:16.308+03,451.700,451.700,
9999,18,1,2025-04-04 05:32:50.417+03,,,
9999,18,3,2025-04-04 05:36:29.485+03,27.300,27.300,
9999,18,10,2025-04-04 05:54:50.077+03,249.800,249.800,
9999,18,16,2025-04-04 06:12:04.946+03,330.300,330.300,
9999,19,1,2025-04-04 05:30:06.792+03,,,
9999,19,8,2025-04-04 05:55:42.701+03,749.700,749.700,
9999,19,11,2025-04-04 06:01:39.767+03,28.200,28.200,
9999,19,14,2025-04-04 06:14:46.921+03,458.300,458.300,
9999,20,1,2025-04-04 05:30:03.442+03,,,
9999,20,2,2025-04-04 05:42:16.346+03,613.100,613.100,
9999,20,11,2025-04-04 06:08:56.738+03,533.300,533.300,
9999,20,14,2025-04-04 06:27:41.607+03,779.300,779.300,
9999,25,1,2025-04-04 05:31:32.086+03,,,
9999,25,11,2025-04-04 06:03:00.036+03,719.700,719.700,
9999,25,14,2025-04-04 06:09:04.236+03,34.300,34.300,
9999,25,17,2025-04-04 06:20:40.588+03,353.100,353.100,
10000,1,1,2025-04-04 09:04:29.054+03,,,
10000,1,3,2025-04-04 09:33:21.306+03,,,
10000,1,4,2025-04-04 09:41:07.203+03,,,
10000,1,7,2025-04-04 09:55:05.139+03,,,
10000,2,1,2025-04-04 09:03:54.554+03,,,
10000,2,3,2025-04-04 09:30:05.101+03,,,
10000,2,5,2025-04-04 09:33:47.15+03,29.000,29.000,
10000,2,6,2025-04-04 09:42:35.047+03,557.000,557.000,
10000,2,9,2025-04-04 09:53:14.22+03,1195.800,1195.800,
10000,3,1,2025-04-04 09:00:34.118+03,,,
10000,3,5,2025-04-04 09:31:42.383+03,,,
10000,3,7,2025-04-04 09:41:13.078+03,,,
10000,3,10,2025-04-04 09:54:27.17+03,,,
10000,4,1,2025-04-04 09:00:59.017+03,,,
10000,4,5,2025-04-04 09:32:10.165+03,,,
10000,4,6,2025-04-04 09:41:16.375+03,,,
10000,4,9,2025-04-04 09:53:33.798+03,,,
10000,5,1,2025-04-04 09:00:08.727+03,,,
10000,6,1,2025-04-04 09:00:16.696+03,,,
10000,6,5,2025-04-04 09:31:15.086+03,,,
10000,6,7,2025-04-04 09:41:04.656+03,,,
10000,6,10,2025-04-04 09:53:18.142+03,,,
10000,7,1,2025-04-04 09:01:29.334+03,,,
10000,7,4,2025-04-04 09:30:17.852+03,,,
10000,7,7,2025-04-04 09:42:41.532+03,,,
10000,7,10,2025-04-04 09:54:05.358+03,,,
10000,8,1,2025-04-04 09:01:12.303+03,,,
10000,8,4,2025-04-04 09:30:58.305+03,,,
10000,9,1,2025-04-04 09:00:36.852+03,,,
10000,9,5,2025-04-04 09:30:41.805+03,,,
10000,9,8,2025-04-04 09:41:02.906+03,,,
10000,9,11,2025-04-04 09:53:02.814+03,,,
10000,10,1,2025-04-04 09:01:27.131+03,,,
10000,10,4,2025-04-04 09:30:41.445+03,,,
10000,10,6,2025-04-04 09:41:38.531+03,,,
10000,10,9,2025-04-04 09:53:12.439+03,,,
10000,11,1,2025-04-04 09:00:40.477+03,,,
10000,11,5,2025-04-04 09:30:34.898+03,,,
10000,11,7,2025-04-04 09:43:39.423+03,,,
10000,11,9,2025-04-04 09:53:22.251+03,,,
10000,12,1,2025-04-04 09:00:30.305+03,,,
10000,12,5,2025-04-04 09:31:33.196+03,,,
10000,12,7,2025-04-04 09:44:40.424+03,,,
10000,12,8,2025-04-04 09:53:36.548+03,,,
10000,13,1,2025-04-04 09:00:44.196+03,,,
10000,13,5,2025-04-04 09:32:19.384+03,,,
10000,13,6,2025-04-04 09:42:09.828+03,,,
10000,13,9,2025-04-04 09:54:17.561+03,,,
10000,14,1,2025-04-04 09:00:23.618+03,,,
10000,14,5,2025-04-04 09:31:04.742+03,,,
10000,14,7,2025-04-04 09:41:46.688+03,,,
10000,14,10,2025-04-04 09:53:51.811+03,,,
10000,15,1,2025-04-04 09:00:43.43+03,,,
10000,15,5,2025-04-04 09:31:23.399+03,,,
10000,15,7,2025-04-04 09:41:52.859+03,,,
10000,15,10,2025-04-04 09:53:58.233+03,,,
10000,16,1,2025-04-04 09:01:08.881+03,,,
10000,16,5,2025-04-04 09:30:49.367+03,,,
10000,16,7,2025-04-04 09:41:10.203+03,,,
10000,16,10,2025-04-04 09:53:09.001+03,,,
10000,17,1,2025-04-04 09:00:11.415+03,,,
10000,17,2,2025-04-04 09:30:59.914+03,1737.700,1737.700,
10000,17,4,2025-04-04 09:42:13.219+03,2411.000,2411.000,
10000,17,7,2025-04-04 09:54:02.748+03,3120.400,3120.400,
10000,18,1,2025-04-04 09:02:34.272+03,,,
10000,18,4,2025-04-04 09:30:24.773+03,,,
10000,18,6,2025-04-04 09:41:11.031+03,,,
10000,18,9,2025-04-04 09:53:04.814+03,418.800,418.800,
10000,19,1,2025-04-04 09:01:35.24+03,,,
10000,19,4,2025-04-04 09:30:12.07+03,,,
10000,19,7,2025-04-04 09:42:20.922+03,,,
10000,19,10,2025-04-04 09:53:06.798+03,,,
10000,20,1,2025-04-04 09:00:53.759+03,,,
10000,20,4,2025-04-04 09:31:58.087+03,,,
10000,20,5,2025-04-04 09:42:50.797+03,,,
10000,20,7,2025-04-04 09:54:35.717+03,,,
10001,1,1,2025-04-05 05:30:10.817+03,,,
10001,1,5,2025-04-05 05:45:10.87+03,,,
10001,1,16,2025-04-05 06:12:11.633+03,512.300,512.300,
10001,1,19,2025-04-05 06:18:59.309+03,26.100,26.100,
10001,2,1,2025-04-05 05:30:46.458+03,,,
10001,2,2,2025-04-05 05:44:03.364+03,685.100,685.100,
10001,2,12,2025-04-05 06:11:47.555+03,635.200,635.200,
10001,3,1,2025-04-05 05:30:32.083+03,,,
10001,3,4,2025-04-05 05:45:27.526+03,,,
10001,3,6,2025-04-05 05:56:46.654+03,411.000,411.000,
10001,3,12,2025-04-05 06:18:16.652+03,637.000,637.000,
10001,4,1,2025-04-05 05:30:23.848+03,,,
10001,4,3,2025-04-05 05:46:08.37+03,705.800,705.800,
10001,4,9,2025-04-05 06:01:55.019+03,282.200,282.200,
10001,4,14,2025-04-05 06:16:51.292+03,399.100,399.100,
10001,5,1,2025-04-05 05:30:07.317+03,,,
10001,5,5,2025-04-05 05:49:03.453+03,,,
10001,5,11,2025-04-05 06:14:19.869+03,832.600,832.600,
10001,6,1,2025-04-05 05:44:47.773+03,,,
10001,6,6,2025-04-05 05:55:29.141+03,28.500,28.500,
10001,6,11,2025-04-05 06:13:55.665+03,544.400,544.400,
10001,6,14,2025-04-05 06:20:10.465+03,32.600,32.600,
10001,7,1,2025-04-05 05:30:51.939+03,,,
10001,7,4,2025-04-05 05:44:16.466+03,,,
10001,7,7,2025-04-05 05:52:59.805+03,176.600,176.600,
10001,7,16,2025-04-05 06:14:44.509+03,441.700,441.700,
10001,8,1,2025-04-05 05:30:53.783+03,,,
10001,8,2,2025-04-05 05:33:42.66+03,28.800,28.800,
10001,8,3,2025-04-05 05:44:43.679+03,521.500,521.500,
10001,8,9,2025-04-05 06:02:29.129+03,363.500,363.500,
10001,8,17,2025-04-05 06:21:45.982+03,345.400,345.400,
10001,9,1,2025-04-05 05:44:12.993+03,,,
10001,9,4,2025-04-05 05:50:40.441+03,28.800,28.800,
10001,9,7,2025-04-05 06:03:52.301+03,445.200,445.200,
10001,9,10,2025-04-05 06:17:08.917+03,494.000,494.000,
10001,10,1,2025-04-05 05:30:38.583+03,,,
10001,10,2,2025-04-05 05:33:16.491+03,25.400,25.400,
10001,10,3,2025-04-05 05:44:05.586+03,526.400,526.400,
10001,10,8,2025-04-05 05:59:27.936+03,337.500,337.500,
10001,10,16,2025-04-05 06:21:25.122+03,386.900,386.900,
10001,11,1,2025-04-05 05:31:01.892+03,,,
10001,11,4,2025-04-05 05:45:14.542+03,,,
10001,11,7,2025-04-05 05:52:11.208+03,28.600,28.600,
10001,11,10,2025-04-05 05:58:48.389+03,20.000,20.000,
10001,11,13,2025-04-05 06:10:36.101+03,369.300,369.300,
10001,12,1,2025-04-05 05:34:30.488+03,,,
10001,12,2,2025-04-05 05:45:07.886+03,,,
10001,12,6,2025-04-05 05:53:33.187+03,26.300,26.300,
10001,12,16,2025-04-05 06:15:26.604+03,329.900,329.900,
10001,13,1,2025-04-05 05:32:14.896+03,,,
10001,13,4,2025-04-05 05:45:22.683+03,,,
10001,13,7,2025-04-05 05:57:15.92+03,365.800,365.800,
10001,13,16,2025-04-05 06:21:31.669+03,599.500,599.500,
10001,14,1,2025-04-05 05:30:28.286+03,,,
10001,14,4,2025-04-05 05:44:38.015+03,514.600,514.600,
10001,14,7,2025-04-05 05:55:22.422+03,325.200,325.200,
10001,14,17,2025-04-05 06:17:44.792+03,362.400,362.400,
10001,15,1,2025-04-05 05:34:26.051+03,,,
10001,15,2,2025-04-05 05:44:23.089+03,,,
10001,15,7,2025-04-05 05:59:37.514+03,344.900,344.900,
10001,15,16,2025-04-05 06:20:05.481+03,361.000,361.000,
10001,16,1,2025-04-05 05:35:06.051+03,,,
10001,16,2,2025-04-05 05:45:19.651+03,,,
10001,16,5,2025-04-05 05:52:09.442+03,31.100,31.100,
10001,16,8,2025-04-05 06:03:08.629+03,303.000,303.000,
10001,16,11,2025-04-05 06:17:17.948+03,541.700,541.700,
10001,17,1,2025-04-05 05:31:27.255+03,,,
10001,17,4,2025-04-05 05:44:39.403+03,,,
10001,17,11,2025-04-05 05:59:12.967+03,40.200,40.200,
10001,17,19,2025-04-05 06:15:22.4+03,201.500,201.500,
10001,17,22,2025-04-05 06:21:42.576+03,37.200,37.200,
10001,18,1,2025-04-05 05:30:14.551+03,,,
10001,18,2,2025-04-05 05:48:25.481+03,976.300,976.300,
10001,18,5,2025-04-05 05:54:58.953+03,27.200,27.200,
10001,18,8,2025-04-05 06:01:34.956+03,28.000,28.000,
10001,18,11,2025-04-05 06:14:41.884+03,463.100,463.100,
10001,19,1,2025-04-05 05:31:25.474+03,,,
10001,19,2,2025-04-05 05:44:46.414+03,678.000,678.000,
10001,19,12,2025-04-05 06:13:05.837+03,651.800,651.800,
10001,19,15,2025-04-05 06:18:54.746+03,26.900,26.900,
10001,20,1,2025-04-05 05:30:44.317+03,,,
10001,20,2,2025-04-05 05:44:53.831+03,704.400,704.400,
10001,20,7,2025-04-05 06:00:30.159+03,325.000,325.000,
10001,20,16,2025-04-05 06:20:49.888+03,347.400,347.400,
10002,1,1,2025-04-05 09:02:48.772+03,,,
10002,1,4,2025-04-05 09:13:24.666+03,303.900,303.900,
10002,1,7,2025-04-05 09:25:03.192+03,381.800,381.800,
10002,1,10,2025-04-05 09:43:22.279+03,772.200,772.200,
10002,1,12,2025-04-05 09:56:40.913+03,582.500,582.500,
10002,1,15,2025-04-05 10:05:20.055+03,217.400,217.400,
10002,2,1,2025-04-05 09:01:28.99+03,,,
10002,2,7,2025-04-05 09:26:04.005+03,829.600,829.600,
10002,2,10,2025-04-05 09:56:58.241+03,1533.200,1533.200,
10002,2,13,2025-04-05 10:04:30.07+03,144.900,144.900,
10002,3,1,2025-04-05 09:00:56.521+03,,,
10002,3,4,2025-04-05 09:06:30.023+03,26.900,26.900,
10002,3,7,2025-04-05 09:15:31.341+03,226.200,226.200,
10002,4,1,2025-04-05 09:04:51.757+03,,,
10002,4,4,2025-04-05 09:14:58.731+03,290.600,290.600,
10002,4,7,2025-04-05 09:26:47.936+03,401.200,401.200,
10002,4,10,2025-04-05 09:42:24.872+03,1338.000,1338.000,
10002,4,13,2025-04-05 09:56:28.069+03,522.300,522.300,
10002,4,16,2025-04-05 10:04:20.648+03,172.500,172.500,
10002,5,1,2025-04-05 09:00:18.005+03,,,
10002,5,4,2025-04-05 09:06:49.977+03,76.200,76.200,
10002,5,7,2025-04-05 09:14:39.914+03,167.300,167.300,
10002,6,1,2025-04-05 09:04:42.523+03,,,
10002,6,4,2025-04-05 09:14:31.071+03,267.700,267.700,
10002,6,7,2025-04-05 09:25:24.411+03,322.600,322.600,
10002,6,10,2025-04-05 09:43:08.951+03,744.400,744.400,
10002,7,1,2025-04-05 09:03:53.288+03,,,
10002,7,4,2025-04-05 09:13:42.178+03,259.700,259.700,
10002,7,7,2025-04-05 09:27:05.905+03,464.300,464.300,
10002,7,10,2025-04-05 09:42:07.606+03,1366.400,1366.400,
10002,7,13,2025-04-05 09:56:09.225+03,524.500,524.500,
10002,7,16,2025-04-05 10:04:03.398+03,165.200,165.200,
10002,8,1,2025-04-05 09:03:41.569+03,,,
10002,8,4,2025-04-05 09:14:18.174+03,315.100,315.100,
10002,8,7,2025-04-05 09:26:36.055+03,406.800,406.800,
10002,8,10,2025-04-05 09:42:50.841+03,1381.700,1381.700,
10002,9,1,2025-04-05 09:01:06.24+03,,,
10002,9,4,2025-04-05 09:07:02.242+03,35.900,35.900,
10002,9,7,2025-04-05 09:25:40.895+03,795.700,795.700,
10002,9,10,2025-04-05 09:39:10.223+03,485.400,485.400,
10002,9,13,2025-04-05 09:44:53.283+03,34.300,34.300,
10002,9,16,2025-04-05 09:57:26.918+03,432.100,432.100,
10002,9,19,2025-04-05 10:05:04.383+03,154.200,154.200,
10002,10,1,2025-04-05 09:03:31.256+03,,,
10002,10,4,2025-04-05 09:13:52.992+03,293.600,293.600,
10002,11,1,2025-04-05 09:01:57.396+03,,,
10002,11,4,2025-04-05 09:13:29.399+03,350.500,350.500,
10002,11,7,2025-04-05 09:25:33.598+03,380.700,380.700,
10002,11,10,2025-04-05 09:41:52.653+03,655.900,655.900,
10002,12,1,2025-04-05 09:01:37.256+03,,,
10002,12,4,2025-04-05 09:11:12.092+03,270.300,270.300,
10002,12,7,2025-04-05 09:27:43.968+03,677.000,677.000,
10002,12,10,2025-04-05 09:40:17.474+03,1430.500,1430.500,
10002,12,12,2025-04-05 09:44:01.435+03,28.500,28.500,
10002,12,15,2025-04-05 09:57:13.007+03,482.200,482.200,
10002,12,18,2025-04-05 10:04:47.867+03,147.900,147.900,
10002,13,1,2025-04-05 09:00:41.88+03,,,
10002,13,4,2025-04-05 09:06:16.039+03,25.900,25.900,
10002,13,7,2025-04-05 09:15:19.294+03,232.800,232.800,
10002,14,1,2025-04-05 09:05:03.054+03,,,
10002,14,4,2025-04-05 09:15:44.341+03,331.100,331.100,
10002,14,7,2025-04-05 09:26:21.224+03,329.500,329.500,
10002,14,10,2025-04-05 09:42:36.935+03,676.400,676.400,
10002,15,1,2025-04-05 09:00:03.895+03,,,
10002,15,4,2025-04-05 09:07:07.196+03,115.500,115.500,
10002,15,7,2025-04-05 09:15:05.169+03,158.100,158.100,
10002,16,1,2025-04-05 09:01:16.927+03,,,
10002,16,4,2025-04-05 09:08:08.962+03,118.900,118.900,
10002,16,10,2025-04-05 09:25:49.255+03,394.600,394.600,
10002,16,13,2025-04-05 09:39:04.848+03,475.500,475.500,
10002,16,16,2025-04-05 09:45:06.424+03,43.300,43.300,
10002,16,18,2025-04-05 09:57:09.413+03,498.700,498.700,
10002,16,21,2025-04-05 10:04:43.742+03,151.700,151.700,
10002,17,1,2025-04-05 09:00:21.411+03,,,
10002,17,7,2025-04-05 09:14:22.111+03,191.100,191.100,
10002,17,10,2025-04-05 09:27:33.249+03,471.400,471.400,
10002,17,13,2025-04-05 09:43:39.107+03,1437.200,1437.200,
10002,18,1,2025-04-05 09:03:48.804+03,,,
10002,18,4,2025-04-05 09:13:38.836+03,262.600,262.600,
10002,18,7,2025-04-05 09:27:02.233+03,462.300,462.300,
10002,18,10,2025-04-05 09:42:15.872+03,1376.200,1376.200,
10002,18,12,2025-04-05 09:56:16.225+03,618.000,618.000,
10002,18,15,2025-04-05 10:04:08.086+03,163.600,163.600,
10002,19,1,2025-04-05 09:03:23.897+03,,,
10002,19,4,2025-04-05 09:13:32.676+03,281.700,281.700,
10002,19,7,2025-04-05 09:26:55.561+03,468.900,468.900,
10002,19,10,2025-04-05 09:43:35.826+03,1469.400,1469.400,
10002,19,13,2025-04-05 09:56:47.96+03,469.500,469.500,
10002,19,16,2025-04-05 10:05:26.196+03,203.100,203.100,
10002,20,1,2025-04-05 09:00:12.224+03,,,
10002,20,4,2025-04-05 09:07:30.727+03,138.100,138.100,
10002,20,7,2025-04-05 09:15:45.278+03,197.500,197.500,
10002,20,10,2025-04-05 09:25:11.286+03,254.200,254.200,
10002,20,13,2025-04-05 09:43:00.716+03,753.300,753.300,
10002,20,16,2025-04-05 09:56:03.147+03,464.900,464.900,
10002,20,19,2025-04-05 10:03:57.679+03,177.600,177.600,
10006,1,21,2025-04-06 08:36:57.801+03,24.397,24.397,3.300
10006,2,21,2025-04-06 08:36:57.957+03,23.222,23.222,2.300
10006,3,31,2025-04-06 08:53:22.493+03,23.419,23.419,2.600
10006,4,25,2025-04-06 08:43:29.773+03,23.333,23.333,2.400
10006,5,15,2025-04-06 08:28:10.894+03,23.382,23.382,2.500
10006,6,24,2025-04-06 08:42:14.929+03,26.041,26.041,4.800
10006,7,31,2025-04-06 08:52:41.258+03,24.380,24.380,3.100
10006,8,24,2025-04-06 08:42:11.438+03,25.708,25.708,4.700
10006,9,21,2025-04-06 08:37:04.066+03,23.346,23.346,2.400
10006,10,9,2025-04-06 08:18:42.712+03,23.724,23.724,2.600
10006,10,30,2025-04-06 08:52:06.619+03,23.608,23.608,2.700
10006,11,23,2025-04-06 08:40:38.849+03,24.181,24.181,2.900
10006,12,24,2025-04-06 08:41:59.678+03,23.093,23.093,2.600
10006,13,22,2025-04-06 08:39:09.192+03,23.515,23.515,2.600
10006,14,33,2025-04-06 08:56:25.345+03,23.662,23.662,2.900
10006,15,32,2025-04-06 08:54:54.863+03,24.464,24.464,3.500
10006,16,30,2025-04-06 08:51:11.93+03,22.937,22.937,2.200
10006,17,33,2025-04-06 08:56:27.204+03,23.337,23.337,2.600
10006,18,19,2025-04-06 08:33:59.151+03,23.184,23.184,2.300
10006,19,20,2025-04-06 08:35:38.006+03,23.037,23.037,2.100
10006,20,23,2025-04-06 08:40:33.084+03,24.834,24.834,3.900
10007,2,1,2025-04-11 14:31:15.261+03,,,
10007,2,6,2025-04-11 14:49:20.619+03,432.200,432.200,
10007,2,11,2025-04-11 15:11:46.596+03,715.000,715.000,
10007,3,1,2025-04-11 14:30:22.627+03,,,
10007,3,9,2025-04-11 14:56:00.405+03,539.200,539.200,
10007,3,12,2025-04-11 15:02:49.288+03,32.000,32.000,
10007,3,15,2025-04-11 15:18:09.11+03,545.300,545.300,
10007,4,1,2025-04-11 14:32:11.487+03,,,
10007,4,4,2025-04-11 14:41:37.952+03,206.100,206.100,
10007,4,7,2025-04-11 14:48:51.733+03,45.600,45.600,
10007,4,10,2025-04-11 15:02:05.817+03,443.300,443.300,
10007,4,13,2025-04-11 15:11:41.024+03,188.900,188.900,
10007,4,16,2025-04-11 15:22:26.267+03,298.700,298.700,
10007,4,17,2025-04-11 15:24:59.048+03,31.200,31.200,
10007,5,1,2025-04-11 14:30:45.222+03,,,
10007,5,6,2025-04-11 14:41:56.313+03,29.900,29.900,
10007,5,9,2025-04-11 14:48:56.065+03,30.000,30.000,
10007,5,11,2025-04-11 15:03:28.264+03,594.700,594.700,
10007,5,14,2025-04-11 15:10:13.118+03,19.000,19.000,
10007,5,17,2025-04-11 15:21:58.121+03,343.100,343.100,
10007,6,1,2025-04-11 14:31:07.062+03,,,
10007,6,8,2025-04-11 14:46:35.734+03,19.000,19.000,
10007,6,11,2025-04-11 15:03:59.534+03,688.500,688.500,
10007,6,14,2025-04-11 15:10:48.674+03,25.600,25.600,
10007,6,17,2025-04-11 15:22:07.788+03,300.300,300.300,
10007,7,1,2025-04-11 14:30:53.875+03,,,
10007,10,1,2025-04-11 14:31:18.392+03,,,
10007,10,8,2025-04-11 14:47:17.336+03,51.200,51.200,
10007,10,13,2025-04-11 15:06:46.483+03,571.600,571.600,
10007,10,19,2025-04-11 15:25:10.289+03,289.800,289.800,
10007,11,1,2025-04-11 14:31:11.433+03,,,
10007,11,9,2025-04-11 14:49:44.222+03,19.400,19.400,
10007,11,11,2025-04-11 15:03:34.985+03,586.900,586.900,
10007,11,16,2025-04-11 15:19:53.364+03,342.700,342.700,
10007,12,1,2025-04-11 14:31:36.227+03,,,
10007,12,6,2025-04-11 14:43:00.455+03,41.200,41.200,
10007,12,12,2025-04-11 14:55:55.934+03,28.200,28.200,
10007,12,13,2025-04-11 15:03:36.437+03,343.700,343.700,
10007,12,16,2025-04-11 15:10:45.72+03,25.800,25.800,
10007,12,19,2025-04-11 15:23:21.223+03,361.000,361.000,
10007,13,1,2025-04-11 14:31:24.14+03,,,
10007,13,11,2025-04-11 14:58:34.268+03,402.900,402.900,
10007,13,14,2025-04-11 15:05:29.629+03,34.300,34.300,
10007,13,16,2025-04-11 15:18:36.76+03,544.200,544.200,
10007,14,1,2025-04-11 14:30:26.592+03,,,
10007,14,4,2025-04-11 14:37:40.549+03,24.400,24.400,
10007,14,7,2025-04-11 14:44:57.987+03,34.000,34.000,
10007,14,13,2025-04-11 15:02:45.43+03,316.000,316.000,
10007,14,16,2025-04-11 15:11:20.164+03,143.800,143.800,
10007,14,19,2025-04-11 15:25:23.627+03,465.000,465.000,
10007,15,1,2025-04-11 14:30:20.471+03,,,
10007,15,9,2025-04-11 15:02:23.505+03,882.000,882.000,
10007,15,12,2025-04-11 15:09:35.416+03,22.400,22.400,
10007,15,14,2025-04-11 15:24:31.928+03,644.300,644.300,
10007,16,1,2025-04-11 14:31:02.853+03,,,
10007,16,9,2025-04-11 15:01:08.428+03,804.700,804.700,
10007,16,17,2025-04-11 15:20:44.797+03,356.900,356.900,
10007,19,1,2025-04-11 14:31:40.293+03,,,
10007,19,6,2025-04-11 14:43:03.223+03,19.000,19.000,
10007,19,9,2025-04-11 15:00:36.251+03,693.000,693.000,
10007,19,12,2025-04-11 15:11:18.041+03,253.200,253.200,
10007,19,22,2025-04-11 15:28:21.453+03,25.300,25.300,
10007,21,1,2025-04-11 14:31:25.787+03,,,
10007,21,6,2025-04-11 14:52:57.923+03,655.100,655.100,
10007,21,14,2025-04-11 15:18:04.416+03,478.500,478.500,
10007,21,17,2025-04-11 15:25:04.284+03,31.900,31.900,
10007,22,1,2025-04-11 14:30:05.941+03,,,
10007,22,5,2025-04-11 14:46:21.628+03,540.700,540.700,
10007,22,11,2025-04-11 14:59:56.529+03,34.100,34.100,
10007,22,14,2025-04-11 15:14:13.242+03,500.400,500.400,
10007,22,17,2025-04-11 15:20:49.626+03,32.100,32.100,
10007,23,1,2025-04-11 14:30:51.72+03,,,
10007,23,9,2025-04-11 15:07:03.61+03,1288.800,1288.800,
10007,23,13,2025-04-11 15:19:30.895+03,288.500,288.500,
10007,24,1,2025-04-11 14:30:13.391+03,,,
10007,24,3,2025-04-11 14:43:07.043+03,509.300,509.300,
10007,24,6,2025-04-11 14:49:23.135+03,33.000,33.000,
10007,24,7,2025-04-11 14:51:48.786+03,32.800,32.800,
10007,24,8,2025-04-11 14:59:30.927+03,349.100,349.100,
10007,24,10,2025-04-11 15:08:20.064+03,318.000,318.000,
10007,24,12,2025-04-11 15:12:17.715+03,31.600,31.600,
10007,24,13,2025-04-11 15:14:38.675+03,37.600,37.600,
10007,24,14,2025-04-11 15:20:59.951+03,280.400,280.400,
10007,25,1,2025-04-11 14:30:17.869+03,,,
10007,25,9,2025-04-11 14:58:30.232+03,737.800,737.800,
10007,25,12,2025-04-11 15:05:51.523+03,63.200,63.200,
10007,25,15,2025-04-11 15:24:29.237+03,782.500,782.500,
10007,26,1,2025-04-11 14:30:48.582+03,,,
10007,26,10,2025-04-11 14:55:35.209+03,354.000,354.000,
10007,26,16,2025-04-11 15:15:10.152+03,390.200,390.200,
10008,1,1,2025-04-11 18:00:56.409+03,,,
10008,1,7,2025-04-11 18:21:32.136+03,439.800,439.800,
10008,1,10,2025-04-11 18:34:02.826+03,423.900,423.900,
10008,2,1,2025-04-11 18:01:48.932+03,,,
10008,2,8,2025-04-11 18:22:50.393+03,406.800,406.800,
10008,2,11,2025-04-11 18:33:50.305+03,337.300,337.300,
10008,2,26,2025-04-11 18:59:05.729+03,24.200,24.200,
10008,3,1,2025-04-11 18:00:12.864+03,,,
10008,3,7,2025-04-11 18:22:32.956+03,609.500,609.500,
10008,3,10,2025-04-11 18:28:46.738+03,19.000,19.000,
10008,3,11,2025-04-11 18:38:41.745+03,476.400,476.400,
10008,3,22,2025-04-11 18:57:41.853+03,25.800,25.800,
10008,4,1,2025-04-11 18:01:56.36+03,,,
10008,4,4,2025-04-11 18:12:06.676+03,250.400,250.400,
10008,4,7,2025-04-11 18:24:13.074+03,397.500,397.500,
10008,4,10,2025-04-11 18:37:52.817+03,464.500,464.500,
10008,4,22,2025-04-11 18:58:31.074+03,24.400,24.400,
10008,5,1,2025-04-11 18:00:29.498+03,,,
10008,5,6,2025-04-11 18:11:08.408+03,23.600,23.600,
10008,5,9,2025-04-11 18:24:04.569+03,436.100,436.100,
10008,5,12,2025-04-11 18:31:00.347+03,42.800,42.800,
10008,5,15,2025-04-11 18:42:20.607+03,333.200,333.200,
10008,6,1,2025-04-11 18:00:31.325+03,,,
10008,6,6,2025-04-11 18:10:47.4+03,18.900,18.900,
10008,6,9,2025-04-11 18:23:45.921+03,448.400,448.400,
10008,6,12,2025-04-11 18:30:47.604+03,34.000,34.000,
10008,6,15,2025-04-11 18:41:33.031+03,310.200,310.200,
10008,6,17,2025-04-11 18:45:29.563+03,26.800,26.800,
10008,7,1,2025-04-11 18:01:15.959+03,,,
10008,7,4,2025-04-11 18:08:00.918+03,19.300,19.300,
10008,7,8,2025-04-11 18:23:57.084+03,455.600,455.600,
10008,7,11,2025-04-11 18:34:41.909+03,301.400,301.400,
10008,7,25,2025-04-11 18:58:40.074+03,25.000,25.000,
10008,8,1,2025-04-11 18:00:50.611+03,,,
10008,8,3,2025-04-11 18:30:56.918+03,1502.500,1502.500,
10008,8,7,2025-04-11 18:39:09.36+03,53.300,53.300,
10008,8,10,2025-04-11 18:45:55.131+03,32.300,32.300,
10008,9,1,2025-04-11 18:00:03.612+03,,,
10008,9,7,2025-04-11 18:18:32.116+03,378.800,378.800,
10008,9,10,2025-04-11 18:25:08.089+03,22.400,22.400,
10008,9,13,2025-04-11 18:33:39.679+03,171.600,171.600,
10008,9,16,2025-04-11 18:44:22.518+03,305.600,305.600,
10008,10,1,2025-04-11 18:01:02.203+03,,,
10008,10,8,2025-04-11 18:21:20.302+03,331.700,331.700,
10008,10,14,2025-04-11 18:40:14.086+03,377.200,377.200,
10008,11,1,2025-04-11 18:00:49.535+03,,,
10008,11,4,2025-04-11 18:08:06.331+03,29.700,29.700,
10008,11,8,2025-04-11 18:26:34.085+03,604.100,604.100,
10008,11,12,2025-04-11 18:41:01.683+03,356.200,356.200,
10008,12,1,2025-04-11 18:00:37.566+03,,,
10008,12,9,2025-04-11 18:21:01.077+03,226.000,226.000,
10008,12,12,2025-04-11 18:33:13.508+03,388.000,388.000,
10008,12,18,2025-04-11 18:43:40.811+03,24.200,24.200,
10008,13,1,2025-04-11 18:00:20.4+03,,,
10008,13,6,2025-04-11 18:10:42.86+03,27.500,27.500,
10008,13,8,2025-04-11 18:25:34.215+03,651.800,651.800,
10008,13,11,2025-04-11 18:32:42.168+03,49.700,49.700,
10008,13,14,2025-04-11 18:46:15.439+03,471.900,471.900,
10008,14,1,2025-04-11 18:00:25.362+03,,,
10008,14,4,2025-04-11 18:07:06.601+03,32.800,32.800,
10008,14,7,2025-04-11 18:16:31.044+03,186.000,186.000,
10008,14,10,2025-04-11 18:26:41.2+03,282.000,282.000,
10008,14,13,2025-04-11 18:38:50.975+03,391.800,391.800,
10008,15,1,2025-04-11 18:00:15.556+03,,,
10008,15,10,2025-04-11 18:27:06.919+03,403.800,403.800,
10008,15,16,2025-04-11 18:44:29.931+03,302.900,302.900,
10008,16,1,2025-04-11 18:00:34.752+03,,,
10008,16,4,2025-04-11 18:11:57.384+03,320.000,320.000,
10008,16,9,2025-04-11 18:31:42.411+03,603.800,603.800,
10008,16,12,2025-04-11 18:43:39.693+03,399.200,399.200,
10008,16,19,2025-04-11 18:56:06.395+03,36.500,36.500,
10008,17,1,2025-04-11 18:00:38.969+03,,,
10008,17,7,2025-04-11 18:14:12.399+03,26.000,26.000,
10008,17,10,2025-04-11 18:24:06.228+03,271.900,271.900,
10008,17,15,2025-04-11 18:40:16.849+03,378.700,378.700,
10008,17,18,2025-04-11 18:46:08.553+03,24.900,24.900,
10008,18,1,2025-04-11 18:03:53.215+03,,,
10008,18,4,2025-04-11 18:11:11.775+03,37.400,37.400,
10008,18,7,2025-04-11 18:23:50.873+03,397.900,397.900,
10008,18,10,2025-04-11 18:36:23.644+03,415.100,415.100,
10008,18,23,2025-04-11 18:58:58.265+03,26.700,26.700,
10008,19,1,2025-04-11 18:01:38.617+03,,,
10008,19,9,2025-04-11 18:23:31.867+03,319.200,319.200,
10008,19,12,2025-04-11 18:34:13.128+03,312.000,312.000,
10008,19,22,2025-04-11 18:51:16.995+03,26.500,26.500,
10008,20,1,2025-04-11 18:00:08.3+03,,,
10008,20,7,2025-04-11 18:13:53.3+03,49.300,49.300,
10008,20,10,2025-04-11 18:26:56.628+03,464.000,464.000,
10008,20,13,2025-04-11 18:38:37.026+03,331.800,331.800,
10009,1,1,2025-04-12 15:46:56.158+03,,,
10009,1,3,2025-04-12 15:59:04.369+03,502.500,502.500,
10009,1,7,2025-04-12 16:15:30.951+03,494.700,494.700,
10009,1,10,2025-04-12 16:27:17.855+03,347.100,347.100,
10009,2,1,2025-04-12 15:45:51.999+03,,,
10009,2,4,2025-04-12 15:52:44.549+03,30.100,30.100,
10009,2,11,2025-04-12 16:15:21.167+03,563.000,563.000,
10009,2,13,2025-04-12 16:20:06.839+03,28.400,28.400,
10009,2,16,2025-04-12 16:29:32.473+03,215.500,215.500,
10009,3,1,2025-04-12 15:43:41.951+03,,,
10009,3,4,2025-04-12 15:56:46.555+03,423.700,423.700,
10009,3,7,2025-04-12 16:08:46.209+03,324.900,324.900,
10009,3,10,2025-04-12 16:15:22.483+03,21.100,21.100,
10009,3,12,2025-04-12 16:23:15.354+03,222.400,222.400,
10009,3,13,2025-04-12 16:25:34.189+03,22.200,22.200,
10009,3,14,2025-04-12 16:27:52.493+03,22.500,22.500,
10009,4,1,2025-04-12 15:53:29.36+03,,,
10009,4,4,2025-04-12 16:03:16.023+03,221.100,221.100,
10009,4,7,2025-04-12 16:09:22.243+03,24.100,24.100,
10009,4,8,2025-04-12 16:16:20.672+03,306.500,306.500,
10009,4,11,2025-04-12 16:25:14.169+03,183.500,183.500,
10009,4,12,2025-04-12 16:27:37.692+03,26.600,26.600,
10009,5,1,2025-04-12 15:41:09.611+03,,,
10009,5,4,2025-04-12 15:47:45.862+03,29.400,29.400,
10009,5,7,2025-04-12 15:54:35.119+03,29.800,29.800,
10009,5,10,2025-04-12 16:15:51.684+03,917.800,917.800,
10009,5,13,2025-04-12 16:23:01.13+03,19.000,19.000,
10009,5,16,2025-04-12 16:29:23.302+03,30.400,30.400,
10009,6,1,2025-04-12 15:41:48.212+03,,,
10009,6,4,2025-04-12 15:48:43.446+03,37.300,37.300,
10009,6,7,2025-04-12 15:55:42.408+03,31.100,31.100,
10009,6,10,2025-04-12 16:15:41.496+03,814.100,814.100,
10009,6,13,2025-04-12 16:22:39.3+03,31.800,31.800,
10009,7,1,2025-04-12 15:54:09.691+03,,,
10009,7,4,2025-04-12 16:01:12.148+03,32.900,32.900,
10009,7,7,2025-04-12 16:16:23.278+03,524.400,524.400,
10009,7,10,2025-04-12 16:28:19.981+03,350.600,350.600,
10009,8,1,2025-04-12 15:48:35.695+03,,,
10009,8,10,2025-04-12 16:13:17.17+03,397.500,397.500,
10009,8,13,2025-04-12 16:19:55.91+03,29.500,29.500,
10009,8,16,2025-04-12 16:28:46.179+03,197.800,197.800,
10009,9,1,2025-04-12 15:39:44.716+03,,,
10009,9,4,2025-04-12 15:50:40.635+03,283.700,283.700,
10009,9,7,2025-04-12 15:57:55.49+03,38.700,38.700,
10009,9,13,2025-04-12 16:20:26.337+03,608.500,608.500,
10009,9,16,2025-04-12 16:27:34.262+03,25.800,25.800,
10009,10,1,2025-04-12 15:48:29.316+03,,,
10009,10,4,2025-04-12 15:55:15.481+03,30.000,30.000,
10009,10,10,2025-04-12 16:16:56.488+03,522.100,522.100,
10009,10,12,2025-04-12 16:25:16.081+03,235.300,235.300,
10009,11,1,2025-04-12 15:44:47.749+03,,,
10009,11,4,2025-04-12 15:51:58.003+03,30.100,30.100,
10009,11,7,2025-04-12 15:58:20.273+03,18.900,18.900,
10009,11,8,2025-04-12 16:13:05.493+03,756.300,756.300,
10009,11,11,2025-04-12 16:25:44.624+03,331.200,331.200,
10009,12,1,2025-04-12 15:51:14.573+03,,,
10009,12,4,2025-04-12 15:57:48.634+03,29.700,29.700,
10009,12,6,2025-04-12 16:03:05.027+03,19.000,19.000,
10009,12,9,2025-04-12 16:14:26.277+03,355.500,355.500,
10009,12,12,2025-04-12 16:25:25.709+03,278.200,278.200,
10009,13,1,2025-04-12 15:46:15.024+03,,,
10009,13,4,2025-04-12 15:52:32.226+03,20.600,20.600,
10009,13,7,2025-04-12 15:59:08.299+03,26.900,26.900,
10009,14,1,2025-04-12 15:53:43.93+03,,,
10009,14,4,2025-04-12 16:03:34.875+03,229.900,229.900,
10009,14,7,2025-04-12 16:10:05.162+03,27.300,27.300,
10009,14,8,2025-04-12 16:16:45.447+03,262.500,262.500,
10009,14,11,2025-04-12 16:26:06.994+03,183.500,183.500,
10009,15,1,2025-04-12 15:33:04.198+03,,,
10009,15,4,2025-04-12 15:40:13.08+03,34.100,34.100,
10009,15,7,2025-04-12 15:59:59.994+03,812.100,812.100,
10009,15,12,2025-04-12 16:17:08.603+03,436.200,436.200,
10009,15,15,2025-04-12 16:28:54.667+03,344.300,344.300,
10009,16,1,2025-04-12 15:33:48.845+03,,,
10009,16,3,2025-04-12 15:38:17.055+03,33.500,33.500,
10009,16,6,2025-04-12 15:56:03.587+03,677.100,677.100,
10009,16,13,2025-04-12 16:20:38.6+03,641.500,641.500,
10009,16,16,2025-04-12 16:28:28.232+03,29.200,29.200,
10009,17,1,2025-04-12 15:51:06.356+03,,,
10009,17,4,2025-04-12 15:57:37.075+03,28.100,28.100,
10009,17,6,2025-04-12 16:08:10.776+03,402.300,402.300,
10009,17,9,2025-04-12 16:19:54.95+03,348.300,348.300,
10009,17,12,2025-04-12 16:27:42.761+03,122.400,122.400,
10009,18,1,2025-04-12 15:58:26.011+03,,,
10009,18,6,2025-04-12 16:10:23.275+03,28.300,28.300,
10009,18,8,2025-04-12 16:18:41.64+03,229.100,229.100,
10009,18,11,2025-04-12 16:29:18.624+03,277.800,277.800,
10009,19,1,2025-04-12 15:49:17.667+03,,,
10009,19,4,2025-04-12 15:55:59.597+03,19.000,19.000,
10009,19,8,2025-04-12 16:16:08.505+03,698.000,698.000,
10009,19,11,2025-04-12 16:28:36.586+03,405.600,405.600,
10009,20,1,2025-04-12 15:30:54.115+03,,,
10009,20,4,2025-04-12 15:38:14.462+03,41.600,41.600,
10009,20,7,2025-04-12 15:51:04.962+03,380.200,380.200,
10009,20,13,2025-04-12 16:15:46.367+03,844.200,844.200,
10009,20,16,2025-04-12 16:28:43.486+03,413.100,413.100,
10010,1,1,2025-04-12 19:03:14.726+03,,,
10010,1,3,2025-04-12 19:14:59.286+03,496.000,496.000,
10010,1,6,2025-04-12 19:28:02.877+03,439.700,439.700,
10010,1,7,2025-04-12 19:38:23.703+03,1060.400,1060.400,
10010,1,9,2025-04-12 19:44:17.69+03,153.300,153.300,
10010,1,12,2025-04-12 19:57:17.112+03,455.800,455.800,
10010,1,15,2025-04-12 20:06:22.376+03,235.500,235.500,
10010,2,1,2025-04-12 19:05:42.585+03,,,
10010,2,4,2025-04-12 19:15:24.66+03,246.300,246.300,
10010,2,6,2025-04-12 19:28:16.84+03,538.400,538.400,
10010,2,7,2025-04-12 19:38:04.417+03,1126.000,1126.000,
10010,2,10,2025-04-12 19:45:36.938+03,129.600,129.600,
10010,2,13,2025-04-12 19:58:59.679+03,488.000,488.000,
10010,2,16,2025-04-12 20:06:32.921+03,141.300,141.300,
10010,3,1,2025-04-12 19:05:13.113+03,,,
10010,3,4,2025-04-12 19:13:12.705+03,131.300,131.300,
10010,4,1,2025-04-12 19:04:09.194+03,,,
10010,4,4,2025-04-12 19:13:33.605+03,234.900,234.900,
10010,4,7,2025-04-12 19:27:42.254+03,489.600,489.600,
10010,4,8,2025-04-12 19:37:49.698+03,1096.800,1096.800,
10010,4,10,2025-04-12 19:43:48.044+03,146.900,146.900,
10010,5,1,2025-04-12 19:03:35.838+03,,,
10010,5,4,2025-04-12 19:14:06.222+03,300.000,300.000,
10010,5,7,2025-04-12 19:27:11.182+03,440.100,440.100,
10010,5,8,2025-04-12 19:38:49.276+03,1138.400,1138.400,
10010,5,11,2025-04-12 19:44:48.912+03,39.700,39.700,
10010,6,1,2025-04-12 19:03:28.957+03,,,
10010,6,4,2025-04-12 19:13:59.989+03,298.900,298.900,
10010,6,7,2025-04-12 19:27:05.861+03,442.500,442.500,
10010,6,8,2025-04-12 19:37:54.549+03,1091.000,1091.000,
10010,6,11,2025-04-12 19:43:55.087+03,38.000,38.000,
10010,6,14,2025-04-12 19:57:49.668+03,499.500,499.500,
10010,6,17,2025-04-12 20:06:06.906+03,153.600,153.600,
10010,7,1,2025-04-12 19:06:07.712+03,,,
10010,7,4,2025-04-12 19:13:05.854+03,83.400,83.400,
10010,7,7,2025-04-12 19:26:14.646+03,458.200,458.200,
10010,7,9,2025-04-12 19:37:04.703+03,1108.200,1108.200,
10010,7,12,2025-04-12 19:42:58.021+03,26.700,26.700,
10010,7,15,2025-04-12 19:57:23.02+03,539.000,539.000,
10010,7,18,2025-04-12 20:05:21.351+03,144.700,144.700,
10010,8,1,2025-04-12 19:00:24.286+03,,,
10010,8,4,2025-04-12 19:06:27.988+03,33.700,33.700,
10010,8,7,2025-04-12 19:15:44.068+03,222.300,222.300,
10010,8,10,2025-04-12 19:28:28.298+03,428.500,428.500,
10010,8,11,2025-04-12 19:38:42.9+03,1043.200,1043.200,
10010,8,13,2025-04-12 19:44:25.146+03,138.200,138.200,
10010,9,1,2025-04-12 19:05:06.712+03,,,
10010,9,4,2025-04-12 19:27:52.717+03,1022.400,1022.400,
10010,9,5,2025-04-12 19:38:41.312+03,1671.000,1671.000,
10010,9,8,2025-04-12 19:45:12.115+03,79.200,79.200,
10010,9,11,2025-04-12 19:58:26.57+03,457.100,457.100,
10010,9,14,2025-04-12 20:05:57.533+03,123.200,123.200,
10010,10,1,2025-04-12 19:00:04.007+03,,,
10010,10,4,2025-04-12 19:06:03.513+03,28.200,28.200,
10010,10,7,2025-04-12 19:13:20.68+03,100.900,100.900,
10010,11,1,2025-04-12 19:03:20.78+03,,,
10010,11,4,2025-04-12 19:15:18.959+03,393.700,393.700,
10010,11,7,2025-04-12 19:26:08.768+03,320.400,320.400,
10010,11,9,2025-04-12 19:43:28.52+03,1360.200,1360.200,
10010,11,12,2025-04-12 19:57:04.921+03,485.900,485.900,
10010,11,15,2025-04-12 20:05:16.473+03,177.500,177.500,
10010,12,1,2025-04-12 19:04:27.668+03,,,
10010,12,4,2025-04-12 19:15:46.902+03,346.700,346.700,
10010,13,1,2025-04-12 19:00:11.432+03,,,
10010,13,4,2025-04-12 19:07:42.076+03,125.900,125.900,
10010,13,7,2025-04-12 19:15:48.434+03,168.900,168.900,
10010,13,10,2025-04-12 19:26:10.208+03,289.200,289.200,
10010,13,12,2025-04-12 19:37:27.053+03,966.000,966.000,
10010,13,15,2025-04-12 19:44:41.021+03,117.200,117.200,
10010,14,1,2025-04-12 19:03:56.393+03,,,
10010,14,4,2025-04-12 19:14:30.634+03,295.200,295.200,
10010,15,1,2025-04-12 19:07:33.918+03,,,
10010,15,4,2025-04-12 19:15:35.476+03,159.300,159.300,
10010,15,7,2025-04-12 19:26:12.938+03,296.500,296.500,
10010,16,1,2025-04-12 19:04:50.353+03,,,
10010,16,4,2025-04-12 19:14:40.272+03,256.900,256.900,
10010,16,7,2025-04-12 19:26:45.578+03,386.400,386.400,
10010,16,8,2025-04-12 19:38:32.532+03,1093.300,1093.300,
10010,16,10,2025-04-12 19:43:33.16+03,93.500,93.500,
10010,16,13,2025-04-12 19:58:06.596+03,540.100,540.100,
10010,16,16,2025-04-12 20:05:46.649+03,132.400,132.400,
10010,17,1,2025-04-12 19:04:17.579+03,,,
10010,17,4,2025-04-12 19:13:49.292+03,232.400,232.400,
10010,17,7,2025-04-12 19:27:01.557+03,446.500,446.500,
10010,17,8,2025-04-12 19:37:29.098+03,1073.900,1073.900,
10010,17,11,2025-04-12 19:44:31.351+03,78.600,78.600,
10010,17,14,2025-04-12 19:57:26.099+03,441.300,441.300,
10010,17,17,2025-04-12 20:06:45.584+03,221.900,221.900,
10010,18,1,2025-04-12 19:06:16.177+03,,,
10010,18,4,2025-04-12 19:15:30.36+03,215.400,215.400,
10010,18,7,2025-04-12 19:26:20.999+03,312.500,312.500,
10010,18,9,2025-04-12 19:37:09.822+03,961.300,961.300,
10010,18,12,2025-04-12 19:43:10.864+03,28.100,28.100,
10010,18,15,2025-04-12 19:57:42.194+03,534.200,534.200,
10010,18,18,2025-04-12 20:05:34.72+03,125.900,125.900,
10010,19,1,2025-04-12 19:05:24.009+03,,,
10010,19,4,2025-04-12 19:14:49.421+03,220.000,220.000,
10010,19,6,2025-04-12 19:28:33.675+03,570.800,570.800,
10010,19,7,2025-04-12 19:38:13.264+03,1150.200,1150.200,
10010,19,10,2025-04-12 19:58:41.886+03,890.700,890.700,
10010,19,13,2025-04-12 20:06:27.494+03,139.300,139.300,
10010,20,1,2025-04-12 19:03:50.101+03,,,
10010,20,4,2025-04-12 19:13:09.984+03,237.700,237.700,
10014,1,10,2025-04-13 18:20:52.266+03,26.518,26.518,4.700
10014,1,26,2025-04-13 18:47:39.342+03,28.067,28.067,6.200
10014,2,10,2025-04-13 18:20:47.938+03,29.822,29.822,7.700
10014,2,32,2025-04-13 18:57:16.814+03,24.035,24.035,2.300
10014,3,13,2025-04-13 18:26:07.068+03,24.143,24.143,2.200
10014,3,32,2025-04-13 18:58:30.418+03,25.396,25.396,3.300
10014,4,6,2025-04-13 18:14:22.192+03,25.265,25.265,3.500
10014,4,28,2025-04-13 18:51:07.542+03,24.640,24.640,2.900
10014,5,9,2025-04-13 18:19:15.767+03,24.791,24.791,2.800
10014,5,28,2025-04-13 18:50:56.202+03,25.093,25.093,3.100
10014,6,10,2025-04-13 18:20:49.907+03,25.033,25.033,2.800
10014,6,28,2025-04-13 18:50:43.738+03,24.958,24.958,2.800
10014,7,12,2025-04-13 18:24:07.047+03,24.807,24.807,2.500
10014,7,27,2025-04-13 18:49:11.833+03,24.506,24.506,2.800
10014,7,32,2025-04-13 18:58:06.819+03,24.693,24.693,2.900
10014,8,16,2025-04-13 18:31:03.591+03,24.826,24.826,2.700
10014,8,32,2025-04-13 18:58:10.059+03,24.846,24.846,2.600
10014,9,17,2025-04-13 18:32:17.13+03,24.802,24.802,2.600
10014,9,32,2025-04-13 18:57:14.33+03,24.241,24.241,2.400
10014,10,12,2025-04-13 18:24:25.037+03,24.611,24.611,2.400
10014,10,32,2025-04-13 18:58:22.181+03,24.592,24.592,2.800
10014,11,11,2025-04-13 18:22:35.432+03,26.493,26.493,4.200
10014,11,32,2025-04-13 18:57:58.398+03,24.771,24.771,2.400
10014,12,16,2025-04-13 18:30:58.785+03,25.394,25.394,3.600
10014,12,32,2025-04-13 18:58:03.712+03,25.990,25.990,2.600
10014,13,5,2025-04-13 18:12:43.873+03,24.200,24.200,
10014,13,27,2025-04-13 18:49:32.563+03,24.200,24.200,
10014,14,14,2025-04-13 18:27:44.924+03,25.242,25.242,3.100
10014,14,32,2025-04-13 18:58:20.848+03,24.191,24.191,2.300
10014,15,8,2025-04-13 18:17:35.761+03,24.876,24.876,2.600
10014,15,27,2025-04-13 18:49:11.397+03,24.832,24.832,2.700
10014,16,17,2025-04-13 18:32:26.694+03,24.340,24.340,2.300
10014,16,32,2025-04-13 18:57:30.119+03,24.350,24.350,2.100
10014,17,14,2025-04-13 18:27:36.042+03,24.600,24.600,2.900
10014,17,32,2025-04-13 18:57:56.692+03,24.315,24.315,2.600
10014,17,44,2025-04-13 19:19:49.065+03,37.116,37.116,15.100
10014,18,13,2025-04-13 18:25:38.508+03,24.044,24.044,2.200
10014,18,32,2025-04-13 18:57:12.763+03,24.100,24.100,2.400
10014,19,14,2025-04-13 18:27:13.344+03,24.498,24.498,2.300
10014,19,32,2025-04-13 18:57:04.064+03,24.900,24.900,2.900
10014,20,14,2025-04-13 18:27:38.565+03,24.562,24.562,2.900
10014,20,32,2025-04-13 18:58:03.317+03,24.895,24.895,3.500
10015,1,1,2025-04-18 16:30:31.579+03,,,
10015,1,9,2025-04-18 16:57:02.863+03,609.100,609.100,
10015,1,14,2025-04-18 17:12:27.209+03,326.100,326.100,
10015,1,19,2025-04-18 17:21:00.994+03,23.600,23.600,
10015,2,1,2025-04-18 16:30:04.25+03,,,
10015,2,8,2025-04-18 16:56:37.284+03,770.300,770.300,
10015,2,11,2025-04-18 17:03:01.392+03,31.300,31.300,
10015,2,14,2025-04-18 17:14:31.89+03,360.400,360.400,
10015,2,23,2025-04-18 17:29:11.666+03,20.100,20.100,
10015,3,1,2025-04-18 16:30:41.376+03,,,
10015,3,9,2025-04-18 17:01:10.422+03,824.600,824.600,
10015,3,12,2025-04-18 17:07:45.705+03,27.900,27.900,
10015,3,15,2025-04-18 17:18:47.179+03,327.800,327.800,
10015,4,1,2025-04-18 16:31:23.47+03,,,
10015,4,6,2025-04-18 16:42:48.305+03,28.400,28.400,
10015,4,9,2025-04-18 17:20:05.994+03,1871.200,1871.200,
10015,5,1,2025-04-18 16:31:41.299+03,,,
10015,5,7,2025-04-18 16:44:34.324+03,26.700,26.700,
10015,5,10,2025-04-18 16:51:09.135+03,24.900,24.900,
10015,5,13,2025-04-18 17:04:02.887+03,451.200,451.200,
10015,5,16,2025-04-18 17:10:50.946+03,33.200,33.200,
10015,5,19,2025-04-18 17:21:39.87+03,277.600,277.600,
10015,6,1,2025-04-18 16:30:58.829+03,,,
10015,6,6,2025-04-18 16:41:45.71+03,28.400,28.400,
10015,6,12,2025-04-18 17:03:50.941+03,608.800,608.800,
10015,6,15,2025-04-18 17:10:37.195+03,27.700,27.700,
10015,6,17,2025-04-18 17:19:54.9+03,334.200,334.200,
10015,7,1,2025-04-18 16:30:08.079+03,,,
10015,7,7,2025-04-18 16:43:58.933+03,15.800,15.800,
10015,7,10,2025-04-18 17:01:31.359+03,717.400,717.400,
10015,7,13,2025-04-18 17:07:49.142+03,16.200,16.200,
10015,7,16,2025-04-18 17:18:50.982+03,291.700,291.700,
10015,8,1,2025-04-18 16:31:12.439+03,,,
10015,8,11,2025-04-18 17:02:12.135+03,637.100,637.100,
10015,8,14,2025-04-18 17:08:53.74+03,26.200,26.200,
10015,8,17,2025-04-18 17:20:51.916+03,376.600,376.600,
10015,9,1,2025-04-18 16:30:35.891+03,,,
10015,9,11,2025-04-18 16:57:26.137+03,333.400,333.400,
10015,9,14,2025-04-18 17:04:20.97+03,21.500,21.500,
10015,9,17,2025-04-18 17:15:21.26+03,310.700,310.700,
10015,10,1,2025-04-18 16:32:18.94+03,,,
10015,10,10,2025-04-18 17:03:54.641+03,824.600,824.600,
10015,10,18,2025-04-18 17:24:26.463+03,239.500,239.500,
10015,11,1,2025-04-18 16:30:39.97+03,,,
10015,11,8,2025-04-18 16:46:42.148+03,24.800,24.800,
10015,11,11,2025-04-18 16:59:56.262+03,464.800,464.800,
10015,11,14,2025-04-18 17:06:32.844+03,25.300,25.300,
10015,11,17,2025-04-18 17:17:46.329+03,325.900,325.900,
10015,12,1,2025-04-18 16:30:08.36+03,,,
10015,12,2,2025-04-18 16:38:26.457+03,365.000,365.000,
10015,12,10,2025-04-18 17:00:51.013+03,377.400,377.400,
10015,12,16,2025-04-18 17:20:25.119+03,423.300,423.300,
10015,13,1,2025-04-18 16:31:58.736+03,,,
10015,13,6,2025-04-18 16:42:32.336+03,25.200,25.200,
10015,13,9,2025-04-18 16:56:28.248+03,521.300,521.300,
10015,13,12,2025-04-18 17:02:42.872+03,28.100,28.100,
10015,13,15,2025-04-18 17:15:37.933+03,454.800,454.800,
10015,13,21,2025-04-18 17:25:46.245+03,24.800,24.800,
10015,14,1,2025-04-18 16:30:27.954+03,,,
10015,14,12,2025-04-18 17:19:58.619+03,1608.700,1608.700,
10015,15,1,2025-04-18 16:30:04.625+03,,,
10015,15,3,2025-04-18 16:41:19.592+03,444.200,444.200,
10015,15,10,2025-04-18 17:07:32.954+03,807.100,807.100,
10015,15,13,2025-04-18 17:13:45.639+03,28.400,28.400,
10015,15,17,2025-04-18 17:25:58.323+03,264.300,264.300,
10015,16,1,2025-04-18 16:30:37.501+03,,,
10015,16,11,2025-04-18 16:57:45.349+03,321.900,321.900,
10015,16,14,2025-04-18 17:05:11.36+03,24.600,24.600,
10015,16,20,2025-04-18 17:21:31.417+03,275.600,275.600,
10015,17,1,2025-04-18 16:30:20.079+03,,,
10015,17,10,2025-04-18 16:53:28.523+03,354.300,354.300,
10015,17,13,2025-04-18 17:02:48.181+03,239.300,239.300,
10015,17,16,2025-04-18 17:09:33.834+03,22.400,22.400,
10015,17,19,2025-04-18 17:20:43.213+03,315.800,315.800,
10015,18,1,2025-04-18 16:32:12.908+03,,,
10015,18,8,2025-04-18 16:57:50.052+03,674.700,674.700,
10015,18,11,2025-04-18 17:04:32.583+03,26.100,26.100,
10015,18,13,2025-04-18 17:17:35.75+03,546.400,546.400,
10015,18,17,2025-04-18 17:24:37.713+03,15.200,15.200,
10015,19,1,2025-04-18 16:31:02.204+03,,,
10015,19,8,2025-04-18 16:55:50.712+03,637.500,637.500,
10015,19,16,2025-04-18 17:18:06.661+03,437.100,437.100,
10015,19,23,2025-04-18 17:29:41.458+03,20.700,20.700,
10015,20,1,2025-04-18 16:30:30.657+03,,,
10015,20,7,2025-04-18 16:58:17.208+03,900.100,900.100,
10015,20,10,2025-04-18 17:04:45.344+03,26.800,26.800,
10015,20,12,2025-04-18 17:09:36.006+03,33.800,33.800,
10015,20,15,2025-04-18 17:22:35.853+03,445.600,445.600,
10016,1,1,2025-04-18 20:01:03.948+03,,,
10016,1,8,2025-04-18 20:23:14.536+03,474.500,474.500,
10016,1,11,2025-04-18 20:35:42.781+03,407.100,407.100,
10016,1,21,2025-04-18 20:59:21.052+03,1825.400,1825.400,
10016,2,1,2025-04-18 20:02:09.97+03,,,
10016,2,9,2025-04-18 20:29:09.482+03,661.900,661.900,
10016,2,12,2025-04-18 20:35:18.854+03,18.000,18.000,
10016,2,15,2025-04-18 20:46:07.913+03,332.000,332.000,
10016,2,19,2025-04-18 20:59:23.005+03,1127.100,1127.100,
10016,4,1,2025-04-18 20:02:12.103+03,,,
10016,4,5,2025-04-18 20:11:17.457+03,28.300,28.300,
10016,4,8,2025-04-18 20:22:18.068+03,328.100,328.100,
10016,4,11,2025-04-18 20:32:46.805+03,295.900,295.900,
10016,4,14,2025-04-18 20:43:57.237+03,333.700,333.700,
10016,4,15,2025-04-18 20:46:22.034+03,28.300,28.300,
10016,5,1,2025-04-18 20:00:56.495+03,,,
10016,5,6,2025-04-18 20:11:26.495+03,24.200,24.200,
10016,5,9,2025-04-18 20:26:48.54+03,582.300,582.300,
10016,5,14,2025-04-18 20:44:16.327+03,431.800,431.800,
10016,5,19,2025-04-18 20:59:15.13+03,1331.000,1331.000,
10016,6,1,2025-04-18 20:01:11.526+03,,,
10016,6,9,2025-04-18 20:26:40.962+03,563.900,563.900,
10016,6,13,2025-04-18 20:34:53.187+03,15.200,15.200,
10016,6,15,2025-04-18 20:43:27.625+03,303.200,303.200,
10016,6,20,2025-04-18 20:59:11.89+03,1247.500,1247.500,
10016,7,1,2025-04-18 20:00:35.071+03,,,
10016,7,11,2025-04-18 20:24:04.499+03,148.900,148.900,
10016,7,15,2025-04-18 20:33:09.644+03,16.700,16.700,
10016,8,1,2025-04-18 20:02:14.175+03,,,
10016,8,8,2025-04-18 20:24:56.69+03,479.000,479.000,
10016,8,12,2025-04-18 20:33:56.437+03,25.000,25.000,
10016,8,15,2025-04-18 20:50:03.211+03,624.700,624.700,
10016,8,16,2025-04-18 20:59:19.552+03,1181.100,1181.100,
10016,9,1,2025-04-18 20:01:59.025+03,,,
10016,9,5,2025-04-18 20:11:12.188+03,26.700,26.700,
10016,9,9,2025-04-18 20:24:34.362+03,306.300,306.300,
10016,9,13,2025-04-18 20:33:30.781+03,36.700,36.700,
10016,9,16,2025-04-18 20:45:21.277+03,330.100,330.100,
10016,9,20,2025-04-18 20:59:39.41+03,1188.200,1188.200,
10016,10,1,2025-04-18 20:02:23.395+03,,,
10016,10,5,2025-04-18 20:22:07.445+03,629.600,629.600,
10016,10,8,2025-04-18 20:28:55.316+03,27.400,27.400,
10016,10,12,2025-04-18 20:38:08.495+03,28.600,28.600,
10016,10,15,2025-04-18 20:50:09.836+03,399.600,399.600,
10016,10,16,2025-04-18 20:59:34.504+03,964.400,964.400,
10016,11,1,2025-04-18 20:01:42.798+03,,,
10016,11,4,2025-04-18 20:08:45.44+03,25.400,25.400,
10016,11,7,2025-04-18 20:15:32.601+03,27.900,27.900,
10016,11,10,2025-04-18 20:26:27.421+03,332.600,332.600,
10016,11,14,2025-04-18 20:35:28.11+03,24.300,24.300,
10016,11,16,2025-04-18 20:44:30.175+03,306.500,306.500,
10016,12,1,2025-04-18 20:00:20.882+03,,,
10016,12,9,2025-04-18 20:21:51.967+03,316.500,316.500,
10016,12,14,2025-04-18 20:33:03.981+03,26.500,26.500,
10016,12,16,2025-04-18 20:43:05.677+03,379.400,379.400,
10016,12,21,2025-04-18 20:59:05.336+03,1339.000,1339.000,
10016,13,1,2025-04-18 20:02:04.486+03,,,
10016,13,8,2025-04-18 20:24:01.479+03,492.200,492.200,
10016,13,11,2025-04-18 20:30:26.458+03,15.200,15.200,
10016,13,14,2025-04-18 20:43:51.971+03,457.000,457.000,
10016,13,19,2025-04-18 20:59:04.434+03,1369.600,1369.600,
10016,14,1,2025-04-18 20:00:27.835+03,,,
10016,14,6,2025-04-18 20:14:34.968+03,269.500,269.500,
10016,14,9,2025-04-18 20:22:31.198+03,131.900,131.900,
10016,14,12,2025-04-18 20:32:52.587+03,287.800,287.800,
10016,14,16,2025-04-18 20:45:45.079+03,303.700,303.700,
10016,14,20,2025-04-18 20:59:09.14+03,1108.100,1108.100,
10016,15,1,2025-04-18 20:00:04.386+03,,,
10016,15,9,2025-04-18 20:23:41.718+03,416.500,416.500,
10016,15,12,2025-04-18 20:30:09.132+03,29.900,29.900,
10016,15,15,2025-04-18 20:43:34.161+03,421.500,421.500,
10016,15,20,2025-04-18 20:59:30.942+03,1378.700,1378.700,
10016,16,1,2025-04-18 20:01:31.214+03,,,
10016,16,10,2025-04-18 20:24:46.862+03,281.600,281.600,
10016,16,14,2025-04-18 20:33:52.374+03,25.000,25.000,
10016,16,17,2025-04-18 20:45:55.038+03,382.200,382.200,
10016,16,21,2025-04-18 20:59:25.192+03,1192.700,1192.700,
10016,17,1,2025-04-18 20:01:19.573+03,,,
10016,17,9,2025-04-18 20:21:33.74+03,211.400,211.400,
10016,17,14,2025-04-18 20:38:31.323+03,421.400,421.400,
10016,17,15,2025-04-18 20:40:46.307+03,25.000,25.000,
10016,17,22,2025-04-18 20:59:02.431+03,1121.000,1121.000,
10016,18,1,2025-04-18 20:00:46.399+03,,,
10016,18,8,2025-04-18 20:20:07.623+03,281.100,281.100,
10016,18,16,2025-04-18 20:47:09.157+03,609.200,609.200,
10016,18,19,2025-04-18 20:59:18.067+03,1338.200,1338.200,
10016,19,1,2025-04-18 20:02:06.048+03,,,
10016,19,9,2025-04-18 20:26:18.921+03,473.100,473.100,
10016,19,12,2025-04-18 20:32:08.243+03,23.600,23.600,
10016,19,14,2025-04-18 20:42:22.455+03,389.000,389.000,
10016,19,20,2025-04-18 20:59:24.036+03,1410.600,1410.600,
10016,20,1,2025-04-18 20:00:13.033+03,,,
10016,20,6,2025-04-18 20:10:52.257+03,24.500,24.500,
10016,20,9,2025-04-18 20:23:51.102+03,423.900,423.900,
10016,20,12,2025-04-18 20:35:32.448+03,329.100,329.100,
10016,20,15,2025-04-18 20:48:00.401+03,434.500,434.500,
10016,20,17,2025-04-18 20:59:10.534+03,1104.700,1104.700,
10017,1,1,2025-04-19 16:46:18.862+03,,,
10017,1,4,2025-04-19 16:58:16.121+03,375.300,375.300,
10017,1,7,2025-04-19 17:11:02.285+03,448.600,448.600,
10017,1,10,2025-04-19 17:26:07.446+03,545.800,545.800,
10017,2,1,2025-04-19 16:43:09.701+03,,,
10017,2,10,2025-04-19 17:10:23.925+03,501.700,501.700,
10017,2,13,2025-04-19 17:18:49.433+03,169.100,169.100,
10017,2,16,2025-04-19 17:29:27.267+03,324.800,324.800,
10017,3,1,2025-04-19 16:30:18.226+03,,,
10017,3,10,2025-04-19 16:58:07.354+03,566.300,566.300,
10017,3,17,2025-04-19 17:19:27.912+03,603.000,603.000,
10017,3,20,2025-04-19 17:26:00.072+03,15.300,15.300,
10017,4,1,2025-04-19 16:38:54.045+03,,,
10017,4,2,2025-04-19 16:44:01.016+03,185.200,185.200,
10017,4,5,2025-04-19 16:54:42.804+03,307.300,307.300,
10017,4,7,2025-04-19 17:03:10.338+03,286.200,286.200,
10017,4,10,2025-04-19 17:19:29.834+03,640.200,640.200,
10017,5,1,2025-04-19 16:30:49.558+03,,,
10017,5,4,2025-04-19 16:40:18.319+03,196.900,196.900,
10017,5,7,2025-04-19 16:46:14.987+03,21.400,21.400,
10017,5,8,2025-04-19 16:52:08.31+03,217.200,217.200,
10017,5,11,2025-04-19 16:58:20.235+03,25.700,25.700,
10017,5,14,2025-04-19 17:18:32.755+03,873.500,873.500,
10017,5,17,2025-04-19 17:24:54.619+03,25.600,25.600,
10017,6,1,2025-04-19 16:50:38.325+03,,,
10017,6,4,2025-04-19 16:57:01.649+03,27.000,27.000,
10017,6,7,2025-04-19 17:03:34.106+03,26.100,26.100,
10017,6,10,2025-04-19 17:19:37.911+03,622.400,622.400,
10017,6,13,2025-04-19 17:26:20.358+03,19.100,19.100,
10017,7,1,2025-04-19 16:49:42.292+03,,,
10017,7,4,2025-04-19 16:59:27.038+03,236.900,236.900,
10017,7,7,2025-04-19 17:10:01.002+03,297.400,297.400,
10017,7,10,2025-04-19 17:16:28.386+03,18.200,18.200,
10017,7,13,2025-04-19 17:22:40.494+03,22.000,22.000,
10017,7,16,2025-04-19 17:29:39.158+03,90.600,90.600,
10017,8,1,2025-04-19 16:31:17.623+03,,,
10017,8,2,2025-04-19 16:33:30.959+03,23.600,23.600,
10017,8,3,2025-04-19 16:35:43.165+03,22.700,22.700,
10017,8,4,2025-04-19 16:48:43.8+03,660.700,660.700,
10017,8,7,2025-04-19 16:55:24.437+03,36.600,36.600,
10017,8,10,2025-04-19 17:02:33.621+03,50.000,50.000,
10017,8,14,2025-04-19 17:16:48.096+03,414.200,414.200,
10017,8,17,2025-04-19 17:26:05.731+03,229.800,229.800,
10017,9,1,2025-04-19 16:40:10.892+03,,,
10017,9,4,2025-04-19 16:47:07.165+03,19.000,19.000,
10017,9,7,2025-04-19 16:57:19.481+03,252.100,252.100,
10017,9,12,2025-04-19 17:12:35.76+03,312.300,312.300,
10017,9,15,2025-04-19 17:19:17.94+03,35.700,35.700,
10017,10,1,2025-04-19 16:31:30.234+03,,,
10017,10,2,2025-04-19 16:33:47.403+03,23.000,23.000,
10017,10,3,2025-04-19 16:36:03.768+03,22.600,22.600,
10017,10,4,2025-04-19 16:49:00.972+03,660.000,660.000,
10017,10,7,2025-04-19 16:55:52.011+03,47.300,47.300,
10017,10,10,2025-04-19 17:03:02.064+03,45.100,45.100,
10017,10,14,2025-04-19 17:17:30.699+03,421.400,421.400,
10017,10,17,2025-04-19 17:25:25.831+03,119.400,119.400,
10017,11,1,2025-04-19 16:50:47.591+03,,,
10017,11,7,2025-04-19 17:10:55.566+03,480.700,480.700,
10017,11,10,2025-04-19 17:25:21.16+03,514.000,514.000,
10017,12,1,2025-04-19 16:47:29.572+03,,,
10017,12,4,2025-04-19 16:59:30.663+03,386.600,386.600,
10017,12,8,2025-04-19 17:10:35.358+03,200.000,200.000,
10017,12,11,2025-04-19 17:22:56.316+03,400.100,400.100,
10017,12,14,2025-04-19 17:28:55.312+03,23.600,23.600,
10017,13,1,2025-04-19 16:47:11.868+03,,,
10017,13,4,2025-04-19 16:53:30.62+03,15.200,15.200,
10017,13,7,2025-04-19 16:59:24.429+03,26.100,26.100,
10017,13,8,2025-04-19 17:12:04.371+03,651.100,651.100,
10017,13,11,2025-04-19 17:18:53.496+03,40.100,40.100,
10017,13,14,2025-04-19 17:29:04.602+03,263.500,263.500,
10017,14,1,2025-04-19 16:42:33.755+03,,,
10017,14,2,2025-04-19 16:47:42.725+03,186.600,186.600,
10017,14,5,2025-04-19 16:57:14.881+03,233.200,233.200,
10017,14,7,2025-04-19 17:01:21.961+03,18.000,18.000,
10017,14,8,2025-04-19 17:04:04.34+03,19.600,19.600,
10017,14,9,2025-04-19 17:06:32.624+03,18.100,18.100,
10017,14,10,2025-04-19 17:12:46.275+03,257.200,257.200,
10017,14,13,2025-04-19 17:23:44.981+03,323.800,323.800,
10017,15,1,2025-04-19 16:35:05.759+03,,,
10017,15,4,2025-04-19 16:41:41.165+03,58.100,58.100,
10017,15,7,2025-04-19 17:02:13.396+03,887.600,887.600,
10017,15,10,2025-04-19 17:09:17.649+03,71.300,71.300,
10017,15,13,2025-04-19 17:20:16.743+03,325.900,325.900,
10017,16,1,2025-04-19 16:39:23.953+03,,,
10017,16,4,2025-04-19 16:46:52.5+03,16.900,16.900,
10017,16,7,2025-04-19 16:58:07.448+03,270.200,270.200,
10017,16,9,2025-04-19 17:02:18.546+03,23.000,23.000,
10017,16,11,2025-04-19 17:12:39.4+03,365.500,365.500,
10017,16,14,2025-04-19 17:19:10.609+03,19.900,19.900,
10017,17,1,2025-04-19 16:49:58.934+03,,,
10017,17,4,2025-04-19 17:02:49.537+03,430.600,430.600,
10017,17,7,2025-04-19 17:15:08.111+03,414.800,414.800,
10017,17,12,2025-04-19 17:27:16.37+03,151.600,151.600,
10017,18,1,2025-04-19 16:49:38.472+03,,,
10017,18,4,2025-04-19 16:59:21.163+03,242.900,242.900,
10017,18,7,2025-04-19 17:09:49.939+03,290.900,290.900,
10017,18,10,2025-04-19 17:16:20.921+03,22.600,22.600,
10017,18,12,2025-04-19 17:20:46.756+03,23.200,23.200,
10017,18,15,2025-04-19 17:29:42.614+03,192.900,192.900,
10017,19,1,2025-04-19 16:42:45.023+03,,,
10017,19,4,2025-04-19 16:48:50.831+03,23.300,23.300,
10017,19,7,2025-04-19 16:54:53.339+03,15.700,15.700,
10017,19,10,2025-04-19 17:10:09.961+03,587.900,587.900,
10017,19,13,2025-04-19 17:19:32.916+03,229.300,229.300,
10017,19,17,2025-04-19 17:29:23.314+03,150.500,150.500,
10017,20,1,2025-04-19 16:36:11.084+03,,,
10017,20,4,2025-04-19 16:43:22.983+03,49.400,49.400,
10017,20,7,2025-04-19 17:11:35.63+03,1347.100,1347.100,
10017,20,10,2025-04-19 17:19:37.228+03,91.100,91.100,
10017,20,13,2025-04-19 17:28:58.953+03,227.700,227.700,
10018,1,1,2025-04-19 20:03:28.543+03,,,
10018,1,4,2025-04-19 20:13:33.218+03,284.800,284.800,
10018,1,7,2025-04-19 20:27:01.849+03,472.500,472.500,
10018,1,10,2025-04-19 20:37:22.801+03,285.900,285.900,
10018,1,13,2025-04-19 20:49:26.269+03,409.700,409.700,
10018,1,14,2025-04-19 21:01:19.328+03,1123.000,1123.000,
10018,1,17,2025-04-19 21:06:43.867+03,24.100,24.100,
10018,2,1,2025-04-19 20:01:32.921+03,,,
10018,2,7,2025-04-19 20:28:04.985+03,930.300,930.300,
10018,2,10,2025-04-19 20:48:48.198+03,925.600,925.600,
10018,3,1,2025-04-19 20:00:41.732+03,,,
10018,3,4,2025-04-19 20:06:13.147+03,23.000,23.000,
10018,3,7,2025-04-19 20:15:08.728+03,211.700,211.700,
10018,4,1,2025-04-19 20:05:17.015+03,,,
10018,4,4,2025-04-19 20:13:29.28+03,172.800,172.800,
10018,4,7,2025-04-19 20:26:03.913+03,429.300,429.300,
10018,4,10,2025-04-19 20:35:43.351+03,245.800,245.800,
10018,5,1,2025-04-19 20:00:23.932+03,,,
10018,5,7,2025-04-19 20:13:23.5+03,135.100,135.100,
10018,6,1,2025-04-19 20:01:01.161+03,,,
10018,6,7,2025-04-19 20:14:25.046+03,157.800,157.800,
10018,6,10,2025-04-19 20:26:01.007+03,364.600,364.600,
10018,6,13,2025-04-19 20:36:46.254+03,315.000,315.000,
10018,6,16,2025-04-19 20:49:10.767+03,412.600,412.600,
10018,6,18,2025-04-19 21:01:08.374+03,1130.500,1130.500,
10018,6,20,2025-04-19 21:05:46.291+03,66.200,66.200,
10018,7,1,2025-04-19 20:04:30.602+03,,,
10018,7,4,2025-04-19 20:13:12.545+03,193.600,193.600,
10018,7,7,2025-04-19 20:26:38.266+03,484.200,484.200,
10018,7,10,2025-04-19 20:35:28.511+03,199.900,199.900,
10018,7,13,2025-04-19 20:48:21.957+03,446.200,446.200,
10018,7,15,2025-04-19 21:04:56.324+03,1440.500,1440.500,
10018,8,1,2025-04-19 20:01:08.488+03,,,
10018,8,4,2025-04-19 20:06:54.845+03,26.500,26.500,
10018,8,7,2025-04-19 20:14:35.14+03,135.900,135.900,
10018,8,9,2025-04-19 20:26:30.873+03,486.500,486.500,
10018,8,12,2025-04-19 20:36:55.847+03,295.600,295.600,
10018,9,1,2025-04-19 20:01:37.571+03,,,
10018,9,4,2025-04-19 20:08:17.954+03,58.900,58.900,
10018,9,7,2025-04-19 20:15:20.279+03,71.900,71.900,
10018,9,9,2025-04-19 20:27:17.829+03,489.800,489.800,
10018,9,12,2025-04-19 20:36:23.276+03,215.700,215.700,
10018,9,15,2025-04-19 20:48:33.33+03,395.600,395.600,
10018,9,17,2025-04-19 21:05:30.995+03,1413.300,1413.300,
10018,10,1,2025-04-19 20:01:13.425+03,,,
10018,10,4,2025-04-19 20:07:03.188+03,22.400,22.400,
10018,10,7,2025-04-19 20:14:51.032+03,147.200,147.200,
10018,11,1,2025-04-19 20:03:36.724+03,,,
10018,11,4,2025-04-19 20:13:55.063+03,278.700,278.700,
10018,11,7,2025-04-19 20:27:35.095+03,464.500,464.500,
10018,11,10,2025-04-19 20:37:11.426+03,240.500,240.500,
10018,11,13,2025-04-19 20:49:41.989+03,426.600,426.600,
10018,11,14,2025-04-19 21:05:09.619+03,1354.500,1354.500,
10018,12,1,2025-04-19 20:00:50.708+03,,,
10018,12,6,2025-04-19 20:10:59.764+03,92.500,92.500,
10018,12,9,2025-04-19 20:25:03.564+03,533.500,533.500,
10018,12,12,2025-04-19 20:32:34.012+03,135.500,135.500,
10018,13,1,2025-04-19 20:00:31.733+03,,,
10018,13,4,2025-04-19 20:07:00.443+03,62.600,62.600,
10018,13,7,2025-04-19 20:15:00.666+03,171.200,171.200,
10018,14,1,2025-04-19 20:05:53.678+03,,,
10018,14,4,2025-04-19 20:13:44.279+03,157.300,157.300,
10018,14,7,2025-04-19 20:27:12.07+03,465.600,465.600,
10018,14,9,2025-04-19 20:36:09.323+03,313.800,313.800,
10018,15,1,2025-04-19 20:00:04.534+03,,,
10018,15,4,2025-04-19 20:06:19.6+03,46.600,46.600,
10018,15,7,2025-04-19 20:13:48.161+03,133.500,133.500,
10018,16,1,2025-04-19 20:01:42.286+03,,,
10018,16,4,2025-04-19 20:08:08.532+03,36.300,36.300,
10018,16,7,2025-04-19 20:15:16.7+03,83.700,83.700,
10018,16,10,2025-04-19 20:27:25.126+03,392.800,392.800,
10018,16,13,2025-04-19 20:36:38.397+03,221.900,221.900,
10018,16,16,2025-04-19 20:48:58.174+03,410.800,410.800,
10018,16,18,2025-04-19 21:05:35.617+03,1408.500,1408.500,
10018,17,1,2025-04-19 20:00:56.176+03,,,
10018,17,7,2025-04-19 20:13:35.515+03,97.300,97.300,
10018,17,10,2025-04-19 20:26:06.757+03,411.800,411.800,
10018,17,13,2025-04-19 20:35:37.161+03,224.800,224.800,
10018,17,16,2025-04-19 20:48:25.891+03,431.400,431.400,
10018,17,18,2025-04-19 21:01:03.406+03,1188.700,1188.700,
10018,17,21,2025-04-19 21:06:48.117+03,29.000,29.000,
10018,18,1,2025-04-19 20:04:27.27+03,,,
10018,18,4,2025-04-19 20:15:46.623+03,352.600,352.600,
10018,18,6,2025-04-19 20:26:51.254+03,422.600,422.600,
10018,18,9,2025-04-19 20:35:26.212+03,190.600,190.600,
10018,18,12,2025-04-19 20:48:19.542+03,450.900,450.900,
10018,18,14,2025-04-19 21:04:53.602+03,1445.100,1445.100,
10018,19,1,2025-04-19 20:03:49.041+03,,,
10018,19,4,2025-04-19 20:12:44.497+03,200.400,200.400,
10018,19,7,2025-04-19 20:26:17.078+03,489.900,489.900,
10018,19,10,2025-04-19 20:35:34.281+03,218.300,218.300,
10018,19,13,2025-04-19 20:48:13.792+03,431.200,431.200,
10018,19,16,2025-04-19 21:06:07.32+03,1504.700,1504.700,
10018,20,1,2025-04-19 20:00:14.307+03,,,
10018,20,4,2025-04-19 20:06:37.778+03,56.500,56.500,
10018,20,7,2025-04-19 20:14:04.479+03,136.500,136.500,
10018,20,10,2025-04-19 20:25:46.695+03,345.200,345.200,
10018,20,13,2025-04-19 20:35:39.554+03,273.200,273.200,
10022,1,21,2025-04-20 20:40:15.987+03,26.030,26.030,8.300
10022,2,34,2025-04-20 21:00:38.881+03,20.427,20.427,2.600
10022,3,1,2025-04-20 20:06:46.504+03,21.854,21.854,3.400
10022,4,34,2025-04-20 21:01:14.102+03,20.827,20.827,3.100
10022,5,1,2025-04-20 20:06:43.644+03,20.571,20.571,2.500
10022,5,32,2025-04-20 20:58:38.095+03,21.521,21.521,3.600
10022,7,19,2025-04-20 20:37:20.145+03,20.399,20.399,2.300
10022,8,19,2025-04-20 20:37:38.585+03,21.891,21.891,3.900
10022,9,29,2025-04-20 20:52:49.74+03,20.131,20.131,2.000
10022,10,39,2025-04-20 21:09:33.789+03,20.487,20.487,2.500
10022,12,22,2025-04-20 20:42:19.024+03,22.135,22.135,5.000
10022,13,33,2025-04-20 21:00:03.353+03,20.441,20.441,2.300
10022,14,20,2025-04-20 20:39:10.227+03,20.534,20.534,2.500
10022,15,1,2025-04-20 20:06:45.644+03,21.512,21.512,3.100
10022,16,23,2025-04-20 20:43:43.458+03,20.144,20.144,2.100
10022,17,21,2025-04-20 20:40:41.796+03,24.148,24.148,6.400
10022,18,20,2025-04-20 20:38:45.26+03,20.329,20.329,2.400
10022,19,19,2025-04-20 20:37:06.014+03,21.388,21.388,3.400
10022,20,18,2025-04-20 20:36:05.973+03,22.095,22.095,4.200
10023,1,1,2025-05-02 19:31:13.622+03,,,
10023,1,6,2025-05-02 19:41:48.929+03,24.400,24.400,
10023,1,9,2025-05-02 20:00:30.457+03,806.300,806.300,
10023,1,18,2025-05-02 20:19:23.9+03,290.900,290.900,
10023,2,1,2025-05-02 19:31:59.842+03,,,
10023,2,2,2025-05-02 19:34:48.527+03,41.000,41.000,
10023,2,9,2025-05-02 19:56:26.864+03,524.000,524.000,
10023,2,19,2025-05-02 20:13:38.979+03,28.300,28.300,
10023,2,20,2025-05-02 20:22:16.438+03,424.800,424.800,
10023,3,1,2025-05-02 19:30:14.538+03,,,
10023,3,7,2025-05-02 19:54:13.053+03,765.900,765.900,
10023,3,10,2025-05-02 19:59:52.91+03,26.600,26.600,
10023,3,17,2025-05-02 20:21:51.962+03,667.900,667.900,
10023,4,1,2025-05-02 19:30:27.859+03,,,
10023,4,13,2025-05-02 19:57:32.809+03,250.100,250.100,
10023,4,21,2025-05-02 20:18:56.758+03,538.200,538.200,
10023,5,1,2025-05-02 19:31:06.808+03,,,
10023,5,13,2025-05-02 20:01:58.582+03,421.800,421.800,
10023,5,22,2025-05-02 20:24:37.379+03,499.100,499.100,
10023,6,1,2025-05-02 19:30:11.382+03,,,
10023,6,11,2025-05-02 19:58:33.848+03,528.000,528.000,
10023,6,22,2025-05-02 20:25:04.812+03,479.000,479.000,
10023,7,1,2025-05-02 19:31:52.646+03,,,
10023,7,4,2025-05-02 19:38:09.996+03,26.400,26.400,
10023,7,7,2025-05-02 19:44:27.866+03,28.600,28.600,
10023,7,10,2025-05-02 19:51:09.481+03,32.600,32.600,
10023,7,13,2025-05-02 20:01:44.736+03,309.100,309.100,
10023,8,1,2025-05-02 19:32:14.826+03,,,
10023,8,2,2025-05-02 19:34:51.102+03,30.500,30.500,
10023,8,3,2025-05-02 19:37:10.917+03,26.100,26.100,
10023,8,4,2025-05-02 19:39:48.047+03,46.600,46.600,
10023,8,9,2025-05-02 19:49:54.984+03,41.500,41.500,
10023,8,17,2025-05-02 20:04:11.77+03,56.500,56.500,
10023,8,19,2025-05-02 20:15:55.683+03,513.800,513.800,
10023,9,1,2025-05-02 19:30:20.572+03,,,
10023,9,11,2025-05-02 19:59:40.778+03,576.500,576.500,
10023,9,20,2025-05-02 20:20:17.551+03,353.500,353.500,
10023,10,1,2025-05-02 19:32:11.546+03,,,
10023,10,2,2025-05-02 19:34:33.857+03,24.200,24.200,
10023,10,3,2025-05-02 19:36:42.841+03,22.700,22.700,
10023,10,4,2025-05-02 19:39:16.558+03,42.900,42.900,
10023,10,9,2025-05-02 19:49:49.632+03,53.200,53.200,
10023,10,18,2025-05-02 20:17:42.708+03,751.400,751.400,
10023,11,1,2025-05-02 19:31:25.091+03,,,
10023,11,6,2025-05-02 19:42:05.93+03,26.100,26.100,
10023,11,9,2025-05-02 19:56:32.523+03,522.100,522.100,
10023,11,18,2025-05-02 20:18:22.152+03,467.000,467.000,
10023,11,21,2025-05-02 20:24:55.7+03,29.600,29.600,
10023,12,1,2025-05-02 19:30:23.613+03,,,
10023,12,6,2025-05-02 19:41:06.918+03,25.300,25.300,
10023,12,9,2025-05-02 19:47:23.967+03,26.400,26.400,
10023,12,12,2025-05-02 19:59:14.693+03,393.500,393.500,
10023,12,20,2025-05-02 20:11:50.374+03,22.300,22.300,
10023,12,21,2025-05-02 20:17:06.138+03,225.500,225.500,
10023,13,1,2025-05-02 19:32:06.343+03,,,
10023,13,5,2025-05-02 19:58:39.675+03,1101.600,1101.600,
10023,13,8,2025-05-02 20:13:37.712+03,548.800,548.800,
10023,13,11,2025-05-02 20:21:04.534+03,98.400,98.400,
10023,14,1,2025-05-02 19:30:46.192+03,,,
10023,14,11,2025-05-02 19:55:51.622+03,324.400,324.400,
10023,14,19,2025-05-02 20:18:39.063+03,623.100,623.100,
10023,15,1,2025-05-02 19:31:33.825+03,,,
10023,15,6,2025-05-02 19:42:11.064+03,33.900,33.900,
10023,15,9,2025-05-02 20:01:53.822+03,833.500,833.500,
10023,15,18,2025-05-02 20:22:26.059+03,307.900,307.900,
10023,16,1,2025-05-02 19:31:41.521+03,,,
10023,16,12,2025-05-02 20:04:33.267+03,575.300,575.300,
10023,16,19,2025-05-02 20:22:39.814+03,353.600,353.600,
10023,17,1,2025-05-02 19:30:22.128+03,,,
10023,17,6,2025-05-02 19:40:50.318+03,26.600,26.600,
10023,17,13,2025-05-02 19:59:20.787+03,314.800,314.800,
10023,17,21,2025-05-02 20:16:39.527+03,300.200,300.200,
10023,18,1,2025-05-02 19:32:59.416+03,,,
10023,18,9,2025-05-02 19:58:02.562+03,557.000,557.000,
10023,19,1,2025-05-02 19:30:04.979+03,,,
10023,19,9,2025-05-02 19:56:15.432+03,651.100,651.100,
10023,19,12,2025-05-02 20:02:05.524+03,24.300,24.300,
10023,19,20,2025-05-02 20:20:32.407+03,314.900,314.900,
10023,20,1,2025-05-02 19:30:32.979+03,,,
10023,20,4,2025-05-02 19:38:00.279+03,69.900,69.900,
10023,20,7,2025-05-02 19:44:45.506+03,43.900,43.900,
10023,20,10,2025-05-02 19:58:41.05+03,507.000,507.000,
10023,20,21,2025-05-02 20:22:19.46+03,391.200,391.200,
10024,1,1,2025-05-02 23:30:28.17+03,,,
10024,1,4,2025-05-02 23:40:04.609+03,254.900,254.900,
10024,1,5,2025-05-02 23:49:17.425+03,438.000,438.000,
10024,1,11,2025-05-03 00:06:03.324+03,368.000,368.000,
10024,2,1,2025-05-02 23:32:27.055+03,,,
10024,2,4,2025-05-02 23:38:12.148+03,24.200,24.200,
10024,2,6,2025-05-02 23:50:02.091+03,486.400,486.400,
10024,2,12,2025-05-03 00:11:23.799+03,624.900,624.900,
10024,3,1,2025-05-02 23:30:03.686+03,,,
10024,3,4,2025-05-02 23:38:38.975+03,199.500,199.500,
10024,4,1,2025-05-02 23:30:40.771+03,,,
10024,4,4,2025-05-02 23:38:48.736+03,156.100,156.100,
10024,4,7,2025-05-02 23:55:41.113+03,676.600,676.600,
10024,4,10,2025-05-03 00:12:01.312+03,625.400,625.400,
10024,5,1,2025-05-02 23:31:22.734+03,,,
10024,5,4,2025-05-02 23:40:20.905+03,213.000,213.000,
10024,6,1,2025-05-02 23:30:52.195+03,,,
10024,6,4,2025-05-02 23:39:38.705+03,190.800,190.800,
10024,6,7,2025-05-02 23:54:52.541+03,581.000,581.000,
10024,7,1,2025-05-02 23:33:24.679+03,,,
10024,7,7,2025-05-02 23:49:20.909+03,302.600,302.600,
10024,7,10,2025-05-02 23:56:24.832+03,98.200,98.200,
10024,7,13,2025-05-03 00:11:18.718+03,558.200,558.200,
10024,8,1,2025-05-02 23:31:35.7+03,,,
10024,8,4,2025-05-02 23:39:00.314+03,123.700,123.700,
10024,8,7,2025-05-02 23:49:10.413+03,275.900,275.900,
10024,8,8,2025-05-02 23:56:05.317+03,309.800,309.800,
10024,8,11,2025-05-03 00:11:09.75+03,565.100,565.100,
10024,9,1,2025-05-02 23:31:57.336+03,,,
10024,9,8,2025-05-02 23:50:24.78+03,349.000,349.000,
10024,9,14,2025-05-03 00:11:58.703+03,641.800,641.800,
10024,10,1,2025-05-02 23:31:29.582+03,,,
10024,10,4,2025-05-02 23:38:33.697+03,98.900,98.900,
10024,11,1,2025-05-02 23:30:16.432+03,,,
10024,11,4,2025-05-02 23:40:13.687+03,271.000,271.000,
10024,12,1,2025-05-02 23:30:44.537+03,,,
10024,12,4,2025-05-02 23:39:16.627+03,181.600,181.600,
10024,12,7,2025-05-02 23:49:28.303+03,269.000,269.000,
10024,12,10,2025-05-02 23:56:47.723+03,104.500,104.500,
10024,12,13,2025-05-03 00:11:02.002+03,533.900,533.900,
10024,13,1,2025-05-02 23:30:09.481+03,,,
10024,13,4,2025-05-02 23:38:37.572+03,189.100,189.100,
10024,13,7,2025-05-02 23:55:30.582+03,692.500,692.500,
10024,14,1,2025-05-02 23:31:07.181+03,,,
10024,14,4,2025-05-02 23:39:25.799+03,173.200,173.200,
10024,14,6,2025-05-02 23:56:34.499+03,801.100,801.100,
10024,15,1,2025-05-02 23:32:06.976+03,,,
10024,15,4,2025-05-02 23:39:48.143+03,126.200,126.200,
10024,15,7,2025-05-02 23:55:32.613+03,617.500,617.500,
10024,16,1,2025-05-02 23:31:51.678+03,,,
10024,16,7,2025-05-02 23:49:35.112+03,399.900,399.900,
10024,16,10,2025-05-02 23:56:42.017+03,70.600,70.600,
10024,16,13,2025-05-03 00:11:15.802+03,543.300,543.300,
10024,17,1,2025-05-02 23:30:30.781+03,,,
10024,17,4,2025-05-02 23:39:12.064+03,190.200,190.200,
10024,17,7,2025-05-02 23:56:21.754+03,693.800,693.800,
10024,18,1,2025-05-02 23:33:32.545+03,,,
10024,18,7,2025-05-02 23:49:24.052+03,267.100,267.100,
10024,18,10,2025-05-02 23:55:28.488+03,26.700,26.700,
10024,18,13,2025-05-03 00:06:12.883+03,315.900,315.900,
10024,19,1,2025-05-02 23:32:57.929+03,,,
10024,19,7,2025-05-02 23:50:13.954+03,383.000,383.000,
10024,19,10,2025-05-03 00:11:34.005+03,954.100,954.100,
10024,20,1,2025-05-02 23:32:04.289+03,,,
10024,20,4,2025-05-02 23:40:19.624+03,163.500,163.500,
10028,1,12,2025-05-03 19:51:44.168+03,25.804,25.804,5.400
10028,2,14,2025-05-03 19:54:59.318+03,23.433,23.433,3.700
10028,3,12,2025-05-03 19:52:19.456+03,25.777,25.777,3.200
10028,4,13,2025-05-03 19:53:49.657+03,22.870,22.870,2.800
10028,5,12,2025-05-03 19:52:21.439+03,31.771,31.771,7.800
10028,6,12,2025-05-03 19:52:10.353+03,23.232,23.232,2.800
10028,7,12,2025-05-03 19:51:41.578+03,18.400,18.400,
10028,7,13,2025-05-03 19:53:45.957+03,24.023,24.023,3.500
10028,8,13,2025-05-03 19:53:40.217+03,23.466,23.466,2.900
10028,10,11,2025-05-03 19:50:20.814+03,22.819,22.819,2.500
10028,11,10,2025-05-03 19:48:42.996+03,22.565,22.565,2.300
10028,12,12,2025-05-03 19:51:54.411+03,22.872,22.872,2.500
10028,13,12,2025-05-03 19:52:12.596+03,24.593,24.593,3.600
10028,14,12,2025-05-03 19:52:00.524+03,23.159,23.159,2.800
10028,15,13,2025-05-03 19:53:53.945+03,22.745,22.745,2.500
10028,16,11,2025-05-03 19:50:10.72+03,22.398,22.398,2.000
10028,17,11,2025-05-03 19:50:21.142+03,22.324,22.324,2.900
10028,18,13,2025-05-03 19:53:32.125+03,22.907,22.907,3.100
10028,19,13,2025-05-03 19:53:16.992+03,22.200,22.200,
10028,20,12,2025-05-03 19:52:05.695+03,22.546,22.546,2.600
10029,1,1,2025-05-03 23:16:38.637+03,,,
10029,1,4,2025-05-03 23:24:08.198+03,148.800,148.800,
10029,1,7,2025-05-03 23:40:03.435+03,630.000,630.000,
10029,1,10,2025-05-03 23:50:44.267+03,330.800,330.800,
10029,1,13,2025-05-04 00:03:25.411+03,448.200,448.200,
10029,1,16,2025-05-04 00:11:12.642+03,168.300,168.300,
10029,2,1,2025-05-03 23:17:09.648+03,,,
10029,2,4,2025-05-03 23:24:24.365+03,132.500,132.500,
10029,2,10,2025-05-03 23:41:40.63+03,377.900,377.900,
10029,2,13,2025-05-03 23:50:16.187+03,195.800,195.800,
10029,2,16,2025-05-04 00:03:42.693+03,474.400,474.400,
10029,2,19,2025-05-04 00:11:43.158+03,169.100,169.100,
10029,3,1,2025-05-03 23:15:03.976+03,,,
10029,3,4,2025-05-03 23:22:05.752+03,126.000,126.000,
10029,3,7,2025-05-03 23:29:57.135+03,160.800,160.800,
10029,3,10,2025-05-03 23:40:24.404+03,310.300,310.300,
10029,3,13,2025-05-03 23:50:06.543+03,263.100,263.100,
10029,4,1,2025-05-03 23:15:52.737+03,,,
10029,4,3,2025-05-03 23:21:13.702+03,103.000,103.000,
10029,4,6,2025-05-03 23:29:02.65+03,143.200,143.200,
10029,4,9,2025-05-03 23:40:57.186+03,380.500,380.500,
10029,4,11,2025-05-03 23:50:10.684+03,316.200,316.200,
10029,5,1,2025-05-03 23:15:29.209+03,,,
10029,5,4,2025-05-03 23:22:43.988+03,125.700,125.700,
10029,5,7,2025-05-03 23:29:50.759+03,106.900,106.900,
10029,5,10,2025-05-03 23:41:51.13+03,401.100,401.100,
10029,5,13,2025-05-03 23:51:25.976+03,255.700,255.700,
10029,6,1,2025-05-03 23:15:18.226+03,,,
10029,6,4,2025-05-03 23:21:03.311+03,32.300,32.300,
10029,6,7,2025-05-03 23:28:55.438+03,148.300,148.300,
10029,7,1,2025-05-03 23:17:24.806+03,,,
10029,7,3,2025-05-03 23:21:53.987+03,57.600,57.600,
10029,7,6,2025-05-03 23:27:57.164+03,29.300,29.300,
10029,7,9,2025-05-03 23:41:56.097+03,516.600,516.600,
10029,7,12,2025-05-03 23:50:37.587+03,200.000,200.000,
10029,7,15,2025-05-04 00:04:08.782+03,492.500,492.500,
10029,7,18,2025-05-04 00:12:08.783+03,164.300,164.300,
10029,8,1,2025-05-03 23:15:43.059+03,,,
10029,8,4,2025-05-03 23:21:36.565+03,41.600,41.600,
10029,8,7,2025-05-03 23:29:33.898+03,157.500,157.500,
10029,9,1,2025-05-03 23:17:17.369+03,,,
10029,9,4,2025-05-03 23:23:04.913+03,44.000,44.000,
10029,9,10,2025-05-03 23:40:19.201+03,378.400,378.400,
10029,9,13,2025-05-03 23:51:04.484+03,330.200,330.200,
10029,9,16,2025-05-04 00:03:15.089+03,415.100,415.100,
10029,9,18,2025-05-04 00:11:20.644+03,279.900,279.900,
10029,10,1,2025-05-03 23:15:35.549+03,,,
10029,10,4,2025-05-03 23:21:24.049+03,37.200,37.200,
10029,10,7,2025-05-03 23:29:12.826+03,152.100,152.100,
10029,11,1,2025-05-03 23:16:30.294+03,,,
10029,11,4,2025-05-03 23:22:56.804+03,83.300,83.300,
10029,11,7,2025-05-03 23:30:40.917+03,144.900,144.900,
10029,11,10,2025-05-03 23:40:08.779+03,238.900,238.900,
10029,11,13,2025-05-03 23:49:59.793+03,277.300,277.300,
10029,11,16,2025-05-04 00:03:11.158+03,477.900,477.900,
10029,11,19,2025-05-04 00:11:06.871+03,169.500,169.500,
10029,12,1,2025-05-03 23:15:46.871+03,,,
10029,12,4,2025-05-03 23:21:49.236+03,39.900,39.900,
10029,12,7,2025-05-03 23:29:39.498+03,135.700,135.700,
10029,12,10,2025-05-03 23:41:12.405+03,370.300,370.300,
10029,12,13,2025-05-03 23:51:49.41+03,319.300,319.300,
10029,12,15,2025-05-04 00:04:05.428+03,511.300,511.300,
10029,12,18,2025-05-04 00:12:04.165+03,170.100,170.100,
10029,13,1,2025-05-03 23:15:12.085+03,,,
10029,13,4,2025-05-03 23:22:31.487+03,142.300,142.300,
10029,13,7,2025-05-03 23:30:19.479+03,163.500,163.500,
10029,14,1,2025-05-03 23:16:12.462+03,,,
10029,14,3,2025-05-03 23:22:13.049+03,155.600,155.600,
10029,14,6,2025-05-03 23:29:24.615+03,115.400,115.400,
10029,14,9,2025-05-03 23:41:05.242+03,377.500,377.500,
10029,14,12,2025-05-03 23:51:35.612+03,316.600,316.600,
10029,15,1,2025-05-03 23:16:24.585+03,,,
10029,15,4,2025-05-03 23:22:51.837+03,84.800,84.800,
10029,15,7,2025-05-03 23:30:23.541+03,144.300,144.300,
10029,15,10,2025-05-03 23:40:13.576+03,268.100,268.100,
10029,15,13,2025-05-03 23:50:03.684+03,275.200,275.200,
10029,15,16,2025-05-04 00:03:04.783+03,462.500,462.500,
10029,15,19,2025-05-04 00:11:15.049+03,181.300,181.300,
10029,16,1,2025-05-03 23:16:48.041+03,,,
10029,16,4,2025-05-03 23:23:15.013+03,84.800,84.800,
10029,16,7,2025-05-03 23:30:30.651+03,107.000,107.000,
10029,16,10,2025-05-03 23:40:47.245+03,281.100,281.100,
10029,16,13,2025-05-03 23:50:53.908+03,301.100,301.100,
10029,17,1,2025-05-03 23:15:38.765+03,,,
10029,17,4,2025-05-03 23:21:43.955+03,46.500,46.500,
10029,17,7,2025-05-03 23:30:27.104+03,207.200,207.200,
10029,17,9,2025-05-03 23:40:36.561+03,370.800,370.800,
10029,17,12,2025-05-03 23:51:08.834+03,309.600,309.600,
10029,17,15,2025-05-04 00:04:01.454+03,452.200,452.200,
10029,17,18,2025-05-04 00:12:02.335+03,171.300,171.300,
10029,18,1,2025-05-03 23:17:31.744+03,,,
10029,18,3,2025-05-03 23:22:38.815+03,91.100,91.100,
10029,18,6,2025-05-03 23:28:24.502+03,23.500,23.500,
10029,18,9,2025-05-03 23:42:04.563+03,508.300,508.300,
10029,18,12,2025-05-03 23:51:15.821+03,236.500,236.500,
10029,18,15,2025-05-04 00:04:20.422+03,459.200,459.200,
10029,18,18,2025-05-04 00:12:34.407+03,178.400,178.400,
10029,19,1,2025-05-03 23:16:55.399+03,,,
10029,19,4,2025-05-03 23:24:14.675+03,127.000,127.000,
10029,19,8,2025-05-03 23:41:23.721+03,562.300,562.300,
10029,19,11,2025-05-04 00:03:36.768+03,1003.500,1003.500,
10029,19,14,2025-05-04 00:11:52.753+03,182.200,182.200,
10029,20,1,2025-05-03 23:16:20.706+03,,,
10029,20,7,2025-05-03 23:28:36.814+03,98.700,98.700,
10033,1,26,2025-05-04 23:45:11.303+03,22.501,22.501,2.700
10033,2,29,2025-05-04 23:50:02.131+03,22.044,22.044,2.300
10033,3,19,2025-05-04 23:34:44.021+03,22.188,22.188,2.200
10033,4,22,2025-05-04 23:39:20.295+03,22.115,22.115,2.300
10033,6,32,2025-05-04 23:55:38.007+03,22.060,22.060,2.300
10033,7,25,2025-05-04 23:43:43.128+03,24.383,24.383,4.400
10033,8,28,2025-05-04 23:49:02.324+03,23.602,23.602,3.600
10033,9,29,2025-05-04 23:50:32.175+03,22.183,22.183,2.300
10033,10,20,2025-05-04 23:36:21.748+03,22.317,22.317,2.500
10033,11,27,2025-05-04 23:46:56.575+03,22.560,22.560,2.300
10033,12,26,2025-05-04 23:45:15.024+03,21.906,21.906,2.500
10033,13,36,2025-05-05 00:02:11.272+03,22.108,22.108,2.500
10033,14,28,2025-05-04 23:49:36.837+03,22.439,22.439,2.500
10033,15,23,2025-05-04 23:40:53.467+03,23.162,23.162,3.000
10033,16,28,2025-05-04 23:48:37.887+03,23.104,23.104,3.400
10033,17,25,2025-05-04 23:43:47.326+03,22.415,22.415,2.900
10033,18,29,2025-05-04 23:50:24.094+03,24.257,24.257,4.500
10033,19,29,2025-05-04 23:49:50.673+03,22.106,22.106,2.200
11227,1,1,2026-03-06 03:30:29.695+02,,,
11227,1,11,2026-03-06 03:49:36.915+02,30.200,30.200,
11227,1,14,2026-03-06 04:02:52.383+02,515.400,515.400,
11227,1,17,2026-03-06 04:08:10.059+02,21.100,21.100,
11227,1,20,2026-03-06 04:21:28.67+02,512.400,512.400,
11227,2,1,2026-03-06 03:31:54.173+02,,,
11227,2,3,2026-03-06 03:44:43.024+02,527.100,527.100,
11227,2,4,2026-03-06 03:51:47.929+02,318.700,318.700,
11227,3,1,2026-03-06 03:31:40.555+02,,,
11227,3,2,2026-03-06 03:42:14.509+02,493.400,493.400,
11227,3,9,2026-03-06 03:54:16.169+02,25.200,25.200,
11227,3,12,2026-03-06 04:08:53.629+02,579.000,579.000,
11227,3,17,2026-03-06 04:21:52.596+02,293.300,293.300,
11227,3,18,2026-03-06 04:23:54.321+02,14.500,14.500,
11227,4,1,2026-03-06 03:30:33.669+02,,,
11227,4,10,2026-03-06 03:48:18.438+02,23.900,23.900,
11227,4,13,2026-03-06 04:03:25.506+02,596.200,596.200,
11227,4,16,2026-03-06 04:09:15.333+02,25.600,25.600,
11227,4,18,2026-03-06 04:23:39.152+02,611.500,611.500,
11227,6,1,2026-03-06 03:32:21.342+02,,,
11227,6,12,2026-03-06 03:52:29.006+02,53.600,53.600,
11227,6,14,2026-03-06 04:05:26.486+02,568.800,568.800,
11227,7,1,2026-03-06 03:30:23.822+02,,,
11227,7,2,2026-03-06 03:34:20.958+02,27.900,27.900,
11227,7,10,2026-03-06 03:48:34.553+02,13.700,13.700,
11227,7,11,2026-03-06 04:04:20.202+02,787.800,787.800,
11227,7,15,2026-03-06 04:16:46.924+02,346.600,346.600,
11227,7,22,2026-03-06 04:28:45.751+02,25.600,25.600,
11227,9,1,2026-03-06 03:30:45.204+02,,,
11227,9,17,2026-03-06 04:05:17.188+02,480.400,480.400,
11227,9,20,2026-03-06 04:10:29.954+02,25.100,25.100,
11227,9,25,2026-03-06 04:19:29.318+02,14.300,14.300,
11227,10,1,2026-03-06 03:31:16.622+02,,,
11227,12,1,2026-03-06 03:30:51.521+02,,,
11227,12,19,2026-03-06 04:07:58.703+02,374.600,374.600,
11227,13,1,2026-03-06 03:30:03.217+02,,,
11227,13,3,2026-03-06 03:45:38.161+02,714.300,714.300,
11227,13,11,2026-03-06 04:05:08.97+02,380.700,380.700,
11227,13,16,2026-03-06 04:23:10.54+02,609.000,609.000,
11227,13,17,2026-03-06 04:25:22.747+02,16.100,16.100,
11227,13,18,2026-03-06 04:27:25.871+02,16.500,16.500,
11227,13,19,2026-03-06 04:29:30.973+02,17.400,17.400,
11227,14,1,2026-03-06 03:30:42.015+02,,,
11227,14,14,2026-03-06 04:01:33.385+02,510.900,510.900,
11227,14,22,2026-03-06 04:21:41.165+02,472.700,472.700,
11227,15,1,2026-03-06 03:30:08.644+02,,,
11227,15,4,2026-03-06 03:37:37.549+02,129.900,129.900,
11227,15,19,2026-03-06 04:10:45.501+02,526.900,526.900,
11227,15,22,2026-03-06 04:22:47.762+02,427.800,427.800,
11227,15,25,2026-03-06 04:27:48.641+02,14.400,14.400,
11227,16,1,2026-03-06 03:30:23.124+02,,,
11227,16,17,2026-03-06 04:05:35.485+02,496.700,496.700,
11227,16,25,2026-03-06 04:24:35.286+02,298.600,298.600,
11227,17,1,2026-03-06 03:30:54.861+02,,,
11227,17,2,2026-03-06 03:41:38.764+02,514.900,514.900,
11227,17,16,2026-03-06 04:08:33.258+02,277.900,277.900,
11227,17,22,2026-03-06 04:20:15.895+02,107.600,107.600,
11227,18,1,2026-03-06 03:31:41.158+02,,,
11227,18,11,2026-03-06 03:49:27.547+02,48.300,48.300,
11227,18,12,2026-03-06 03:57:40.393+02,391.800,391.800,
11227,18,15,2026-03-06 04:03:29.656+02,22.200,22.200,
11227,18,18,2026-03-06 04:18:31.489+02,613.400,613.400,
11227,18,24,2026-03-06 04:28:34.52+02,20.400,20.400,
11227,19,1,2026-03-06 03:31:05.8+02,,,
11227,19,4,2026-03-06 03:50:08.515+02,723.900,723.900,
11227,19,9,2026-03-06 04:04:59.868+02,408.500,408.500,
11227,19,14,2026-03-06 04:21:32.076+02,503.700,503.700,
11227,20,1,2026-03-06 03:30:16.828+02,,,
11227,20,17,2026-03-06 04:10:48.939+02,750.100,750.100,
11227,20,20,2026-03-06 04:22:51.247+02,399.700,399.700,
11227,27,1,2026-03-06 03:34:43.918+02,,,
11227,27,6,2026-03-06 04:02:24.515+02,1121.900,1121.900,
11227,27,9,2026-03-06 04:13:38.107+02,377.300,377.300,
11227,27,13,2026-03-06 04:20:59.949+02,14.800,14.800,
11227,28,1,2026-03-06 03:31:00.215+02,,,
11227,28,2,2026-03-06 03:55:46.648+02,,,
11227,28,13,2026-03-06 04:16:41.041+02,199.000,199.000,
11227,29,1,2026-03-06 03:31:29.927+02,,,
11227,29,7,2026-03-06 03:49:10.721+02,384.000,384.000,
11227,29,12,2026-03-06 04:02:34.68+02,352.300,352.300,
11227,29,19,2026-03-06 04:21:44.685+02,393.900,393.900,
11227,30,1,2026-03-06 03:44:17.095+02,,,
11227,30,5,2026-03-06 03:52:21.182+02,66.700,66.700,
11227,30,10,2026-03-06 04:07:23.747+02,410.900,410.900,
11228,1,1,2026-03-06 07:25:54.065+02,,,
11228,1,6,2026-03-06 07:34:14.078+02,19.900,19.900,
11228,1,9,2026-03-06 07:45:12.417+02,391.100,391.100,
11228,2,1,2026-03-06 07:00:12.151+02,,,
11228,2,5,2026-03-06 07:14:40.165+02,429.700,429.700,
11228,2,11,2026-03-06 07:23:46.117+02,22.100,22.100,
11228,2,14,2026-03-06 07:39:38.606+02,676.100,676.100,
11228,3,1,2026-03-06 07:01:12.634+02,,,
11228,3,6,2026-03-06 07:10:45.551+02,27.500,27.500,
11228,3,9,2026-03-06 07:23:37.76+02,477.900,477.900,
11228,3,16,2026-03-06 07:42:27.356+02,394.500,394.500,
11228,3,17,2026-03-06 07:45:09.235+02,51.500,51.500,
11228,3,26,2026-03-06 07:59:02.686+02,20.400,20.400,
11228,4,1,2026-03-06 07:01:49.364+02,,,
11228,4,10,2026-03-06 07:26:33.604+02,466.600,466.600,
11228,4,16,2026-03-06 07:43:57.565+02,390.200,390.200,
11228,6,1,2026-03-06 07:00:12.265+02,,,
11228,6,12,2026-03-06 07:33:38.091+02,871.700,871.700,
11228,7,1,2026-03-06 07:01:11.93+02,,,
11228,7,8,2026-03-06 07:16:56.418+02,249.600,249.600,
11228,7,11,2026-03-06 07:22:13.283+02,22.700,22.700,
11228,7,14,2026-03-06 07:33:13.794+02,368.100,368.100,
11228,7,29,2026-03-06 07:58:31.777+02,202.600,202.600,
11228,8,1,2026-03-06 07:14:15.883+02,,,
11228,8,3,2026-03-06 07:29:38.988+02,701.400,701.400,
11228,8,10,2026-03-06 07:48:27.2+02,438.800,438.800,
11228,8,13,2026-03-06 07:54:00.751+02,12.700,12.700,
11228,9,1,2026-03-06 07:01:27.256+02,,,
11228,9,11,2026-03-06 07:23:34.753+02,332.400,332.400,
11228,9,16,2026-03-06 07:32:18.966+02,15.500,15.500,
11228,9,21,2026-03-06 07:47:47.502+02,405.900,405.900,
11228,9,26,2026-03-06 07:56:03.924+02,19.000,19.000,
11228,10,1,2026-03-06 07:03:29.372+02,,,
11228,10,3,2026-03-06 07:19:28.236+02,739.300,739.300,
11228,10,11,2026-03-06 07:43:04.295+02,500.700,500.700,
11228,12,1,2026-03-06 07:01:02.443+02,,,
11228,12,12,2026-03-06 07:23:53.441+02,274.400,274.400,
11228,12,20,2026-03-06 07:43:27.044+02,344.400,344.400,
11228,12,24,2026-03-06 07:50:11.995+02,25.700,25.700,
11228,12,30,2026-03-06 07:59:42.971+02,23.100,23.100,
11228,13,1,2026-03-06 07:00:02.044+02,,,
11228,13,11,2026-03-06 07:22:34.196+02,383.200,383.200,
11228,13,20,2026-03-06 07:41:48.495+02,299.100,299.100,
11228,13,30,2026-03-06 07:56:51.774+02,18.900,18.900,
11228,14,1,2026-03-06 07:02:16.309+02,,,
11228,14,9,2026-03-06 07:22:06.355+02,357.100,357.100,
11228,14,15,2026-03-06 07:41:01.415+02,534.200,534.200,
11228,14,16,2026-03-06 07:42:55.542+02,18.900,18.900,
11228,15,1,2026-03-06 07:00:46.615+02,,,
11228,15,11,2026-03-06 07:23:24.574+02,347.100,347.100,
11228,15,14,2026-03-06 07:28:34.171+02,14.000,14.000,
11228,15,17,2026-03-06 07:41:53.464+02,489.700,489.700,
11228,15,18,2026-03-06 07:44:21.93+02,15.200,15.200,
11228,15,25,2026-03-06 07:56:02.551+02,28.700,28.700,
11228,16,1,2026-03-06 07:00:05.531+02,,,
11228,16,14,2026-03-06 07:26:50.302+02,289.800,289.800,
11228,16,18,2026-03-06 07:34:05.353+02,24.100,24.100,
11228,16,23,2026-03-06 07:48:53.216+02,368.400,368.400,
11228,17,1,2026-03-06 07:02:28.156+02,,,
11228,17,4,2026-03-06 07:07:46.351+02,26.300,26.300,
11228,18,1,2026-03-06 07:02:22.948+02,,,
11228,18,6,2026-03-06 07:15:21.144+02,292.500,292.500,
11228,18,10,2026-03-06 07:22:58.346+02,14.000,14.000,
11228,18,13,2026-03-06 07:36:02.962+02,422.900,422.900,
11228,18,26,2026-03-06 07:58:39.687+02,230.400,230.400,
11228,19,1,2026-03-06 07:01:24.399+02,,,
11228,19,11,2026-03-06 07:32:35.434+02,857.000,857.000,
11228,19,14,2026-03-06 07:44:59.68+02,459.600,459.600,
11228,19,23,2026-03-06 07:58:31.69+02,19.800,19.800,
11228,20,1,2026-03-06 07:00:54.996+02,,,
11228,20,11,2026-03-06 07:23:31.818+02,327.700,327.700,
11228,20,16,2026-03-06 07:38:12.985+02,361.400,361.400,
11228,20,17,2026-03-06 07:41:06.584+02,43.300,43.300,
11228,27,1,2026-03-06 07:50:19.084+02,,,
11228,28,1,2026-03-06 07:01:19.683+02,,,
11228,28,5,2026-03-06 07:08:14.372+02,15.200,15.200,
11228,28,6,2026-03-06 07:10:37.746+02,13.700,13.700,
11228,28,7,2026-03-06 07:12:56.282+02,13.600,13.600,
11228,28,8,2026-03-06 07:20:58.217+02,346.900,346.900,
11228,28,16,2026-03-06 07:40:28.336+02,358.600,358.600,
11228,29,1,2026-03-06 07:00:19.471+02,,,
11228,29,11,2026-03-06 07:28:39.747+02,567.900,567.900,
11228,29,17,2026-03-06 07:46:00.931+02,380.600,380.600,
11228,30,1,2026-03-06 07:06:18.862+02,,,
11228,30,8,2026-03-06 07:24:08.619+02,338.400,338.400,
11228,30,14,2026-03-06 07:41:12.887+02,413.000,413.000,
11229,1,1,2026-03-07 04:11:21.739+02,,,
11229,1,4,2026-03-07 04:16:42.181+02,22.600,22.600,
11229,1,12,2026-03-07 04:47:37.361+02,1156.200,1156.200,
11229,2,1,2026-03-07 03:54:50.513+02,,,
11229,2,6,2026-03-07 04:11:03.44+02,,,
11229,2,18,2026-03-07 04:46:03.801+02,926.100,926.100,
11229,3,1,2026-03-07 03:52:40.458+02,,,
11229,3,7,2026-03-07 04:12:32.352+02,,,
11229,3,13,2026-03-07 04:35:28.696+02,783.200,783.200,
11229,3,15,2026-03-07 04:46:37.823+02,1452.400,1452.400,
11229,4,1,2026-03-07 04:11:33.056+02,,,
11229,4,12,2026-03-07 04:47:34.439+02,1129.700,1129.700,
11229,6,1,2026-03-07 03:51:00.469+02,,,
11229,6,9,2026-03-07 04:13:12.364+02,,,
11229,6,20,2026-03-07 04:30:09.774+02,21.000,21.000,
11229,6,21,2026-03-07 04:36:47.391+02,306.300,306.300,
11229,6,22,2026-03-07 04:46:27.804+02,886.300,886.300,
11229,7,1,2026-03-07 03:57:31.403+02,,,
11229,7,5,2026-03-07 04:11:38.894+02,,,
11229,7,8,2026-03-07 04:17:03.384+02,24.200,24.200,
11229,7,17,2026-03-07 04:35:05.632+02,311.700,311.700,
11229,8,1,2026-03-07 03:51:12.516+02,,,
11229,8,6,2026-03-07 04:03:06.403+02,239.500,239.500,
11229,8,7,2026-03-07 04:12:46.471+02,819.500,819.500,
11229,8,12,2026-03-07 04:24:46.371+02,233.600,233.600,
11229,8,17,2026-03-07 04:47:43.72+02,911.200,911.200,
11229,9,1,2026-03-07 03:57:33.653+02,,,
11229,9,5,2026-03-07 04:11:29.255+02,,,
11229,9,10,2026-03-07 04:20:18.188+02,28.600,28.600,
11229,9,16,2026-03-07 04:46:11.41+02,965.800,965.800,
11229,12,1,2026-03-07 04:12:21.08+02,,,
11229,12,13,2026-03-07 04:46:13.739+02,832.500,832.500,
11229,13,1,2026-03-07 03:52:38.407+02,,,
11229,13,8,2026-03-07 04:13:49.793+02,,,
11229,13,12,2026-03-07 04:20:29.188+02,23.700,23.700,
11229,13,15,2026-03-07 04:31:18.719+02,354.400,354.400,
11229,13,19,2026-03-07 04:46:59.807+02,1295.300,1295.300,
11229,14,1,2026-03-07 04:12:09.408+02,,,
11229,14,10,2026-03-07 04:27:14.662+02,17.300,17.300,
11229,14,11,2026-03-07 04:35:50.048+02,386.500,386.500,
11229,14,12,2026-03-07 04:47:55.918+02,1112.300,1112.300,
11229,15,1,2026-03-07 03:55:12.795+02,,,
11229,15,6,2026-03-07 04:12:34.059+02,,,
11229,15,13,2026-03-07 04:35:21.557+02,683.000,683.000,
11229,15,15,2026-03-07 04:46:18.926+02,1340.100,1340.100,
11229,16,1,2026-03-07 03:50:30.806+02,,,
11229,16,9,2026-03-07 04:12:52.386+02,,,
11229,16,19,2026-03-07 04:47:02.182+02,1031.900,1031.900,
11229,17,1,2026-03-07 03:56:32.333+02,,,
11229,18,1,2026-03-07 03:58:16.875+02,,,
11229,18,4,2026-03-07 04:11:12.011+02,,,
11229,18,8,2026-03-07 04:17:58.275+02,21.300,21.300,
11229,18,17,2026-03-07 04:34:52.318+02,244.000,244.000,
11229,18,19,2026-03-07 04:46:08.348+02,920.000,920.000,
11229,19,1,2026-03-07 04:11:07.279+02,,,
11229,19,13,2026-03-07 04:30:27.258+02,17.300,17.300,
11229,19,14,2026-03-07 04:46:33.589+02,853.800,853.800,
11229,20,1,2026-03-07 03:55:18.435+02,,,
11229,20,4,2026-03-07 04:12:36.364+02,739.800,739.800,
11229,20,11,2026-03-07 04:25:42.149+02,30.300,30.300,
11229,20,13,2026-03-07 04:29:45.524+02,14.900,14.900,
11229,20,14,2026-03-07 04:35:57.642+02,263.100,263.100,
11229,20,15,2026-03-07 04:47:49.551+02,974.900,974.900,
11229,27,1,2026-03-07 03:50:23.885+02,,,
11229,27,6,2026-03-07 04:12:24.236+02,794.500,794.500,
11229,27,18,2026-03-07 04:47:51.869+02,1011.000,1011.000,
11229,28,1,2026-03-07 04:11:56.346+02,,,
11229,28,9,2026-03-07 04:25:12.768+02,14.700,14.700,
11229,28,10,2026-03-07 04:35:13.17+02,481.800,481.800,
11229,28,12,2026-03-07 04:47:08.073+02,1196.300,1196.300,
11229,29,1,2026-03-07 03:50:05.215+02,,,
11229,29,9,2026-03-07 04:12:28.466+02,,,
11229,29,11,2026-03-07 04:16:23.587+02,42.700,42.700,
11229,29,18,2026-03-07 04:35:42.908+02,446.900,446.900,
11229,29,19,2026-03-07 04:47:29.448+02,1153.400,1153.400,
11229,30,1,2026-03-07 04:12:01.413+02,,,
11229,30,6,2026-03-07 04:20:53.582+02,24.600,24.600,
11229,30,9,2026-03-07 04:47:14.104+02,1272.500,1272.500,
11230,1,1,2026-03-07 07:08:31.873+02,,,
11230,2,1,2026-03-07 07:01:31.875+02,,,
11230,2,7,2026-03-07 07:19:05.865+02,,,
11230,2,12,2026-03-07 07:34:30.992+02,432.600,432.600,
11230,2,16,2026-03-07 07:43:41.087+02,169.000,169.000,
11230,2,19,2026-03-07 08:00:25.315+02,723.700,723.700,
11230,2,21,2026-03-07 08:10:50.683+02,1348.900,1348.900,
11230,2,24,2026-03-07 08:16:54.84+02,85.400,85.400,
11230,3,1,2026-03-07 07:00:36.32+02,,,
11230,3,7,2026-03-07 07:35:24.629+02,1512.900,1512.900,
11230,3,11,2026-03-07 07:44:01.619+02,133.300,133.300,
11230,4,1,2026-03-07 07:04:36.518+02,,,
11230,4,4,2026-03-07 07:22:45.412+02,795.600,795.600,
11230,4,7,2026-03-07 07:36:44.289+02,540.100,540.100,
11230,4,10,2026-03-07 07:45:42.533+02,251.600,251.600,
11230,4,13,2026-03-07 08:01:37.065+02,668.800,668.800,
11230,4,14,2026-03-07 08:10:14.479+02,1186.100,1186.100,
11230,4,17,2026-03-07 08:16:48.403+02,118.200,118.200,
11230,6,1,2026-03-07 07:00:43.617+02,,,
11230,6,7,2026-03-07 07:22:34.515+02,,,
11230,6,11,2026-03-07 07:34:59.691+02,349.500,349.500,
11230,6,15,2026-03-07 07:44:36.946+02,192.200,192.200,
11230,7,1,2026-03-07 07:20:25.318+02,,,
11230,7,6,2026-03-07 07:35:38.384+02,444.600,444.600,
11230,7,9,2026-03-07 07:43:15.664+02,167.300,167.300,
11230,7,12,2026-03-07 07:59:49.346+02,709.300,709.300,
11230,7,14,2026-03-07 08:10:03.636+02,1323.300,1323.300,
11230,7,16,2026-03-07 08:15:37.196+02,139.000,139.000,
11230,8,1,2026-03-07 07:01:07.086+02,,,
11230,8,6,2026-03-07 07:20:07.952+02,659.700,659.700,
11230,9,1,2026-03-07 07:03:56.609+02,,,
11230,9,6,2026-03-07 07:20:33.255+02,,,
11230,9,8,2026-03-07 07:34:07.572+02,613.000,613.000,
11230,9,14,2026-03-07 07:45:21.236+02,120.500,120.500,
11230,9,17,2026-03-07 07:59:35.143+02,589.100,589.100,
11230,9,19,2026-03-07 08:10:29.546+02,1243.500,1243.500,
11230,9,22,2026-03-07 08:16:43.012+02,96.000,96.000,
11230,12,1,2026-03-07 07:00:07.445+02,,,
11230,12,6,2026-03-07 07:09:18.578+02,69.200,69.200,
11230,12,7,2026-03-07 07:19:54.274+02,704.900,704.900,
11230,12,12,2026-03-07 07:34:23.206+02,391.200,391.200,
11230,12,15,2026-03-07 07:39:35.56+02,21.800,21.800,
11230,12,18,2026-03-07 07:45:31.346+02,80.000,80.000,
11230,13,1,2026-03-07 07:00:03.148+02,,,
11230,13,7,2026-03-07 07:20:43.18+02,679.500,679.500,
11230,13,11,2026-03-07 07:35:47.797+02,521.900,521.900,
11230,13,14,2026-03-07 07:42:40.221+02,126.200,126.200,
11230,14,1,2026-03-07 07:00:59.195+02,,,
11230,14,6,2026-03-07 07:19:17.972+02,596.700,596.700,
11230,14,11,2026-03-07 07:34:46.953+02,450.900,450.900,
11230,14,15,2026-03-07 07:44:14.235+02,183.900,183.900,
11230,14,19,2026-03-07 07:59:09.486+02,473.500,473.500,
11230,14,21,2026-03-07 08:15:54.384+02,1478.400,1478.400,
11230,15,1,2026-03-07 07:00:11.976+02,,,
11230,15,6,2026-03-07 07:19:36.221+02,678.000,678.000,
11230,15,11,2026-03-07 07:34:12.092+02,391.000,391.000,
11230,15,15,2026-03-07 07:43:45.883+02,192.800,192.800,
11230,16,1,2026-03-07 07:01:59.97+02,,,
11230,16,7,2026-03-07 07:20:14.391+02,,,
11230,16,10,2026-03-07 07:34:03.513+02,550.200,550.200,
11230,16,14,2026-03-07 07:43:11.34+02,164.400,164.400,
11230,16,18,2026-03-07 07:59:28.58+02,600.700,600.700,
11230,16,20,2026-03-07 08:10:41.002+02,1273.000,1273.000,
11230,16,23,2026-03-07 08:17:07.247+02,109.700,109.700,
11230,18,1,2026-03-07 07:03:47.76+02,,,
11230,18,4,2026-03-07 07:09:00.765+02,17.100,17.100,
11230,18,5,2026-03-07 07:19:30.986+02,647.200,647.200,
11230,18,9,2026-03-07 07:35:55.232+02,604.800,604.800,
11230,18,12,2026-03-07 07:43:22.884+02,158.800,158.800,
11230,18,15,2026-03-07 07:59:55.596+02,712.800,712.800,
11230,18,17,2026-03-07 08:10:09.714+02,1326.900,1326.900,
11230,18,20,2026-03-07 08:16:04.965+02,83.400,83.400,
11230,19,1,2026-03-07 07:01:42.073+02,,,
11230,19,7,2026-03-07 07:19:25.187+02,,,
11230,19,11,2026-03-07 07:35:17.828+02,578.500,578.500,
11230,19,15,2026-03-07 07:43:31.931+02,110.100,110.100,
11230,19,18,2026-03-07 07:59:04.185+02,655.100,655.100,
11230,19,21,2026-03-07 08:10:20.026+02,1330.900,1330.900,
11230,19,24,2026-03-07 08:16:35.45+02,98.600,98.600,
11230,20,1,2026-03-07 07:00:16.21+02,,,
11230,20,6,2026-03-07 07:19:45.538+02,681.900,681.900,
11230,20,11,2026-03-07 07:34:16.557+02,389.100,389.100,
11230,20,15,2026-03-07 07:43:51.18+02,194.900,194.900,
11230,27,1,2026-03-07 07:01:18.748+02,,,
11230,27,4,2026-03-07 07:09:08.703+02,174.400,174.400,
11230,27,5,2026-03-07 07:23:22.103+02,1027.800,1027.800,
11230,28,1,2026-03-07 07:00:50.226+02,,,
11230,28,7,2026-03-07 07:19:09.633+02,,,
11230,28,12,2026-03-07 07:34:37.254+02,446.700,446.700,
11230,28,16,2026-03-07 07:44:19.005+02,195.400,195.400,
11230,28,20,2026-03-07 07:59:14.783+02,474.000,474.000,
11230,28,22,2026-03-07 08:15:46.805+02,1466.100,1466.100,
11230,29,1,2026-03-07 07:00:25.789+02,,,
11230,29,7,2026-03-07 07:22:39.334+02,738.100,738.100,
11230,29,11,2026-03-07 07:35:09.241+02,357.400,357.400,
11230,29,15,2026-03-07 07:44:07.849+02,150.800,150.800,
11230,30,1,2026-03-07 07:01:25.889+02,,,
11230,30,4,2026-03-07 07:08:24.046+02,127.400,127.400,
11230,30,6,2026-03-07 07:23:17.572+02,1021.000,1021.000,
11234,1,18,2026-03-08 06:31:12.593+02,19.070,19.070,
11234,1,41,2026-03-08 07:03:56.712+02,18.000,18.000,
11234,2,11,2026-03-08 06:19:40.861+02,18.200,18.200,
11234,2,34,2026-03-08 06:54:07.06+02,17.600,17.600,
11234,3,18,2026-03-08 06:53:09.209+02,22.619,22.619,5.200
11234,3,33,2026-03-08 06:52:53.935+02,22.600,22.600,
11234,6,11,2026-03-08 06:19:46.65+02,18.600,18.600,
11234,7,12,2026-03-08 06:22:00.272+02,20.985,20.985,2.500
11234,8,11,2026-03-08 06:20:48.545+02,25.895,25.895,10.000
11234,8,13,2026-03-08 06:40:09.04+02,972.300,972.300,
11234,9,18,2026-03-08 06:40:49.682+02,17.664,17.664,2.200
11234,9,25,2026-03-08 06:40:48.354+02,17.600,17.600,
11234,10,11,2026-03-08 06:20:37.821+02,36.686,36.686,16.900
11234,10,18,2026-03-08 06:44:40.626+02,33.182,33.182,16.400
11234,10,26,2026-03-08 06:44:26.7+02,33.100,33.100,
11234,10,34,2026-03-08 07:14:27.249+02,1081.500,1081.500,
11234,10,39,2026-03-08 07:22:06.866+02,22.400,22.400,
11234,10,46,2026-03-08 07:22:16.614+02,22.469,22.469,5.600
11234,12,12,2026-03-08 06:22:01.303+02,18.118,18.118,2.700
11234,12,33,2026-03-08 06:53:24.013+02,18.404,18.404,2.500
11234,14,11,2026-03-08 06:20:02.746+02,19.100,19.100,
11234,14,33,2026-03-08 06:54:27.845+02,18.190,18.190,2.800
11234,15,11,2026-03-08 06:19:45.997+02,18.500,18.500,
11234,16,18,2026-03-08 06:45:19.036+02,17.741,17.741,2.300
11234,16,28,2026-03-08 06:45:03.94+02,17.700,17.700,
11234,17,11,2026-03-08 06:19:56.659+02,19.800,19.800,
11234,17,33,2026-03-08 06:54:41.807+02,25.939,25.939,8.000
11234,17,45,2026-03-08 07:11:24.061+02,34.615,34.615,19.800
11234,18,12,2026-03-08 06:21:15.981+02,17.794,17.794,2.300
11234,20,18,2026-03-08 06:30:50.106+02,18.774,18.774,3.300
11234,27,18,2026-03-08 06:31:56.62+02,21.371,21.371,5.500
11234,27,43,2026-03-08 07:09:13.75+02,18.951,18.951,3.200
11234,28,18,2026-03-08 06:31:07.099+02,18.506,18.506,2.400
11234,29,9,2026-03-08 06:17:09.48+02,27.700,27.700,
11234,29,46,2026-03-08 07:12:34.739+02,18.561,18.561,2.900
11234,30,12,2026-03-08 06:23:57.952+02,30.387,30.387,12.500
11235,1,1,2026-03-13 05:31:10.019+02,,,
11235,1,8,2026-03-13 06:00:53.617+02,986.300,986.300,
11235,1,17,2026-03-13 06:20:49.554+02,290.100,290.100,
11235,2,1,2026-03-13 05:30:53.291+02,,,
11235,2,5,2026-03-13 05:38:55.413+02,28.400,28.400,
11235,2,14,2026-03-13 06:03:46.775+02,448.000,448.000,
11235,2,21,2026-03-13 06:19:43.714+02,260.200,260.200,
11235,3,1,2026-03-13 05:31:39.434+02,,,
11235,3,10,2026-03-13 05:59:44.117+02,601.500,601.500,
11235,3,19,2026-03-13 06:21:11.372+02,335.600,335.600,
11235,4,1,2026-03-13 05:31:19.466+02,,,
11235,4,8,2026-03-13 05:56:22.142+02,648.400,648.400,
11235,4,20,2026-03-13 06:23:28.499+02,408.000,408.000,
11235,6,1,2026-03-13 05:30:13.166+02,,,
11235,6,12,2026-03-13 06:00:35.023+02,524.300,524.300,
11235,6,20,2026-03-13 06:18:39.545+02,286.300,286.300,
11235,6,25,2026-03-13 06:28:40.405+02,34.700,34.700,
11235,7,1,2026-03-13 05:30:19.791+02,,,
11235,7,9,2026-03-13 05:53:03.368+02,408.600,408.600,
11235,7,20,2026-03-13 06:15:01.219+02,249.000,249.000,
11235,7,27,2026-03-13 06:29:52.197+02,122.800,122.800,
11235,8,1,2026-03-13 05:30:37.106+02,,,
11235,8,3,2026-03-13 05:48:02.428+02,806.500,806.500,
11235,8,9,2026-03-13 06:09:22.782+02,630.900,630.900,
11235,8,13,2026-03-13 06:22:53.491+02,380.100,380.100,
11235,9,1,2026-03-13 05:31:26.38+02,,,
11235,9,13,2026-03-13 05:55:29.217+02,38.300,38.300,
11235,9,18,2026-03-13 06:15:43.373+02,726.600,726.600,
11235,9,22,2026-03-13 06:23:44.974+02,45.700,45.700,
11235,10,1,2026-03-13 05:31:22.791+02,,,
11235,10,5,2026-03-13 05:49:06.736+02,579.700,579.700,
11235,10,10,2026-03-13 06:05:53.194+02,416.800,416.800,
11235,10,15,2026-03-13 06:22:13.371+02,399.900,399.900,
11235,12,1,2026-03-13 05:31:04.054+02,,,
11235,12,13,2026-03-13 05:55:10.795+02,46.600,46.600,
11235,12,14,2026-03-13 05:57:55.448+02,43.600,43.600,
11235,12,22,2026-03-13 06:18:33.642+02,426.800,426.800,
11235,13,1,2026-03-13 05:30:16.556+02,,,
11235,13,7,2026-03-13 05:48:09.428+02,389.100,389.100,
11235,13,9,2026-03-13 05:57:39.964+02,352.000,352.000,
11235,13,12,2026-03-13 06:03:19.121+02,28.300,28.300,
11235,13,18,2026-03-13 06:18:27.607+02,299.000,299.000,
11235,14,1,2026-03-13 05:31:31.465+02,,,
11235,14,12,2026-03-13 05:58:33.985+02,334.700,334.700,
11235,14,21,2026-03-13 06:18:25.74+02,292.400,292.400,
11235,14,26,2026-03-13 06:28:30.533+02,76.800,76.800,
11235,15,1,2026-03-13 05:30:05.431+02,,,
11235,15,5,2026-03-13 05:43:24.245+02,339.400,339.400,
11235,15,6,2026-03-13 05:48:06.319+02,143.400,143.400,
11235,15,11,2026-03-13 06:00:25.008+02,197.300,197.300,
11235,15,17,2026-03-13 06:19:50.746+02,539.700,539.700,
11235,15,20,2026-03-13 06:25:48.715+02,19.400,19.400,
11235,16,1,2026-03-13 05:30:46.036+02,,,
11235,16,8,2026-03-13 05:54:29.307+02,540.600,540.600,
11235,16,15,2026-03-13 06:09:34.139+02,46.300,46.300,
11235,16,23,2026-03-13 06:29:31.978+02,354.500,354.500,
11235,17,1,2026-03-13 05:31:24.593+02,,,
11235,17,2,2026-03-13 06:06:39.576+02,1994.400,1994.400,
11235,17,10,2026-03-13 06:21:07.336+02,25.100,25.100,
11235,18,1,2026-03-13 05:30:10.056+02,,,
11235,18,9,2026-03-13 05:52:29.032+02,430.600,430.600,
11235,18,20,2026-03-13 06:14:37.308+02,250.400,250.400,
11235,18,26,2026-03-13 06:29:40.384+02,267.600,267.600,
11235,19,1,2026-03-13 05:30:58.378+02,,,
11235,19,6,2026-03-13 05:51:35.92+02,628.100,628.100,
11235,19,10,2026-03-13 05:59:27.617+02,24.600,24.600,
11235,19,20,2026-03-13 06:20:18.089+02,240.000,240.000,
11235,20,1,2026-03-13 05:30:08.494+02,,,
11235,20,9,2026-03-13 05:54:21.073+02,487.700,487.700,
11235,20,19,2026-03-13 06:11:55.418+02,47.400,47.400,
11235,20,20,2026-03-13 06:18:36.886+02,292.400,292.400,
11235,27,1,2026-03-13 05:31:53.504+02,,,
11235,27,9,2026-03-13 06:01:43.133+02,825.700,825.700,
11235,28,1,2026-03-13 05:31:36.091+02,,,
11235,29,1,2026-03-13 05:30:30.452+02,,,
11235,29,12,2026-03-13 06:01:31.805+02,546.500,546.500,
11235,29,20,2026-03-13 06:23:18.008+02,492.900,492.900,
11235,30,1,2026-03-13 05:31:28.04+02,,,
11235,30,9,2026-03-13 06:02:09.356+02,863.800,863.800,
11235,30,18,2026-03-13 06:21:26.648+02,228.700,228.700,
11236,1,1,2026-03-13 09:30:17.746+02,,,
11236,1,8,2026-03-13 09:50:11.096+02,424.700,424.700,
11236,1,13,2026-03-13 10:06:42.755+02,439.300,439.300,
11236,2,1,2026-03-13 09:31:44.586+02,,,
11236,2,5,2026-03-13 09:49:24.141+02,622.000,622.000,
11236,2,11,2026-03-13 10:10:59.315+02,639.500,639.500,
11236,3,1,2026-03-13 09:30:31.427+02,,,
11236,3,9,2026-03-13 09:49:31.792+02,271.400,271.400,
11236,4,1,2026-03-13 09:30:10.065+02,,,
11236,4,8,2026-03-13 09:49:57.351+02,417.200,417.200,
11236,4,13,2026-03-13 10:11:14.754+02,726.600,726.600,
11236,6,1,2026-03-13 09:32:58.933+02,,,
11236,6,7,2026-03-13 09:49:41.071+02,333.700,333.700,
11236,6,13,2026-03-13 10:10:51.003+02,590.800,590.800,
11236,7,1,2026-03-13 09:33:37.702+02,,,
11236,7,4,2026-03-13 09:51:10.872+02,713.100,713.100,
11236,7,9,2026-03-13 10:06:28.551+02,367.100,367.100,
11236,8,1,2026-03-13 09:34:23.758+02,,,
11236,9,1,2026-03-13 09:31:02.441+02,,,
11236,9,8,2026-03-13 09:50:44.679+02,407.300,407.300,
11236,9,11,2026-03-13 09:58:44.003+02,156.100,156.100,
11236,9,12,2026-03-13 10:06:48.641+02,371.500,371.500,
11236,10,1,2026-03-13 09:30:43.255+02,,,
11236,12,1,2026-03-13 09:33:27.139+02,,,
11236,13,1,2026-03-13 09:30:25.659+02,,,
11236,13,9,2026-03-13 09:49:16.001+02,270.000,270.000,
11236,14,1,2026-03-13 09:30:53.261+02,,,
11236,14,8,2026-03-13 09:50:26.648+02,407.600,407.600,
11236,15,1,2026-03-13 09:30:35.833+02,,,
11236,15,8,2026-03-13 09:50:32.151+02,420.300,420.300,
11236,16,1,2026-03-13 09:31:23.968+02,,,
11236,16,6,2026-03-13 09:50:54.102+02,603.500,603.500,
11236,16,11,2026-03-13 10:06:57.481+02,409.100,409.100,
11236,17,1,2026-03-13 09:33:17.842+02,,,
11236,18,1,2026-03-13 09:33:46.124+02,,,
11236,18,4,2026-03-13 09:51:24.233+02,727.500,727.500,
11236,18,9,2026-03-13 10:06:37.08+02,355.200,355.200,
11236,19,1,2026-03-13 09:31:29.351+02,,,
11236,19,5,2026-03-13 09:49:17.94+02,619.400,619.400,
11236,19,11,2026-03-13 10:11:05.44+02,649.500,649.500,
11236,20,1,2026-03-13 09:30:39.895+02,,,
11236,20,8,2026-03-13 09:49:36.675+02,363.600,363.600,
11236,20,14,2026-03-13 10:11:01.128+02,621.700,621.700,
11236,28,1,2026-03-13 09:30:57.493+02,,,
11236,28,8,2026-03-13 09:50:19.243+02,396.300,396.300,
11236,29,1,2026-03-13 09:33:00.841+02,,,
11236,29,7,2026-03-13 09:49:49.349+02,340.700,340.700,
11236,30,1,2026-03-13 09:30:03.471+02,,,
11240,1,13,2026-03-14 05:26:18.339+02,24.100,24.100,
11240,2,13,2026-03-14 05:25:43.698+02,22.529,22.529,2.400
11240,4,13,2026-03-14 05:26:27.213+02,31.170,31.170,5.500
11240,7,13,2026-03-14 05:25:51.182+02,33.682,33.682,13.700
11240,9,13,2026-03-14 05:25:41.542+02,23.200,23.200,2.800
11240,10,13,2026-03-14 05:26:33.855+02,23.059,23.059,2.700
11240,12,13,2026-03-14 05:26:23.218+02,24.340,24.340,4.300
11240,16,13,2026-03-14 05:25:47.088+02,27.854,27.854,2.700
11240,18,13,2026-03-14 05:25:32.321+02,23.373,23.373,3.500
11240,19,13,2026-03-14 05:25:51.495+02,23.514,23.514,2.700
11240,27,13,2026-03-14 05:26:42.81+02,25.793,25.793,5.000
11240,29,13,2026-03-14 05:26:21.813+02,23.554,23.554,2.800
11241,1,1,2026-03-14 09:01:24.902+02,,,
11241,1,6,2026-03-14 09:14:14.152+02,223.600,223.600,
11241,1,9,2026-03-14 09:26:02.969+02,376.400,376.400,
11241,1,12,2026-03-14 09:35:43.677+02,258.400,258.400,
11241,1,15,2026-03-14 09:49:16.12+02,482.500,482.500,
11241,1,18,2026-03-14 09:56:59.66+02,146.300,146.300,
11241,2,1,2026-03-14 09:02:10.543+02,,,
11241,2,4,2026-03-14 09:09:33.845+02,111.800,111.800,
11241,2,7,2026-03-14 09:25:49.826+02,656.000,656.000,
11241,2,10,2026-03-14 09:33:42.307+02,150.300,150.300,
11241,2,15,2026-03-14 09:48:53.356+02,373.500,373.500,
11241,2,18,2026-03-14 09:56:07.161+02,115.500,115.500,
11241,3,1,2026-03-14 09:00:34.149+02,,,
11241,3,2,2026-03-14 09:02:58.618+02,27.900,27.900,
11241,3,7,2026-03-14 09:14:59.605+02,166.200,166.200,
11241,3,10,2026-03-14 09:27:14.105+02,392.300,392.300,
11241,3,13,2026-03-14 09:35:58.932+02,209.100,209.100,
11241,4,1,2026-03-14 09:01:17.588+02,,,
11241,4,6,2026-03-14 09:14:10.492+02,229.500,229.500,
11241,4,9,2026-03-14 09:25:44.272+02,359.300,359.300,
11241,4,12,2026-03-14 09:35:38.654+02,274.700,274.700,
11241,4,15,2026-03-14 09:49:04.224+02,482.200,482.200,
11241,4,18,2026-03-14 09:56:55.909+02,143.800,143.800,
11241,6,1,2026-03-14 09:01:46.622+02,,,
11241,6,4,2026-03-14 09:09:10.874+02,114.900,114.900,
11241,6,10,2026-03-14 09:28:04.803+02,474.400,474.400,
11241,6,13,2026-03-14 09:36:49.274+02,199.300,199.300,
11241,6,16,2026-03-14 09:48:47.773+02,390.500,390.500,
11241,6,19,2026-03-14 09:56:31.395+02,142.500,142.500,
11241,7,1,2026-03-14 09:06:20.855+02,,,
11241,7,4,2026-03-14 09:25:03.799+02,798.000,798.000,
11241,7,7,2026-03-14 09:35:25.46+02,282.100,282.100,
11241,7,10,2026-03-14 09:47:02.986+02,373.500,373.500,
11241,7,13,2026-03-14 09:55:59.926+02,235.500,235.500,
11241,8,1,2026-03-14 09:00:58.178+02,,,
11241,8,4,2026-03-14 09:06:57.946+02,31.300,31.300,
11241,8,7,2026-03-14 09:14:44.54+02,142.500,142.500,
11241,9,1,2026-03-14 09:01:30.572+02,,,
11241,9,5,2026-03-14 09:09:42.202+02,62.100,62.100,
11241,9,8,2026-03-14 09:25:15.808+02,613.300,613.300,
11241,9,11,2026-03-14 09:33:25.473+02,171.100,171.100,
11241,9,15,2026-03-14 09:47:12.92+02,395.200,395.200,
11241,9,18,2026-03-14 09:56:11.067+02,222.100,222.100,
11241,10,1,2026-03-14 09:00:44.614+02,,,
11241,10,4,2026-03-14 09:06:45.014+02,23.800,23.800,
11241,10,7,2026-03-14 09:14:27.258+02,129.600,129.600,
11241,12,1,2026-03-14 09:00:10.709+02,,,
11241,12,5,2026-03-14 09:07:55.772+02,30.800,30.800,
11241,12,8,2026-03-14 09:13:52.679+02,41.500,41.500,
11241,13,1,2026-03-14 09:00:26.683+02,,,
11241,13,2,2026-03-14 09:02:45.139+02,25.800,25.800,
11241,13,7,2026-03-14 09:26:30.706+02,884.000,884.000,
11241,13,10,2026-03-14 09:35:21.28+02,224.200,224.200,
11241,14,1,2026-03-14 09:01:06.411+02,,,
11241,14,4,2026-03-14 09:08:53.016+02,141.300,141.300,
11241,14,10,2026-03-14 09:28:36.152+02,547.200,547.200,
11241,14,13,2026-03-14 09:36:13.573+02,140.200,140.200,
11241,15,1,2026-03-14 09:01:52.528+02,,,
11241,15,4,2026-03-14 09:10:41.773+02,202.700,202.700,
11241,15,9,2026-03-14 09:26:33.685+02,400.600,400.600,
11241,15,12,2026-03-14 09:36:21.276+02,257.100,257.100,
11241,16,1,2026-03-14 09:01:40.934+02,,,
11241,16,4,2026-03-14 09:07:59.553+02,53.600,53.600,
11241,16,7,2026-03-14 09:25:26.288+02,706.800,706.800,
11241,16,10,2026-03-14 09:33:33.163+02,166.200,166.200,
11241,16,14,2026-03-14 09:47:22.073+02,393.900,393.900,
11241,16,17,2026-03-14 09:56:19.176+02,219.300,219.300,
11241,17,1,2026-03-14 09:00:15.351+02,,,
11241,17,5,2026-03-14 09:08:08.522+02,29.800,29.800,
11241,17,8,2026-03-14 09:14:18.787+02,37.000,37.000,
11241,18,1,2026-03-14 09:06:37.63+02,,,
11241,18,4,2026-03-14 09:25:09.789+02,780.400,780.400,
11241,18,7,2026-03-14 09:35:35.534+02,311.500,311.500,
11241,18,10,2026-03-14 09:47:07.057+02,359.600,359.600,
11241,18,11,2026-03-14 09:57:53.956+02,409.700,409.700,
11241,19,1,2026-03-14 09:02:23.106+02,,,
11241,19,4,2026-03-14 09:10:03.185+02,126.500,126.500,
11241,19,7,2026-03-14 09:25:54.631+02,621.000,621.000,
11241,19,10,2026-03-14 09:33:20.892+02,118.900,118.900,
11241,19,15,2026-03-14 09:48:57.291+02,396.800,396.800,
11241,19,18,2026-03-14 09:56:44.376+02,139.300,139.300,
11241,20,1,2026-03-14 09:01:56.793+02,,,
11241,20,4,2026-03-14 09:10:45.039+02,205.300,205.300,
11241,20,9,2026-03-14 09:26:36.917+02,396.900,396.900,
11241,20,12,2026-03-14 09:36:31.792+02,265.400,265.400,
11241,20,14,2026-03-14 09:47:36.941+02,451.700,451.700,
11241,20,17,2026-03-14 09:56:37.077+02,216.800,216.800,
11241,27,1,2026-03-14 09:04:18.64+02,,,
11241,27,4,2026-03-14 09:15:06.769+02,330.700,330.700,
11241,28,1,2026-03-14 09:00:41.785+02,,,
11241,28,7,2026-03-14 09:14:22.706+02,164.000,164.000,
11241,28,10,2026-03-14 09:27:21.161+02,427.500,427.500,
11241,28,13,2026-03-14 09:36:06.383+02,199.100,199.100,
11241,29,1,2026-03-14 09:00:04.115+02,,,
11241,29,4,2026-03-14 09:05:58.914+02,30.200,30.200,
11241,29,7,2026-03-14 09:14:50.355+02,217.600,217.600,
11241,29,10,2026-03-14 09:28:06.876+02,459.600,459.600,
11241,29,13,2026-03-14 09:36:52.326+02,199.200,199.200,
11241,30,1,2026-03-14 09:00:02.678+02,,,
11241,30,4,2026-03-14 09:08:11.537+02,168.900,168.900,
11241,30,7,2026-03-14 09:15:34.597+02,107.400,107.400,
11245,1,9,2026-03-15 09:19:31.88+02,23.678,23.678,3.400
11245,4,1,2026-03-15 09:06:25.125+02,23.062,23.062,2.700
11245,4,10,2026-03-15 09:22:06.849+02,25.748,25.748,5.700
11245,6,10,2026-03-15 09:21:06.329+02,23.539,23.539,2.800
11245,7,10,2026-03-15 09:20:48.777+02,23.005,23.005,2.900
11245,8,31,2026-03-15 09:58:53.861+02,23.291,23.291,2.800
11245,9,10,2026-03-15 09:21:02.954+02,25.633,25.633,3.500
11245,13,35,2026-03-15 10:05:10.947+02,37.358,37.358,16.100
11245,14,9,2026-03-15 09:19:30.772+02,22.721,22.721,2.500
11245,15,29,2026-03-15 09:55:08.164+02,25.997,25.997,5.700
11245,15,46,2026-03-15 10:23:53.817+02,47.067,47.067,26.900
11245,16,10,2026-03-15 09:20:56.799+02,22.433,22.433,2.400
11245,17,9,2026-03-15 09:19:34.317+02,23.106,23.106,3.100
11245,18,10,2026-03-15 09:20:56.454+02,23.390,23.390,3.200
11245,20,10,2026-03-15 09:21:23.314+02,22.967,22.967,
11245,27,11,2026-03-15 09:24:08.63+02,26.213,26.213,5.500
11245,28,42,2026-03-15 10:16:43.743+02,23.290,23.290,2.900
11245,29,32,2026-03-15 09:59:58.613+02,23.195,23.195,2.600
11245,30,10,2026-03-15 09:21:49.224+02,27.795,27.795,7.400
11246,1,1,2026-03-27 04:31:57.583+02,,,
11246,1,6,2026-03-27 04:41:37.113+02,42.700,42.700,
11246,1,9,2026-03-27 04:56:32.37+02,585.800,585.800,
11246,1,12,2026-03-27 05:02:27.868+02,41.200,41.200,
11246,1,15,2026-03-27 05:13:14.344+02,340.400,340.400,
11246,2,1,2026-03-27 04:30:30.421+02,,,
11246,2,2,2026-03-27 04:51:42.651+02,1132.600,1132.600,
11246,2,12,2026-03-27 05:17:50.218+02,464.100,464.100,
11246,3,1,2026-03-27 04:30:05.496+02,,,
11246,3,2,2026-03-27 04:34:01.457+02,79.200,79.200,
11246,3,3,2026-03-27 04:43:12.976+02,428.000,428.000,
11246,3,13,2026-03-27 05:08:25.244+02,444.000,444.000,
11246,4,1,2026-03-27 04:31:46.581+02,,,
11246,4,9,2026-03-27 04:47:46.326+02,39.000,39.000,
11246,4,11,2026-03-27 04:58:17.671+02,421.700,421.700,
11246,4,16,2026-03-27 05:14:21.524+02,417.000,417.000,
11246,4,22,2026-03-27 05:24:58.401+02,39.600,39.600,
11246,6,1,2026-03-27 04:31:13.202+02,,,
11246,6,6,2026-03-27 04:41:05.416+02,28.500,28.500,
11246,6,11,2026-03-27 05:00:29.363+02,617.700,617.700,
11246,6,14,2026-03-27 05:06:44.898+02,36.300,36.300,
11246,6,18,2026-03-27 05:20:42.904+02,385.200,385.200,
11246,7,1,2026-03-27 04:30:14.706+02,,,
11246,7,10,2026-03-27 04:52:35.28+02,315.400,315.400,
11246,7,16,2026-03-27 05:11:04.705+02,440.900,440.900,
11246,7,24,2026-03-27 05:28:54.348+02,295.500,295.500,
11246,9,1,2026-03-27 04:30:20.159+02,,,
11246,9,9,2026-03-27 04:52:44.766+02,474.700,474.700,
11246,9,10,2026-03-27 04:54:55.308+02,21.800,21.800,
11246,9,11,2026-03-27 05:02:45.385+02,351.100,351.100,
11246,9,19,2026-03-27 05:22:51.644+02,315.000,315.000,
11246,10,1,2026-03-27 04:30:40.055+02,,,
11246,10,4,2026-03-27 04:47:39.936+02,656.800,656.800,
11246,10,12,2026-03-27 05:10:26.543+02,429.200,429.200,
11246,10,16,2026-03-27 05:22:17.973+02,278.500,278.500,
11246,12,1,2026-03-27 04:31:22.871+02,,,
11246,12,2,2026-03-27 04:42:48.556+02,565.300,565.300,
11246,12,14,2026-03-27 05:11:23.907+02,405.400,405.400,
11246,12,19,2026-03-27 05:21:23.25+02,36.900,36.900,
11246,12,20,2026-03-27 05:29:32.483+02,375.800,375.800,
11246,13,1,2026-03-27 04:30:02.353+02,,,
11246,13,2,2026-03-27 04:35:57.941+02,237.900,237.900,
11246,13,9,2026-03-27 04:55:48.066+02,420.700,420.700,
11246,13,14,2026-03-27 05:06:08.795+02,72.400,72.400,
11246,13,18,2026-03-27 05:18:59.71+02,329.700,329.700,
11246,14,1,2026-03-27 04:31:24.24+02,,,
11246,14,7,2026-03-27 04:42:38.805+02,32.000,32.000,
11246,14,12,2026-03-27 04:58:27.509+02,426.400,426.400,
11246,14,20,2026-03-27 05:21:17.641+02,485.400,485.400,
11246,15,1,2026-03-27 04:30:27.409+02,,,
11246,15,2,2026-03-27 04:42:18.548+02,536.400,536.400,
11246,15,11,2026-03-27 05:07:21.724+02,549.500,549.500,
11246,15,14,2026-03-27 05:13:46.087+02,52.700,52.700,
11246,15,17,2026-03-27 05:23:02.585+02,217.800,217.800,
11246,16,1,2026-03-27 04:30:09.41+02,,,
11246,16,10,2026-03-27 04:51:37.766+02,303.200,303.200,
11246,16,11,2026-03-27 04:53:43.253+02,22.500,22.500,
11246,16,12,2026-03-27 05:06:52.522+02,675.500,675.500,
11246,16,19,2026-03-27 05:26:16.938+02,296.200,296.200,
11246,17,1,2026-03-27 04:31:21.187+02,,,
11246,17,10,2026-03-27 05:02:13.897+02,845.700,845.700,
11246,17,20,2026-03-27 05:22:00.46+02,45.000,45.000,
11246,18,1,2026-03-27 04:30:10.714+02,,,
11246,18,2,2026-03-27 04:32:29.225+02,20.600,20.600,
11246,18,9,2026-03-27 04:52:04.311+02,391.000,391.000,
11246,18,16,2026-03-27 05:10:32.019+02,312.900,312.900,
11246,18,25,2026-03-27 05:29:59.94+02,284.700,284.700,
11246,19,1,2026-03-27 04:31:12.403+02,,,
11246,19,6,2026-03-27 04:41:07.428+02,25.600,25.600,
11246,19,11,2026-03-27 05:06:15.037+02,961.400,961.400,
11246,19,17,2026-03-27 05:22:17.163+02,303.900,303.900,
11246,20,1,2026-03-27 04:30:22.138+02,,,
11246,20,6,2026-03-27 04:43:23.082+02,214.100,214.100,
11246,20,11,2026-03-27 04:59:28.737+02,404.100,404.100,
11246,20,17,2026-03-27 05:16:17.798+02,280.200,280.200,
11246,27,1,2026-03-27 04:30:31.959+02,,,
11246,27,6,2026-03-27 04:40:23.099+02,32.300,32.300,
11246,27,9,2026-03-27 04:57:47.721+02,714.700,714.700,
11246,27,14,2026-03-27 05:14:29.667+02,458.900,458.900,
11246,28,1,2026-03-27 04:30:42.145+02,,,
11246,28,7,2026-03-27 04:42:00.21+02,31.900,31.900,
11246,28,12,2026-03-27 04:51:21.275+02,30.700,30.700,
11246,28,14,2026-03-27 04:58:39.007+02,234.700,234.700,
11246,28,23,2026-03-27 05:21:41.303+02,351.800,351.800,
11246,28,24,2026-03-27 05:23:45.694+02,25.100,25.100,
11246,29,1,2026-03-27 04:30:36.503+02,,,
11246,29,5,2026-03-27 04:48:18.186+02,595.100,595.100,
11246,29,11,2026-03-27 05:08:11.711+02,608.400,608.400,
11246,30,1,2026-03-27 04:30:38.104+02,,,
11246,30,10,2026-03-27 05:02:24.023+02,895.100,895.100,
11246,30,17,2026-03-27 05:20:42.688+02,288.500,288.500,
11246,31,1,2026-03-27 04:30:16.959+02,,,
11246,31,3,2026-03-27 04:35:06.87+02,44.400,44.400,
11246,31,5,2026-03-27 05:00:18.202+02,1289.800,1289.800,
11247,1,1,2026-03-27 08:00:45.371+02,,,
11247,1,5,2026-03-27 08:09:15.613+02,44.700,44.700,
11247,1,9,2026-03-27 08:25:27.544+02,511.600,511.600,
11247,1,12,2026-03-27 08:36:23.761+02,344.200,344.200,
11247,2,1,2026-03-27 08:22:56.466+02,,,
11247,2,3,2026-03-27 08:31:23.936+02,299.600,299.600,
11247,2,9,2026-03-27 08:49:48.857+02,453.000,453.000,
11247,3,1,2026-03-27 08:00:35.572+02,,,
11247,3,3,2026-03-27 08:49:05.909+02,2662.300,2662.300,
11247,3,5,2026-03-27 08:53:24.104+02,35.600,35.600,
11247,4,1,2026-03-27 08:00:41.516+02,,,
11247,4,7,2026-03-27 08:12:55.249+02,28.400,28.400,
11247,4,10,2026-03-27 08:25:36.137+02,439.500,439.500,
11247,4,13,2026-03-27 08:31:36.742+02,33.800,33.800,
11247,4,16,2026-03-27 08:43:07.133+02,370.000,370.000,
11247,6,1,2026-03-27 08:01:22.99+02,,,
11247,6,11,2026-03-27 08:27:45.911+02,457.500,457.500,
11247,6,17,2026-03-27 08:43:48.279+02,299.900,299.900,
11247,7,1,2026-03-27 08:00:13.052+02,,,
11247,7,2,2026-03-27 08:03:08.935+02,19.200,19.200,
11247,7,9,2026-03-27 08:22:44.601+02,322.500,322.500,
11247,7,12,2026-03-27 08:29:04.417+02,54.400,54.400,
11247,7,15,2026-03-27 08:39:24.472+02,303.400,303.400,
11247,7,25,2026-03-27 08:59:26.523+02,217.600,217.600,
11247,8,1,2026-03-27 08:00:26.184+02,,,
11247,8,5,2026-03-27 08:09:08.5+02,30.200,30.200,
11247,8,10,2026-03-27 08:24:22.039+02,377.500,377.500,
11247,8,13,2026-03-27 08:35:54.067+02,379.800,379.800,
11247,8,18,2026-03-27 08:51:27.359+02,410.400,410.400,
11247,9,1,2026-03-27 08:03:38.216+02,,,
11247,9,8,2026-03-27 08:22:24.434+02,344.000,344.000,
11247,9,15,2026-03-27 08:36:00.794+02,30.100,30.100,
11247,9,17,2026-03-27 08:45:58.163+02,384.600,384.600,
11247,10,1,2026-03-27 08:03:13.842+02,,,
11247,10,8,2026-03-27 08:21:05.025+02,282.200,282.200,
11247,10,11,2026-03-27 08:40:44.401+02,867.600,867.600,
11247,10,14,2026-03-27 08:46:45.428+02,17.800,17.800,
11247,10,17,2026-03-27 08:56:33.912+02,249.800,249.800,
11247,12,1,2026-03-27 08:01:22.322+02,,,
11247,12,11,2026-03-27 08:25:42.262+02,298.800,298.800,
11247,12,16,2026-03-27 08:40:53.741+02,340.300,340.300,
11247,12,27,2026-03-27 08:59:20.521+02,26.000,26.000,
11247,13,1,2026-03-27 08:00:24.233+02,,,
11247,13,8,2026-03-27 08:26:50.321+02,782.300,782.300,
11247,13,13,2026-03-27 08:40:58.64+02,301.900,301.900,
11247,13,21,2026-03-27 08:54:20.325+02,24.600,24.600,
11247,14,1,2026-03-27 08:00:08.664+02,,,
11247,14,10,2026-03-27 08:22:32.696+02,317.800,317.800,
11247,14,16,2026-03-27 08:38:47.593+02,323.800,323.800,
11247,14,17,2026-03-27 08:41:12.763+02,23.900,23.900,
11247,15,1,2026-03-27 08:00:11.245+02,,,
11247,15,10,2026-03-27 08:24:54.798+02,470.300,470.300,
11247,15,13,2026-03-27 08:30:49.191+02,20.000,20.000,
11247,15,16,2026-03-27 08:42:00.822+02,325.000,325.000,
11247,16,1,2026-03-27 08:00:03.201+02,,,
11247,16,8,2026-03-27 08:22:40.557+02,500.800,500.800,
11247,16,17,2026-03-27 08:47:14.171+02,442.200,442.200,
11247,16,20,2026-03-27 08:52:50.745+02,25.000,25.000,
11247,17,1,2026-03-27 08:03:23.243+02,,,
11247,17,6,2026-03-27 08:15:11.32+02,168.200,168.200,
11247,17,11,2026-03-27 08:25:47.321+02,122.600,122.600,
11247,17,15,2026-03-27 08:39:20.075+02,360.700,360.700,
11247,17,27,2026-03-27 08:59:33.312+02,24.500,24.500,
11247,18,1,2026-03-27 08:01:06.611+02,,,
11247,18,2,2026-03-27 08:03:45.823+02,44.700,44.700,
11247,18,5,2026-03-27 08:09:50.954+02,29.500,29.500,
11247,18,10,2026-03-27 08:24:24.981+02,305.200,305.200,
11247,18,14,2026-03-27 08:32:26.806+02,28.000,28.000,
11247,18,17,2026-03-27 08:43:12.031+02,329.200,329.200,
11247,18,26,2026-03-27 08:58:40.965+02,50.800,50.800,
11247,19,1,2026-03-27 08:00:14.616+02,,,
11247,19,8,2026-03-27 08:21:45.075+02,504.900,504.900,
11247,19,13,2026-03-27 08:31:04.593+02,26.400,26.400,
11247,19,16,2026-03-27 08:42:55.24+02,401.100,401.100,
11247,19,26,2026-03-27 08:59:16.197+02,23.100,23.100,
11247,20,1,2026-03-27 08:00:15.694+02,,,
11247,20,8,2026-03-27 08:25:05.729+02,664.300,664.300,
11247,20,11,2026-03-27 08:31:36.677+02,39.400,39.400,
11247,20,14,2026-03-27 08:41:58.11+02,297.500,297.500,
11247,27,1,2026-03-27 08:32:05.449+02,,,
11247,27,6,2026-03-27 08:51:21.531+02,607.700,607.700,
11247,28,1,2026-03-27 08:00:21.682+02,,,
11247,29,1,2026-03-27 08:00:05.002+02,,,
11247,29,9,2026-03-27 08:25:18.062+02,570.600,570.600,
11247,29,15,2026-03-27 08:42:32.353+02,348.300,348.300,
11247,30,1,2026-03-27 08:00:08.542+02,,,
11247,30,8,2026-03-27 08:22:50.681+02,572.300,572.300,
11247,30,11,2026-03-27 08:29:22.717+02,33.000,33.000,
11247,30,14,2026-03-27 08:40:20.737+02,326.700,326.700,
11248,1,1,2026-03-28 04:48:38.566+02,,,
11248,1,4,2026-03-28 04:54:32.647+02,26.400,26.400,
11248,1,9,2026-03-28 05:03:47.888+02,27.700,27.700,
11248,1,14,2026-03-28 05:16:52.31+02,317.000,317.000,
11248,1,17,2026-03-28 05:22:30.449+02,27.500,27.500,
11248,1,20,2026-03-28 05:28:05.473+02,20.800,20.800,
11248,2,1,2026-03-28 05:06:10.868+02,,,
11248,2,7,2026-03-28 05:21:23.931+02,257.100,257.100,
11248,3,1,2026-03-28 04:41:36.425+02,,,
11248,3,6,2026-03-28 04:51:07.556+02,28.600,28.600,
11248,3,11,2026-03-28 05:10:08.138+02,609.600,609.600,
11248,3,13,2026-03-28 05:14:06.254+02,31.900,31.900,
11248,3,16,2026-03-28 05:20:09.155+02,19.000,19.000,
11248,3,19,2026-03-28 05:28:31.653+02,190.500,190.500,
11248,4,1,2026-03-28 04:48:20.156+02,,,
11248,4,13,2026-03-28 05:17:21.679+02,502.000,502.000,
11248,6,1,2026-03-28 04:33:12.709+02,,,
11248,6,8,2026-03-28 04:58:44.708+02,732.400,732.400,
11248,6,10,2026-03-28 05:02:32.05+02,23.700,23.700,
11248,6,12,2026-03-28 05:17:04.748+02,618.700,618.700,
11248,7,1,2026-03-28 04:44:29.46+02,,,
11248,7,4,2026-03-28 04:50:44.584+02,56.700,56.700,
11248,7,7,2026-03-28 04:56:55.503+02,28.300,28.300,
11248,7,10,2026-03-28 05:08:46.669+02,411.100,411.100,
11248,7,13,2026-03-28 05:19:09.354+02,306.400,306.400,
11248,7,16,2026-03-28 05:29:37.019+02,307.100,307.100,
11248,8,1,2026-03-28 04:40:15.342+02,,,
11248,8,6,2026-03-28 05:03:51.825+02,860.800,860.800,
11248,8,9,2026-03-28 05:20:22.935+02,669.800,669.800,
11248,8,14,2026-03-28 05:29:41.285+02,18.300,18.300,
11248,9,1,2026-03-28 04:42:29.485+02,,,
11248,9,8,2026-03-28 04:56:39.107+02,37.500,37.500,
11248,9,10,2026-03-28 05:14:45.503+02,866.100,866.100,
11248,10,1,2026-03-28 04:36:04.116+02,,,
11248,10,6,2026-03-28 05:02:17.061+02,983.000,983.000,
11248,10,11,2026-03-28 05:17:12.504+02,363.800,363.800,
11248,10,14,2026-03-28 05:23:45.33+02,47.400,47.400,
11248,12,1,2026-03-28 04:48:27.1+02,,,
11248,12,10,2026-03-28 05:14:30.559+02,561.300,561.300,
11248,13,1,2026-03-28 04:40:02.976+02,,,
11248,13,11,2026-03-28 05:10:35.923+02,742.100,742.100,
11248,13,16,2026-03-28 05:20:20.524+02,29.300,29.300,
11248,13,19,2026-03-28 05:29:36.432+02,222.600,222.600,
11248,14,1,2026-03-28 04:44:47.585+02,,,
11248,14,12,2026-03-28 05:05:45.358+02,23.000,23.000,
11248,14,15,2026-03-28 05:20:17.545+02,565.200,565.200,
11248,15,1,2026-03-28 04:37:36.414+02,,,
11248,15,4,2026-03-28 04:43:46.277+02,45.600,45.600,
11248,15,11,2026-03-28 05:09:55.834+02,804.600,804.600,
11248,15,17,2026-03-28 05:21:29.71+02,19.700,19.700,
11248,15,20,2026-03-28 05:28:50.724+02,114.500,114.500,
11248,16,1,2026-03-28 04:35:08.619+02,,,
11248,16,6,2026-03-28 04:51:34.27+02,378.400,378.400,
11248,16,14,2026-03-28 05:14:15.682+02,469.700,469.700,
11248,17,1,2026-03-28 04:40:25.422+02,,,
11248,17,7,2026-03-28 04:51:55.223+02,26.100,26.100,
11248,17,10,2026-03-28 05:00:28.776+02,192.500,192.500,
11248,17,18,2026-03-28 05:17:10.508+02,219.000,219.000,
11248,17,24,2026-03-28 05:28:48.703+02,27.700,27.700,
11248,18,1,2026-03-28 04:46:35.809+02,,,
11248,18,4,2026-03-28 04:52:58.584+02,20.400,20.400,
11248,18,10,2026-03-28 05:08:36.964+02,275.500,275.500,
11248,18,13,2026-03-28 05:19:26.4+02,328.100,328.100,
11248,18,16,2026-03-28 05:29:58.188+02,312.200,312.200,
11248,19,1,2026-03-28 04:45:15.769+02,,,
11248,19,8,2026-03-28 04:58:19.274+02,22.500,22.500,
11248,19,9,2026-03-28 05:08:20.404+02,478.700,478.700,
11248,19,12,2026-03-28 05:14:17.012+02,32.000,32.000,
11248,19,17,2026-03-28 05:29:02.642+02,337.100,337.100,
11248,20,1,2026-03-28 04:37:11.25+02,,,
11248,20,10,2026-03-28 04:55:48.273+02,21.300,21.300,
11248,20,11,2026-03-28 05:10:23.053+02,738.300,738.300,
11248,20,13,2026-03-28 05:18:11.702+02,241.400,241.400,
11248,20,16,2026-03-28 05:25:06.937+02,60.800,60.800,
11248,27,1,2026-03-28 04:33:51.698+02,,,
11248,27,8,2026-03-28 05:03:28.145+02,957.000,957.000,
11248,27,12,2026-03-28 05:21:11.369+02,627.000,627.000,
11248,28,1,2026-03-28 04:40:38.784+02,,,
11248,28,9,2026-03-28 04:56:09.439+02,22.400,22.400,
11248,28,10,2026-03-28 05:09:47.505+02,699.900,699.900,
11248,28,11,2026-03-28 05:16:39.628+02,309.400,309.400,
11248,28,15,2026-03-28 05:24:40.328+02,31.800,31.800,
11248,29,1,2026-03-28 04:30:26.542+02,,,
11248,29,8,2026-03-28 04:45:12.654+02,46.800,46.800,
11248,29,11,2026-03-28 04:59:47.362+02,513.000,513.000,
11248,29,19,2026-03-28 05:21:32.17+02,517.000,517.000,
11248,30,1,2026-03-28 04:36:01.175+02,,,
11248,30,4,2026-03-28 04:41:56.916+02,28.400,28.400,
11248,30,7,2026-03-28 04:56:34.94+02,525.500,525.500,
11248,30,10,2026-03-28 05:02:32.408+02,34.400,34.400,
11248,30,13,2026-03-28 05:08:06.728+02,19.600,19.600,
11248,30,14,2026-03-28 05:21:15.054+02,662.500,662.500,
11249,1,1,2026-03-28 08:04:17.296+02,,,
11249,1,4,2026-03-28 08:12:53.602+02,211.500,211.500,
11249,1,7,2026-03-28 08:25:41.724+02,468.400,468.400,
11249,1,10,2026-03-28 08:35:24.134+02,283.800,283.800,
11249,2,1,2026-03-28 08:03:14.854+02,,,
11249,2,6,2026-03-28 08:15:31.982+02,213.000,213.000,
11249,2,9,2026-03-28 08:27:51.161+02,424.300,424.300,
11249,2,12,2026-03-28 08:35:35.341+02,161.900,161.900,
11249,2,15,2026-03-28 08:48:08.09+02,435.500,435.500,
11249,2,18,2026-03-28 08:56:29.661+02,202.100,202.100,
11249,3,1,2026-03-28 08:03:36.465+02,,,
11249,3,6,2026-03-28 08:15:22.851+02,174.100,174.100,
11249,3,9,2026-03-28 08:26:35.661+02,349.600,349.600,
11249,3,12,2026-03-28 08:36:22.009+02,260.200,260.200,
11249,3,15,2026-03-28 08:47:34.622+02,353.100,353.100,
11249,3,18,2026-03-28 08:57:09.973+02,267.400,267.400,
11249,4,1,2026-03-28 08:04:24.966+02,,,
11249,4,4,2026-03-28 08:13:00.917+02,207.500,207.500,
11249,4,7,2026-03-28 08:25:49.924+02,466.100,466.100,
11249,4,10,2026-03-28 08:35:30.302+02,275.100,275.100,
11249,4,13,2026-03-28 08:48:47.621+02,489.300,489.300,
11249,4,16,2026-03-28 08:56:46.456+02,179.700,179.700,
11249,6,1,2026-03-28 08:04:34.926+02,,,
11249,6,4,2026-03-28 08:15:37.478+02,346.300,346.300,
11249,6,7,2026-03-28 08:27:08.623+02,370.100,370.100,
11249,6,10,2026-03-28 08:35:58.469+02,203.100,203.100,
11249,6,13,2026-03-28 08:47:38.822+02,380.200,380.200,
11249,6,16,2026-03-28 08:57:24.51+02,272.100,272.100,
11249,7,1,2026-03-28 08:05:43.85+02,,,
11249,7,4,2026-03-28 08:25:03.907+02,856.300,856.300,
11249,7,7,2026-03-28 08:36:55.284+02,416.000,416.000,
11249,7,10,2026-03-28 08:47:23.111+02,308.000,308.000,
11249,7,13,2026-03-28 08:56:20.999+02,246.800,246.800,
11249,8,1,2026-03-28 08:00:24.476+02,,,
11249,8,4,2026-03-28 08:07:15.138+02,98.600,98.600,
11249,8,7,2026-03-28 08:15:00.559+02,154.400,154.400,
11249,9,1,2026-03-28 08:03:46.997+02,,,
11249,9,7,2026-03-28 08:25:25.349+02,657.800,657.800,
11249,9,10,2026-03-28 08:33:41.341+02,188.800,188.800,
11249,9,13,2026-03-28 08:48:35.39+02,582.200,582.200,
11249,9,16,2026-03-28 08:57:32.097+02,237.000,237.000,
11249,10,1,2026-03-28 08:00:16.794+02,,,
11249,10,4,2026-03-28 08:07:17.282+02,102.400,102.400,
11249,10,7,2026-03-28 08:14:42.669+02,118.200,118.200,
11249,12,1,2026-03-28 08:00:58.777+02,,,
11249,12,4,2026-03-28 08:07:04.01+02,42.300,42.300,
11249,12,7,2026-03-28 08:14:28.756+02,139.100,139.100,
11249,13,1,2026-03-28 08:03:18.141+02,,,
11249,13,6,2026-03-28 08:15:17.148+02,193.900,193.900,
11249,13,9,2026-03-28 08:26:27.876+02,355.700,355.700,
11249,13,12,2026-03-28 08:36:09.822+02,276.900,276.900,
11249,14,1,2026-03-28 08:00:03.531+02,,,
11249,14,7,2026-03-28 08:14:34.774+02,215.000,215.000,
11249,14,10,2026-03-28 08:26:30.386+02,380.500,380.500,
11249,14,13,2026-03-28 08:36:46.132+02,298.900,298.900,
11249,15,1,2026-03-28 08:00:31.463+02,,,
11249,15,7,2026-03-28 08:14:10.805+02,173.600,173.600,
11249,15,10,2026-03-28 08:27:18.658+02,474.700,474.700,
11249,15,13,2026-03-28 08:35:42.243+02,185.100,185.100,
11249,16,1,2026-03-28 08:03:29.273+02,,,
11249,16,7,2026-03-28 08:25:21.273+02,666.500,666.500,
11249,16,10,2026-03-28 08:33:35.706+02,191.900,191.900,
11249,16,15,2026-03-28 08:48:28.105+02,370.400,370.400,
11249,16,18,2026-03-28 08:57:01.403+02,213.500,213.500,
11249,17,1,2026-03-28 08:00:48.343+02,,,
11249,17,4,2026-03-28 08:06:43.86+02,36.600,36.600,
11249,17,7,2026-03-28 08:14:22.29+02,141.000,141.000,
11249,17,10,2026-03-28 08:26:39.241+02,412.600,412.600,
11249,17,13,2026-03-28 08:36:37.742+02,274.500,274.500,
11249,18,1,2026-03-28 08:05:59.866+02,,,
11249,18,4,2026-03-28 08:13:07.888+02,114.600,114.600,
11249,18,7,2026-03-28 08:25:09.24+02,408.500,408.500,
11249,18,10,2026-03-28 08:31:59.238+02,107.200,107.200,
11249,18,16,2026-03-28 08:47:29.43+02,301.700,301.700,
11249,18,19,2026-03-28 08:56:26.084+02,242.200,242.200,
11249,19,1,2026-03-28 08:03:10.084+02,,,
11249,19,6,2026-03-28 08:15:53.629+02,241.100,241.100,
11249,19,9,2026-03-28 08:27:31.332+02,380.400,380.400,
11249,19,12,2026-03-28 08:35:39.127+02,176.100,176.100,
11249,19,15,2026-03-28 08:48:17.954+02,441.000,441.000,
11249,19,18,2026-03-28 08:56:34.602+02,195.800,195.800,
11249,20,1,2026-03-28 08:00:37.744+02,,,
11249,20,7,2026-03-28 08:14:12.995+02,159.800,159.800,
11249,27,1,2026-03-28 08:01:10.043+02,,,
11249,27,4,2026-03-28 08:14:18.085+02,480.300,480.300,
11249,28,1,2026-03-28 08:00:09.476+02,,,
11249,28,7,2026-03-28 08:14:24.106+02,208.200,208.200,
11249,28,10,2026-03-28 08:26:22.109+02,390.400,390.400,
11249,28,13,2026-03-28 08:36:30.625+02,305.300,305.300,
11249,28,16,2026-03-28 08:47:46.969+02,364.200,364.200,
11249,28,19,2026-03-28 08:57:16.577+02,261.200,261.200,
11249,29,1,2026-03-28 08:04:42.334+02,,,
11249,29,4,2026-03-28 08:15:46.353+02,352.900,352.900,
11249,29,7,2026-03-28 08:26:51.071+02,350.900,350.900,
11249,29,10,2026-03-28 08:36:16.463+02,244.700,244.700,
11249,30,1,2026-03-28 08:00:43.914+02,,,
11249,30,4,2026-03-28 08:08:01.23+02,117.000,117.000,
11249,30,7,2026-03-28 08:15:49.018+02,157.800,157.800,
11253,1,22,2026-03-29 08:50:06.296+03,24.490,24.490,3.300
11253,2,16,2026-03-29 08:39:55.436+03,23.316,23.316,2.500
11253,3,22,2026-03-29 08:50:29.968+03,24.630,24.630,2.600
11253,4,19,2026-03-29 08:45:09.104+03,23.698,23.698,2.800
11253,6,22,2026-03-29 08:50:01.959+03,24.304,24.304,3.500
11253,7,22,2026-03-29 08:49:36.575+03,23.288,23.288,2.400
11253,8,21,2026-03-29 08:49:24.243+03,26.458,26.458,4.300
11253,8,23,2026-03-29 08:53:39.693+03,24.014,24.014,
11253,9,17,2026-03-29 08:41:28.501+03,22.992,22.992,2.100
11253,10,21,2026-03-29 08:49:15.293+03,25.083,25.083,4.200
11253,10,24,2026-03-29 08:55:13.349+03,23.501,23.501,2.600
11253,12,22,2026-03-29 08:50:44.394+03,24.600,24.600,2.900
11253,12,45,2026-03-29 09:30:59.545+03,23.072,23.072,2.700
11253,12,46,2026-03-29 09:32:57.159+03,24.100,24.100,
11253,12,47,2026-03-29 09:34:56.701+03,26.000,26.000,
11253,12,48,2026-03-29 09:37:02.998+03,32.700,32.700,
11253,12,49,2026-03-29 09:39:01.736+03,24.300,24.300,
11253,13,23,2026-03-29 08:52:37.648+03,23.900,23.900,
11253,14,22,2026-03-29 08:50:28.632+03,24.100,24.100,
11253,15,19,2026-03-29 08:45:07.194+03,24.629,24.629,3.400
11253,16,22,2026-03-29 08:49:45.182+03,22.891,22.891,2.000
11253,17,22,2026-03-29 08:50:36.919+03,24.396,24.396,3.500
11253,18,21,2026-03-29 08:47:43.226+03,22.937,22.937,3.000
11253,19,18,2026-03-29 08:42:58.405+03,23.444,23.444,2.400
11253,20,16,2026-03-29 08:40:25.536+03,25.000,25.000,
11253,27,21,2026-03-29 08:49:05.815+03,27.307,27.307,6.600
11253,28,18,2026-03-29 08:43:35.557+03,26.300,26.300,
11253,29,17,2026-03-29 08:41:59.154+03,23.649,23.649,2.900
11253,30,19,2026-03-29 08:45:58.89+03,25.129,25.129,4.000
11270,1,1,2026-05-01 19:01:28.158+03,,,
11270,1,8,2026-05-01 19:22:07.439+03,458.700,458.700,
11270,1,11,2026-05-01 19:27:49.61+03,27.100,27.100,
11270,1,14,2026-05-01 19:41:05.14+03,488.700,488.700,
11270,1,31,2026-05-01 20:16:13.192+03,476.200,476.200,
11270,2,1,2026-05-01 19:01:18.295+03,,,
11270,2,10,2026-05-01 19:29:31.675+03,630.800,630.800,
11270,2,17,2026-05-01 19:53:42.626+03,625.800,625.800,
11270,2,27,2026-05-01 20:19:52.073+03,594.900,594.900,
11270,3,1,2026-05-01 19:01:33.891+03,,,
11270,3,13,2026-05-01 19:59:57.466+03,2193.600,2193.600,
11270,3,19,2026-05-01 20:17:48.109+03,408.300,408.300,
11270,3,22,2026-05-01 20:23:47.846+03,17.800,17.800,
11270,4,1,2026-05-01 19:01:39.422+03,,,
11270,4,6,2026-05-01 19:12:24.819+03,43.400,43.400,
11270,4,9,2026-05-01 19:25:33.774+03,460.200,460.200,
11270,4,15,2026-05-01 19:42:47.63+03,368.100,368.100,
11270,4,31,2026-05-01 20:16:56.323+03,503.200,503.200,
11270,4,34,2026-05-01 20:23:11.697+03,31.500,31.500,
11270,6,1,2026-05-01 19:08:27.395+03,,,
11270,6,11,2026-05-01 19:39:18.459+03,642.100,642.100,
11270,6,25,2026-05-01 20:17:09.286+03,770.000,770.000,
11270,6,31,2026-05-01 20:29:35.852+03,46.500,46.500,
11270,7,1,2026-05-01 19:06:10.514+03,,,
11270,7,4,2026-05-01 19:12:36.885+03,26.900,26.900,
11270,7,7,2026-05-01 19:19:35.089+03,53.300,53.300,
11270,7,10,2026-05-01 19:33:49.913+03,547.700,547.700,
11270,8,1,2026-05-01 19:22:26.391+03,,,
11270,8,2,2026-05-01 19:24:58.605+03,44.100,44.100,
11270,8,9,2026-05-01 19:46:30.302+03,537.700,537.700,
11270,8,21,2026-05-01 20:17:43.421+03,571.500,571.500,
11270,9,1,2026-05-01 19:00:17.292+03,,,
11270,9,11,2026-05-01 19:20:32.173+03,38.400,38.400,
11270,9,14,2026-05-01 19:34:24.861+03,483.300,483.300,
11270,9,20,2026-05-01 19:52:14.013+03,409.900,409.900,
11270,9,31,2026-05-01 20:16:36.169+03,405.400,405.400,
11270,10,1,2026-05-01 19:22:16.457+03,,,
11270,10,2,2026-05-01 19:25:03.402+03,45.900,45.900,
11270,10,10,2026-05-01 19:46:37.686+03,431.100,431.100,
11270,10,15,2026-05-01 19:56:30.315+03,42.700,42.700,
11270,10,20,2026-05-01 20:15:28.56+03,589.300,589.300,
11270,10,23,2026-05-01 20:21:19.927+03,17.100,17.100,
11270,12,1,2026-05-01 19:01:23.495+03,,,
11270,12,10,2026-05-01 19:18:57.414+03,25.800,25.800,
11270,12,12,2026-05-01 19:30:52.874+03,504.900,504.900,
11270,12,21,2026-05-01 19:47:52.57+03,26.100,26.100,
11270,12,23,2026-05-01 20:02:08.757+03,652.500,652.500,
11270,12,32,2026-05-01 20:21:25.553+03,276.700,276.700,
11270,13,1,2026-05-01 19:02:10.758+03,,,
11270,13,10,2026-05-01 19:30:45.258+03,665.700,665.700,
11270,13,16,2026-05-01 19:52:06.747+03,599.600,599.600,
11270,13,26,2026-05-01 20:16:48.37+03,514.400,514.400,
11270,13,29,2026-05-01 20:27:04.551+03,268.200,268.200,
11270,14,1,2026-05-01 19:00:39.292+03,,,
11270,14,12,2026-05-01 19:22:13.092+03,35.100,35.100,
11270,14,15,2026-05-01 19:35:49.95+03,491.200,491.200,
11270,14,29,2026-05-01 20:07:17.525+03,496.300,496.300,
11270,14,33,2026-05-01 20:15:23.051+03,31.800,31.800,
11270,14,38,2026-05-01 20:28:54.941+03,249.500,249.500,
11270,15,1,2026-05-01 19:00:52.311+03,,,
11270,15,10,2026-05-01 19:19:18.441+03,44.500,44.500,
11270,15,13,2026-05-01 19:41:01.203+03,961.200,961.200,
11270,15,24,2026-05-01 20:08:38.06+03,611.200,611.200,
11270,15,27,2026-05-01 20:16:28.91+03,138.900,138.900,
11270,16,1,2026-05-01 19:00:21.136+03,,,
11270,16,11,2026-05-01 19:31:36.158+03,641.800,641.800,
11270,16,15,2026-05-01 19:39:47.988+03,19.500,19.500,
11270,16,18,2026-05-01 19:52:16.518+03,385.900,385.900,
11270,16,29,2026-05-01 20:18:35.803+03,515.000,515.000,
11270,17,1,2026-05-01 19:00:08.652+03,,,
11270,17,10,2026-05-01 19:17:34.557+03,30.500,30.500,
11270,17,12,2026-05-01 19:34:47.693+03,816.800,816.800,
11270,17,17,2026-05-01 19:44:42.409+03,36.800,36.800,
11270,17,19,2026-05-01 19:57:18.152+03,544.500,544.500,
11270,17,30,2026-05-01 20:21:53.892+03,382.400,382.400,
11270,18,1,2026-05-01 19:05:43.28+03,,,
11270,18,4,2026-05-01 19:11:57.874+03,28.300,28.300,
11270,18,6,2026-05-01 19:22:44.274+03,395.700,395.700,
11270,18,12,2026-05-01 19:40:33.354+03,393.700,393.700,
11270,18,25,2026-05-01 20:15:37.068+03,857.700,857.700,
11270,18,28,2026-05-01 20:22:02.628+03,27.600,27.600,
11270,18,31,2026-05-01 20:29:53.569+03,123.600,123.600,
11270,19,1,2026-05-01 19:03:42.485+03,,,
11270,19,10,2026-05-01 19:32:32.242+03,675.800,675.800,
11270,19,15,2026-05-01 19:53:16.85+03,688.000,688.000,
11270,19,25,2026-05-01 20:16:22.211+03,425.600,425.600,
11270,20,1,2026-05-01 19:00:56.873+03,,,
11270,20,10,2026-05-01 19:20:06.791+03,62.400,62.400,
11270,20,13,2026-05-01 19:35:54.393+03,596.700,596.700,
11270,20,25,2026-05-01 20:05:44.259+03,597.800,597.800,
11270,20,28,2026-05-01 20:16:41.714+03,309.300,309.300,
11270,20,31,2026-05-01 20:25:19.331+03,130.800,130.800,
11270,27,1,2026-05-01 19:04:17.058+03,,,
11270,27,8,2026-05-01 19:51:24.599+03,2008.100,2008.100,
11270,27,18,2026-05-01 20:20:15.305+03,719.000,719.000,
11270,27,21,2026-05-01 20:26:15.376+03,30.600,30.600,
11270,28,1,2026-05-01 19:01:07.186+03,,,
11270,28,16,2026-05-01 19:36:55.449+03,412.000,412.000,
11270,28,25,2026-05-01 20:02:27.951+03,628.600,628.600,
11270,28,33,2026-05-01 20:20:07.586+03,165.500,165.500,
11270,29,1,2026-05-01 19:08:03.052+03,,,
11270,29,12,2026-05-01 19:30:38.431+03,48.200,48.200,
11270,29,13,2026-05-01 19:50:23.209+03,1085.800,1085.800,
11270,29,25,2026-05-01 20:18:02.648+03,483.700,483.700,
11270,29,30,2026-05-01 20:28:33.692+03,24.500,24.500,
11270,30,1,2026-05-01 19:03:53.349+03,,,
11270,30,8,2026-05-01 19:17:17.177+03,26.600,26.600,
11270,30,11,2026-05-01 19:40:37.539+03,1067.400,1067.400,
11270,30,21,2026-05-01 20:06:03.785+03,498.400,498.400,
11270,30,26,2026-05-01 20:20:27.727+03,248.000,248.000,
11271,1,1,2026-05-01 23:33:03.23+03,,,
11271,1,4,2026-05-01 23:49:39.361+03,662.400,662.400,
11271,1,10,2026-05-02 00:10:44.09+03,610.100,610.100,
11271,2,1,2026-05-01 23:32:07.669+03,,,
11271,2,8,2026-05-01 23:50:48.085+03,355.400,355.400,
11271,2,13,2026-05-02 00:09:51.092+03,585.400,585.400,
11271,3,1,2026-05-01 23:33:43.138+03,,,
11271,3,7,2026-05-01 23:49:25.523+03,265.200,265.200,
11271,3,10,2026-05-01 23:56:21.57+03,91.100,91.100,
11271,4,1,2026-05-01 23:33:08.016+03,,,
11271,4,7,2026-05-01 23:49:34.381+03,316.300,316.300,
11271,4,13,2026-05-02 00:10:27.928+03,603.400,603.400,
11271,6,1,2026-05-01 23:31:28.608+03,,,
11271,6,7,2026-05-01 23:49:53.352+03,425.300,425.300,
11271,6,13,2026-05-02 00:10:18.59+03,564.900,564.900,
11271,7,1,2026-05-01 23:32:49.217+03,,,
11271,7,4,2026-05-01 23:38:58.027+03,33.500,33.500,
11271,7,6,2026-05-01 23:49:03.605+03,357.500,357.500,
11271,7,9,2026-05-01 23:56:12.887+03,106.000,106.000,
11271,7,12,2026-05-02 00:11:32.061+03,601.700,601.700,
11271,8,1,2026-05-01 23:31:32.695+03,,,
11271,9,1,2026-05-01 23:32:17.885+03,,,
11271,9,7,2026-05-01 23:50:05.071+03,412.200,412.200,
11271,9,13,2026-05-02 00:10:11.215+03,546.200,546.200,
11271,10,1,2026-05-01 23:31:26.39+03,,,
11271,12,1,2026-05-01 23:33:36.401+03,,,
11271,12,7,2026-05-01 23:49:29.309+03,264.400,264.400,
11271,13,1,2026-05-01 23:33:23.58+03,,,
11271,13,7,2026-05-01 23:49:18.706+03,303.600,303.600,
11271,13,10,2026-05-01 23:56:18.117+03,96.800,96.800,
11271,14,1,2026-05-01 23:32:55.069+03,,,
11271,14,3,2026-05-01 23:38:20.202+03,90.300,90.300,
11271,15,1,2026-05-01 23:31:21.18+03,,,
11271,15,4,2026-05-01 23:38:34.247+03,102.700,102.700,
11271,16,1,2026-05-01 23:32:23.41+03,,,
11271,16,7,2026-05-01 23:50:11.797+03,405.100,405.100,
11271,16,13,2026-05-02 00:09:44.578+03,515.200,515.200,
11271,17,1,2026-05-01 23:33:29.419+03,,,
11271,17,7,2026-05-01 23:50:23.443+03,339.500,339.500,
11271,18,1,2026-05-01 23:32:40.107+03,,,
11271,18,4,2026-05-01 23:38:45.299+03,24.400,24.400,
11271,18,7,2026-05-01 23:49:08.221+03,296.900,296.900,
11271,18,10,2026-05-01 23:56:25.039+03,114.300,114.300,
11271,18,13,2026-05-02 00:09:37.149+03,449.700,449.700,
11271,19,1,2026-05-01 23:32:14.224+03,,,
11271,19,6,2026-05-01 23:50:29.485+03,535.700,535.700,
11271,19,9,2026-05-02 00:10:57.553+03,895.300,895.300,
11271,20,1,2026-05-01 23:31:23.92+03,,,
11271,20,4,2026-05-01 23:38:36.338+03,89.700,89.700,
11271,20,7,2026-05-01 23:55:55.161+03,710.400,710.400,
11271,27,1,2026-05-01 23:32:38.027+03,,,
11271,28,1,2026-05-01 23:31:37.115+03,,,
11271,28,4,2026-05-01 23:38:27.726+03,69.000,69.000,
11271,28,7,2026-05-01 23:55:23.531+03,699.100,699.100,
11271,29,1,2026-05-01 23:31:45.194+03,,,
11271,29,7,2026-05-01 23:50:16.425+03,420.800,420.800,
11271,29,13,2026-05-02 00:10:20.7+03,540.100,540.100,
11271,30,1,2026-05-01 23:31:14.831+03,,,
11271,30,4,2026-05-01 23:39:06.581+03,152.200,152.200,
11275,12,13,2026-05-02 19:25:14.67+03,40.821,40.821,20.600
11276,1,1,2026-05-02 23:01:24.068+03,,,
11276,1,4,2026-05-02 23:29:11.291+03,1355.500,1355.500,
11276,1,7,2026-05-02 23:40:09.326+03,355.200,355.200,
11276,1,10,2026-05-02 23:52:44.342+03,450.900,450.900,
11276,1,13,2026-05-03 00:02:00.99+03,241.600,241.600,
11276,2,1,2026-05-02 23:02:01.512+03,,,
11276,2,4,2026-05-02 23:11:46.089+03,260.100,260.100,
11276,2,7,2026-05-02 23:30:14.196+03,766.500,766.500,
11276,2,9,2026-05-02 23:35:28.863+03,97.700,97.700,
11276,2,15,2026-05-02 23:52:30.532+03,371.100,371.100,
11276,2,18,2026-05-03 00:00:49.215+03,178.700,178.700,
11276,3,1,2026-05-02 23:14:30.655+03,,,
11276,4,1,2026-05-02 23:01:16.515+03,,,
11276,4,4,2026-05-02 23:08:42.512+03,128.100,128.100,
11276,4,10,2026-05-02 23:29:03.166+03,581.000,581.000,
11276,4,13,2026-05-02 23:39:58.073+03,344.800,344.800,
11276,4,16,2026-05-02 23:52:32.92+03,437.700,437.700,
11276,4,19,2026-05-03 00:01:40.489+03,224.900,224.900,
11276,6,1,2026-05-02 23:02:08.558+03,,,
11276,6,3,2026-05-02 23:08:20.731+03,154.000,154.000,
11276,6,9,2026-05-02 23:30:17.529+03,645.700,645.700,
11276,6,12,2026-05-02 23:39:29.22+03,210.200,210.200,
11276,6,15,2026-05-02 23:53:24.305+03,503.800,503.800,
11276,6,18,2026-05-03 00:01:24.345+03,162.600,162.600,
11276,7,1,2026-05-02 23:04:19.572+03,,,
11276,7,4,2026-05-02 23:12:31.423+03,172.200,172.200,
11276,7,7,2026-05-02 23:30:58.721+03,794.600,794.600,
11276,7,10,2026-05-02 23:39:19.427+03,179.400,179.400,
11276,7,13,2026-05-02 23:53:31.844+03,546.500,546.500,
11276,7,16,2026-05-03 00:00:43.139+03,118.200,118.200,
11276,8,1,2026-05-02 23:00:41.868+03,,,
11276,8,4,2026-05-02 23:07:28.762+03,96.600,96.600,
11276,8,7,2026-05-02 23:15:05.284+03,137.800,137.800,
11276,9,1,2026-05-02 23:01:31.922+03,,,
11276,9,4,2026-05-02 23:08:52.86+03,114.400,114.400,
11276,9,10,2026-05-02 23:29:45.603+03,577.400,577.400,
11276,9,13,2026-05-02 23:40:14.654+03,309.400,309.400,
11276,9,16,2026-05-02 23:52:57.92+03,435.100,435.100,
11276,9,19,2026-05-03 00:00:52.839+03,151.300,151.300,
11276,10,1,2026-05-02 23:00:26.599+03,,,
11276,10,4,2026-05-02 23:07:22.747+03,100.600,100.600,
11276,10,7,2026-05-02 23:14:46.443+03,134.900,134.900,
11276,12,1,2026-05-02 23:00:53.254+03,,,
11276,12,4,2026-05-02 23:06:46.025+03,29.800,29.800,
11276,12,7,2026-05-02 23:14:17.751+03,148.000,148.000,
11276,12,10,2026-05-02 23:29:35.65+03,588.800,588.800,
11276,12,13,2026-05-02 23:41:20.471+03,386.300,386.300,
11276,13,1,2026-05-02 23:01:11.359+03,,,
11276,13,4,2026-05-02 23:07:27.684+03,75.300,75.300,
11276,13,7,2026-05-02 23:15:18.597+03,157.600,157.600,
11276,13,9,2026-05-02 23:29:23.447+03,614.800,614.800,
11276,13,12,2026-05-02 23:40:27.354+03,354.100,354.100,
11276,14,1,2026-05-02 23:00:47.054+03,,,
11276,14,3,2026-05-02 23:06:12.089+03,117.700,117.700,
11276,14,6,2026-05-02 23:14:21.706+03,176.300,176.300,
11276,14,9,2026-05-02 23:30:37.549+03,642.700,642.700,
11276,14,12,2026-05-02 23:40:34.947+03,268.800,268.800,
11276,15,1,2026-05-02 23:00:32.947+03,,,
11276,15,4,2026-05-02 23:07:02.059+03,66.500,66.500,
11276,15,7,2026-05-02 23:14:42.372+03,144.000,144.000,
11276,15,10,2026-05-02 23:29:57.82+03,587.400,587.400,
11276,15,13,2026-05-02 23:41:00.091+03,333.500,333.500,
11276,16,1,2026-05-02 23:01:46.043+03,,,
11276,16,4,2026-05-02 23:09:14.822+03,121.400,121.400,
11276,16,10,2026-05-02 23:29:53.072+03,557.300,557.300,
11276,16,13,2026-05-02 23:40:52.437+03,340.300,340.300,
11276,16,16,2026-05-02 23:53:12.195+03,418.000,418.000,
11276,16,19,2026-05-03 00:01:17.882+03,167.900,167.900,
11276,17,1,2026-05-02 23:01:00.515+03,,,
11276,17,4,2026-05-02 23:07:04.512+03,32.300,32.300,
11276,17,7,2026-05-02 23:14:26.123+03,121.500,121.500,
11276,17,10,2026-05-02 23:29:31.916+03,559.800,559.800,
11276,17,13,2026-05-02 23:39:34.205+03,289.400,289.400,
11276,18,1,2026-05-02 23:04:28.693+03,,,
11276,18,4,2026-05-02 23:12:17.99+03,146.500,146.500,
11276,18,7,2026-05-02 23:31:09.174+03,817.500,817.500,
11276,18,10,2026-05-02 23:39:26.188+03,171.100,171.100,
11276,18,13,2026-05-02 23:53:44.734+03,551.200,551.200,
11276,18,16,2026-05-03 00:00:39.373+03,104.400,104.400,
11276,19,1,2026-05-02 23:04:12.422+03,,,
11276,19,4,2026-05-02 23:11:56.72+03,145.600,145.600,
11276,19,9,2026-05-02 23:30:45.158+03,587.800,587.800,
11276,19,12,2026-05-02 23:40:39.689+03,264.200,264.200,
11276,19,15,2026-05-02 23:52:26.703+03,381.000,381.000,
11276,19,18,2026-05-03 00:00:46.497+03,188.900,188.900,
11276,20,1,2026-05-02 23:00:16.723+03,,,
11276,20,4,2026-05-02 23:07:10.778+03,102.000,102.000,
11276,20,7,2026-05-02 23:30:02.622+03,1046.200,1046.200,
11276,20,10,2026-05-02 23:41:04.744+03,335.800,335.800,
11276,27,1,2026-05-02 23:00:08.115+03,,,
11276,27,4,2026-05-02 23:07:33.262+03,130.400,130.400,
11276,27,7,2026-05-02 23:15:22.615+03,141.600,141.600,
11276,28,1,2026-05-02 23:00:23.107+03,,,
11276,28,4,2026-05-02 23:06:02.214+03,31.000,31.000,
11276,28,7,2026-05-02 23:14:59.441+03,232.500,232.500,
11276,29,1,2026-05-02 23:02:12.98+03,,,
11276,29,3,2026-05-02 23:08:22.954+03,153.000,153.000,
11276,29,9,2026-05-02 23:30:25.022+03,643.900,643.900,
11276,29,12,2026-05-02 23:39:31.173+03,210.300,210.300,
11276,29,15,2026-05-02 23:53:26.769+03,502.600,502.600,
11276,29,18,2026-05-03 00:01:30.332+03,167.400,167.400,
11276,30,1,2026-05-02 23:00:03.622+03,,,
11276,30,4,2026-05-02 23:07:43.887+03,151.900,151.900,
11276,30,7,2026-05-02 23:15:25.816+03,142.200,142.200,
11280,1,6,2026-05-03 20:14:40.156+03,22.547,22.547,2.400
11280,2,27,2026-05-03 20:51:13.396+03,22.565,22.565,2.800
11280,3,32,2026-05-03 20:59:55.617+03,23.986,23.986,3.100
11280,7,26,2026-05-03 20:49:41.487+03,22.128,22.128,2.200
11280,8,41,2026-05-03 21:14:48.371+03,23.160,23.160,3.100
11280,9,21,2026-05-03 20:42:03.129+03,23.386,23.386,3.700
11280,10,21,2026-05-03 20:42:43.22+03,22.630,22.630,2.800
11280,10,37,2026-05-03 21:08:38.349+03,22.090,22.090,2.800
11280,12,27,2026-05-03 20:51:49.624+03,23.016,23.016,3.300
11280,13,1,2026-05-03 20:06:24.855+03,33.710,33.710,12.700
11280,15,31,2026-05-03 20:58:16.484+03,24.027,24.027,3.900
11280,16,27,2026-05-03 20:51:33.718+03,23.779,23.779,3.800
11280,17,28,2026-05-03 20:53:22.109+03,23.595,23.595,4.200
11280,18,20,2026-05-03 20:40:30.702+03,22.000,22.000,
11280,19,28,2026-05-03 20:53:01.295+03,23.024,23.024,3.400
11280,20,26,2026-05-03 20:50:16.658+03,23.474,23.474,4.600
11280,27,29,2026-05-03 20:55:29.195+03,23.200,23.200,
11280,28,28,2026-05-03 20:53:42.425+03,22.731,22.731,2.500
11280,29,31,2026-05-03 20:57:54.71+03,23.093,23.093,2.900
11280,30,6,2026-05-03 20:15:01.436+03,23.529,23.529,3.000
11280,30,21,2026-05-03 20:42:42.184+03,23.827,23.827,3.300
11280,30,30,2026-05-03 20:57:25.955+03,17.100,17.100,
11281,1,1,2026-05-22 19:31:28.883+03,,,
11281,1,6,2026-05-22 19:39:26.876+03,41.000,41.000,
11281,1,8,2026-05-22 19:55:58.165+03,1032.000,1032.000,
11281,1,9,2026-05-22 20:13:13.322+03,2067.300,2067.300,
11281,1,24,2026-05-22 20:38:41.971+03,361.100,361.100,
11281,1,28,2026-05-22 20:48:26.099+03,945.200,945.200,
11281,2,1,2026-05-22 19:31:47.032+03,,,
11281,2,6,2026-05-22 19:41:00.676+03,36.700,36.700,
11281,2,7,2026-05-22 19:49:58.277+03,574.400,574.400,
11281,2,13,2026-05-22 20:13:08.352+03,1964.400,1964.400,
11281,2,25,2026-05-22 20:37:36.219+03,448.200,448.200,
11281,2,29,2026-05-22 20:48:06.475+03,1078.100,1078.100,
11281,3,1,2026-05-22 19:30:09.825+03,,,
11281,3,7,2026-05-22 19:46:05.528+03,347.900,347.900,
11281,3,13,2026-05-22 20:13:38.22+03,1111.000,1111.000,
11281,3,26,2026-05-22 20:37:45.901+03,361.900,361.900,
11281,3,30,2026-05-22 20:48:29.707+03,1005.700,1005.700,
11281,4,1,2026-05-22 19:31:32.753+03,,,
11281,4,8,2026-05-22 19:57:24.916+03,,,
11281,4,9,2026-05-22 20:13:15.382+03,,,
11281,4,24,2026-05-22 20:40:17.682+03,444.400,444.400,
11281,4,26,2026-05-22 20:48:38.048+03,944.600,944.600,
11281,6,1,2026-05-22 19:31:15.143+03,,,
11281,6,8,2026-05-22 20:13:42.653+03,,,
11281,6,22,2026-05-22 20:38:12.561+03,307.900,307.900,
11281,6,26,2026-05-22 20:48:14.881+03,910.300,910.300,
11281,7,1,2026-05-22 19:31:20.632+03,,,
11281,7,7,2026-05-22 19:48:29.149+03,,,
11281,7,14,2026-05-22 20:13:11.294+03,,,
11281,7,25,2026-05-22 20:33:03.805+03,235.000,235.000,
11281,7,30,2026-05-22 20:48:10.697+03,487.200,487.200,
11281,8,1,2026-05-22 19:30:15.739+03,,,
11281,8,2,2026-05-22 19:32:21.989+03,39.500,39.500,
11281,8,8,2026-05-22 19:49:53.626+03,1091.100,1091.100,
11281,8,14,2026-05-22 20:15:33.232+03,2630.800,2630.800,
11281,8,24,2026-05-22 20:38:59.064+03,588.400,588.400,
11281,8,28,2026-05-22 20:48:48.285+03,1177.600,1177.600,
11281,9,1,2026-05-22 19:31:23.86+03,,,
11281,9,8,2026-05-22 19:48:55.702+03,,,
11281,9,14,2026-05-22 20:13:21.26+03,,,
11281,9,26,2026-05-22 20:34:11.637+03,289.400,289.400,
11281,9,33,2026-05-22 20:48:19.444+03,1137.100,1137.100,
11281,10,1,2026-05-22 19:30:39.681+03,,,
11281,10,2,2026-05-22 19:33:31.707+03,63.900,63.900,
11281,10,8,2026-05-22 19:52:11.987+03,1184.100,1184.100,
11281,10,12,2026-05-22 20:16:55.166+03,2667.300,2667.300,
11281,10,23,2026-05-22 20:38:48.114+03,322.600,322.600,
11281,10,27,2026-05-22 20:48:42.41+03,916.800,916.800,
11281,12,1,2026-05-22 19:30:35.779+03,,,
11281,12,8,2026-05-22 19:46:07.74+03,,,
11281,13,1,2026-05-22 19:30:03.126+03,,,
11281,13,6,2026-05-22 19:46:42.615+03,506.300,506.300,
11281,13,9,2026-05-22 19:57:18.34+03,375.800,375.800,
11281,13,10,2026-05-22 20:13:36.231+03,1353.700,1353.700,
11281,13,14,2026-05-22 20:23:36.19+03,234.600,234.600,
11281,13,22,2026-05-22 20:39:10.101+03,267.400,267.400,
11281,13,25,2026-05-22 20:48:57.244+03,854.500,854.500,
11281,14,1,2026-05-22 19:31:08.765+03,,,
11281,15,1,2026-05-22 19:30:26.112+03,,,
11281,15,4,2026-05-22 19:49:30.582+03,835.200,835.200,
11281,15,5,2026-05-22 19:51:10.358+03,18.300,18.300,
11281,15,10,2026-05-22 20:13:29.573+03,1357.500,1357.500,
11281,15,23,2026-05-22 20:35:37.974+03,250.100,250.100,
11281,15,29,2026-05-22 20:49:02.613+03,1053.700,1053.700,
11281,16,1,2026-05-22 19:31:00.735+03,,,
11281,16,7,2026-05-22 19:49:09.4+03,517.000,517.000,
11281,16,14,2026-05-22 20:13:35.073+03,1982.500,1982.500,
11281,16,28,2026-05-22 20:37:10.3+03,270.700,270.700,
11281,16,33,2026-05-22 20:48:53.693+03,974.100,974.100,
11281,17,1,2026-05-22 19:30:33.277+03,,,
11281,17,7,2026-05-22 19:40:18.915+03,27.100,27.100,
11281,17,8,2026-05-22 19:46:25.33+03,393.500,393.500,
11281,17,16,2026-05-22 20:13:45.896+03,2034.000,2034.000,
11281,17,30,2026-05-22 20:39:24.1+03,431.700,431.700,
11281,17,33,2026-05-22 20:48:12.063+03,959.600,959.600,
11281,18,1,2026-05-22 19:31:51.734+03,,,
11281,18,7,2026-05-22 19:46:12.998+03,,,
11281,18,16,2026-05-22 20:13:03.227+03,,,
11281,18,24,2026-05-22 20:30:59.876+03,407.400,407.400,
11281,18,32,2026-05-22 20:48:08.717+03,318.200,318.200,
11281,19,1,2026-05-22 19:30:32.706+03,,,
11281,19,6,2026-05-22 19:46:04.159+03,470.400,470.400,
11281,19,14,2026-05-22 20:13:58.436+03,992.500,992.500,
11281,19,23,2026-05-22 20:26:37.273+03,25.500,25.500,
11281,19,24,2026-05-22 20:34:42.562+03,412.000,412.000,
11281,19,29,2026-05-22 20:48:04.14+03,362.000,362.000,
11281,20,1,2026-05-22 19:30:22.124+03,,,
11281,20,4,2026-05-22 19:51:02.581+03,935.500,935.500,
11281,20,9,2026-05-22 20:13:31.49+03,2284.500,2284.500,
11281,20,17,2026-05-22 20:24:51.176+03,37.400,37.400,
11281,20,20,2026-05-22 20:39:56.054+03,617.700,617.700,
11281,20,23,2026-05-22 20:48:22.696+03,1124.400,1124.400,
11281,27,1,2026-05-22 19:30:19.188+03,,,
11281,27,8,2026-05-22 19:52:35.626+03,,,
11281,27,11,2026-05-22 20:13:53.345+03,1017.900,1017.900,
11281,27,24,2026-05-22 20:42:11.376+03,662.000,662.000,
11281,27,25,2026-05-22 20:48:25.155+03,1035.800,1035.800,
11281,28,1,2026-05-22 19:30:07.101+03,,,
11281,28,8,2026-05-22 19:52:56.978+03,,,
11281,28,12,2026-05-22 20:13:26.04+03,,,
11281,28,24,2026-05-22 20:35:24.761+03,342.400,342.400,
11281,28,30,2026-05-22 20:48:55.162+03,1152.700,1152.700,
11281,29,1,2026-05-22 19:31:12.992+03,,,
11281,30,1,2026-05-22 19:31:48.928+03,,,
11281,30,7,2026-05-22 19:54:26.475+03,,,
11281,30,10,2026-05-22 20:13:47.641+03,,,
11281,30,15,2026-05-22 20:29:40.01+03,527.000,527.000,
11281,30,24,2026-05-22 20:42:35.59+03,43.400,43.400,
11281,30,25,2026-05-22 20:48:16.307+03,384.100,384.100,
11282,1,1,2026-05-22 23:32:35.164+03,,,
11282,1,7,2026-05-23 00:11:54.235+03,,,
11282,1,11,2026-05-23 00:27:16.991+03,593.100,593.100,
11282,2,1,2026-05-22 23:30:23.269+03,,,
11282,2,8,2026-05-23 00:08:40.595+03,,,
11282,2,11,2026-05-23 00:27:24.42+03,871.300,871.300,
11282,3,1,2026-05-22 23:31:03.71+03,,,
11282,3,7,2026-05-22 23:59:23.459+03,,,
11282,3,8,2026-05-23 00:08:29.658+03,458.200,458.200,
11282,4,1,2026-05-22 23:32:15.745+03,,,
11282,4,7,2026-05-23 00:09:11.421+03,,,
11282,4,12,2026-05-23 00:25:41.322+03,553.200,553.200,
11282,6,1,2026-05-22 23:32:10.517+03,,,
11282,6,7,2026-05-22 23:59:24.599+03,,,
11282,7,1,2026-05-22 23:31:53.635+03,,,
11282,7,7,2026-05-23 00:08:07.349+03,,,
11282,7,12,2026-05-23 00:28:00.754+03,763.000,763.000,
11282,8,1,2026-05-22 23:30:49.632+03,,,
11282,9,1,2026-05-22 23:30:05.973+03,,,
11282,9,8,2026-05-23 00:09:05.582+03,,,
11282,9,14,2026-05-23 00:26:33.875+03,537.400,537.400,
11282,10,1,2026-05-22 23:30:55.491+03,,,
11282,10,8,2026-05-22 23:59:04.047+03,,,
11282,13,1,2026-05-22 23:31:26.839+03,,,
11282,13,7,2026-05-22 23:59:21.459+03,,,
11282,13,8,2026-05-23 00:09:21.15+03,511.900,511.900,
11282,15,1,2026-05-22 23:30:26.738+03,,,
11282,15,8,2026-05-22 23:59:18.177+03,,,
11282,15,10,2026-05-23 00:08:21.897+03,367.300,367.300,
11282,16,1,2026-05-22 23:30:02.91+03,,,
11282,16,9,2026-05-22 23:59:14.187+03,,,
11282,16,12,2026-05-23 00:09:00.585+03,338.900,338.900,
11282,16,18,2026-05-23 00:25:36.056+03,483.700,483.700,
11282,17,1,2026-05-22 23:30:09.738+03,,,
11282,17,8,2026-05-22 23:59:02.559+03,,,
11282,17,11,2026-05-23 00:08:48.367+03,328.100,328.100,
11282,17,19,2026-05-23 00:25:48.259+03,311.600,311.600,
11282,18,1,2026-05-22 23:31:46.701+03,,,
11282,18,7,2026-05-23 00:08:03.099+03,,,
11282,18,14,2026-05-23 00:26:22.741+03,514.100,514.100,
11282,19,1,2026-05-22 23:31:14.348+03,,,
11282,19,7,2026-05-23 00:09:26.195+03,,,
11282,19,11,2026-05-23 00:27:32.869+03,729.300,729.300,
11282,20,1,2026-05-22 23:30:17.538+03,,,
11282,20,8,2026-05-22 23:59:17.156+03,,,
11282,20,10,2026-05-23 00:08:19.168+03,370.800,370.800,
11282,27,1,2026-05-22 23:31:07.684+03,,,
11282,27,8,2026-05-22 23:59:26.05+03,,,
11282,28,1,2026-05-22 23:30:33.327+03,,,
11282,28,8,2026-05-23 00:08:45.945+03,,,
11282,28,15,2026-05-23 00:27:29.142+03,529.200,529.200,
11282,29,1,2026-05-22 23:32:09.595+03,,,
11282,29,7,2026-05-22 23:59:29.459+03,,,
11282,29,9,2026-05-23 00:08:15.099+03,349.900,349.900,
11282,30,1,2026-05-22 23:30:11.722+03,,,
11282,30,8,2026-05-22 23:59:24.224+03,,,
11286,4,7,2026-05-23 19:15:39.227+03,155.100,155.100,
11286,4,9,2026-05-23 19:18:32.832+03,23.500,23.500,
11286,6,19,2026-05-23 19:29:03.467+03,70.600,70.600,
11286,8,15,2026-05-23 19:23:24.074+03,24.600,24.600,
11286,12,14,2026-05-23 19:22:01.414+03,24.000,24.000,
11286,20,18,2026-05-23 19:27:20.351+03,38.400,38.400,
11287,1,1,2026-05-23 23:02:19.171+03,,,
11287,1,6,2026-05-23 23:25:56.964+03,988.000,988.000,
11287,1,11,2026-05-23 23:35:16.875+03,131.700,131.700,
11287,1,15,2026-05-23 23:47:02.339+03,373.300,373.300,
11287,1,19,2026-05-23 23:54:59.922+03,148.700,148.700,
11287,2,1,2026-05-23 23:01:12.069+03,,,
11287,2,5,2026-05-23 23:09:53.993+03,176.200,176.200,
11287,2,11,2026-05-23 23:25:14.326+03,414.200,414.200,
11287,2,17,2026-05-23 23:35:40.664+03,117.800,117.800,
11287,2,21,2026-05-23 23:47:18.254+03,356.000,356.000,
11287,2,25,2026-05-23 23:55:41.058+03,169.100,169.100,
11287,3,1,2026-05-23 23:01:22.079+03,,,
11287,3,7,2026-05-23 23:11:45.334+03,75.000,75.000,
11287,3,13,2026-05-23 23:26:24.326+03,354.100,354.100,
11287,3,17,2026-05-23 23:33:07.315+03,60.400,60.400,
11287,4,1,2026-05-23 23:03:26.048+03,,,
11287,4,6,2026-05-23 23:26:11.253+03,937.100,937.100,
11287,4,11,2026-05-23 23:35:25.904+03,126.500,126.500,
11287,4,15,2026-05-23 23:47:06.956+03,359.400,359.400,
11287,4,19,2026-05-23 23:55:56.217+03,198.600,198.600,
11287,6,1,2026-05-23 23:00:30.356+03,,,
11287,6,6,2026-05-23 23:10:08.149+03,134.600,134.600,
11287,6,11,2026-05-23 23:25:08.203+03,449.300,449.300,
11287,6,15,2026-05-23 23:33:19.125+03,142.200,142.200,
11287,7,1,2026-05-23 23:01:51.373+03,,,
11287,7,7,2026-05-23 23:26:49.044+03,983.900,983.900,
11287,7,11,2026-05-23 23:33:48.555+03,90.600,90.600,
11287,7,17,2026-05-23 23:48:02.01+03,344.000,344.000,
11287,7,21,2026-05-23 23:55:11.662+03,97.500,97.500,
11287,8,1,2026-05-23 23:00:54.972+03,,,
11287,8,6,2026-05-23 23:11:09.874+03,171.700,171.700,
11287,9,1,2026-05-23 23:02:14.226+03,,,
11287,9,12,2026-05-23 23:25:51.72+03,482.700,482.700,
11287,9,18,2026-05-23 23:36:16.393+03,108.000,108.000,
11287,9,22,2026-05-23 23:47:36.783+03,337.500,337.500,
11287,9,26,2026-05-23 23:55:14.776+03,118.500,118.500,
11287,10,1,2026-05-23 23:00:43.727+03,,,
11287,10,6,2026-05-23 23:11:15.605+03,184.400,184.400,
11287,12,1,2026-05-23 23:00:02.712+03,,,
11287,12,7,2026-05-23 23:09:19.481+03,35.000,35.000,
11287,13,1,2026-05-23 23:01:39.002+03,,,
11287,13,6,2026-05-23 23:11:40.024+03,164.800,164.800,
11287,13,12,2026-05-23 23:26:56.42+03,406.200,406.200,
11287,13,16,2026-05-23 23:32:54.567+03,27.000,27.000,
11287,14,1,2026-05-23 23:00:08.895+03,,,
11287,14,7,2026-05-23 23:10:25.812+03,94.500,94.500,
11287,14,13,2026-05-23 23:25:24.413+03,386.800,386.800,
11287,14,17,2026-05-23 23:32:35.507+03,72.700,72.700,
11287,15,1,2026-05-23 23:00:18.733+03,,,
11287,15,7,2026-05-23 23:11:00.068+03,107.300,107.300,
11287,16,1,2026-05-23 23:02:07.362+03,,,
11287,16,12,2026-05-23 23:25:47.785+03,470.100,470.100,
11287,16,17,2026-05-23 23:34:55.696+03,113.300,113.300,
11287,16,21,2026-05-23 23:47:29.6+03,419.300,419.300,
11287,16,25,2026-05-23 23:55:31.702+03,149.500,149.500,
11287,17,1,2026-05-23 23:00:22.36+03,,,
11287,17,7,2026-05-23 23:11:12.206+03,121.100,121.100,
11287,17,13,2026-05-23 23:25:32.793+03,321.000,321.000,
11287,17,14,2026-05-23 23:27:29.445+03,26.000,26.000,
11287,17,18,2026-05-23 23:35:45.512+03,161.400,161.400,
11287,18,1,2026-05-23 23:01:43.398+03,,,
11287,18,7,2026-05-23 23:26:29.34+03,976.600,976.600,
11287,18,11,2026-05-23 23:33:42.536+03,90.800,90.800,
11287,18,16,2026-05-23 23:47:56.367+03,438.100,438.100,
11287,18,19,2026-05-23 23:53:37.863+03,87.500,87.500,
11287,19,1,2026-05-23 23:01:15.77+03,,,
11287,19,6,2026-05-23 23:10:56.37+03,145.900,145.900,
11287,19,12,2026-05-23 23:25:18.536+03,348.000,348.000,
11287,19,17,2026-05-23 23:34:39.347+03,116.100,116.100,
11287,19,22,2026-05-23 23:47:11.78+03,322.700,322.700,
11287,19,26,2026-05-23 23:55:48.248+03,179.400,179.400,
11287,20,1,2026-05-23 23:00:14.667+03,,,
11287,20,7,2026-05-23 23:10:58.789+03,120.800,120.800,
11287,20,13,2026-05-23 23:25:31.888+03,352.400,352.400,
11287,20,18,2026-05-23 23:34:19.119+03,82.000,82.000,
11287,27,1,2026-05-23 23:00:38.16+03,,,
11287,27,7,2026-05-23 23:11:53.709+03,133.800,133.800,
11287,28,1,2026-05-23 23:00:29.368+03,,,
11287,28,5,2026-05-23 23:06:50.948+03,27.600,27.600,
11287,28,13,2026-05-23 23:27:35.033+03,571.000,571.000,
11287,28,17,2026-05-23 23:35:51.587+03,150.800,150.800,
11287,28,21,2026-05-23 23:47:45.22+03,354.600,354.600,
11287,28,25,2026-05-23 23:55:07.506+03,107.900,107.900,
11287,29,1,2026-05-23 23:00:56.085+03,,,
11287,29,5,2026-05-23 23:10:04.2+03,187.900,187.900,
11287,29,11,2026-05-23 23:25:06.573+03,367.900,367.900,
11287,29,15,2026-05-23 23:33:14.249+03,145.800,145.800,
11287,29,20,2026-05-23 23:48:10.683+03,442.700,442.700,
11287,29,24,2026-05-23 23:56:03.433+03,129.100,129.100,
11287,30,1,2026-05-23 23:00:33.833+03,,,
11287,30,7,2026-05-23 23:11:47.019+03,141.700,141.700,
11291,1,31,2026-05-24 23:50:23.022+03,25.100,25.100,
11291,2,2,2026-05-24 23:12:53.655+03,23.400,23.400,
11291,2,15,2026-05-24 23:30:15.392+03,28.800,28.800,
11291,3,2,2026-05-24 23:13:12.614+03,28.100,28.100,
11291,3,18,2026-05-24 23:34:34.135+03,24.700,24.700,
11291,4,31,2026-05-24 23:50:38.006+03,24.900,24.900,
11291,4,52,2026-05-25 00:18:25.134+03,34.700,34.700,
11291,4,62,2026-05-25 00:31:49.681+03,34.800,34.800,
11291,6,30,2026-05-24 23:49:55.41+03,25.600,25.600,
11291,7,31,2026-05-24 23:50:16.912+03,25.100,25.100,
11291,8,20,2026-05-24 23:37:15.069+03,24.700,24.700,
11291,9,31,2026-05-24 23:50:40.85+03,30.100,30.100,
11291,10,14,2026-05-24 23:29:29.471+03,24.200,24.200,
11291,10,49,2026-05-25 00:17:51.3+03,24.100,24.100,
11291,13,2,2026-05-24 23:13:06.553+03,24.900,24.900,
11291,13,20,2026-05-24 23:37:09.895+03,31.000,31.000,
11291,14,30,2026-05-24 23:49:47.971+03,24.100,24.100,
11291,15,16,2026-05-24 23:31:52.896+03,24.800,24.800,
11291,15,30,2026-05-24 23:51:29.219+03,35.300,35.300,
11291,16,31,2026-05-24 23:50:34.865+03,25.900,25.900,
11291,17,2,2026-05-24 23:13:10.208+03,24.700,24.700,
11291,17,30,2026-05-24 23:50:09.459+03,25.600,25.600,
11291,19,1,2026-05-24 23:11:35.201+03,24.100,24.100,
11291,19,12,2026-05-24 23:26:37.176+03,36.600,36.600,
11291,19,51,2026-05-25 00:18:50.366+03,36.100,36.100,
11291,20,30,2026-05-24 23:50:19.553+03,44.900,44.900,
11291,27,2,2026-05-24 23:13:13.091+03,25.700,25.700,
11291,27,15,2026-05-24 23:30:47.863+03,25.100,25.100,
11291,27,29,2026-05-24 23:49:46.801+03,24.900,24.900,
11291,29,30,2026-05-24 23:49:34.153+03,25.600,25.600,
11291,30,3,2026-05-24 23:14:43.855+03,28.200,28.200,
11291,30,9,2026-05-24 23:23:13.509+03,24.800,24.800,
11291,30,29,2026-05-24 23:51:02.188+03,24.400,24.400,
11291,30,49,2026-05-25 00:18:48.229+03,31.100,31.100,
11292,1,1,2026-06-05 14:30:15.874+03,,,
11292,1,12,2026-06-05 14:51:11.757+03,349.100,349.100,
11292,1,17,2026-06-05 15:13:23.568+03,915.100,915.100,
11292,2,1,2026-06-05 14:31:15.407+03,,,
11292,2,12,2026-06-05 14:59:51.919+03,796.200,796.200,
11292,2,16,2026-06-05 15:14:44.082+03,1688.300,1688.300,
11292,2,25,2026-06-05 15:29:29.206+03,2573.500,2573.500,
11292,3,1,2026-06-05 14:31:07.279+03,,,
11292,3,8,2026-06-05 14:44:32.595+03,197.100,197.100,
11292,3,19,2026-06-05 15:13:07.318+03,745.800,745.800,
11292,3,29,2026-06-05 15:29:40.02+03,1738.500,1738.500,
11292,4,1,2026-06-05 14:30:19.346+03,,,
11292,4,12,2026-06-05 15:01:30.962+03,945.500,945.500,
11292,6,1,2026-06-05 14:31:59.859+03,,,
11292,6,20,2026-06-05 15:13:16.694+03,871.900,871.900,
11292,6,30,2026-06-05 15:29:30.596+03,1845.800,1845.800,
11292,7,1,2026-06-05 14:31:21.569+03,,,
11292,7,14,2026-06-05 14:55:23.571+03,362.600,362.600,
11292,7,22,2026-06-05 15:18:10.21+03,1729.400,1729.400,
11292,7,29,2026-06-05 15:29:47.121+03,2426.200,2426.200,
11292,8,1,2026-06-05 14:31:51.069+03,,,
11292,8,5,2026-06-05 14:42:52.57+03,311.800,311.800,
11292,8,13,2026-06-05 15:13:38.64+03,1163.500,1163.500,
11292,9,1,2026-06-05 14:30:40.71+03,,,
11292,9,5,2026-06-05 14:37:51.464+03,45.100,45.100,
11292,9,20,2026-06-05 15:13:52.239+03,913.400,913.400,
11292,9,29,2026-06-05 15:29:45.744+03,1866.900,1866.900,
11292,10,1,2026-06-05 14:31:30.513+03,,,
11292,10,2,2026-06-05 14:41:40.776+03,515.600,515.600,
11292,10,14,2026-06-05 15:23:23.255+03,1469.000,1469.000,
11292,12,1,2026-06-05 14:31:36.007+03,,,
11292,12,22,2026-06-05 15:14:12.791+03,798.700,798.700,
11292,12,31,2026-06-05 15:29:31.954+03,1718.000,1718.000,
11292,13,1,2026-06-05 14:31:53.519+03,,,
11292,13,15,2026-06-05 15:13:03.426+03,1256.700,1256.700,
11292,13,25,2026-06-05 15:29:22.453+03,2235.700,2235.700,
11292,14,1,2026-06-05 14:30:34.173+03,,,
11292,14,12,2026-06-05 14:47:25.234+03,33.800,33.800,
11292,14,19,2026-06-05 15:01:42.069+03,247.600,247.600,
11292,14,22,2026-06-05 15:14:04.568+03,990.000,990.000,
11292,14,29,2026-06-05 15:30:01.533+03,357.800,357.800,
11292,15,1,2026-06-05 14:30:52.476+03,,,
11292,15,20,2026-06-05 15:14:36.254+03,1019.600,1019.600,
11292,15,29,2026-06-05 15:29:56.343+03,1939.700,1939.700,
11292,16,1,2026-06-05 14:31:02.536+03,,,
11292,16,13,2026-06-05 14:49:05.378+03,31.600,31.600,
11292,16,18,2026-06-05 15:14:24.31+03,1048.200,1048.200,
11292,16,26,2026-06-05 15:29:54.233+03,1978.300,1978.300,
11292,17,1,2026-06-05 14:32:17.049+03,,,
11292,17,8,2026-06-05 14:48:57.103+03,412.200,412.200,
11292,17,20,2026-06-05 15:13:44.024+03,1899.300,1899.300,
11292,17,29,2026-06-05 15:29:27.098+03,2842.300,2842.300,
11292,18,1,2026-06-05 14:31:43.703+03,,,
11292,18,10,2026-06-05 14:53:34.882+03,532.900,532.900,
11292,18,19,2026-06-05 15:14:32.209+03,1790.300,1790.300,
11292,18,27,2026-06-05 15:29:19.616+03,2677.600,2677.600,
11292,19,1,2026-06-05 14:31:26.225+03,,,
11292,19,6,2026-06-05 14:39:17.154+03,49.900,49.900,
11292,19,14,2026-06-05 14:51:22.114+03,40.800,40.800,
11292,19,15,2026-06-05 15:00:21.588+03,448.000,448.000,
11292,19,19,2026-06-05 15:14:48.546+03,1314.900,1314.900,
11292,19,27,2026-06-05 15:29:42.05+03,2208.400,2208.400,
11292,20,1,2026-06-05 14:30:47.325+03,,,
11292,20,19,2026-06-05 15:04:10.706+03,421.100,421.100,
11292,20,20,2026-06-05 15:13:58.5+03,1009.000,1009.000,
11292,20,29,2026-06-05 15:29:57.669+03,1968.100,1968.100,
11292,27,1,2026-06-05 14:30:03.218+03,,,
11292,27,7,2026-06-05 14:46:04.984+03,441.700,441.700,
11292,27,14,2026-06-05 14:56:52.449+03,61.100,61.100,
11292,27,19,2026-06-05 15:16:35.859+03,759.700,759.700,
11292,27,26,2026-06-05 15:29:37.872+03,1541.800,1541.800,
11292,28,1,2026-06-05 14:30:09.383+03,,,
11292,28,19,2026-06-05 14:59:59.14+03,213.200,213.200,
11292,28,23,2026-06-05 15:13:30.547+03,1024.700,1024.700,
11292,28,32,2026-06-05 15:29:14.5+03,1968.600,1968.600,
11292,29,1,2026-06-05 14:30:27.346+03,,,
11292,29,22,2026-06-05 15:15:13.469+03,875.700,875.700,
11292,29,30,2026-06-05 15:29:24.233+03,1726.500,1726.500,
11292,30,1,2026-06-05 14:30:29.888+03,,,
11292,30,16,2026-06-05 15:13:10.046+03,1181.600,1181.600,
11292,30,25,2026-06-05 15:29:08.794+03,2140.400,2140.400,
11293,1,1,2026-06-05 18:00:08.377+03,,,
11293,1,11,2026-06-05 18:22:07.869+03,474.600,474.600,
11293,1,21,2026-06-05 18:40:18.354+03,288.700,288.700,
11293,1,31,2026-06-05 18:53:40.128+03,29.900,29.900,
11293,1,32,2026-06-05 18:58:54.547+03,344.400,344.400,
11293,2,1,2026-06-05 18:01:00.298+03,,,
11293,2,7,2026-06-05 18:10:08.926+03,38.000,38.000,
11293,3,1,2026-06-05 18:00:30.169+03,,,
11293,3,10,2026-06-05 18:14:23.542+03,31.600,31.600,
11293,3,12,2026-06-05 18:23:51.707+03,370.600,370.600,
11293,3,28,2026-06-05 18:51:17.05+03,287.600,287.600,
11293,3,31,2026-06-05 18:58:08.287+03,698.800,698.800,
11293,4,1,2026-06-05 18:11:04.651+03,,,
11293,4,4,2026-06-05 18:21:09.694+03,284.900,284.900,
11293,4,12,2026-06-05 18:39:03.277+03,407.100,407.100,
11293,4,20,2026-06-05 18:54:52.807+03,303.600,303.600,
11293,4,21,2026-06-05 18:59:12.944+03,563.800,563.800,
11293,6,1,2026-06-05 18:00:13.815+03,,,
11293,6,10,2026-06-05 18:19:31.133+03,336.500,336.500,
11293,6,26,2026-06-05 18:46:19.779+03,249.100,249.100,
11293,6,33,2026-06-05 18:58:03.469+03,952.800,952.800,
11293,7,1,2026-06-05 18:01:20.164+03,,,
11293,7,8,2026-06-05 18:12:20.267+03,20.900,20.900,
11293,7,11,2026-06-05 18:22:47.193+03,311.500,311.500,
11293,7,27,2026-06-05 18:50:37.344+03,291.200,291.200,
11293,7,31,2026-06-05 18:58:32.888+03,766.800,766.800,
11293,8,1,2026-06-05 18:01:48.414+03,,,
11293,8,9,2026-06-05 18:16:55.039+03,188.400,188.400,
11293,8,16,2026-06-05 18:35:48.463+03,545.600,545.600,
11293,8,24,2026-06-05 18:51:24.738+03,276.000,276.000,
11293,8,27,2026-06-05 18:58:40.267+03,711.600,711.600,
11293,9,1,2026-06-05 18:01:06.784+03,,,
11293,9,17,2026-06-05 18:29:12.61+03,290.400,290.400,
11293,9,31,2026-06-05 18:54:35.775+03,301.400,301.400,
11293,9,32,2026-06-05 18:58:06.271+03,512.000,512.000,
11293,10,1,2026-06-05 18:01:38.844+03,,,
11293,10,16,2026-06-05 18:31:26.465+03,442.200,442.200,
11293,12,1,2026-06-05 18:01:31.607+03,,,
11293,12,18,2026-06-05 18:26:34.769+03,31.600,31.600,
11293,12,30,2026-06-05 18:48:43.849+03,319.400,319.400,
11293,12,35,2026-06-05 18:58:16.024+03,891.500,891.500,
11293,13,1,2026-06-05 18:00:20.044+03,,,
11293,13,11,2026-06-05 18:22:13.291+03,452.100,452.100,
11293,13,21,2026-06-05 18:42:07.099+03,350.100,350.100,
11293,13,31,2026-06-05 18:58:25.124+03,1328.100,1328.100,
11293,14,1,2026-06-05 18:00:34.748+03,,,
11293,14,16,2026-06-05 18:26:40.435+03,231.400,231.400,
11293,14,29,2026-06-05 18:52:08.163+03,421.400,421.400,
11293,14,32,2026-06-05 18:58:30.887+03,804.000,804.000,
11293,15,1,2026-06-05 18:01:35.656+03,,,
11293,15,16,2026-06-05 18:27:37.769+03,218.900,218.900,
11293,15,27,2026-06-05 18:50:19.86+03,460.700,460.700,
11293,15,31,2026-06-05 18:58:10.856+03,931.700,931.700,
11293,16,1,2026-06-05 18:00:45.878+03,,,
11293,16,20,2026-06-05 18:32:56.133+03,209.200,209.200,
11293,16,27,2026-06-05 18:43:46.644+03,43.400,43.400,
11293,16,31,2026-06-05 18:54:08.206+03,283.200,283.200,
11293,16,32,2026-06-05 18:58:17.082+03,532.000,532.000,
11293,17,1,2026-06-05 18:02:05.104+03,,,
11293,17,10,2026-06-05 18:16:09.847+03,19.800,19.800,
11293,17,15,2026-06-05 18:29:09.189+03,358.500,358.500,
11293,17,27,2026-06-05 18:50:23.079+03,264.300,264.300,
11293,17,31,2026-06-05 18:58:33.853+03,755.000,755.000,
11293,18,1,2026-06-05 18:00:03.259+03,,,
11293,18,12,2026-06-05 18:23:00.461+03,348.100,348.100,
11293,18,26,2026-06-05 18:48:09.88+03,303.400,303.400,
11293,18,32,2026-06-05 18:58:44.509+03,938.100,938.100,
11293,19,1,2026-06-05 18:01:51.698+03,,,
11293,19,9,2026-06-05 18:23:34.19+03,569.700,569.700,
11293,19,12,2026-06-05 18:28:29.022+03,41.300,41.300,
11293,19,20,2026-06-05 18:45:07.693+03,320.000,320.000,
11293,19,28,2026-06-05 18:58:36.924+03,1129.200,1129.200,
11293,20,1,2026-06-05 18:01:12.657+03,,,
11293,20,15,2026-06-05 18:26:29.005+03,231.200,231.200,
11293,20,26,2026-06-05 18:46:08.645+03,234.600,234.600,
11293,20,33,2026-06-05 18:58:14.033+03,960.000,960.000,
11293,27,1,2026-06-05 18:01:23.695+03,,,
11293,27,15,2026-06-05 18:26:53.809+03,239.600,239.600,
11293,27,24,2026-06-05 18:44:43.457+03,308.000,308.000,
11293,27,25,2026-06-05 18:46:31.592+03,25.800,25.800,
11293,28,1,2026-06-05 18:00:25.393+03,,,
11293,28,15,2026-06-05 18:24:52.356+03,199.300,199.300,
11293,28,30,2026-06-05 18:51:43.342+03,312.400,312.400,
11293,28,33,2026-06-05 18:58:18.543+03,707.600,707.600,
11293,29,1,2026-06-05 18:00:52.482+03,,,
11293,29,11,2026-06-05 18:24:36.025+03,520.800,520.800,
11293,29,21,2026-06-05 18:47:22.85+03,476.900,476.900,
11293,29,27,2026-06-05 18:58:28.587+03,1142.600,1142.600,
11293,30,1,2026-06-05 18:01:26.32+03,,,
11293,30,10,2026-06-05 18:24:28.021+03,583.100,583.100,
11293,30,21,2026-06-05 18:45:02.871+03,282.900,282.900,
11294,1,1,2026-06-06 13:40:25.038+03,,,
11294,1,6,2026-06-06 13:52:19.732+03,313.300,313.300,
11294,1,15,2026-06-06 14:09:59.022+03,326.200,326.200,
11294,1,19,2026-06-06 14:27:02.487+03,1349.800,1349.800,
11294,2,1,2026-06-06 13:36:01.561+03,,,
11294,2,9,2026-06-06 13:47:37.872+03,43.600,43.600,
11294,2,17,2026-06-06 14:10:10.688+03,693.600,693.600,
11294,2,21,2026-06-06 14:27:36.334+03,1739.300,1739.300,
11294,3,1,2026-06-06 13:36:52.343+03,,,
11294,3,8,2026-06-06 13:47:13.152+03,28.300,28.300,
11294,3,18,2026-06-06 14:08:18.043+03,421.900,421.900,
11294,3,23,2026-06-06 14:26:25.536+03,1509.400,1509.400,
11294,4,1,2026-06-06 13:40:34.1+03,,,
11294,4,6,2026-06-06 13:47:48.654+03,28.200,28.200,
11294,4,16,2026-06-06 14:07:43.793+03,401.500,401.500,
11294,4,20,2026-06-06 14:13:36.688+03,31.100,31.100,
11294,4,21,2026-06-06 14:27:11.081+03,845.400,845.400,
11294,6,1,2026-06-06 13:39:44.006+03,,,
11294,6,16,2026-06-06 14:13:25.141+03,731.900,731.900,
11294,6,18,2026-06-06 14:26:11.005+03,1497.700,1497.700,
11294,7,1,2026-06-06 13:41:38.193+03,,,
11294,7,7,2026-06-06 13:50:44.555+03,29.400,29.400,
11294,7,13,2026-06-06 14:06:50.652+03,478.700,478.700,
11294,7,20,2026-06-06 14:29:49.772+03,1857.800,1857.800,
11294,8,1,2026-06-06 13:31:29.804+03,,,
11294,8,12,2026-06-06 13:56:37.206+03,587.100,587.100,
11294,8,20,2026-06-06 14:13:21.344+03,332.000,332.000,
11294,8,22,2026-06-06 14:26:37.286+03,1127.600,1127.600,
11294,9,1,2026-06-06 13:30:37.909+03,,,
11294,9,18,2026-06-06 13:55:38.585+03,39.200,39.200,
11294,9,22,2026-06-06 14:07:23.261+03,373.000,373.000,
11294,9,28,2026-06-06 14:27:00.273+03,1549.900,1549.900,
11294,10,1,2026-06-06 13:30:44.469+03,,,
11294,10,9,2026-06-06 13:48:29.06+03,366.300,366.300,
11294,10,14,2026-06-06 14:07:38.558+03,695.900,695.900,
11294,10,20,2026-06-06 14:26:41.317+03,1838.700,1838.700,
11294,12,1,2026-06-06 13:42:04.287+03,,,
11294,12,17,2026-06-06 14:11:32.953+03,332.400,332.400,
11294,12,20,2026-06-06 14:26:56.567+03,1256.000,1256.000,
11294,13,1,2026-06-06 13:39:14.522+03,,,
11294,13,12,2026-06-06 14:07:52.152+03,761.700,761.700,
11294,13,18,2026-06-06 14:26:18.567+03,1868.200,1868.200,
11294,14,1,2026-06-06 13:31:06.452+03,,,
11294,14,7,2026-06-06 13:39:54.022+03,33.200,33.200,
11294,14,10,2026-06-06 13:49:24.482+03,320.900,320.900,
11294,14,20,2026-06-06 14:04:11.674+03,31.500,31.500,
11294,14,23,2026-06-06 14:14:40.064+03,389.900,389.900,
11294,14,24,2026-06-06 14:27:15.893+03,1145.800,1145.800,
11294,15,1,2026-06-06 13:36:32.014+03,,,
11294,15,14,2026-06-06 14:07:46.824+03,757.300,757.300,
11294,15,20,2026-06-06 14:26:28.177+03,1878.600,1878.600,
11294,16,1,2026-06-06 13:30:22.595+03,,,
11294,16,18,2026-06-06 13:54:37.802+03,26.900,26.900,
11294,16,22,2026-06-06 14:08:15.808+03,457.400,457.400,
11294,16,27,2026-06-06 14:27:31.831+03,1613.400,1613.400,
11294,17,1,2026-06-06 13:38:42.206+03,,,
11294,17,18,2026-06-06 14:09:51.141+03,376.300,376.300,
11294,17,22,2026-06-06 14:26:57.833+03,1403.000,1403.000,
11294,18,1,2026-06-06 13:40:38.803+03,,,
11294,18,11,2026-06-06 13:56:46.448+03,76.800,76.800,
11294,18,14,2026-06-06 14:06:57.746+03,353.800,353.800,
11294,18,20,2026-06-06 14:27:24.034+03,1580.200,1580.200,
11294,19,1,2026-06-06 13:42:41.154+03,,,
11294,19,11,2026-06-06 13:57:40.636+03,45.500,45.500,
11294,19,16,2026-06-06 14:13:43.078+03,535.700,535.700,
11294,19,17,2026-06-06 14:27:39.409+03,1372.100,1372.100,
11294,20,1,2026-06-06 13:38:31.474+03,,,
11294,20,13,2026-06-06 14:07:14.324+03,681.000,681.000,
11294,27,1,2026-06-06 13:34:03.904+03,,,
11294,27,4,2026-06-06 13:53:19.318+03,901.000,901.000,
11294,27,8,2026-06-06 14:05:43.736+03,415.800,415.800,
11294,27,15,2026-06-06 14:26:03.161+03,1635.200,1635.200,
11294,28,1,2026-06-06 13:36:04.795+03,,,
11294,28,5,2026-06-06 13:42:21.662+03,33.200,33.200,
11294,28,13,2026-06-06 13:59:03.8+03,274.600,274.600,
11294,28,19,2026-06-06 14:13:30.687+03,364.700,364.700,
11294,28,20,2026-06-06 14:26:47.583+03,1161.600,1161.600,
11294,29,1,2026-06-06 13:34:53.324+03,,,
11294,29,17,2026-06-06 14:26:08.583+03,1652.500,1652.500,
11294,30,1,2026-06-06 13:30:27.957+03,,,
11294,30,5,2026-06-06 13:46:02.792+03,574.900,574.900,
11294,30,13,2026-06-06 14:26:07.426+03,1722.800,1722.800,
11295,1,1,2026-06-06 17:03:53.451+03,,,
11295,1,9,2026-06-06 17:32:16.177+03,1052.500,1052.500,
11295,1,15,2026-06-06 17:42:35.309+03,132.900,132.900,
11295,1,19,2026-06-06 17:55:16.609+03,444.400,444.400,
11295,1,23,2026-06-06 18:03:07.271+03,156.000,156.000,
11295,2,1,2026-06-06 17:01:23.118+03,,,
11295,2,12,2026-06-06 17:33:27.178+03,,,
11295,2,18,2026-06-06 17:41:59.567+03,28.300,28.300,
11295,2,22,2026-06-06 17:54:10.652+03,415.000,415.000,
11295,2,26,2026-06-06 18:02:43.104+03,195.000,195.000,
11295,3,1,2026-06-06 17:00:57.405+03,,,
11295,3,8,2026-06-06 17:11:25.113+03,37.100,37.100,
11295,4,1,2026-06-06 17:01:16.532+03,,,
11295,4,9,2026-06-06 17:22:49.019+03,596.500,596.500,
11295,4,10,2026-06-06 17:33:19.049+03,538.900,538.900,
11295,4,14,2026-06-06 17:42:59.342+03,255.400,255.400,
11295,4,18,2026-06-06 17:55:24.216+03,417.700,417.700,
11295,4,22,2026-06-06 18:03:16.901+03,154.400,154.400,
11295,6,1,2026-06-06 17:00:16.217+03,,,
11295,6,6,2026-06-06 17:07:45.705+03,27.500,27.500,
11295,6,12,2026-06-06 17:22:11.038+03,892.900,892.900,
11295,6,14,2026-06-06 17:32:04.458+03,429.600,429.600,
11295,6,19,2026-06-06 17:40:30.675+03,96.300,96.300,
11295,6,25,2026-06-06 17:55:04.443+03,365.600,365.600,
11295,6,29,2026-06-06 18:02:20.93+03,110.800,110.800,
11295,7,1,2026-06-06 17:01:44.699+03,,,
11295,7,11,2026-06-06 17:33:40.84+03,,,
11295,7,17,2026-06-06 17:42:30.235+03,29.100,29.100,
11295,7,21,2026-06-06 17:54:56.642+03,425.600,425.600,
11295,7,25,2026-06-06 18:03:36.401+03,198.600,198.600,
11295,8,1,2026-06-06 17:01:05.854+03,,,
11295,8,7,2026-06-06 17:10:00.555+03,29.300,29.300,
11295,8,12,2026-06-06 17:22:24.308+03,773.100,773.100,
11295,9,1,2026-06-06 17:01:29.547+03,,,
11295,9,11,2026-06-06 17:32:55.981+03,1038.100,1038.100,
11295,9,18,2026-06-06 17:43:17.027+03,42.300,42.300,
11295,9,22,2026-06-06 17:54:17.499+03,317.100,317.100,
11295,9,25,2026-06-06 18:01:12.092+03,175.600,175.600,
11295,10,1,2026-06-06 17:01:08.277+03,,,
11295,10,7,2026-06-06 17:10:05.7+03,30.000,30.000,
11295,10,11,2026-06-06 17:22:36.744+03,781.000,781.000,
11295,12,1,2026-06-06 17:00:42.382+03,,,
11295,12,8,2026-06-06 17:11:06.536+03,29.800,29.800,
11295,12,12,2026-06-06 17:22:29.387+03,712.600,712.600,
11295,12,15,2026-06-06 17:32:34.037+03,351.800,351.800,
11295,12,21,2026-06-06 17:42:51.195+03,118.100,118.100,
11295,13,1,2026-06-06 17:00:30.888+03,,,
11295,13,8,2026-06-06 17:10:58.945+03,27.000,27.000,
11295,13,12,2026-06-06 17:32:49.471+03,1337.500,1337.500,
11295,13,18,2026-06-06 17:42:10.182+03,61.500,61.500,
11295,14,1,2026-06-06 17:00:45.674+03,,,
11295,14,7,2026-06-06 17:09:46.059+03,39.400,39.400,
11295,14,12,2026-06-06 17:32:24.231+03,1397.600,1397.600,
11295,14,18,2026-06-06 17:41:23.444+03,36.000,36.000,
11295,14,22,2026-06-06 17:54:37.32+03,476.700,476.700,
11295,14,26,2026-06-06 18:02:25.493+03,146.200,146.200,
11295,15,1,2026-06-06 17:00:26.072+03,,,
11295,15,8,2026-06-06 17:10:38.177+03,28.100,28.100,
11295,15,12,2026-06-06 17:22:18.95+03,728.900,728.900,
11295,16,1,2026-06-06 17:01:40.05+03,,,
11295,16,11,2026-06-06 17:33:07.334+03,,,
11295,16,15,2026-06-06 17:39:37.858+03,57.500,57.500,
11295,16,17,2026-06-06 17:43:10.849+03,51.400,51.400,
11295,16,21,2026-06-06 17:54:30.454+03,336.200,336.200,
11295,16,25,2026-06-06 18:02:59.261+03,177.500,177.500,
11295,17,1,2026-06-06 17:00:50.452+03,,,
11295,17,8,2026-06-06 17:11:46.237+03,61.300,61.300,
11295,17,11,2026-06-06 17:22:26.202+03,701.300,701.300,
11295,17,14,2026-06-06 17:32:18.909+03,339.100,339.100,
11295,17,20,2026-06-06 17:42:44.736+03,119.600,119.600,
11295,18,1,2026-06-06 17:01:57.732+03,,,
11295,18,11,2026-06-06 17:33:33.659+03,,,
11295,18,17,2026-06-06 17:42:21.393+03,25.700,25.700,
11295,18,21,2026-06-06 17:54:49.769+03,423.900,423.900,
11295,18,25,2026-06-06 18:03:29.317+03,197.700,197.700,
11295,19,1,2026-06-06 17:01:48.388+03,,,
11295,19,11,2026-06-06 17:22:42.518+03,,,
11295,19,12,2026-06-06 17:33:10.844+03,532.500,532.500,
11295,19,16,2026-06-06 17:39:25.581+03,36.700,36.700,
11295,19,22,2026-06-06 17:54:03.334+03,374.300,374.300,
11295,19,26,2026-06-06 18:02:30.82+03,184.800,184.800,
11295,20,1,2026-06-06 17:00:21.073+03,,,
11295,20,9,2026-06-06 17:11:55.355+03,27.300,27.300,
11295,20,12,2026-06-06 17:22:15.815+03,647.700,647.700,
11295,27,1,2026-06-06 17:00:03.006+03,,,
11295,27,7,2026-06-06 17:11:40.171+03,201.700,201.700,
11295,27,11,2026-06-06 17:22:02.461+03,824.000,824.000,
11295,28,1,2026-06-06 17:00:35.72+03,,,
11295,28,7,2026-06-06 17:09:23.91+03,28.500,28.500,
11295,28,12,2026-06-06 17:22:40.465+03,825.100,825.100,
11295,28,13,2026-06-06 17:32:40.624+03,508.000,508.000,
11295,28,19,2026-06-06 17:41:44.45+03,49.400,49.400,
11295,29,1,2026-06-06 17:00:10.963+03,,,
11295,29,6,2026-06-06 17:08:23.679+03,74.300,74.300,
11295,29,12,2026-06-06 17:22:33.351+03,924.000,924.000,
11295,29,14,2026-06-06 17:32:09.204+03,379.200,379.200,
11295,29,19,2026-06-06 17:40:24.909+03,87.800,87.800,
11295,30,1,2026-06-06 17:00:06.545+03,,,
11295,30,8,2026-06-06 17:12:38.94+03,162.600,162.600,
11295,30,11,2026-06-06 17:22:05.801+03,729.400,729.400,
11299,3,1,2026-06-07 16:05:11.753+03,25.900,25.900,
11299,3,43,2026-06-07 17:01:33.347+03,24.600,24.600,
11299,3,58,2026-06-07 17:22:10.057+03,20.300,20.300,
11299,3,59,2026-06-07 17:24:06.813+03,24.800,24.800,
11299,3,65,2026-06-07 17:33:07.685+03,22.700,22.700,
11299,3,67,2026-06-07 18:10:29.774+03,2029.900,2029.900,
11299,3,68,2026-06-07 18:12:56.029+03,63.900,63.900,
11299,4,32,2026-06-07 16:45:28.474+03,24.700,24.700,
11299,4,60,2026-06-07 17:22:46.086+03,19.600,19.600,
11299,4,66,2026-06-07 17:32:48.418+03,22.300,22.300,
11299,4,68,2026-06-07 18:12:17.821+03,2156.600,2156.600,
11299,6,45,2026-06-07 17:02:41.495+03,25.500,25.500,
11299,6,60,2026-06-07 17:23:15.9+03,19.800,19.800,
11299,6,66,2026-06-07 17:33:01.288+03,23.300,23.300,
11299,6,68,2026-06-07 18:12:23.29+03,2151.500,2151.500,
11299,7,37,2026-06-07 16:50:58.679+03,24.100,24.100,
11299,7,61,2026-06-07 17:22:39.778+03,26.800,26.800,
11299,7,66,2026-06-07 17:32:43.844+03,20.700,20.700,
11299,7,68,2026-06-07 18:12:12.024+03,2154.100,2154.100,
11299,8,3,2026-06-07 16:07:51.62+03,24.900,24.900,
11299,8,58,2026-06-07 17:21:34.338+03,26.300,26.300,
11299,8,59,2026-06-07 17:23:27.51+03,20.200,20.200,
11299,8,65,2026-06-07 17:33:05.205+03,24.000,24.000,
11299,8,67,2026-06-07 18:10:21.68+03,2024.700,2024.700,
11299,8,68,2026-06-07 18:12:51.994+03,64.900,64.900,
11299,9,35,2026-06-07 16:48:48.285+03,25.300,25.300,
11299,9,60,2026-06-07 17:21:34.463+03,34.900,34.900,
11299,9,61,2026-06-07 17:23:29.885+03,20.000,20.000,
11299,10,4,2026-06-07 16:09:14.62+03,24.800,24.800,
11299,12,43,2026-06-07 17:00:37.472+03,25.500,25.500,
11299,12,59,2026-06-07 17:22:52.596+03,19.700,19.700,
11299,12,65,2026-06-07 17:32:53.44+03,22.700,22.700,
11299,12,67,2026-06-07 18:10:09.758+03,2024.100,2024.100,
11299,12,68,2026-06-07 18:12:34.79+03,62.200,62.200,
11299,13,12,2026-06-07 16:19:39.858+03,24.800,24.800,
11299,13,58,2026-06-07 17:21:17.307+03,20.500,20.500,
11299,13,59,2026-06-07 17:23:11.197+03,19.900,19.900,
11299,13,65,2026-06-07 17:32:57.28+03,22.300,22.300,
11299,13,67,2026-06-07 18:10:17.14+03,2027.000,2027.000,
11299,13,68,2026-06-07 18:12:42.993+03,61.900,61.900,
11299,14,44,2026-06-07 17:01:42.457+03,25.600,25.600,
11299,14,60,2026-06-07 17:23:41.002+03,19.900,19.900,
11299,14,66,2026-06-07 17:33:11.784+03,20.300,20.300,
11299,14,68,2026-06-07 18:12:29.165+03,2146.000,2146.000,
11299,15,9,2026-06-07 16:15:47.335+03,25.400,25.400,
11299,15,59,2026-06-07 17:23:09.338+03,19.900,19.900,
11299,15,65,2026-06-07 17:32:55.584+03,21.400,21.400,
11299,15,67,2026-06-07 18:10:14.53+03,2025.900,2025.900,
11299,15,68,2026-06-07 18:12:39.884+03,62.600,62.600,
11299,16,28,2026-06-07 16:39:40.204+03,24.100,24.100,
11299,16,60,2026-06-07 17:21:26.073+03,31.200,31.200,
11299,16,61,2026-06-07 17:23:26.682+03,24.200,24.200,
11299,16,66,2026-06-07 17:32:47.25+03,22.500,22.500,
11299,16,68,2026-06-07 18:12:15.196+03,2156.200,2156.200,
11299,17,52,2026-06-07 17:12:46.971+03,25.600,25.600,
11299,17,59,2026-06-07 17:22:54.064+03,19.800,19.800,
11299,17,65,2026-06-07 17:32:54.289+03,22.100,22.100,
11299,17,67,2026-06-07 18:10:12.693+03,2025.700,2025.700,
11299,17,68,2026-06-07 18:12:37.618+03,61.900,61.900,
11299,18,31,2026-06-07 16:44:09.388+03,24.000,24.000,
11299,18,60,2026-06-07 17:22:50.085+03,35.200,35.200,
11299,18,66,2026-06-07 17:32:50.457+03,22.500,22.500,
11299,18,68,2026-06-07 18:12:20.728+03,2158.100,2158.100,
11299,18,72,2026-06-07 18:19:38.018+03,19.700,19.700,
11299,19,48,2026-06-07 17:06:31.029+03,24.200,24.200,
11299,19,59,2026-06-07 17:21:25.635+03,31.400,31.400,
11299,19,60,2026-06-07 17:23:20.338+03,20.100,20.100,
11299,19,66,2026-06-07 17:33:03.979+03,23.400,23.400,
11299,19,68,2026-06-07 18:12:26.556+03,2151.400,2151.400,
11299,20,1,2026-06-07 16:05:15.738+03,32.100,32.100,
11299,27,4,2026-06-07 16:09:10.136+03,27.100,27.100,
11299,27,9,2026-06-07 16:15:59.835+03,19.700,19.700,
11299,27,59,2026-06-07 17:23:51.502+03,26.000,26.000,
11299,27,65,2026-06-07 17:33:06.706+03,23.800,23.800,
11299,27,67,2026-06-07 18:10:25.367+03,2026.800,2026.800,
11299,27,68,2026-06-07 18:12:54.552+03,65.800,65.800,
11299,28,59,2026-06-07 17:22:51.1+03,20.200,20.200,
11299,28,65,2026-06-07 17:32:52.04+03,22.700,22.700,
11299,28,67,2026-06-07 18:10:07.188+03,2023.000,2023.000,
11299,28,68,2026-06-07 18:12:32.696+03,62.500,62.500,
11299,29,35,2026-06-07 16:50:05.535+03,25.700,25.700,
11299,29,59,2026-06-07 17:23:14.713+03,21.900,21.900,
11299,29,65,2026-06-07 17:33:02.693+03,23.300,23.300,
11299,29,67,2026-06-07 18:10:18.492+03,2025.800,2025.800,
11299,29,68,2026-06-07 18:12:48.759+03,64.400,64.400,
11299,30,1,2026-06-07 16:05:11.097+03,26.700,26.700,
11300,1,1,2026-06-12 14:31:24.08+03,,,
11300,1,6,2026-06-12 14:40:39.652+03,81.000,81.000,
11300,1,11,2026-06-12 14:58:08.566+03,550.500,550.500,
11300,1,14,2026-06-12 15:03:34.6+03,37.700,37.700,
11300,1,17,2026-06-12 15:14:59.884+03,392.800,392.800,
11300,1,23,2026-06-12 15:24:18.738+03,24.200,24.200,
11300,3,1,2026-06-12 14:31:22.608+03,,,
11300,3,3,2026-06-12 14:41:33.393+03,427.100,427.100,
11300,3,6,2026-06-12 14:46:47.554+03,26.200,26.200,
11300,3,9,2026-06-12 14:52:03.679+03,17.000,17.000,
11300,3,12,2026-06-12 14:57:27.161+03,17.000,17.000,
11300,3,14,2026-06-12 15:10:25.801+03,567.000,567.000,
11300,3,17,2026-06-12 15:15:45.92+03,16.900,16.900,
11300,3,20,2026-06-12 15:21:03.986+03,25.600,25.600,
11300,6,1,2026-06-12 14:31:04.909+03,,,
11300,6,3,2026-06-12 14:37:02.646+03,149.100,149.100,
11300,6,12,2026-06-12 14:52:40.201+03,26.700,26.700,
11300,6,16,2026-06-12 15:05:28.288+03,382.100,382.100,
11300,6,19,2026-06-12 15:11:23.069+03,16.600,16.600,
11300,6,21,2026-06-12 15:19:20.707+03,282.300,282.300,
11300,8,1,2026-06-12 14:31:40.843+03,,,
11300,8,8,2026-06-12 14:53:09.664+03,610.100,610.100,
11300,8,13,2026-06-12 15:08:53.468+03,479.200,479.200,
11300,8,16,2026-06-12 15:14:21.757+03,32.000,32.000,
11300,8,19,2026-06-12 15:25:44.371+03,372.300,372.300,
11300,9,1,2026-06-12 14:31:13.197+03,,,
11300,9,7,2026-06-12 14:41:40.177+03,28.900,28.900,
11300,9,9,2026-06-12 14:52:22.515+03,434.500,434.500,
11300,9,12,2026-06-12 14:57:32.662+03,29.200,29.200,
11300,9,15,2026-06-12 15:06:26.405+03,228.800,228.800,
11300,9,18,2026-06-12 15:11:56.192+03,26.500,26.500,
11300,9,21,2026-06-12 15:22:06.304+03,346.500,346.500,
11300,10,1,2026-06-12 14:31:56.692+03,,,
11300,10,6,2026-06-12 14:40:35.948+03,31.600,31.600,
11300,10,9,2026-06-12 14:53:07.152+03,441.800,441.800,
11300,10,13,2026-06-12 15:09:07.088+03,542.800,542.800,
11300,10,19,2026-06-12 15:21:20.915+03,36.300,36.300,
11300,14,1,2026-06-12 14:31:09.639+03,,,
11300,14,5,2026-06-12 14:38:21.057+03,16.600,16.600,
11300,14,8,2026-06-12 14:43:36.015+03,16.600,16.600,
11300,14,10,2026-06-12 14:57:54.865+03,658.000,658.000,
11300,14,15,2026-06-12 15:11:29.946+03,343.800,343.800,
11300,14,19,2026-06-12 15:18:21.826+03,24.100,24.100,
11300,14,20,2026-06-12 15:26:14.761+03,377.000,377.000,
11300,15,1,2026-06-12 14:30:46.64+03,,,
11300,15,7,2026-06-12 14:41:35.455+03,36.300,36.300,
11300,15,13,2026-06-12 15:05:33.519+03,796.900,796.900,
11300,15,16,2026-06-12 15:16:20.271+03,362.400,362.400,
11300,15,21,2026-06-12 15:23:59.207+03,42.400,42.400,
11300,17,1,2026-06-12 14:35:12.59+03,,,
11300,17,2,2026-06-12 14:42:00.831+03,307.600,307.600,
11300,17,10,2026-06-12 14:55:54.924+03,25.000,25.000,
11300,17,13,2026-06-12 15:05:43.657+03,297.000,297.000,
11300,17,17,2026-06-12 15:17:45.952+03,310.800,310.800,
11300,18,1,2026-06-12 14:33:28.91+03,,,
11300,18,10,2026-06-12 15:01:24.954+03,727.000,727.000,
11300,18,13,2026-06-12 15:11:14.376+03,305.500,305.500,
11300,18,25,2026-06-12 15:28:52.7+03,43.300,43.300,
11300,19,1,2026-06-12 14:31:52.347+03,,,
11300,19,9,2026-06-12 14:45:16.834+03,39.600,39.600,
11300,19,15,2026-06-12 15:03:30.854+03,518.500,518.500,
11300,19,18,2026-06-12 15:08:47.082+03,37.600,37.600,
11300,19,21,2026-06-12 15:22:02.429+03,510.500,510.500,
11300,19,26,2026-06-12 15:29:39.105+03,23.500,23.500,
11300,20,1,2026-06-12 14:30:09.835+03,,,
11300,20,3,2026-06-12 14:39:19.7+03,341.900,341.900,
11300,20,9,2026-06-12 14:51:26.973+03,35.200,35.200,
11300,20,12,2026-06-12 15:05:23.889+03,507.100,507.100,
11300,20,15,2026-06-12 15:11:20.468+03,32.200,32.200,
11300,20,18,2026-06-12 15:21:50.387+03,317.600,317.600,
11300,22,1,2026-06-12 14:30:52.095+03,,,
11300,22,4,2026-06-12 14:42:22.668+03,404.000,404.000,
11300,22,6,2026-06-12 15:00:28.478+03,879.800,879.800,
11300,22,15,2026-06-12 15:21:14.727+03,437.200,437.200,
11300,23,1,2026-06-12 14:30:57.741+03,,,
11300,23,10,2026-06-12 14:52:53.915+03,543.200,543.200,
11300,23,19,2026-06-12 15:15:15.769+03,451.200,451.200,
11300,26,1,2026-06-12 14:32:35.052+03,,,
11300,26,2,2026-06-12 14:37:08.366+03,157.700,157.700,
11300,26,7,2026-06-12 14:51:24.239+03,322.900,322.900,
11300,26,16,2026-06-12 15:12:19.341+03,289.400,289.400,
11300,26,26,2026-06-12 15:29:05.903+03,137.100,137.100,
11300,28,1,2026-06-12 14:31:02.571+03,,,
11300,28,6,2026-06-12 14:39:38.66+03,16.800,16.800,
11300,28,9,2026-06-12 14:45:20.775+03,33.000,33.000,
11300,28,12,2026-06-12 14:58:12.538+03,483.100,483.100,
11300,28,15,2026-06-12 15:06:49.056+03,213.700,213.700,
11300,28,18,2026-06-12 15:15:33.254+03,238.800,238.800,
11300,28,26,2026-06-12 15:27:32.088+03,23.200,23.200,
11300,29,1,2026-06-12 14:30:03.205+03,,,
11300,29,3,2026-06-12 14:42:40.439+03,566.400,566.400,
11300,29,9,2026-06-12 14:54:13.476+03,29.300,29.300,
11300,29,12,2026-06-12 15:06:10.882+03,402.900,402.900,
11300,29,15,2026-06-12 15:12:08.467+03,19.100,19.100,
11300,29,24,2026-06-12 15:26:20.136+03,33.100,33.100,
11300,30,1,2026-06-12 14:30:41.244+03,,,
11300,30,2,2026-06-12 14:42:26.405+03,595.400,595.400,
11300,30,5,2026-06-12 14:48:19.239+03,51.100,51.100,
11300,30,11,2026-06-12 15:13:27.884+03,888.000,888.000,
11300,32,1,2026-06-12 14:30:58.832+03,,,
11300,32,3,2026-06-12 14:48:48.933+03,849.200,849.200,
11300,32,12,2026-06-12 15:11:31.468+03,435.100,435.100,
11300,32,18,2026-06-12 15:22:11.804+03,28.300,28.300,
11300,33,1,2026-06-12 14:30:12.695+03,,,
11300,33,12,2026-06-12 15:03:18.218+03,795.900,795.900,
11300,33,15,2026-06-12 15:09:24.36+03,28.900,28.900,
11300,33,18,2026-06-12 15:18:41.1+03,231.000,231.000,
11300,34,1,2026-06-12 14:30:08.913+03,,,
11300,34,2,2026-06-12 14:32:31.35+03,33.700,33.700,
11300,34,3,2026-06-12 14:35:00.125+03,44.000,44.000,
11300,34,4,2026-06-12 14:37:12.897+03,27.800,27.800,
11300,34,5,2026-06-12 14:39:30.189+03,36.800,36.800,
11300,34,6,2026-06-12 14:49:01.673+03,468.200,468.200,
11300,34,7,2026-06-12 15:01:23.751+03,630.700,630.700,
11300,34,13,2026-06-12 15:17:54.403+03,417.400,417.400,
11301,1,1,2026-06-12 18:01:19.737+03,,,
11301,1,4,2026-06-12 18:06:29.83+03,35.900,35.900,
11301,1,7,2026-06-12 18:19:33.524+03,493.400,493.400,
11301,1,10,2026-06-12 18:29:43.023+03,330.100,330.100,
11301,1,22,2026-06-12 18:47:17.49+03,24.500,24.500,
11301,2,1,2026-06-12 18:02:11.774+03,,,
11301,2,4,2026-06-12 18:07:54.537+03,26.100,26.100,
11301,2,13,2026-06-12 18:33:46.888+03,619.400,619.400,
11301,2,16,2026-06-12 18:43:08.425+03,283.000,283.000,
11301,2,27,2026-06-12 18:59:27.776+03,22.800,22.800,
11301,3,1,2026-06-12 18:00:09.911+03,,,
11301,3,4,2026-06-12 18:06:32.955+03,28.000,28.000,
11301,3,7,2026-06-12 18:11:59.783+03,25.700,25.700,
11301,3,10,2026-06-12 18:28:09.204+03,672.100,672.100,
11301,3,13,2026-06-12 18:35:02.193+03,102.400,102.400,
11301,3,15,2026-06-12 18:43:05.05+03,293.100,293.100,
11301,3,25,2026-06-12 18:58:13.56+03,32.000,32.000,
11301,4,1,2026-06-12 18:01:27.502+03,,,
11301,4,7,2026-06-12 18:13:01.505+03,30.300,30.300,
11301,4,9,2026-06-12 18:24:35.982+03,475.800,475.800,
11301,4,15,2026-06-12 18:39:59.301+03,305.300,305.300,
11301,4,24,2026-06-12 18:53:23.814+03,22.100,22.100,
11301,6,1,2026-06-12 18:00:12.53+03,,,
11301,6,4,2026-06-12 18:05:46.433+03,16.800,16.800,
11301,6,7,2026-06-12 18:11:36.178+03,28.000,28.000,
11301,6,10,2026-06-12 18:26:22.152+03,589.200,589.200,
11301,6,12,2026-06-12 18:30:08.765+03,16.600,16.600,
11301,6,15,2026-06-12 18:41:25.909+03,378.300,378.300,
11301,7,1,2026-06-12 18:01:52.97+03,,,
11301,7,4,2026-06-12 18:08:53.045+03,87.100,87.100,
11301,7,6,2026-06-12 18:14:06.87+03,120.700,120.700,
11301,7,8,2026-06-12 18:18:43.58+03,55.600,55.600,
11301,7,11,2026-06-12 18:28:43.002+03,328.000,328.000,
11301,7,14,2026-06-12 18:37:45.799+03,262.000,262.000,
11301,7,26,2026-06-12 18:55:21.871+03,27.700,27.700,
11301,8,1,2026-06-12 18:02:41.653+03,,,
11301,8,8,2026-06-12 18:30:11.765+03,957.000,957.000,
11301,8,11,2026-06-12 18:36:05.444+03,42.100,42.100,
11301,8,13,2026-06-12 18:46:27.586+03,427.600,427.600,
11301,8,18,2026-06-12 18:58:49.213+03,270.900,270.900,
11301,9,1,2026-06-12 18:01:13.315+03,,,
11301,9,4,2026-06-12 18:06:39.236+03,17.200,17.200,
11301,9,7,2026-06-12 18:12:19.158+03,21.000,21.000,
11301,9,10,2026-06-12 18:27:21.401+03,578.200,578.200,
11301,9,13,2026-06-12 18:33:34.93+03,73.900,73.900,
11301,9,15,2026-06-12 18:42:12.69+03,332.200,332.200,
11301,9,24,2026-06-12 18:55:33.808+03,23.800,23.800,
11301,9,26,2026-06-12 18:58:46.135+03,24.900,24.900,
11301,10,1,2026-06-12 18:03:02.632+03,,,
11301,10,7,2026-06-12 18:23:34.143+03,582.400,582.400,
11301,10,10,2026-06-12 18:29:29.68+03,36.000,36.000,
11301,10,12,2026-06-12 18:47:26.474+03,861.200,861.200,
11301,10,17,2026-06-12 18:58:32.7+03,211.000,211.000,
11301,12,1,2026-06-12 18:00:28.796+03,,,
11301,12,10,2026-06-12 18:24:04.475+03,401.300,401.300,
11301,12,15,2026-06-12 18:41:20.768+03,487.300,487.300,
11301,12,19,2026-06-12 18:47:52.787+03,33.700,33.700,
11301,13,1,2026-06-12 18:00:04.338+03,,,
11301,13,7,2026-06-12 18:10:56.321+03,17.100,17.100,
11301,13,10,2026-06-12 18:23:12.372+03,421.600,421.600,
11301,13,13,2026-06-12 18:29:56.729+03,103.400,103.400,
11301,13,16,2026-06-12 18:40:28.93+03,360.400,360.400,
11301,13,27,2026-06-12 18:56:42.884+03,23.800,23.800,
11301,14,1,2026-06-12 18:04:50.655+03,,,
11301,14,4,2026-06-12 18:15:14.482+03,341.900,341.900,
11301,14,5,2026-06-12 18:58:08.81+03,2916.300,2916.300,
11301,15,1,2026-06-12 18:00:14.417+03,,,
11301,15,4,2026-06-12 18:06:51.627+03,78.300,78.300,
11301,15,8,2026-06-12 18:23:47.911+03,594.800,594.800,
11301,15,11,2026-06-12 18:30:44.871+03,104.500,104.500,
11301,15,13,2026-06-12 18:40:08.586+03,358.100,358.100,
11301,16,1,2026-06-12 18:00:23.187+03,,,
11301,16,7,2026-06-12 18:12:14.299+03,32.400,32.400,
11301,16,12,2026-06-12 18:28:13.352+03,379.400,379.400,
11301,16,15,2026-06-12 18:34:29.249+03,20.100,20.100,
11301,16,19,2026-06-12 18:50:46.848+03,594.700,594.700,
11301,17,1,2026-06-12 18:04:57.324+03,,,
11301,17,4,2026-06-12 18:10:42.673+03,26.700,26.700,
11301,17,7,2026-06-12 18:20:45.015+03,313.500,313.500,
11301,17,10,2026-06-12 18:33:40.006+03,488.800,488.800,
11301,17,16,2026-06-12 18:42:58.206+03,24.800,24.800,
11301,17,26,2026-06-12 18:57:42.95+03,27.200,27.200,
11301,18,1,2026-06-12 18:07:23.565+03,,,
11301,18,5,2026-06-12 18:20:28.952+03,336.700,336.700,
11301,18,8,2026-06-12 18:28:37.168+03,218.500,218.500,
11301,18,11,2026-06-12 18:37:51.626+03,270.800,270.800,
11301,18,22,2026-06-12 18:54:22.034+03,47.600,47.600,
11301,19,1,2026-06-12 18:04:17.575+03,,,
11301,19,4,2026-06-12 18:19:01.03+03,597.700,597.700,
11301,19,7,2026-06-12 18:32:15.145+03,520.100,520.100,
11301,19,10,2026-06-12 18:43:02.159+03,372.300,372.300,
11301,19,12,2026-06-12 18:46:45.649+03,32.500,32.500,
11301,19,21,2026-06-12 18:59:36.526+03,26.700,26.700,
11301,20,1,2026-06-12 18:00:08.238+03,,,
11301,20,4,2026-06-12 18:06:56.502+03,87.900,87.900,
11301,20,7,2026-06-12 18:13:51.083+03,90.300,90.300,
11301,20,11,2026-06-12 18:27:29.968+03,337.400,337.400,
11301,20,14,2026-06-12 18:38:36.775+03,356.800,356.800,
11301,20,26,2026-06-12 18:55:56.846+03,24.100,24.100,
11301,27,1,2026-06-12 18:00:02.934+03,,,
11301,27,7,2026-06-12 18:10:13.22+03,28.800,28.800,
11301,27,10,2026-06-12 18:15:46.536+03,30.600,30.600,
11301,27,11,2026-06-12 18:22:43.444+03,286.800,286.800,
11301,27,17,2026-06-12 18:37:18.848+03,277.600,277.600,
11301,27,29,2026-06-12 18:55:13.202+03,36.400,36.400,
11301,28,1,2026-06-12 18:04:34.254+03,,,
11301,28,4,2026-06-12 18:15:35.959+03,373.300,373.300,
11301,28,5,2026-06-12 18:19:37.18+03,123.900,123.900,
11301,28,8,2026-06-12 18:27:37.622+03,213.800,213.800,
11301,28,11,2026-06-12 18:36:32.413+03,259.900,259.900,
11301,29,1,2026-06-12 18:00:19.691+03,,,
11301,29,4,2026-06-12 18:06:22.377+03,18.600,18.600,
11301,29,7,2026-06-12 18:12:48.799+03,18.900,18.900,
11301,29,10,2026-06-12 18:26:15.371+03,442.200,442.200,
11301,29,13,2026-06-12 18:31:56.74+03,29.100,29.100,
11301,29,16,2026-06-12 18:41:44.255+03,262.400,262.400,
11301,30,1,2026-06-12 18:33:50.73+03,,,
11301,30,4,2026-06-12 18:39:02.635+03,24.100,24.100,
11302,1,1,2026-06-13 13:55:02.797+03,,,
11302,1,4,2026-06-13 14:09:14.476+03,554.200,554.200,
11302,1,7,2026-06-13 14:18:37.362+03,283.500,283.500,
11302,1,10,2026-06-13 14:28:15.414+03,296.800,296.800,
11302,2,1,2026-06-13 13:49:44.359+03,,,
11302,2,4,2026-06-13 13:55:17.235+03,32.400,32.400,
11302,2,10,2026-06-13 14:17:24.868+03,792.600,792.600,
11302,2,13,2026-06-13 14:29:35.235+03,442.700,442.700,
11302,3,1,2026-06-13 13:49:28.141+03,,,
11302,3,4,2026-06-13 14:00:41.006+03,401.300,401.300,
11302,3,7,2026-06-13 14:19:30.496+03,1530.900,1530.900,
11302,3,10,2026-06-13 14:26:28.726+03,137.200,137.200,
11302,3,11,2026-06-13 14:28:36.513+03,18.300,18.300,
11302,4,1,2026-06-13 13:54:40.175+03,,,
11302,4,4,2026-06-13 14:09:46.832+03,596.900,596.900,
11302,4,7,2026-06-13 14:18:04.044+03,178.400,178.400,
11302,4,9,2026-06-13 14:22:06.21+03,16.600,16.600,
11302,4,11,2026-06-13 14:26:13.913+03,28.800,28.800,
11302,6,1,2026-06-13 13:53:38.483+03,,,
11302,6,4,2026-06-13 14:01:47.684+03,152.200,152.200,
11302,6,6,2026-06-13 14:12:14.868+03,779.300,779.300,
11302,6,9,2026-06-13 14:19:33.615+03,142.700,142.700,
11302,6,11,2026-06-13 14:26:31.101+03,180.100,180.100,
11302,7,1,2026-06-13 13:56:14.626+03,,,
11302,7,4,2026-06-13 14:09:08.826+03,474.800,474.800,
11302,7,7,2026-06-13 14:17:47.567+03,235.600,235.600,
11302,7,10,2026-06-13 14:28:45.849+03,334.400,334.400,
11302,8,1,2026-06-13 13:49:31.375+03,,,
11302,8,5,2026-06-13 13:57:19.195+03,23.900,23.900,
11302,8,7,2026-06-13 14:02:13.465+03,69.500,69.500,
11302,8,9,2026-06-13 14:09:50.988+03,526.700,526.700,
11302,8,12,2026-06-13 14:19:10.534+03,250.700,250.700,
11302,8,15,2026-06-13 14:27:01.835+03,159.600,159.600,
11302,9,1,2026-06-13 13:50:51.949+03,,,
11302,9,4,2026-06-13 14:00:14.308+03,261.500,261.500,
11302,9,7,2026-06-13 14:09:24.942+03,812.000,812.000,
11302,9,11,2026-06-13 14:21:58.391+03,356.700,356.700,
11302,9,14,2026-06-13 14:27:37.042+03,45.400,45.400,
11302,10,1,2026-06-13 13:48:52.079+03,,,
11302,10,7,2026-06-13 13:59:50.593+03,24.700,24.700,
11302,10,8,2026-06-13 14:12:16.884+03,643.800,643.800,
11302,10,11,2026-06-13 14:19:26.271+03,151.600,151.600,
11302,10,14,2026-06-13 14:27:05.757+03,134.500,134.500,
11302,12,1,2026-06-13 13:48:06.602+03,,,
11302,12,4,2026-06-13 13:54:02.011+03,28.000,28.000,
11302,12,6,2026-06-13 14:09:34.951+03,698.900,698.900,
11302,12,9,2026-06-13 14:18:42.516+03,214.300,214.300,
11302,12,11,2026-06-13 14:25:26.031+03,183.600,183.600,
11302,13,1,2026-06-13 13:40:03.9+03,,,
11302,13,4,2026-06-13 13:46:41.187+03,101.600,101.600,
11302,13,7,2026-06-13 13:53:57.951+03,113.700,113.700,
11302,13,14,2026-06-13 14:15:23.122+03,1399.000,1399.000,
11302,13,17,2026-06-13 14:22:02.253+03,96.500,96.500,
11302,13,20,2026-06-13 14:29:06.355+03,145.800,145.800,
11302,14,1,2026-06-13 13:52:10.335+03,,,
11302,14,5,2026-06-13 14:09:30.981+03,623.700,623.700,
11302,14,8,2026-06-13 14:18:33.487+03,234.100,234.100,
11302,14,11,2026-06-13 14:25:31.141+03,118.900,118.900,
11302,14,13,2026-06-13 14:29:21.077+03,17.100,17.100,
11302,15,1,2026-06-13 13:48:27.568+03,,,
11302,15,4,2026-06-13 14:00:16.793+03,384.500,384.500,
11302,15,7,2026-06-13 14:11:16.668+03,1044.400,1044.400,
11302,15,8,2026-06-13 14:13:10.826+03,16.800,16.800,
11302,15,9,2026-06-13 14:18:54.709+03,231.100,231.100,
11302,15,13,2026-06-13 14:29:10.812+03,169.500,169.500,
11302,16,1,2026-06-13 13:56:26.854+03,,,
11302,16,5,2026-06-13 14:10:26.76+03,391.000,391.000,
11302,16,8,2026-06-13 14:18:27.223+03,196.900,196.900,
11302,16,11,2026-06-13 14:24:34.796+03,31.800,31.800,
11302,17,1,2026-06-13 13:47:48.543+03,,,
11302,17,5,2026-06-13 13:55:40.06+03,29.100,29.100,
11302,17,8,2026-06-13 14:09:26.687+03,501.200,501.200,
11302,17,15,2026-06-13 14:25:41.5+03,349.800,349.800,
11302,18,1,2026-06-13 13:55:53.903+03,,,
11302,18,4,2026-06-13 14:09:41.894+03,524.400,524.400,
11302,18,6,2026-06-13 14:16:35.718+03,186.700,186.700,
11302,18,9,2026-06-13 14:28:40.423+03,442.000,442.000,
11302,19,1,2026-06-13 13:53:17.523+03,,,
11302,19,4,2026-06-13 14:09:04.013+03,665.000,665.000,
11302,19,7,2026-06-13 14:17:15.935+03,212.500,212.500,
11302,19,10,2026-06-13 14:28:53.568+03,421.100,421.100,
11302,20,1,2026-06-13 13:48:20.193+03,,,
11302,20,4,2026-06-13 13:59:01.07+03,310.600,310.600,
11302,20,7,2026-06-13 14:19:01.085+03,1510.300,1510.300,
11302,20,11,2026-06-13 14:29:13.613+03,183.400,183.400,
11302,27,1,2026-06-13 13:30:07.799+03,,,
11302,27,4,2026-06-13 13:35:42.022+03,29.100,29.100,
11302,27,8,2026-06-13 13:56:49.901+03,871.400,871.400,
11302,27,10,2026-06-13 14:00:48.337+03,28.000,28.000,
11302,27,13,2026-06-13 14:09:57.551+03,577.000,577.000,
11302,27,19,2026-06-13 14:21:48.023+03,165.900,165.900,
11302,28,1,2026-06-13 13:52:17.379+03,,,
11302,28,4,2026-06-13 14:02:11.054+03,289.600,289.600,
11302,28,6,2026-06-13 14:09:20.46+03,719.000,719.000,
11302,28,9,2026-06-13 14:18:10.402+03,246.500,246.500,
11302,28,12,2026-06-13 14:25:21.437+03,127.200,127.200,
11302,29,1,2026-06-13 13:50:42.113+03,,,
11302,29,4,2026-06-13 14:03:08.323+03,416.300,416.300,
11302,29,5,2026-06-13 14:09:22.304+03,790.200,790.200,
11302,29,8,2026-06-13 14:17:42.907+03,192.900,192.900,
11302,29,11,2026-06-13 14:26:59.398+03,251.500,251.500,
11302,30,1,2026-06-13 13:30:03.112+03,,,
11302,30,4,2026-06-13 13:35:28.558+03,27.000,27.000,
11302,30,7,2026-06-13 13:52:26.537+03,726.800,726.800,
11303,1,1,2026-06-13 17:05:08.915+03,,,
11303,1,4,2026-06-13 17:27:44.616+03,1068.300,1068.300,
11303,1,7,2026-06-13 17:48:28.943+03,931.000,931.000,
11303,1,10,2026-06-13 18:08:48.502+03,2150.200,2150.200,
11303,2,1,2026-06-13 17:06:54.517+03,,,
11303,2,4,2026-06-13 17:29:41.497+03,1063.800,1063.800,
11303,2,7,2026-06-13 17:35:47.918+03,89.800,89.800,
11303,2,10,2026-06-13 17:48:35.685+03,495.900,495.900,
11303,2,12,2026-06-13 18:08:28.504+03,1688.600,1688.600,
11303,3,1,2026-06-13 17:06:32.245+03,,,
11303,3,4,2026-06-13 17:28:47.68+03,1047.400,1047.400,
11303,3,7,2026-06-13 17:37:04.199+03,199.700,199.700,
11303,4,1,2026-06-13 17:05:44.008+03,,,
11303,4,4,2026-06-13 17:28:34.962+03,1087.800,1087.800,
11303,4,7,2026-06-13 17:49:08.375+03,950.700,950.700,
11303,4,9,2026-06-13 18:03:11.475+03,1793.900,1793.900,
11303,4,12,2026-06-13 18:09:08.036+03,98.100,98.100,
11303,6,1,2026-06-13 17:05:12.281+03,,,
11303,6,4,2026-06-13 17:13:44.219+03,217.500,217.500,
11303,6,7,2026-06-13 17:27:32.642+03,537.500,537.500,
11303,6,10,2026-06-13 17:37:16.573+03,292.600,292.600,
11303,7,1,2026-06-13 17:05:53.308+03,,,
11303,7,4,2026-06-13 17:28:42.941+03,1080.100,1080.100,
11303,7,7,2026-06-13 17:49:44.594+03,973.900,973.900,
11303,7,9,2026-06-13 18:03:03.793+03,1772.900,1772.900,
11303,7,12,2026-06-13 18:08:11.763+03,47.900,47.900,
11303,8,1,2026-06-13 17:00:40.724+03,,,
11303,8,4,2026-06-13 17:07:45.902+03,117.400,117.400,
11303,8,6,2026-06-13 17:14:29.509+03,192.200,192.200,
11303,9,1,2026-06-13 17:05:17.835+03,,,
11303,9,4,2026-06-13 17:28:38.299+03,1098.400,1098.400,
11303,9,7,2026-06-13 17:48:44.595+03,920.800,920.800,
11303,10,1,2026-06-13 17:00:34.338+03,,,
11303,10,4,2026-06-13 17:07:35.832+03,128.200,128.200,
11303,10,6,2026-06-13 17:13:56.111+03,157.100,157.100,
11303,12,1,2026-06-13 17:00:29.414+03,,,
11303,12,4,2026-06-13 17:06:48.646+03,84.900,84.900,
11303,12,7,2026-06-13 17:13:54.148+03,130.000,130.000,
11303,13,1,2026-06-13 17:05:03.647+03,,,
11303,13,4,2026-06-13 17:14:00.404+03,261.200,261.200,
11303,13,7,2026-06-13 17:27:38.939+03,510.700,510.700,
11303,13,10,2026-06-13 17:36:45.291+03,254.400,254.400,
11303,13,13,2026-06-13 17:49:20.678+03,470.800,470.800,
11303,13,15,2026-06-13 18:08:34.692+03,1624.800,1624.800,
11303,14,1,2026-06-13 17:06:37.925+03,,,
11303,14,4,2026-06-13 17:27:52.598+03,987.800,987.800,
11303,14,7,2026-06-13 17:36:42.192+03,218.900,218.900,
11303,14,10,2026-06-13 17:48:38.768+03,441.000,441.000,
11303,14,12,2026-06-13 18:08:38.671+03,1640.900,1640.900,
11303,15,1,2026-06-13 17:00:08.671+03,,,
11303,15,4,2026-06-13 17:07:22.968+03,142.000,142.000,
11303,15,7,2026-06-13 17:14:10.889+03,109.700,109.700,
11303,16,1,2026-06-13 17:06:19.184+03,,,
11303,16,4,2026-06-13 17:29:11.704+03,1080.600,1080.600,
11303,16,7,2026-06-13 17:49:14.52+03,915.900,915.900,
11303,16,9,2026-06-13 18:03:32.699+03,1774.200,1774.200,
11303,16,12,2026-06-13 18:09:14.14+03,79.000,79.000,
11303,17,1,2026-06-13 17:00:21.601+03,,,
11303,17,4,2026-06-13 17:06:42.179+03,88.800,88.800,
11303,17,7,2026-06-13 17:14:39.962+03,182.200,182.200,
11303,17,10,2026-06-13 17:27:41.457+03,489.200,489.200,
11303,17,13,2026-06-13 17:35:55.043+03,181.900,181.900,
11303,18,1,2026-06-13 17:06:03.374+03,,,
11303,18,4,2026-06-13 17:28:56.1+03,1075.600,1075.600,
11303,18,7,2026-06-13 17:49:55.897+03,955.000,955.000,
11303,18,8,2026-06-13 18:03:19.88+03,1758.600,1758.600,
11303,18,11,2026-06-13 18:08:22.289+03,28.300,28.300,
11303,19,1,2026-06-13 17:06:59.545+03,,,
11303,19,4,2026-06-13 17:29:19.485+03,1028.300,1028.300,
11303,19,7,2026-06-13 17:35:42.59+03,100.400,100.400,
11303,19,10,2026-06-13 17:48:32.669+03,497.700,497.700,
11303,19,13,2026-06-13 18:08:41.011+03,1706.000,1706.000,
11303,20,1,2026-06-13 17:00:17.523+03,,,
11303,20,4,2026-06-13 17:07:07.748+03,119.600,119.600,
11303,20,7,2026-06-13 17:14:23.071+03,126.400,126.400,
11303,20,10,2026-06-13 17:29:24.876+03,603.200,603.200,
11303,20,13,2026-06-13 17:36:47.874+03,159.800,159.800,
11303,27,1,2026-06-13 17:05:22.683+03,,,
11303,27,4,2026-06-13 17:14:50.531+03,266.700,266.700,
11303,28,1,2026-06-13 17:06:25.868+03,,,
11303,28,4,2026-06-13 17:27:47.012+03,1003.900,1003.900,
11303,28,7,2026-06-13 17:36:38.654+03,219.500,219.500,
11303,29,1,2026-06-13 17:05:14.467+03,,,
11303,29,4,2026-06-13 17:13:45.701+03,210.100,210.100,
11303,29,7,2026-06-13 17:27:33.855+03,528.000,528.000,
11303,29,10,2026-06-13 17:37:17.526+03,277.400,277.400,
11303,30,1,2026-06-13 17:00:04.065+03,,,
11303,30,4,2026-06-13 17:07:26.787+03,168.900,168.900,
11303,30,7,2026-06-13 17:14:42.721+03,137.200,137.200,
11307,1,12,2026-06-14 16:20:38.434+03,22.273,22.273,2.500
11307,1,29,2026-06-14 16:44:29.36+03,24.189,24.189,4.500
11307,1,40,2026-06-14 16:59:59.158+03,22.786,22.786,3.000
11307,2,13,2026-06-14 16:21:56.796+03,21.700,21.700,
11307,2,35,2026-06-14 16:52:36.546+03,22.000,22.000,
11307,3,15,2026-06-14 16:25:30.323+03,22.783,22.783,2.600
11307,3,33,2026-06-14 16:51:21.181+03,22.285,22.285,2.100
11307,3,53,2026-06-14 17:20:20.533+03,25.915,25.915,5.800
11307,4,15,2026-06-14 16:25:11.329+03,22.444,22.444,2.700
11307,4,32,2026-06-14 16:49:09.615+03,22.528,22.528,2.900
11307,4,58,2026-06-14 17:25:54.289+03,21.949,21.949,2.300
11307,6,14,2026-06-14 16:23:54.707+03,22.682,22.682,3.000
11307,6,40,2026-06-14 17:01:19.722+03,23.310,23.310,3.800
11307,7,14,2026-06-14 16:23:17.696+03,22.038,22.038,2.600
11307,7,37,2026-06-14 16:55:16.919+03,22.210,22.210,2.800
11307,8,21,2026-06-14 16:34:34.48+03,22.220,22.220,2.400
11307,9,16,2026-06-14 16:26:14.211+03,22.249,22.249,
11307,9,39,2026-06-14 16:58:21.402+03,22.125,22.125,2.500
11307,12,13,2026-06-14 16:22:40.415+03,24.005,24.005,5.000
11307,12,29,2026-06-14 16:45:56.713+03,22.027,22.027,2.100
11307,12,34,2026-06-14 17:05:58.019+03,777.700,777.700,
11307,12,50,2026-06-14 17:28:47.306+03,22.703,22.703,3.200
11307,13,13,2026-06-14 16:22:21.978+03,22.869,22.869,2.600
11307,14,11,2026-06-14 16:19:32.167+03,25.983,25.983,6.300
11307,14,35,2026-06-14 16:53:49.609+03,23.172,23.172,3.800
11307,15,13,2026-06-14 16:22:36.805+03,23.256,23.256,3.400
11307,15,34,2026-06-14 16:53:02.214+03,26.449,26.449,6.700
11307,15,58,2026-06-14 17:27:44.973+03,22.900,22.900,
11307,16,11,2026-06-14 16:19:06.289+03,22.480,22.480,2.500
11307,16,27,2026-06-14 16:41:28.951+03,22.477,22.477,2.600
11307,16,41,2026-06-14 17:01:13.428+03,22.837,22.837,2.800
11307,17,14,2026-06-14 16:23:58.472+03,22.977,22.977,3.400
11307,17,30,2026-06-14 16:46:59.052+03,22.595,22.595,3.100
11307,17,55,2026-06-14 17:23:04.365+03,22.772,22.772,3.300
11307,18,12,2026-06-14 16:20:25.691+03,22.080,22.080,2.400
11307,18,36,2026-06-14 16:53:54.451+03,21.677,21.677,2.800
11307,19,14,2026-06-14 16:23:29.775+03,21.776,21.776,2.200
11307,19,36,2026-06-14 16:54:19.6+03,22.661,22.661,3.200
11307,20,18,2026-06-14 16:29:49.096+03,23.118,23.118,3.600
11307,20,39,2026-06-14 17:00:06.515+03,23.901,23.901,4.000
11307,27,12,2026-06-14 16:21:18.159+03,24.805,24.805,4.200
11307,27,31,2026-06-14 16:49:02.396+03,24.432,24.432,4.000
11307,27,39,2026-06-14 17:01:08.272+03,23.912,23.912,3.300
11307,28,22,2026-06-14 16:35:21.209+03,22.476,22.476,2.700
11307,28,37,2026-06-14 16:56:55.952+03,24.010,24.010,4.300
11307,29,12,2026-06-14 16:21:02.197+03,22.983,22.983,3.300
11307,29,34,2026-06-14 16:52:24.989+03,22.290,22.290,2.600
11307,30,14,2026-06-14 16:24:22.993+03,23.280,23.280,2.900
11308,1,1,2026-06-26 14:48:13.766+03,,,
11308,1,4,2026-06-26 14:52:53.419+03,27.000,27.000,
11308,1,11,2026-06-26 15:15:43.09+03,720.800,720.800,
11308,1,14,2026-06-26 15:24:14.083+03,276.900,276.900,
11308,2,1,2026-06-26 15:15:35.723+03,,,
11308,2,6,2026-06-26 15:23:10.534+03,28.900,28.900,
11308,4,1,2026-06-26 15:03:50.996+03,,,
11308,4,4,2026-06-26 15:09:02.702+03,26.600,26.600,
11308,4,6,2026-06-26 15:19:04.202+03,386.000,386.000,
11308,6,1,2026-06-26 14:31:19.872+03,,,
11308,6,4,2026-06-26 14:43:36.319+03,475.600,475.600,
11308,6,11,2026-06-26 14:54:42.87+03,30.100,30.100,
11308,6,14,2026-06-26 15:04:19.885+03,317.900,317.900,
11308,6,19,2026-06-26 15:16:21.787+03,274.200,274.200,
11308,7,1,2026-06-26 14:31:09.784+03,,,
11308,7,6,2026-06-26 14:39:49.88+03,73.200,73.200,
11308,7,10,2026-06-26 14:47:24.35+03,87.600,87.600,
11308,7,13,2026-06-26 14:57:38.687+03,364.900,364.900,
11308,7,16,2026-06-26 15:07:54.337+03,361.000,361.000,
11308,8,1,2026-06-26 14:31:31.129+03,,,
11308,8,9,2026-06-26 14:54:38.661+03,663.700,663.700,
11308,8,16,2026-06-26 15:15:24.543+03,665.300,665.300,
11308,8,19,2026-06-26 15:20:26.925+03,26.300,26.300,
11308,12,1,2026-06-26 14:30:56.92+03,,,
11308,12,6,2026-06-26 14:38:55.11+03,29.100,29.100,
11308,12,17,2026-06-26 15:02:48.333+03,494.600,494.600,
11308,12,23,2026-06-26 15:18:42.875+03,429.100,429.100,
11308,13,1,2026-06-26 14:30:44.467+03,,,
11308,13,8,2026-06-26 14:43:27.219+03,145.600,145.600,
11308,13,14,2026-06-26 14:59:00.943+03,434.000,434.000,
11308,13,17,2026-06-26 15:05:57.046+03,154.400,154.400,
11308,13,20,2026-06-26 15:15:20.117+03,323.000,323.000,
11308,16,1,2026-06-26 14:30:38.723+03,,,
11308,16,5,2026-06-26 14:49:05.827+03,772.100,772.100,
11308,16,15,2026-06-26 15:09:20.979+03,327.100,327.100,
11308,16,21,2026-06-26 15:22:58.601+03,277.800,277.800,
11308,18,1,2026-06-26 14:32:14.706+03,,,
11308,18,4,2026-06-26 14:37:21.353+03,25.000,25.000,
11308,18,13,2026-06-26 14:57:58.736+03,347.100,347.100,
11308,18,19,2026-06-26 15:12:23.17+03,293.700,293.700,
11308,19,1,2026-06-26 14:30:29.536+03,,,
11308,19,2,2026-06-26 14:33:37.148+03,79.000,79.000,
11308,19,3,2026-06-26 14:48:29.448+03,802.000,802.000,
11308,19,8,2026-06-26 14:56:07.898+03,50.000,50.000,
11308,19,14,2026-06-26 15:12:32.328+03,455.000,455.000,
11308,19,20,2026-06-26 15:21:25.651+03,22.600,22.600,
11308,20,1,2026-06-26 14:31:17.81+03,,,
11308,20,6,2026-06-26 14:43:29.418+03,243.500,243.500,
11308,20,9,2026-06-26 14:49:38.852+03,47.600,47.600,
11308,20,16,2026-06-26 15:11:46.138+03,638.300,638.300,
11308,20,19,2026-06-26 15:19:27.658+03,210.200,210.200,
11308,22,1,2026-06-26 14:30:09.894+03,,,
11308,22,4,2026-06-26 14:43:22.454+03,502.500,502.500,
11308,22,6,2026-06-26 14:51:34.427+03,296.200,296.200,
11308,22,8,2026-06-26 15:05:23.727+03,638.500,638.500,
11308,22,14,2026-06-26 15:21:28.382+03,428.900,428.900,
11308,23,1,2026-06-26 14:30:04.769+03,,,
11308,23,4,2026-06-26 14:44:00.353+03,556.300,556.300,
11308,23,15,2026-06-26 15:12:08.492+03,740.000,740.000,
11308,24,1,2026-06-26 14:30:18.791+03,,,
11308,24,2,2026-06-26 14:36:59.961+03,289.400,289.400,
11308,24,4,2026-06-26 14:51:41.061+03,695.800,695.800,
11308,24,15,2026-06-26 15:08:15.697+03,31.400,31.400,
11308,24,19,2026-06-26 15:14:44.916+03,17.800,17.800,
11308,24,21,2026-06-26 15:18:30.211+03,32.400,32.400,
11308,25,1,2026-06-26 14:32:19.312+03,,,
11308,25,4,2026-06-26 14:37:59.695+03,62.400,62.400,
11308,25,7,2026-06-26 14:50:03.727+03,465.700,465.700,
11308,25,12,2026-06-26 15:00:44.639+03,236.300,236.300,
11308,25,18,2026-06-26 15:16:53.603+03,440.800,440.800,
11308,25,21,2026-06-26 15:23:16.256+03,90.400,90.400,
11308,27,1,2026-06-26 14:30:11.86+03,,,
11308,27,7,2026-06-26 14:51:43.655+03,801.500,801.500,
11308,27,11,2026-06-26 15:10:11.702+03,748.500,748.500,
11308,27,13,2026-06-26 15:25:52.894+03,744.200,744.200,
11308,28,1,2026-06-26 14:31:24.286+03,,,
11308,28,8,2026-06-26 14:48:58.352+03,448.600,448.600,
11308,28,14,2026-06-26 15:02:57.352+03,287.200,287.200,
11308,28,17,2026-06-26 15:25:34.523+03,1117.700,1117.700,
11308,29,1,2026-06-26 14:30:48.391+03,,,
11308,29,4,2026-06-26 14:35:53.661+03,27.300,27.300,
11308,29,10,2026-06-26 14:45:58.056+03,43.100,43.100,
11308,29,13,2026-06-26 15:02:06.334+03,705.100,705.100,
11308,29,16,2026-06-26 15:07:18.292+03,32.100,32.100,
11308,29,19,2026-06-26 15:12:03.014+03,27.100,27.100,
11308,29,20,2026-06-26 15:19:08.544+03,339.200,339.200,
11308,30,1,2026-06-26 14:31:33.001+03,,,
11308,30,8,2026-06-26 14:52:30.048+03,644.600,644.600,
11308,30,13,2026-06-26 15:12:06.156+03,733.300,733.300,
11308,30,16,2026-06-26 15:21:30.932+03,319.000,319.000,
11308,31,1,2026-06-26 14:30:23.206+03,,,
11308,31,4,2026-06-26 14:38:18.198+03,206.400,206.400,
11308,31,11,2026-06-26 14:59:08.121+03,631.300,631.300,
11308,31,18,2026-06-26 15:20:13.183+03,630.000,630.000,
11308,31,22,2026-06-26 15:26:53.097+03,29.200,29.200,
11308,32,1,2026-06-26 14:31:27.265+03,,,
11308,32,3,2026-06-26 14:46:33.873+03,705.200,705.200,
11308,32,11,2026-06-26 15:06:56.864+03,501.600,501.600,
11308,32,17,2026-06-26 15:23:05.25+03,438.700,438.700,
11309,1,1,2026-06-26 18:01:30.962+03,,,
11309,1,6,2026-06-26 18:17:34.146+03,462.600,462.600,
11309,1,9,2026-06-26 18:22:05.4+03,25.700,25.700,
11309,1,13,2026-06-26 18:39:03.81+03,640.100,640.100,
11309,1,16,2026-06-26 18:47:18.222+03,271.500,271.500,
11309,2,1,2026-06-26 18:02:06.725+03,,,
11309,2,7,2026-06-26 18:14:06.305+03,37.200,37.200,
11309,2,8,2026-06-26 18:16:42.483+03,42.600,42.600,
11309,2,12,2026-06-26 18:31:28.925+03,517.300,517.300,
11309,2,15,2026-06-26 18:36:11.503+03,29.200,29.200,
11309,2,18,2026-06-26 18:45:22.386+03,311.800,311.800,
11309,2,29,2026-06-26 18:58:59.43+03,24.300,24.300,
11309,3,1,2026-06-26 18:00:11.6+03,,,
11309,3,6,2026-06-26 18:07:45.714+03,34.900,34.900,
11309,3,16,2026-06-26 18:40:02.896+03,909.000,909.000,
11309,3,19,2026-06-26 18:49:22.451+03,321.700,321.700,
11309,4,1,2026-06-26 18:01:12.501+03,,,
11309,4,4,2026-06-26 18:06:44.949+03,29.900,29.900,
11309,4,6,2026-06-26 18:16:18.527+03,338.600,338.600,
11309,4,13,2026-06-26 18:34:22.139+03,413.000,413.000,
11309,4,19,2026-06-26 18:51:33.025+03,447.200,447.200,
11309,6,1,2026-06-26 18:00:36.493+03,,,
11309,6,7,2026-06-26 18:10:32.832+03,27.500,27.500,
11309,6,12,2026-06-26 18:29:23.972+03,602.700,602.700,
11309,6,15,2026-06-26 18:34:03.944+03,15.900,15.900,
11309,6,17,2026-06-26 18:43:24.569+03,386.600,386.600,
11309,7,1,2026-06-26 18:02:01.19+03,,,
11309,7,4,2026-06-26 18:07:32.635+03,64.400,64.400,
11309,7,5,2026-06-26 18:11:44.417+03,145.800,145.800,
11309,7,11,2026-06-26 18:23:12.644+03,65.700,65.700,
11309,7,14,2026-06-26 18:32:28.784+03,307.400,307.400,
11309,7,17,2026-06-26 18:38:04.825+03,77.600,77.600,
11309,7,20,2026-06-26 18:47:39.515+03,325.300,325.300,
11309,7,29,2026-06-26 18:59:04.398+03,23.700,23.700,
11309,8,1,2026-06-26 18:01:38.836+03,,,
11309,8,6,2026-06-26 18:17:09.936+03,468.600,468.600,
11309,8,12,2026-06-26 18:34:43.466+03,526.700,526.700,
11309,8,15,2026-06-26 18:39:32.764+03,29.500,29.500,
11309,8,17,2026-06-26 18:50:20.54+03,461.500,461.500,
11309,9,1,2026-06-26 18:03:12.21+03,,,
11309,9,11,2026-06-26 18:20:13.008+03,23.400,23.400,
11309,9,16,2026-06-26 18:33:36.392+03,385.400,385.400,
11309,9,19,2026-06-26 18:38:16.315+03,17.100,17.100,
11309,9,23,2026-06-26 18:48:59.507+03,317.500,317.500,
11309,10,1,2026-06-26 18:03:22.807+03,,,
11309,10,6,2026-06-26 18:16:01.11+03,268.600,268.600,
11309,10,13,2026-06-26 18:27:00.996+03,33.200,33.200,
11309,10,16,2026-06-26 18:37:23.568+03,366.300,366.300,
11309,10,19,2026-06-26 18:42:17.022+03,16.000,16.000,
11309,10,22,2026-06-26 18:50:36.657+03,239.300,239.300,
11309,12,1,2026-06-26 18:01:06.34+03,,,
11309,12,2,2026-06-26 18:06:37.956+03,233.200,233.200,
11309,12,6,2026-06-26 18:18:24.405+03,217.300,217.300,
11309,12,12,2026-06-26 18:27:23.254+03,33.800,33.800,
11309,12,15,2026-06-26 18:32:00.677+03,26.400,26.400,
11309,12,18,2026-06-26 18:43:00.309+03,417.000,417.000,
11309,12,19,2026-06-26 18:44:48.034+03,26.600,26.600,
11309,13,1,2026-06-26 18:00:04.125+03,,,
11309,13,8,2026-06-26 18:16:04.662+03,333.900,333.900,
11309,13,11,2026-06-26 18:26:53.764+03,389.700,389.700,
11309,13,14,2026-06-26 18:33:51.374+03,155.700,155.700,
11309,13,17,2026-06-26 18:43:49.374+03,349.300,349.300,
11309,13,27,2026-06-26 18:56:18.117+03,22.800,22.800,
11309,14,1,2026-06-26 18:00:39.238+03,,,
11309,14,7,2026-06-26 18:16:12.535+03,364.900,364.900,
11309,14,13,2026-06-26 18:29:29.585+03,256.400,256.400,
11309,14,19,2026-06-26 18:44:33.835+03,355.800,355.800,
11309,15,1,2026-06-26 18:01:35.891+03,,,
11309,15,14,2026-06-26 18:32:34.891+03,518.200,518.200,
11309,15,17,2026-06-26 18:38:41.073+03,84.400,84.400,
11309,15,20,2026-06-26 18:46:59.273+03,240.800,240.800,
11309,16,1,2026-06-26 18:00:46.576+03,,,
11309,16,5,2026-06-26 18:07:29.692+03,24.900,24.900,
11309,16,14,2026-06-26 18:30:21.82+03,443.000,443.000,
11309,16,20,2026-06-26 18:45:04.088+03,323.700,323.700,
11309,16,29,2026-06-26 18:58:30.879+03,143.700,143.700,
11309,17,1,2026-06-26 18:00:53.062+03,,,
11309,17,6,2026-06-26 18:08:56.881+03,26.100,26.100,
11309,17,7,2026-06-26 18:18:05.731+03,442.000,442.000,
11309,17,12,2026-06-26 18:34:35.329+03,574.300,574.300,
11309,17,16,2026-06-26 18:40:52.912+03,15.900,15.900,
11309,17,19,2026-06-26 18:49:11.343+03,259.400,259.400,
11309,18,1,2026-06-26 18:15:31.47+03,,,
11309,18,8,2026-06-26 18:32:40.265+03,353.000,353.000,
11309,18,15,2026-06-26 18:50:30.408+03,407.100,407.100,
11309,18,22,2026-06-26 18:59:21.267+03,22.300,22.300,
11309,19,1,2026-06-26 18:02:09.84+03,,,
11309,19,8,2026-06-26 18:18:42.646+03,216.100,216.100,
11309,19,11,2026-06-26 18:29:49.02+03,423.500,423.500,
11309,19,14,2026-06-26 18:34:13.295+03,16.000,16.000,
11309,19,17,2026-06-26 18:44:35.266+03,364.400,364.400,
11309,19,29,2026-06-26 18:59:33.977+03,22.100,22.100,
11309,20,1,2026-06-26 18:01:47.594+03,,,
11309,20,4,2026-06-26 18:07:34.735+03,44.200,44.200,
11309,20,12,2026-06-26 18:28:57.794+03,368.100,368.100,
11309,20,15,2026-06-26 18:34:48.995+03,44.000,44.000,
11309,20,18,2026-06-26 18:43:53.207+03,279.300,279.300,
11309,20,28,2026-06-26 18:56:29.333+03,24.400,24.400,
11309,27,1,2026-06-26 18:05:14.369+03,,,
11309,28,1,2026-06-26 18:16:29.733+03,,,
11309,28,7,2026-06-26 18:29:58.098+03,288.900,288.900,
11309,28,13,2026-06-26 18:42:43.647+03,263.000,263.000,
11309,29,1,2026-06-26 18:00:29.868+03,,,
11309,29,7,2026-06-26 18:10:53.47+03,26.700,26.700,
11309,29,11,2026-06-26 18:34:08.444+03,945.900,945.900,
11309,29,14,2026-06-26 18:39:14.345+03,17.400,17.400,
11309,29,17,2026-06-26 18:47:42.687+03,236.400,236.400,
11309,30,1,2026-06-26 18:01:32.48+03,,,
11309,30,6,2026-06-26 18:26:04.243+03,967.900,967.900,
11310,1,1,2026-06-27 13:49:50.206+03,,,
11310,1,4,2026-06-27 13:54:51.842+03,15.900,15.900,
11310,1,7,2026-06-27 14:00:15.584+03,15.900,15.900,
11310,1,10,2026-06-27 14:13:51.155+03,555.500,555.500,
11310,1,13,2026-06-27 14:27:21.02+03,545.300,545.300,
11310,2,1,2026-06-27 13:44:27.25+03,,,
11310,2,4,2026-06-27 13:56:48.13+03,488.300,488.300,
11310,2,8,2026-06-27 14:02:54.437+03,25.400,25.400,
11310,2,11,2026-06-27 14:14:12.032+03,428.900,428.900,
11310,2,14,2026-06-27 14:19:11.928+03,33.700,33.700,
11310,2,17,2026-06-27 14:23:36.369+03,23.800,23.800,
11310,2,18,2026-06-27 14:29:28.241+03,266.400,266.400,
11310,3,1,2026-06-27 13:46:03.402+03,,,
11310,3,4,2026-06-27 13:52:58.852+03,131.600,131.600,
11310,3,7,2026-06-27 14:02:41.627+03,318.800,318.800,
11310,3,10,2026-06-27 14:07:19.231+03,29.200,29.200,
11310,3,15,2026-06-27 14:18:54.568+03,339.900,339.900,
11310,3,18,2026-06-27 14:26:29.367+03,197.400,197.400,
11310,4,1,2026-06-27 13:40:32.29+03,,,
11310,4,7,2026-06-27 13:59:52.121+03,597.600,597.600,
11310,4,16,2026-06-27 14:15:21.124+03,257.200,257.200,
11310,4,19,2026-06-27 14:20:34.129+03,29.500,29.500,
11310,6,1,2026-06-27 13:46:30.689+03,,,
11310,6,4,2026-06-27 13:58:14.102+03,435.600,435.600,
11310,6,7,2026-06-27 14:05:57.469+03,207.500,207.500,
11310,6,10,2026-06-27 14:14:27.318+03,238.400,238.400,
11310,6,13,2026-06-27 14:26:59.291+03,471.600,471.600,
11310,7,1,2026-06-27 13:49:12.839+03,,,
11310,7,4,2026-06-27 13:59:58.993+03,393.100,393.100,
11310,7,7,2026-06-27 14:13:43.591+03,571.200,571.200,
11310,7,10,2026-06-27 14:21:54.282+03,233.900,233.900,
11310,7,13,2026-06-27 14:26:34.829+03,25.800,25.800,
11310,7,15,2026-06-27 14:29:43.16+03,16.400,16.400,
11310,8,1,2026-06-27 13:43:45.775+03,,,
11310,8,9,2026-06-27 14:06:58.267+03,684.100,684.100,
11310,8,11,2026-06-27 14:10:22.222+03,34.900,34.900,
11310,8,14,2026-06-27 14:21:08.879+03,395.600,395.600,
11310,8,17,2026-06-27 14:26:06.891+03,35.400,35.400,
11310,9,1,2026-06-27 13:45:57.208+03,,,
11310,9,4,2026-06-27 13:50:52.183+03,16.500,16.500,
11310,9,8,2026-06-27 14:00:37.098+03,233.300,233.300,
11310,9,11,2026-06-27 14:05:30.149+03,19.000,19.000,
11310,9,13,2026-06-27 14:14:42.295+03,387.800,387.800,
11310,9,15,2026-06-27 14:18:23.305+03,15.900,15.900,
11310,9,17,2026-06-27 14:21:37.594+03,15.900,15.900,
11310,9,20,2026-06-27 14:26:32.03+03,27.600,27.600,
11310,10,1,2026-06-27 13:44:06.177+03,,,
11310,10,8,2026-06-27 14:00:58.156+03,381.000,381.000,
11310,10,12,2026-06-27 14:15:49.932+03,535.200,535.200,
11310,10,15,2026-06-27 14:20:48.844+03,17.800,17.800,
11310,12,1,2026-06-27 13:46:58.961+03,,,
11310,12,4,2026-06-27 13:52:08.015+03,20.000,20.000,
11310,12,7,2026-06-27 14:02:28.827+03,360.500,360.500,
11310,12,16,2026-06-27 14:14:00.804+03,38.400,38.400,
11310,12,17,2026-06-27 14:19:51.221+03,267.100,267.100,
11310,12,20,2026-06-27 14:24:38.861+03,17.100,17.100,
11310,12,23,2026-06-27 14:29:41.634+03,36.900,36.900,
11310,13,1,2026-06-27 13:39:57.73+03,,,
11310,13,4,2026-06-27 13:46:48.389+03,144.200,144.200,
11310,13,7,2026-06-27 13:53:28.272+03,132.500,132.500,
11310,13,14,2026-06-27 14:13:55.05+03,675.400,675.400,
11310,13,17,2026-06-27 14:21:02.708+03,154.500,154.500,
11310,13,20,2026-06-27 14:29:37.539+03,244.900,244.900,
11310,14,1,2026-06-27 13:47:12.616+03,,,
11310,14,4,2026-06-27 14:02:39.895+03,671.000,671.000,
11310,14,12,2026-06-27 14:15:45.628+03,196.800,196.800,
11310,14,15,2026-06-27 14:23:27.512+03,224.300,224.300,
11310,14,18,2026-06-27 14:27:54.581+03,21.800,21.800,
11310,15,1,2026-06-27 13:46:14.526+03,,,
11310,15,4,2026-06-27 13:52:20.596+03,83.800,83.800,
11310,15,7,2026-06-27 14:00:20.254+03,202.900,202.900,
11310,15,10,2026-06-27 14:24:05.551+03,1171.600,1171.600,
11310,16,1,2026-06-27 13:44:57.537+03,,,
11310,16,8,2026-06-27 13:59:50.403+03,215.900,215.900,
11310,16,11,2026-06-27 14:14:21.889+03,627.400,627.400,
11310,16,18,2026-06-27 14:26:21.52+03,32.400,32.400,
11310,17,1,2026-06-27 13:45:52.847+03,,,
11310,17,4,2026-06-27 13:50:48.137+03,23.100,23.100,
11310,17,7,2026-06-27 13:55:53.002+03,16.900,16.900,
11310,17,10,2026-06-27 14:03:56.572+03,230.100,230.100,
11310,17,20,2026-06-27 14:20:47.207+03,274.100,274.100,
11310,17,23,2026-06-27 14:25:44.864+03,28.900,28.900,
11310,18,1,2026-06-27 13:45:26.323+03,,,
11310,18,10,2026-06-27 14:14:39.187+03,869.800,869.800,
11310,18,13,2026-06-27 14:23:03.026+03,221.400,221.400,
11310,18,17,2026-06-27 14:29:01.133+03,21.400,21.400,
11310,19,1,2026-06-27 13:48:24.71+03,,,
11310,19,4,2026-06-27 13:58:52.742+03,373.000,373.000,
11310,19,7,2026-06-27 14:03:27.372+03,15.900,15.900,
11310,19,9,2026-06-27 14:14:55.308+03,511.500,511.500,
11310,19,12,2026-06-27 14:20:06.742+03,26.900,26.900,
11310,19,15,2026-06-27 14:29:32.404+03,308.500,308.500,
11310,20,1,2026-06-27 13:46:24.152+03,,,
11310,20,5,2026-06-27 13:54:16.902+03,51.600,51.600,
11310,20,8,2026-06-27 14:06:13.335+03,401.500,401.500,
11310,20,12,2026-06-27 14:19:39.341+03,456.500,456.500,
11310,20,15,2026-06-27 14:25:48.551+03,60.900,60.900,
11310,27,1,2026-06-27 13:30:04.244+03,,,
11310,27,8,2026-06-27 13:41:54.646+03,46.400,46.400,
11310,27,11,2026-06-27 13:58:00.569+03,704.900,704.900,
11310,27,22,2026-06-27 14:20:05.787+03,484.500,484.500,
11310,28,1,2026-06-27 13:46:00.469+03,,,
11310,28,7,2026-06-27 14:03:23.759+03,486.500,486.500,
11310,28,15,2026-06-27 14:17:35.651+03,259.800,259.800,
11310,28,18,2026-06-27 14:23:45.831+03,125.400,125.400,
11310,28,21,2026-06-27 14:28:01.278+03,15.900,15.900,
11310,29,1,2026-06-27 13:39:28.35+03,,,
11310,29,4,2026-06-27 13:44:04.662+03,28.400,28.400,
11310,29,5,2026-06-27 13:55:26.78+03,598.200,598.200,
11310,29,8,2026-06-27 14:04:42.447+03,296.200,296.200,
11310,29,11,2026-06-27 14:16:11.464+03,410.700,410.700,
11310,29,14,2026-06-27 14:26:55.164+03,366.700,366.700,
11310,30,1,2026-06-27 13:43:56.229+03,,,
11310,30,4,2026-06-27 13:48:44.462+03,16.100,16.100,
11310,30,9,2026-06-27 14:06:47.924+03,643.000,643.000,
11310,30,18,2026-06-27 14:23:48.693+03,355.900,355.900,
11311,1,1,2026-06-27 17:03:18.778+03,,,
11311,1,4,2026-06-27 17:28:07.457+03,1247.100,1247.100,
11311,1,7,2026-06-27 17:50:22.822+03,1100.000,1100.000,
11311,1,10,2026-06-27 17:57:49.029+03,214.400,214.400,
11311,2,1,2026-06-27 17:03:33.569+03,,,
11311,2,4,2026-06-27 17:26:23.996+03,1123.700,1123.700,
11311,2,7,2026-06-27 17:34:42.925+03,269.600,269.600,
11311,2,10,2026-06-27 17:50:14.845+03,702.600,702.600,
11311,2,13,2026-06-27 17:57:26.819+03,200.900,200.900,
11311,3,1,2026-06-27 17:07:07.798+03,,,
11311,3,4,2026-06-27 17:15:08.907+03,229.100,229.100,
11311,3,7,2026-06-27 17:29:36.942+03,599.500,599.500,
11311,3,10,2026-06-27 17:37:12.403+03,211.100,211.100,
11311,4,1,2026-06-27 17:03:26.373+03,,,
11311,4,4,2026-06-27 17:13:11.648+03,338.500,338.500,
11311,4,7,2026-06-27 17:28:13.3+03,650.400,650.400,
11311,4,10,2026-06-27 17:36:31.234+03,255.000,255.000,
11311,4,13,2026-06-27 17:50:18.485+03,585.400,585.400,
11311,4,16,2026-06-27 17:57:04.922+03,173.000,173.000,
11311,6,1,2026-06-27 17:04:15.152+03,,,
11311,6,4,2026-06-27 17:14:10.106+03,343.100,343.100,
11311,6,7,2026-06-27 17:29:01.86+03,634.900,634.900,
11311,6,10,2026-06-27 17:37:23.72+03,242.400,242.400,
11311,7,1,2026-06-27 17:05:21.329+03,,,
11311,7,4,2026-06-27 17:15:36.147+03,372.100,372.100,
11311,7,6,2026-06-27 17:29:42.365+03,672.200,672.200,
11311,7,9,2026-06-27 17:37:51.82+03,233.400,233.400,
11311,7,12,2026-06-27 17:51:08.118+03,551.400,551.400,
11311,7,15,2026-06-27 17:57:57.35+03,166.500,166.500,
11311,8,1,2026-06-27 17:01:15.864+03,,,
11311,8,4,2026-06-27 17:07:50.908+03,145.300,145.300,
11311,8,7,2026-06-27 17:15:17.596+03,200.400,200.400,
11311,9,1,2026-06-27 17:03:38.829+03,,,
11311,9,4,2026-06-27 17:28:23.15+03,1219.300,1219.300,
11311,9,7,2026-06-27 17:36:22.271+03,233.100,233.100,
11311,9,10,2026-06-27 17:50:30.453+03,620.400,620.400,
11311,9,13,2026-06-27 17:57:20.55+03,150.700,150.700,
11311,10,1,2026-06-27 17:01:05.984+03,,,
11311,10,4,2026-06-27 17:08:16.026+03,175.000,175.000,
11311,10,7,2026-06-27 17:15:00.966+03,165.600,165.600,
11311,12,1,2026-06-27 17:00:57.27+03,,,
11311,12,4,2026-06-27 17:07:18.683+03,138.300,138.300,
11311,12,7,2026-06-27 17:14:44.23+03,195.200,195.200,
11311,13,1,2026-06-27 17:01:03.397+03,,,
11311,13,4,2026-06-27 17:08:23.53+03,187.500,187.500,
11311,13,7,2026-06-27 17:15:33.427+03,187.000,187.000,
11311,13,10,2026-06-27 17:29:32.112+03,581.600,581.600,
11311,13,13,2026-06-27 17:37:04.941+03,214.400,214.400,
11311,14,1,2026-06-27 17:04:54.195+03,,,
11311,14,4,2026-06-27 17:14:53.59+03,348.800,348.800,
11311,14,7,2026-06-27 17:28:31.074+03,550.100,550.100,
11311,14,10,2026-06-27 17:36:34.046+03,238.300,238.300,
11311,14,13,2026-06-27 17:51:01.151+03,619.300,619.300,
11311,14,16,2026-06-27 17:57:16.152+03,133.500,133.500,
11311,15,1,2026-06-27 17:00:05.892+03,,,
11311,15,4,2026-06-27 17:06:43.618+03,138.300,138.300,
11311,15,7,2026-06-27 17:14:17.213+03,201.600,201.600,
11311,15,10,2026-06-27 17:28:43.212+03,594.000,594.000,
11311,15,13,2026-06-27 17:36:47.319+03,224.900,224.900,
11311,16,1,2026-06-27 17:03:46.272+03,,,
11311,16,4,2026-06-27 17:28:35.926+03,1227.700,1227.700,
11311,16,7,2026-06-27 17:36:27.05+03,217.100,217.100,
11311,16,10,2026-06-27 17:50:51.423+03,633.400,633.400,
11311,16,12,2026-06-27 17:57:09.686+03,201.400,201.400,
11311,17,1,2026-06-27 17:00:51.597+03,,,
11311,17,4,2026-06-27 17:07:12.968+03,134.900,134.900,
11311,17,7,2026-06-27 17:14:38.666+03,192.200,192.200,
11311,18,1,2026-06-27 17:01:34.526+03,,,
11311,18,4,2026-06-27 17:06:56.608+03,59.100,59.100,
11311,18,7,2026-06-27 17:15:40.46+03,263.300,263.300,
11311,18,10,2026-06-27 17:30:11.028+03,607.800,607.800,
11311,18,12,2026-06-27 17:34:47.741+03,108.100,108.100,
11311,18,15,2026-06-27 17:51:17.097+03,745.900,745.900,
11311,18,18,2026-06-27 17:58:10.449+03,172.200,172.200,
11311,19,1,2026-06-27 17:03:35.967+03,,,
11311,19,4,2026-06-27 17:14:06.887+03,374.800,374.800,
11311,19,6,2026-06-27 17:29:56.385+03,784.600,784.600,
11311,19,9,2026-06-27 17:50:25.52+03,982.500,982.500,
11311,19,12,2026-06-27 17:57:30.526+03,181.200,181.200,
11311,20,1,2026-06-27 17:04:56.954+03,,,
11311,20,4,2026-06-27 17:14:29.361+03,322.800,322.800,
11311,20,7,2026-06-27 17:28:46.557+03,590.600,590.600,
11311,20,10,2026-06-27 17:36:52.26+03,229.500,229.500,
11311,27,1,2026-06-27 17:00:24.289+03,,,
11311,27,4,2026-06-27 17:07:33.399+03,186.300,186.300,
11311,27,7,2026-06-27 17:15:50.837+03,253.400,253.400,
11311,28,1,2026-06-27 17:04:46.355+03,,,
11311,28,4,2026-06-27 17:14:48.996+03,354.200,354.200,
11311,28,7,2026-06-27 17:28:39.383+03,570.300,570.300,
11311,28,10,2026-06-27 17:36:35.291+03,232.500,232.500,
11311,28,13,2026-06-27 17:50:28.141+03,580.100,580.100,
11311,28,16,2026-06-27 17:57:38.825+03,183.600,183.600,
11311,29,1,2026-06-27 17:04:16.699+03,,,
11311,29,4,2026-06-27 17:14:13.186+03,334.900,334.900,
11311,29,7,2026-06-27 17:29:02.532+03,619.000,619.000,
11311,29,10,2026-06-27 17:37:31.981+03,242.500,242.500,
11311,30,1,2026-06-27 17:00:14.306+03,,,
11311,30,4,2026-06-27 17:07:59.375+03,223.200,223.200,
11311,30,7,2026-06-27 17:15:53.009+03,234.700,234.700,
11315,1,18,2026-06-28 16:25:32.461+03,21.300,21.300,
11315,1,49,2026-06-28 17:03:48.538+03,21.200,21.200,
11315,2,21,2026-06-28 16:29:25.824+03,21.500,21.500,
11315,2,47,2026-06-28 17:01:44.351+03,21.800,21.800,
11315,3,17,2026-06-28 16:24:47.179+03,22.600,22.600,
11315,3,44,2026-06-28 16:58:47.094+03,21.800,21.800,
11315,4,18,2026-06-28 16:25:46.069+03,21.700,21.700,
11315,4,40,2026-06-28 16:53:16.481+03,21.200,21.200,
11315,6,13,2026-06-28 16:19:57.672+03,21.600,21.600,
11315,6,38,2026-06-28 16:51:34.103+03,21.200,21.200,
11315,6,51,2026-06-28 17:07:41.166+03,21.500,21.500,
11315,7,24,2026-06-28 16:32:54.499+03,21.400,21.400,
11315,7,51,2026-06-28 17:06:14.731+03,21.500,21.500,
11315,8,24,2026-06-28 16:34:21.799+03,22.300,22.300,
11315,8,49,2026-06-28 17:06:29.094+03,28.700,28.700,
11315,9,13,2026-06-28 16:19:34.611+03,21.700,21.700,
11315,9,37,2026-06-28 16:49:36.347+03,21.000,21.000,
11315,9,59,2026-06-28 17:16:33.84+03,22.700,22.700,
11315,10,24,2026-06-28 16:34:30.473+03,23.500,23.500,
11315,12,18,2026-06-28 16:26:17.113+03,21.200,21.200,
11315,12,37,2026-06-28 16:50:46.204+03,21.200,21.200,
11315,13,21,2026-06-28 16:29:55.706+03,21.500,21.500,
11315,13,45,2026-06-28 17:00:09.488+03,22.500,22.500,
11315,14,19,2026-06-28 16:27:09.009+03,22.000,22.000,
11315,14,45,2026-06-28 16:59:53.792+03,21.500,21.500,
11315,15,18,2026-06-28 16:26:14.833+03,21.800,21.800,
11315,15,33,2026-06-28 16:45:46.672+03,25.400,25.400,
11315,16,12,2026-06-28 16:18:16+03,21.300,21.300,
11315,16,25,2026-06-28 16:34:41.205+03,21.200,21.200,
11315,16,42,2026-06-28 16:55:37.472+03,21.200,21.200,
11315,17,14,2026-06-28 16:21:15.449+03,21.300,21.300,
11315,18,19,2026-06-28 16:26:40.718+03,21.200,21.200,
11315,18,43,2026-06-28 16:56:31.785+03,21.200,21.200,
11315,19,19,2026-06-28 16:26:56.641+03,22.000,22.000,
11315,19,42,2026-06-28 16:55:35.812+03,21.200,21.200,
11315,20,24,2026-06-28 16:33:53.795+03,21.500,21.500,
11315,20,45,2026-06-28 17:00:27.963+03,22.000,22.000,
11315,28,18,2026-06-28 16:25:56.802+03,21.400,21.400,
11315,28,46,2026-06-28 17:01:06.281+03,21.500,21.500,
11315,29,20,2026-06-28 16:28:48.729+03,21.500,21.500,
11315,29,46,2026-06-28 17:01:49.515+03,21.400,21.400,
11316,1,1,2026-07-03 14:34:13.653+03,,,
11316,1,9,2026-07-03 14:56:05.315+03,407.800,407.800,
11316,1,20,2026-07-03 15:21:49.5+03,505.100,505.100,
11316,2,1,2026-07-03 14:30:39.715+03,,,
11316,2,10,2026-07-03 14:55:51.237+03,508.800,508.800,
11316,2,19,2026-07-03 15:18:47.8+03,522.000,522.000,
11316,2,22,2026-07-03 15:24:41.559+03,32.900,32.900,
11316,3,1,2026-07-03 14:30:19.293+03,,,
11316,3,12,2026-07-03 14:58:51.264+03,440.800,440.800,
11316,3,14,2026-07-03 15:02:47.708+03,33.500,33.500,
11316,3,21,2026-07-03 15:21:00.084+03,413.600,413.600,
11316,3,24,2026-07-03 15:26:36.374+03,23.800,23.800,
11316,4,1,2026-07-03 14:31:23.609+03,,,
11316,4,8,2026-07-03 14:54:36.599+03,570.000,570.000,
11316,4,19,2026-07-03 15:18:06.257+03,371.900,371.900,
11316,6,1,2026-07-03 14:31:39.718+03,,,
11316,6,2,2026-07-03 14:34:09.061+03,32.300,32.300,
11316,6,12,2026-07-03 15:03:00.395+03,607.700,607.700,
11316,6,14,2026-07-03 15:06:52.324+03,32.900,32.900,
11316,6,18,2026-07-03 15:21:56.094+03,499.500,499.500,
11316,6,22,2026-07-03 15:29:32.596+03,32.000,32.000,
11316,7,1,2026-07-03 14:30:46.137+03,,,
11316,7,13,2026-07-03 14:57:36.602+03,256.800,256.800,
11316,7,23,2026-07-03 15:17:34.495+03,257.600,257.600,
11316,7,26,2026-07-03 15:29:28.146+03,395.300,395.300,
11316,8,1,2026-07-03 14:31:31.89+03,,,
11316,8,11,2026-07-03 14:59:18.764+03,563.900,563.900,
11316,8,14,2026-07-03 15:05:46.617+03,59.700,59.700,
11316,8,17,2026-07-03 15:19:22.314+03,500.800,500.800,
11316,9,1,2026-07-03 14:30:31.34+03,,,
11316,9,13,2026-07-03 14:57:51.211+03,280.500,280.500,
11316,9,16,2026-07-03 15:03:33.313+03,56.100,56.100,
11316,9,22,2026-07-03 15:17:43.05+03,297.700,297.700,
11316,10,1,2026-07-03 14:31:16.984+03,,,
11316,10,7,2026-07-03 14:50:22.459+03,447.800,447.800,
11316,10,12,2026-07-03 15:02:57.473+03,213.800,213.800,
11316,10,18,2026-07-03 15:19:31.442+03,293.700,293.700,
11316,12,1,2026-07-03 14:31:29.687+03,,,
11316,12,6,2026-07-03 14:41:39.525+03,46.100,46.100,
11316,12,12,2026-07-03 14:53:11.106+03,32.300,32.300,
11316,12,22,2026-07-03 15:18:12.625+03,447.600,447.600,
11316,12,25,2026-07-03 15:24:34.261+03,32.400,32.400,
11316,13,1,2026-07-03 14:30:06.746+03,,,
11316,13,11,2026-07-03 14:56:59.274+03,470.300,470.300,
11316,13,20,2026-07-03 15:12:35.835+03,28.800,28.800,
11316,13,21,2026-07-03 15:20:42.219+03,399.500,399.500,
11316,14,1,2026-07-03 14:30:23.949+03,,,
11316,14,9,2026-07-03 14:51:42.741+03,340.400,340.400,
11316,14,17,2026-07-03 15:10:49.252+03,394.300,394.300,
11316,14,23,2026-07-03 15:25:21.771+03,219.600,219.600,
11316,15,1,2026-07-03 14:30:59.73+03,,,
11316,15,8,2026-07-03 14:45:31.328+03,49.900,49.900,
11316,15,11,2026-07-03 14:58:59.545+03,486.000,486.000,
11316,15,19,2026-07-03 15:17:59.056+03,383.400,383.400,
11316,16,1,2026-07-03 14:30:02.156+03,,,
11316,16,14,2026-07-03 15:00:15.211+03,278.300,278.300,
11316,16,17,2026-07-03 15:05:55.726+03,36.500,36.500,
11316,16,24,2026-07-03 15:20:09.497+03,198.400,198.400,
11316,17,1,2026-07-03 14:31:37.984+03,,,
11316,17,6,2026-07-03 14:42:02.701+03,60.000,60.000,
11316,17,14,2026-07-03 14:56:26.799+03,30.500,30.500,
11316,17,24,2026-07-03 15:17:29.431+03,267.300,267.300,
11316,17,27,2026-07-03 15:23:07.831+03,31.100,31.100,
11316,17,30,2026-07-03 15:29:15.484+03,56.200,56.200,
11316,18,1,2026-07-03 14:31:57.125+03,,,
11316,18,8,2026-07-03 14:45:34.891+03,31.700,31.700,
11316,18,11,2026-07-03 14:55:07.849+03,271.400,271.400,
11316,18,22,2026-07-03 15:16:49.655+03,278.600,278.600,
11316,18,28,2026-07-03 15:29:10.015+03,73.200,73.200,
11316,19,1,2026-07-03 14:30:49.949+03,,,
11316,19,9,2026-07-03 14:55:38.299+03,563.000,563.000,
11316,19,15,2026-07-03 15:16:06.828+03,630.600,630.600,
11316,19,21,2026-07-03 15:27:34.693+03,31.300,31.300,
11316,20,1,2026-07-03 14:31:08.615+03,,,
11316,20,10,2026-07-03 14:53:46.665+03,314.100,314.100,
11316,20,19,2026-07-03 15:18:16.891+03,621.500,621.500,
11316,20,22,2026-07-03 15:25:56.76+03,92.300,92.300,
11316,27,1,2026-07-03 14:31:03.915+03,,,
11316,27,16,2026-07-03 15:07:46.163+03,572.300,572.300,
11316,27,19,2026-07-03 15:26:26.274+03,782.700,782.700,
11316,28,1,2026-07-03 14:30:11.777+03,,,
11316,28,12,2026-07-03 14:53:51.79+03,171.700,171.700,
11316,28,20,2026-07-03 15:11:18.428+03,281.400,281.400,
11316,28,26,2026-07-03 15:24:25.475+03,141.900,141.900,
11316,29,1,2026-07-03 14:30:17.809+03,,,
11316,29,9,2026-07-03 14:46:24.047+03,36.800,36.800,
11316,29,10,2026-07-03 14:59:09.952+03,650.500,650.500,
11316,29,19,2026-07-03 15:17:56.094+03,275.300,275.300,
11316,29,25,2026-07-03 15:29:19.812+03,29.800,29.800,
11316,30,1,2026-07-03 14:31:13.971+03,,,
11316,30,15,2026-07-03 15:12:15.429+03,965.600,965.600,
11316,30,18,2026-07-03 15:26:57.64+03,578.000,578.000,
11317,1,1,2026-07-03 18:32:25.695+03,,,
11317,1,7,2026-07-03 18:49:13.725+03,338.900,338.900,
11317,1,10,2026-07-03 19:11:32.581+03,1023.800,1023.800,
11317,2,1,2026-07-03 18:33:00.221+03,,,
11317,2,4,2026-07-03 18:39:01.603+03,40.900,40.900,
11317,2,7,2026-07-03 18:49:36.543+03,305.000,305.000,
11317,2,10,2026-07-03 18:55:28.13+03,32.800,32.800,
11317,2,13,2026-07-03 19:10:58.546+03,621.400,621.400,
11317,3,1,2026-07-03 18:31:41.437+03,,,
11317,3,4,2026-07-03 18:38:19.306+03,67.300,67.300,
11317,3,7,2026-07-03 18:49:41.543+03,364.600,364.600,
11317,3,10,2026-07-03 18:56:10.106+03,65.600,65.600,
11317,4,1,2026-07-03 18:32:30.481+03,,,
11317,4,6,2026-07-03 18:49:25.12+03,415.000,415.000,
11317,4,12,2026-07-03 19:11:42.276+03,677.000,677.000,
11317,6,1,2026-07-03 18:33:06.606+03,,,
11317,6,7,2026-07-03 18:54:24.358+03,622.800,622.800,
11317,7,1,2026-07-03 18:31:20.441+03,,,
11317,7,4,2026-07-03 18:37:18.315+03,48.600,48.600,
11317,7,7,2026-07-03 18:50:29.268+03,470.300,470.300,
11317,7,10,2026-07-03 18:56:33.648+03,54.700,54.700,
11317,7,13,2026-07-03 19:11:07.006+03,566.600,566.600,
11317,8,1,2026-07-03 18:35:18.699+03,,,
11317,9,1,2026-07-03 18:31:30.514+03,,,
11317,9,6,2026-07-03 18:50:08.12+03,586.100,586.100,
11317,9,12,2026-07-03 19:11:10.107+03,611.400,611.400,
11317,10,1,2026-07-03 18:35:22.626+03,,,
11317,12,1,2026-07-03 18:32:09.313+03,,,
11317,12,8,2026-07-03 18:49:19.467+03,262.300,262.300,
11317,12,11,2026-07-03 18:56:40.495+03,122.500,122.500,
11317,13,1,2026-07-03 18:31:51.388+03,,,
11317,13,4,2026-07-03 18:38:28.897+03,68.200,68.200,
11317,13,7,2026-07-03 18:49:06.393+03,323.600,323.600,
11317,13,10,2026-07-03 18:55:58.126+03,108.600,108.600,
11317,14,1,2026-07-03 18:31:58.181+03,,,
11317,14,7,2026-07-03 18:54:15.614+03,678.800,678.800,
11317,14,10,2026-07-03 19:11:01.956+03,695.400,695.400,
11317,15,1,2026-07-03 18:30:43.565+03,,,
11317,15,4,2026-07-03 18:38:34.86+03,155.500,155.500,
11317,16,1,2026-07-03 18:31:35.738+03,,,
11317,16,7,2026-07-03 18:50:11.894+03,457.700,457.700,
11317,16,12,2026-07-03 19:11:22.166+03,731.600,731.600,
11317,17,1,2026-07-03 18:32:02.555+03,,,
11317,17,8,2026-07-03 18:49:08.539+03,260.100,260.100,
11317,17,11,2026-07-03 18:55:50.842+03,107.100,107.100,
11317,18,1,2026-07-03 18:31:26.105+03,,,
11317,18,4,2026-07-03 18:38:03.502+03,76.300,76.300,
11317,18,7,2026-07-03 18:50:36.741+03,443.300,443.300,
11317,18,13,2026-07-03 19:11:55.242+03,642.000,642.000,
11317,19,1,2026-07-03 18:32:47.754+03,,,
11317,19,4,2026-07-03 18:49:49.229+03,697.500,697.500,
11317,19,10,2026-07-03 19:10:49.149+03,616.500,616.500,
11317,20,1,2026-07-03 18:30:47.676+03,,,
11317,20,4,2026-07-03 18:38:38.322+03,151.500,151.500,
11317,27,1,2026-07-03 18:30:14.714+03,,,
11317,27,4,2026-07-03 18:38:43.485+03,208.200,208.200,
11317,28,1,2026-07-03 18:32:15.533+03,,,
11317,28,7,2026-07-03 18:54:19.893+03,632.500,632.500,
11317,28,10,2026-07-03 19:10:53.933+03,667.300,667.300,
11317,29,1,2026-07-03 18:33:14.292+03,,,
11317,29,7,2026-07-03 18:54:26.968+03,579.800,579.800,
11317,30,1,2026-07-03 18:30:20.299+03,,,
11317,30,4,2026-07-03 18:38:40.355+03,194.400,194.400,
11321,10,14,2026-07-04 14:27:18.703+03,30.900,30.900,
11321,27,2,2026-07-04 14:08:06.286+03,48.600,48.600,
11322,1,1,2026-07-04 18:03:46.791+03,,,
11322,1,4,2026-07-04 18:12:54.328+03,238.000,238.000,
11322,1,7,2026-07-04 18:33:01.818+03,906.200,906.200,
11322,1,10,2026-07-04 18:41:14.127+03,193.100,193.100,
11322,1,13,2026-07-04 18:56:41.667+03,631.500,631.500,
11322,1,16,2026-07-04 19:05:19.44+03,220.200,220.200,
11322,2,1,2026-07-04 18:03:41.307+03,,,
11322,2,4,2026-07-04 18:14:11.853+03,332.700,332.700,
11322,2,6,2026-07-04 18:35:44.653+03,1055.000,1055.000,
11322,2,9,2026-07-04 18:43:38.276+03,168.000,168.000,
11322,2,12,2026-07-04 18:56:34.766+03,476.500,476.500,
11322,2,15,2026-07-04 19:04:46.659+03,192.600,192.600,
11322,3,1,2026-07-04 18:00:37.154+03,,,
11322,3,2,2026-07-04 18:15:20.772+03,768.300,768.300,
11322,3,5,2026-07-04 18:35:16.336+03,875.200,875.200,
11322,3,8,2026-07-04 18:44:19.001+03,232.000,232.000,
11322,4,1,2026-07-04 18:03:53.775+03,,,
11322,4,4,2026-07-04 18:12:59.944+03,235.800,235.800,
11322,4,7,2026-07-04 18:33:04.318+03,887.000,887.000,
11322,4,10,2026-07-04 18:41:22.888+03,188.100,188.100,
11322,4,13,2026-07-04 18:57:01.463+03,642.500,642.500,
11322,4,16,2026-07-04 19:05:43.528+03,217.900,217.900,
11322,6,1,2026-07-04 18:04:16.404+03,,,
11322,6,4,2026-07-04 18:13:49+03,246.400,246.400,
11322,6,7,2026-07-04 18:35:48.971+03,1006.500,1006.500,
11322,6,10,2026-07-04 18:45:05.12+03,224.900,224.900,
11322,7,1,2026-07-04 18:04:33.56+03,,,
11322,7,4,2026-07-04 18:12:39.678+03,172.400,172.400,
11322,7,7,2026-07-04 18:35:19.242+03,1065.500,1065.500,
11322,7,11,2026-07-04 18:44:57.845+03,154.400,154.400,
11322,7,14,2026-07-04 18:57:25.56+03,447.400,447.400,
11322,7,17,2026-07-04 19:04:44.456+03,153.900,153.900,
11322,8,1,2026-07-04 18:00:47.404+03,,,
11322,8,3,2026-07-04 18:05:09.255+03,51.900,51.900,
11322,8,7,2026-07-04 18:15:12.018+03,168.600,168.600,
11322,9,1,2026-07-04 18:01:22.419+03,,,
11322,9,7,2026-07-04 18:34:31.402+03,1353.200,1353.200,
11322,9,10,2026-07-04 18:43:50.729+03,251.700,251.700,
11322,9,13,2026-07-04 18:56:45.386+03,461.900,461.900,
11322,9,16,2026-07-04 19:05:23.703+03,212.300,212.300,
11322,10,1,2026-07-04 18:00:31.529+03,,,
11322,10,4,2026-07-04 18:06:22.105+03,39.200,39.200,
11322,10,7,2026-07-04 18:14:08.672+03,155.600,155.600,
11322,12,1,2026-07-04 18:01:17.654+03,,,
11322,12,3,2026-07-04 18:06:35.594+03,113.900,113.900,
11322,12,6,2026-07-04 18:14:17.1+03,160.000,160.000,
11322,12,9,2026-07-04 18:34:27.652+03,869.900,869.900,
11322,12,12,2026-07-04 18:44:26.329+03,288.900,288.900,
11322,13,1,2026-07-04 18:01:12.748+03,,,
11322,13,4,2026-07-04 18:06:55.229+03,41.400,41.400,
11322,13,7,2026-07-04 18:15:02.773+03,169.600,169.600,
11322,13,10,2026-07-04 18:35:10.024+03,890.000,890.000,
11322,13,13,2026-07-04 18:44:40.876+03,268.700,268.700,
11322,14,1,2026-07-04 18:01:02.807+03,,,
11322,14,4,2026-07-04 18:08:27.489+03,141.000,141.000,
11322,14,7,2026-07-04 18:14:53.966+03,92.100,92.100,
11322,14,10,2026-07-04 18:34:46.98+03,868.200,868.200,
11322,14,13,2026-07-04 18:43:46.714+03,224.200,224.200,
11322,14,16,2026-07-04 18:56:31.454+03,448.800,448.800,
11322,14,18,2026-07-04 19:04:59.636+03,314.100,314.100,
11322,15,1,2026-07-04 18:00:20.216+03,,,
11322,15,4,2026-07-04 18:07:10.059+03,106.700,106.700,
11322,15,7,2026-07-04 18:14:00.047+03,107.900,107.900,
11322,16,1,2026-07-04 18:01:31.123+03,,,
11322,16,6,2026-07-04 18:34:38.042+03,1431.600,1431.600,
11322,16,9,2026-07-04 18:43:58.667+03,244.500,244.500,
11322,16,12,2026-07-04 18:56:50.663+03,463.900,463.900,
11322,16,15,2026-07-04 19:05:30.128+03,214.000,214.000,
11322,17,1,2026-07-04 18:00:14.419+03,,,
11322,17,4,2026-07-04 18:07:19.757+03,127.300,127.300,
11322,17,7,2026-07-04 18:14:24.437+03,126.300,126.300,
11322,17,10,2026-07-04 18:34:20.558+03,859.400,859.400,
11322,17,13,2026-07-04 18:44:10.491+03,283.500,283.500,
11322,18,1,2026-07-04 18:04:42.263+03,,,
11322,18,3,2026-07-04 18:11:44.137+03,151.500,151.500,
11322,18,6,2026-07-04 18:35:24.824+03,1115.000,1115.000,
11322,18,9,2026-07-04 18:45:28.245+03,289.100,289.100,
11322,18,12,2026-07-04 18:57:33.7+03,427.500,427.500,
11322,18,15,2026-07-04 19:05:09.403+03,169.400,169.400,
11322,19,1,2026-07-04 18:04:09.591+03,,,
11322,19,4,2026-07-04 18:11:55.649+03,151.000,151.000,
11322,19,7,2026-07-04 18:35:04.352+03,1083.700,1083.700,
11322,19,10,2026-07-04 18:43:31.67+03,204.100,204.100,
11322,19,13,2026-07-04 18:56:22.847+03,469.000,469.000,
11322,19,16,2026-07-04 19:04:55.191+03,219.700,219.700,
11322,20,1,2026-07-04 18:00:26.529+03,,,
11322,20,4,2026-07-04 18:06:43.272+03,78.100,78.100,
11322,20,7,2026-07-04 18:14:02.406+03,140.000,140.000,
11322,20,10,2026-07-04 18:35:28.558+03,965.200,965.200,
11322,20,13,2026-07-04 18:44:03.401+03,195.500,195.500,
11322,27,1,2026-07-04 18:00:08.154+03,,,
11322,27,4,2026-07-04 18:07:13.324+03,131.200,131.200,
11322,27,7,2026-07-04 18:15:26.256+03,181.800,181.800,
11322,28,1,2026-07-04 18:00:56.191+03,,,
11322,28,3,2026-07-04 18:06:50.173+03,156.500,156.500,
11322,28,6,2026-07-04 18:14:29.969+03,150.200,150.200,
11322,28,9,2026-07-04 18:34:41.403+03,877.700,877.700,
11322,28,12,2026-07-04 18:43:41.527+03,222.900,222.900,
11322,28,15,2026-07-04 19:04:50.659+03,957.600,957.600,
11322,29,1,2026-07-04 18:04:06.701+03,,,
11322,29,4,2026-07-04 18:13:55.684+03,267.600,267.600,
11322,30,1,2026-07-04 18:00:02.763+03,,,
11322,30,3,2026-07-04 18:06:25.089+03,176.400,176.400,
11322,30,6,2026-07-04 18:14:04.531+03,155.800,155.800,
11326,1,17,2026-07-05 17:31:12.628+03,28.700,28.700,
11326,1,38,2026-07-05 18:04:38.769+03,28.900,28.900,
11326,2,28,2026-07-05 17:48:53.303+03,28.800,28.800,
11326,2,38,2026-07-05 18:04:55.474+03,29.800,29.800,
11326,2,48,2026-07-05 18:21:31.21+03,28.400,28.400,
11326,3,26,2026-07-05 17:46:11.109+03,28.600,28.600,
11326,3,47,2026-07-05 18:20:09.066+03,29.900,29.900,
11326,4,19,2026-07-05 17:34:30.503+03,29.900,29.900,
11326,4,38,2026-07-05 18:05:14.352+03,36.400,36.400,
11326,4,47,2026-07-05 18:19:36.825+03,29.600,29.600,
11326,6,23,2026-07-05 17:41:36.072+03,33.600,33.600,
11326,6,48,2026-07-05 18:22:41.16+03,28.700,28.700,
11326,7,35,2026-07-05 17:59:25.087+03,28.900,28.900,
11326,7,41,2026-07-05 18:09:41.585+03,41.200,41.200,
11326,7,43,2026-07-05 18:13:31.663+03,33.600,33.600,
11326,8,20,2026-07-05 17:37:30.798+03,28.700,28.700,
11326,8,46,2026-07-05 18:21:17.735+03,29.900,29.900,
11326,9,25,2026-07-05 17:43:45.836+03,28.400,28.400,
11326,9,48,2026-07-05 18:20:34.854+03,28.800,28.800,
11326,10,18,2026-07-05 17:34:11.122+03,28.700,28.700,
11326,10,46,2026-07-05 18:21:40.753+03,46.200,46.200,
11326,12,1,2026-07-05 17:06:54.499+03,44.100,44.100,
11326,12,14,2026-07-05 17:28:42.786+03,41.200,41.200,
11326,12,23,2026-07-05 17:43:56.211+03,39.600,39.600,
11326,12,35,2026-07-05 18:03:32.875+03,31.400,31.400,
11326,12,40,2026-07-05 18:12:16.429+03,32.500,32.500,
11326,13,17,2026-07-05 17:31:54.573+03,28.900,28.900,
11326,13,34,2026-07-05 17:59:28.796+03,35.800,35.800,
11326,14,28,2026-07-05 17:49:15.954+03,28.700,28.700,
11326,14,47,2026-07-05 18:19:57.16+03,28.500,28.500,
11326,15,21,2026-07-05 17:38:40.451+03,43.200,43.200,
11326,15,47,2026-07-05 18:21:33.609+03,31.200,31.200,
11326,16,23,2026-07-05 17:40:53.747+03,34.800,34.800,
11326,16,48,2026-07-05 18:21:02.149+03,28.700,28.700,
11326,17,20,2026-07-05 17:36:40.733+03,28.800,28.800,
11326,17,48,2026-07-05 18:23:19.064+03,29.200,29.200,
11326,18,23,2026-07-05 17:40:52.147+03,28.600,28.600,
11326,18,34,2026-07-05 17:58:20.856+03,28.300,28.300,
11326,19,2,2026-07-05 17:08:15.448+03,40.500,40.500,
11326,19,36,2026-07-05 18:02:44.835+03,29.500,29.500,
11326,19,47,2026-07-05 18:21:03.857+03,29.000,29.000,
11326,20,29,2026-07-05 17:51:35.455+03,29.900,29.900,
11326,20,47,2026-07-05 18:21:26.513+03,30.200,30.200,
11326,27,21,2026-07-05 17:38:39.595+03,29.300,29.300,
11326,27,46,2026-07-05 18:19:42.582+03,29.800,29.800,
11326,28,27,2026-07-05 17:47:43.893+03,28.900,28.900,
11326,28,47,2026-07-05 18:20:03.631+03,32.100,32.100,
11326,29,22,2026-07-05 17:39:57.554+03,29.300,29.300,
11326,29,47,2026-07-05 18:20:31.463+03,29.400,29.400,
11326,30,29,2026-07-05 17:52:01.983+03,31.500,31.500,
11326,30,46,2026-07-05 18:20:26.714+03,29.500,29.500,
11327,1,1,2026-07-17 14:30:56.555+03,,,
11327,1,8,2026-07-17 14:56:32.345+03,537.100,537.100,
11327,1,11,2026-07-17 15:07:24.833+03,283.800,283.800,
11327,1,22,2026-07-17 15:28:31.535+03,24.200,24.200,
11327,2,1,2026-07-17 14:36:18.074+03,,,
11327,2,2,2026-07-17 14:44:01.107+03,320.000,320.000,
11327,2,3,2026-07-17 14:52:54.348+03,398.500,398.500,
11327,2,9,2026-07-17 15:13:15.489+03,388.200,388.200,
11327,3,1,2026-07-17 14:31:18.04+03,,,
11327,3,10,2026-07-17 15:01:28.045+03,557.500,557.500,
11327,3,14,2026-07-17 15:10:55.073+03,27.900,27.900,
11327,4,1,2026-07-17 14:31:14.836+03,,,
11327,4,8,2026-07-17 14:55:48.386+03,494.700,494.700,
11327,4,13,2026-07-17 15:13:22.52+03,367.800,367.800,
11327,6,1,2026-07-17 14:32:15.5+03,,,
11327,6,8,2026-07-17 14:49:08.499+03,52.500,52.500,
11327,6,11,2026-07-17 15:01:24.661+03,359.700,359.700,
11327,6,15,2026-07-17 15:15:28.693+03,318.900,318.900,
11327,7,1,2026-07-17 14:31:07.618+03,,,
11327,7,8,2026-07-17 14:53:46.169+03,346.600,346.600,
11327,7,11,2026-07-17 15:05:46.786+03,287.900,287.900,
11327,7,21,2026-07-17 15:29:06.046+03,246.100,246.100,
11327,9,1,2026-07-17 14:31:02.18+03,,,
11327,9,10,2026-07-17 15:02:23.715+03,626.300,626.300,
11327,9,15,2026-07-17 15:18:22.847+03,308.300,308.300,
11327,10,1,2026-07-17 14:33:02.73+03,,,
11327,10,8,2026-07-17 14:58:03.5+03,486.500,486.500,
11327,10,11,2026-07-17 15:10:40.963+03,329.500,329.500,
11327,10,17,2026-07-17 15:28:46.832+03,263.100,263.100,
11327,12,1,2026-07-17 14:30:10.915+03,,,
11327,12,2,2026-07-17 14:36:11.074+03,226.600,226.600,
11327,12,11,2026-07-17 15:02:12.044+03,348.900,348.900,
11327,12,16,2026-07-17 15:17:39.881+03,279.100,279.100,
11327,13,1,2026-07-17 14:32:52.277+03,,,
11327,13,9,2026-07-17 15:00:11.289+03,554.600,554.600,
11327,13,13,2026-07-17 15:14:10.367+03,310.800,310.800,
11327,14,1,2026-07-17 14:31:26.089+03,,,
11327,14,6,2026-07-17 14:46:19.282+03,218.800,218.800,
11327,14,11,2026-07-17 15:01:03.084+03,219.000,219.000,
11327,14,16,2026-07-17 15:17:06.699+03,291.200,291.200,
11327,15,1,2026-07-17 14:30:28.994+03,,,
11327,15,6,2026-07-17 14:47:28.987+03,398.500,398.500,
11327,15,10,2026-07-17 15:03:00.488+03,424.400,424.400,
11327,15,15,2026-07-17 15:18:49.974+03,300.300,300.300,
11327,15,18,2026-07-17 15:26:04.327+03,21.200,21.200,
11327,16,1,2026-07-17 14:30:48.989+03,,,
11327,16,10,2026-07-17 15:00:49.561+03,501.500,501.500,
11327,16,15,2026-07-17 15:18:51.771+03,370.700,370.700,
11327,17,1,2026-07-17 14:30:02.875+03,,,
11327,17,2,2026-07-17 14:34:42.944+03,143.300,143.300,
11327,17,9,2026-07-17 14:50:16.594+03,25.900,25.900,
11327,17,12,2026-07-17 15:01:37.564+03,305.400,305.400,
11327,17,17,2026-07-17 15:17:12.876+03,279.000,279.000,
11327,18,1,2026-07-17 14:30:18.647+03,,,
11327,18,9,2026-07-17 14:55:52.423+03,463.700,463.700,
11327,18,14,2026-07-17 15:11:48.353+03,296.500,296.500,
11327,18,20,2026-07-17 15:27:20.123+03,230.800,230.800,
11327,19,1,2026-07-17 14:31:29.467+03,,,
11327,19,8,2026-07-17 14:55:11.754+03,429.900,429.900,
11327,19,12,2026-07-17 15:10:01.205+03,364.300,364.300,
11327,19,15,2026-07-17 15:16:28.116+03,23.500,23.500,
11327,20,1,2026-07-17 14:30:31.916+03,,,
11327,20,5,2026-07-17 14:42:09.595+03,170.200,170.200,
11327,20,9,2026-07-17 14:58:22.502+03,459.100,459.100,
11327,20,15,2026-07-17 15:18:25.418+03,371.900,371.900,
11327,20,18,2026-07-17 15:26:09.946+03,31.700,31.700,
11327,27,1,2026-07-17 14:30:05.965+03,,,
11327,27,6,2026-07-17 14:45:05.419+03,245.200,245.200,
11327,27,11,2026-07-17 15:02:45.114+03,400.900,400.900,
11327,27,16,2026-07-17 15:20:13.975+03,374.200,374.200,
11327,28,1,2026-07-17 14:30:23.21+03,,,
11327,28,10,2026-07-17 14:56:44.528+03,384.500,384.500,
11327,28,17,2026-07-17 15:18:18.65+03,357.800,357.800,
11327,29,1,2026-07-17 14:30:43.251+03,,,
11327,29,6,2026-07-17 14:42:52.191+03,45.600,45.600,
11327,29,9,2026-07-17 14:56:05.489+03,392.800,392.800,
11327,29,14,2026-07-17 15:12:57.054+03,353.000,353.000,
11327,30,1,2026-07-17 14:31:20.102+03,,,
11327,30,6,2026-07-17 14:44:46.36+03,151.800,151.800,
11327,30,11,2026-07-17 15:07:58.351+03,739.900,739.900,
11327,30,15,2026-07-17 15:20:50.171+03,251.000,251.000,
11327,31,1,2026-07-17 14:31:50.144+03,,,
11327,31,8,2026-07-17 14:57:01.488+03,511.600,511.600,
11327,31,13,2026-07-17 15:14:29.879+03,365.400,365.400,
11328,1,1,2026-07-17 18:01:20.522+03,,,
11328,1,6,2026-07-17 18:18:21.24+03,,,
11328,1,9,2026-07-17 18:29:22.442+03,288.000,288.000,
11328,1,18,2026-07-17 18:58:45.062+03,2050.500,2050.500,
11328,2,1,2026-07-17 18:01:34.451+03,,,
11328,2,5,2026-07-17 18:17:26.43+03,,,
11328,2,8,2026-07-17 18:26:54.459+03,205.800,205.800,
11328,2,11,2026-07-17 18:38:22.205+03,338.300,338.300,
11328,2,15,2026-07-17 18:58:35.176+03,1551.200,1551.200,
11328,3,1,2026-07-17 18:01:25.418+03,,,
11328,3,6,2026-07-17 18:17:30.242+03,,,
11328,3,10,2026-07-17 18:34:29.332+03,488.300,488.300,
11328,3,14,2026-07-17 18:58:09.228+03,889.500,889.500,
11328,4,1,2026-07-17 18:01:11.567+03,,,
11328,4,6,2026-07-17 18:17:44.326+03,,,
11328,4,9,2026-07-17 18:29:44.026+03,336.700,336.700,
11328,4,17,2026-07-17 18:58:47.187+03,2079.900,2079.900,
11328,6,1,2026-07-17 18:01:44.586+03,,,
11328,6,6,2026-07-17 18:17:04.182+03,,,
11328,6,11,2026-07-17 18:29:42.645+03,133.800,133.800,
11328,6,14,2026-07-17 18:41:09.669+03,301.800,301.800,
11328,7,1,2026-07-17 18:00:23.625+03,,,
11328,7,6,2026-07-17 18:18:28.346+03,,,
11328,7,9,2026-07-17 18:33:42.565+03,537.600,537.600,
11328,7,15,2026-07-17 18:59:01.666+03,2056.700,2056.700,
11328,8,1,2026-07-17 18:01:26.787+03,,,
11328,8,6,2026-07-17 18:17:53.072+03,,,
11328,8,10,2026-07-17 18:29:36.803+03,191.500,191.500,
11328,8,16,2026-07-17 18:58:24.335+03,802.800,802.800,
11328,9,1,2026-07-17 18:00:41.657+03,,,
11328,9,6,2026-07-17 18:21:06.208+03,,,
11328,9,9,2026-07-17 18:29:18.997+03,81.100,81.100,
11328,9,12,2026-07-17 18:40:40.893+03,315.200,315.200,
11328,9,15,2026-07-17 18:58:31.848+03,1386.100,1386.100,
11328,10,1,2026-07-17 18:01:41.522+03,,,
11328,10,6,2026-07-17 18:18:15.524+03,,,
11328,10,9,2026-07-17 18:29:34.271+03,290.800,290.800,
11328,10,14,2026-07-17 18:58:22.902+03,1074.700,1074.700,
11328,12,1,2026-07-17 18:00:30.851+03,,,
11328,12,6,2026-07-17 18:18:11.752+03,,,
11328,12,10,2026-07-17 18:33:34.083+03,390.500,390.500,
11328,12,13,2026-07-17 18:39:45.343+03,27.700,27.700,
11328,12,16,2026-07-17 18:58:33.418+03,1155.600,1155.600,
11328,13,1,2026-07-17 18:01:14.977+03,,,
11328,13,3,2026-07-17 18:08:09.624+03,134.700,134.700,
11328,13,5,2026-07-17 18:17:51.231+03,716.200,716.200,
11328,13,9,2026-07-17 18:33:04.037+03,383.100,383.100,
11328,13,13,2026-07-17 18:58:14.147+03,973.600,973.600,
11328,14,1,2026-07-17 18:00:56.437+03,,,
11328,14,3,2026-07-17 18:17:14.425+03,680.500,680.500,
11328,14,8,2026-07-17 18:30:15.737+03,155.100,155.100,
11328,14,13,2026-07-17 18:58:26.29+03,1055.200,1055.200,
11328,15,1,2026-07-17 18:01:38.404+03,,,
11328,15,6,2026-07-17 18:17:19.768+03,,,
11328,15,9,2026-07-17 18:26:25.029+03,169.700,169.700,
11328,15,15,2026-07-17 18:44:19.442+03,258.300,258.300,
11328,15,16,2026-07-17 18:58:18.264+03,1097.200,1097.200,
11328,16,1,2026-07-17 18:00:49.851+03,,,
11328,16,6,2026-07-17 18:20:55.603+03,,,
11328,16,11,2026-07-17 18:41:06.376+03,536.200,536.200,
11328,16,13,2026-07-17 18:58:43.856+03,1593.800,1593.800,
11328,17,1,2026-07-17 18:02:25.541+03,,,
11328,17,6,2026-07-17 18:20:23.263+03,,,
11328,17,9,2026-07-17 18:27:52.545+03,102.000,102.000,
11328,17,12,2026-07-17 18:38:04.386+03,255.700,255.700,
11328,17,16,2026-07-17 18:58:27.571+03,1478.800,1478.800,
11328,18,1,2026-07-17 18:00:13.647+03,,,
11328,18,6,2026-07-17 18:19:49.38+03,,,
11328,18,9,2026-07-17 18:26:18.562+03,26.700,26.700,
11328,18,12,2026-07-17 18:37:26.618+03,309.100,309.100,
11328,18,17,2026-07-17 18:58:54.998+03,1597.400,1597.400,
11328,19,1,2026-07-17 18:19:46.31+03,,,
11328,19,4,2026-07-17 18:32:51.175+03,409.100,409.100,
11328,19,7,2026-07-17 18:43:11.305+03,262.600,262.600,
11328,19,8,2026-07-17 18:58:40.738+03,1192.000,1192.000,
11328,20,1,2026-07-17 18:01:50.996+03,,,
11328,20,6,2026-07-17 18:26:29.688+03,,,
11328,20,12,2026-07-17 18:44:29.575+03,227.000,227.000,
11328,20,13,2026-07-17 18:58:19.42+03,1056.800,1056.800,
11328,27,1,2026-07-17 18:00:16.563+03,,,
11328,27,6,2026-07-17 18:21:09.862+03,593.900,593.900,
11328,27,10,2026-07-17 18:34:38.582+03,286.500,286.500,
11328,27,16,2026-07-17 18:58:04.577+03,1692.500,1692.500,
11328,28,1,2026-07-17 18:01:03.104+03,,,
11328,28,6,2026-07-17 18:17:08.981+03,,,
11328,28,9,2026-07-17 18:26:17.452+03,196.300,196.300,
11328,28,14,2026-07-17 18:41:25.336+03,274.200,274.200,
11328,28,17,2026-07-17 18:58:29.805+03,1298.600,1298.600,
11328,29,1,2026-07-17 18:00:20.178+03,,,
11328,29,6,2026-07-17 18:19:31.945+03,,,
11328,29,9,2026-07-17 18:26:22.762+03,27.000,27.000,
11328,29,14,2026-07-17 18:41:19.494+03,236.800,236.800,
11328,29,16,2026-07-17 18:58:07.606+03,1244.900,1244.900,
11328,30,1,2026-07-17 18:00:08.821+03,,,
11328,30,7,2026-07-17 18:25:12.589+03,,,
11328,30,12,2026-07-17 18:40:43.155+03,273.300,273.300,
11328,30,15,2026-07-17 18:58:02.298+03,1312.600,1312.600,
11329,1,1,2026-07-18 13:48:52.918+03,,,
11329,1,7,2026-07-18 14:12:34.377+03,571.900,571.900,
11329,1,10,2026-07-18 14:25:36.058+03,407.100,407.100,
11329,2,1,2026-07-18 13:38:46.452+03,,,
11329,2,14,2026-07-18 14:13:43.388+03,498.700,498.700,
11329,2,19,2026-07-18 14:29:12.933+03,294.600,294.600,
11329,3,1,2026-07-18 13:41:30.46+03,,,
11329,3,4,2026-07-18 13:48:26.575+03,18.100,18.100,
11329,3,7,2026-07-18 13:55:28.81+03,32.400,32.400,
11329,3,12,2026-07-18 14:19:45.959+03,870.600,870.600,
11329,3,15,2026-07-18 14:26:56.73+03,29.700,29.700,
11329,4,1,2026-07-18 13:34:02.683+03,,,
11329,4,7,2026-07-18 13:53:14.652+03,353.800,353.800,
11329,4,8,2026-07-18 13:55:40.966+03,500.100,500.100,
11329,4,12,2026-07-18 14:18:53.725+03,299.200,299.200,
11329,6,1,2026-07-18 13:36:18.123+03,,,
11329,6,8,2026-07-18 13:58:24.281+03,388.800,388.800,
11329,6,16,2026-07-18 14:21:05.945+03,404.000,404.000,
11329,7,1,2026-07-18 13:53:42.521+03,,,
11329,7,4,2026-07-18 14:05:55.609+03,350.200,350.200,
11329,7,7,2026-07-18 14:15:42.298+03,216.400,216.400,
11329,7,11,2026-07-18 14:29:49.569+03,312.600,312.600,
11329,8,1,2026-07-18 13:38:59.908+03,,,
11329,8,6,2026-07-18 13:58:32.031+03,490.600,490.600,
11329,8,10,2026-07-18 14:16:00.856+03,490.400,490.400,
11329,8,15,2026-07-18 14:29:14.027+03,137.100,137.100,
11329,9,1,2026-07-18 13:45:20.95+03,,,
11329,9,8,2026-07-18 14:14:37.766+03,842.100,842.100,
11329,9,11,2026-07-18 14:20:53.98+03,24.000,24.000,
11329,10,1,2026-07-18 13:41:43.672+03,,,
11329,10,6,2026-07-18 13:58:37.66+03,364.600,364.600,
11329,10,10,2026-07-18 14:16:02.228+03,489.100,489.100,
11329,12,1,2026-07-18 13:42:30.493+03,,,
11329,12,6,2026-07-18 13:57:59.603+03,290.800,290.800,
11329,12,13,2026-07-18 14:15:49.56+03,280.300,280.300,
11329,12,16,2026-07-18 14:26:48.574+03,265.900,265.900,
11329,13,1,2026-07-18 13:38:55.608+03,,,
11329,13,6,2026-07-18 13:51:00.52+03,19.900,19.900,
11329,13,12,2026-07-18 14:12:40.448+03,616.900,616.900,
11329,13,15,2026-07-18 14:19:36.975+03,26.000,26.000,
11329,13,18,2026-07-18 14:28:36.087+03,156.200,156.200,
11329,14,1,2026-07-18 13:36:50.226+03,,,
11329,14,7,2026-07-18 13:53:03.058+03,191.700,191.700,
11329,14,15,2026-07-18 14:08:23.659+03,17.400,17.400,
11329,14,16,2026-07-18 14:15:58.252+03,340.600,340.600,
11329,14,19,2026-07-18 14:25:22.09+03,195.600,195.600,
11329,15,1,2026-07-18 13:34:13.007+03,,,
11329,15,6,2026-07-18 13:54:07.274+03,506.900,506.900,
11329,15,15,2026-07-18 14:18:13.746+03,405.300,405.300,
11329,16,1,2026-07-18 13:39:10.79+03,,,
11329,16,6,2026-07-18 13:58:05.936+03,455.900,455.900,
11329,16,13,2026-07-18 14:19:20.116+03,472.500,472.500,
11329,17,1,2026-07-18 13:42:38.178+03,,,
11329,17,6,2026-07-18 13:59:01.112+03,343.900,343.900,
11329,17,14,2026-07-18 14:20:57.945+03,408.200,408.200,
11329,18,1,2026-07-18 13:52:11.428+03,,,
11329,18,4,2026-07-18 14:03:27.11+03,283.900,283.900,
11329,18,7,2026-07-18 14:13:03.848+03,216.700,216.700,
11329,18,10,2026-07-18 14:21:57.169+03,146.000,146.000,
11329,19,1,2026-07-18 13:37:56.09+03,,,
11329,19,6,2026-07-18 13:54:18.048+03,333.600,333.600,
11329,19,13,2026-07-18 14:13:07.66+03,334.300,334.300,
11329,19,18,2026-07-18 14:28:55.261+03,318.900,318.900,
11329,20,1,2026-07-18 13:34:19.809+03,,,
11329,20,4,2026-07-18 13:42:08.119+03,48.500,48.500,
11329,20,7,2026-07-18 13:54:24.235+03,334.700,334.700,
11329,20,16,2026-07-18 14:18:23.975+03,385.900,385.900,
11329,27,1,2026-07-18 13:33:32.661+03,,,
11329,27,8,2026-07-18 13:53:21.004+03,297.700,297.700,
11329,27,15,2026-07-18 14:19:54.881+03,737.900,737.900,
11329,28,1,2026-07-18 13:36:41.961+03,,,
11329,28,7,2026-07-18 13:53:11.183+03,194.900,194.900,
11329,28,15,2026-07-18 14:08:37.346+03,17.400,17.400,
11329,28,16,2026-07-18 14:15:52.809+03,324.100,324.100,
11329,28,19,2026-07-18 14:25:26.777+03,193.700,193.700,
11329,29,1,2026-07-18 13:33:26.209+03,,,
11329,29,6,2026-07-18 13:57:55.298+03,794.800,794.800,
11329,29,15,2026-07-18 14:21:16.445+03,356.900,356.900,
11329,30,1,2026-07-18 13:33:28.975+03,,,
11329,30,8,2026-07-18 14:00:42.741+03,748.100,748.100,
11329,30,16,2026-07-18 14:21:22.724+03,291.600,291.600,
11330,1,1,2026-07-18 17:03:28.945+03,,,
11330,1,4,2026-07-18 17:27:16.029+03,1053.200,1053.200,
11330,1,7,2026-07-18 17:50:15.554+03,1013.600,1013.600,
11330,1,10,2026-07-18 18:05:55.305+03,588.900,588.900,
11330,2,1,2026-07-18 17:05:07.155+03,,,
11330,2,4,2026-07-18 17:27:44.477+03,966.800,966.800,
11330,2,7,2026-07-18 17:51:01.066+03,1012.600,1012.600,
11330,2,10,2026-07-18 18:06:36.966+03,1948.500,1948.500,
11330,3,1,2026-07-18 17:04:24.75+03,,,
11330,3,4,2026-07-18 17:15:10.373+03,258.400,258.400,
11330,3,7,2026-07-18 17:27:21.384+03,364.400,364.400,
11330,3,10,2026-07-18 17:36:46.174+03,194.800,194.800,
11330,3,13,2026-07-18 17:50:39.039+03,451.100,451.100,
11330,3,16,2026-07-18 18:06:00.566+03,555.300,555.300,
11330,4,1,2026-07-18 17:04:49.367+03,,,
11330,4,4,2026-07-18 17:27:09.037+03,951.900,951.900,
11330,4,7,2026-07-18 17:35:56.379+03,161.200,161.200,
11330,4,10,2026-07-18 17:50:11.415+03,498.900,498.900,
11330,4,12,2026-07-18 18:05:49.157+03,702.700,702.700,
11330,6,1,2026-07-18 17:03:13.79+03,,,
11330,6,4,2026-07-18 17:14:11.644+03,276.800,276.800,
11330,6,7,2026-07-18 17:26:34.862+03,355.400,355.400,
11330,6,10,2026-07-18 17:36:03.552+03,192.300,192.300,
11330,7,1,2026-07-18 17:03:32.492+03,,,
11330,7,4,2026-07-18 17:12:59.126+03,192.000,192.000,
11330,7,7,2026-07-18 17:26:39.062+03,462.900,462.900,
11330,7,10,2026-07-18 17:50:17.854+03,1045.500,1045.500,
11330,7,13,2026-07-18 18:05:57.61+03,585.400,585.400,
11330,8,1,2026-07-18 17:03:47.538+03,,,
11330,8,4,2026-07-18 17:13:29.078+03,212.000,212.000,
11330,9,1,2026-07-18 17:04:21.095+03,,,
11330,9,4,2026-07-18 17:13:25.91+03,165.700,165.700,
11330,9,7,2026-07-18 17:27:49.356+03,473.500,473.500,
11330,9,10,2026-07-18 17:36:24.8+03,126.800,126.800,
11330,9,13,2026-07-18 17:50:36.625+03,476.800,476.800,
11330,9,16,2026-07-18 18:06:09.062+03,567.900,567.900,
11330,10,1,2026-07-18 17:00:25.661+03,,,
11330,10,3,2026-07-18 17:06:06.83+03,83.700,83.700,
11330,10,6,2026-07-18 17:14:24.584+03,127.600,127.600,
11330,12,1,2026-07-18 17:04:09.822+03,,,
11330,12,4,2026-07-18 17:13:33.76+03,185.100,185.100,
11330,13,1,2026-07-18 17:04:34.355+03,,,
11330,13,4,2026-07-18 17:13:45.597+03,172.300,172.300,
11330,13,7,2026-07-18 17:28:01.865+03,463.100,463.100,
11330,13,10,2026-07-18 17:36:36.555+03,152.600,152.600,
11330,14,1,2026-07-18 17:04:17.223+03,,,
11330,14,4,2026-07-18 17:13:15.807+03,164.600,164.600,
11330,14,7,2026-07-18 17:27:37.416+03,481.900,481.900,
11330,14,10,2026-07-18 17:36:50.152+03,182.600,182.600,
11330,15,1,2026-07-18 17:03:45.967+03,,,
11330,15,4,2026-07-18 17:13:19.326+03,200.400,200.400,
11330,16,1,2026-07-18 17:04:39.727+03,,,
11330,16,4,2026-07-18 17:13:52.296+03,157.500,157.500,
11330,16,7,2026-07-18 17:27:57.669+03,456.000,456.000,
11330,16,10,2026-07-18 17:50:50.975+03,991.100,991.100,
11330,16,13,2026-07-18 18:06:14.746+03,565.200,565.200,
11330,17,1,2026-07-18 17:04:01.37+03,,,
11330,17,4,2026-07-18 17:13:09.345+03,165.900,165.900,
11330,17,7,2026-07-18 17:27:01.28+03,452.400,452.400,
11330,17,10,2026-07-18 17:36:10.006+03,183.500,183.500,
11330,18,1,2026-07-18 17:03:42.207+03,,,
11330,18,4,2026-07-18 17:13:02.198+03,180.700,180.700,
11330,18,7,2026-07-18 17:26:46.861+03,455.900,455.900,
11330,18,10,2026-07-18 17:36:15.834+03,191.400,191.400,
11330,18,13,2026-07-18 17:50:24.262+03,476.000,476.000,
11330,18,16,2026-07-18 18:06:05.696+03,578.500,578.500,
11330,19,1,2026-07-18 17:04:55.757+03,,,
11330,19,4,2026-07-18 17:13:38.049+03,127.100,127.100,
11330,19,7,2026-07-18 17:27:27.275+03,444.000,444.000,
11330,19,10,2026-07-18 17:36:42.245+03,179.100,179.100,
11330,19,12,2026-07-18 17:50:45.038+03,577.100,577.100,
11330,19,15,2026-07-18 18:06:28.508+03,580.500,580.500,
11330,20,1,2026-07-18 17:03:50.856+03,,,
11330,20,4,2026-07-18 17:13:22.591+03,202.600,202.600,
11330,20,7,2026-07-18 17:26:52.054+03,419.900,419.900,
11330,20,10,2026-07-18 17:36:20.138+03,206.500,206.500,
11330,27,1,2026-07-18 17:00:30.813+03,,,
11330,27,6,2026-07-18 17:13:05.55+03,140.000,140.000,
11330,28,1,2026-07-18 17:03:56.229+03,,,
11330,28,4,2026-07-18 17:13:12.038+03,177.900,177.900,
11330,28,7,2026-07-18 17:27:33.707+03,482.000,482.000,
11330,28,10,2026-07-18 17:36:33.205+03,167.800,167.800,
11330,28,13,2026-07-18 17:50:29.521+03,464.300,464.300,
11330,28,16,2026-07-18 18:06:20.973+03,590.300,590.300,
11330,29,1,2026-07-18 17:03:21.438+03,,,
11330,29,4,2026-07-18 17:14:18.189+03,276.600,276.600,
11330,29,7,2026-07-18 17:26:29.536+03,345.900,345.900,
11330,29,10,2026-07-18 17:36:06.898+03,202.700,202.700,
11330,30,1,2026-07-18 17:00:28.908+03,,,
11330,30,6,2026-07-18 17:13:01.25+03,138.100,138.100,
11334,1,17,2026-07-19 16:38:36.203+03,23.128,23.128,2.500
11334,2,30,2026-07-19 17:03:34.566+03,28.314,28.314,7.800
11334,3,20,2026-07-19 16:45:05.93+03,23.127,23.127,2.500
11334,4,1,2026-07-19 16:06:46.97+03,24.156,24.156,3.600
11334,4,2,2026-07-19 16:09:26.425+03,22.997,22.997,3.000
11334,4,20,2026-07-19 16:45:02.53+03,24.727,24.727,4.400
11334,6,14,2026-07-19 16:33:19.807+03,24.177,24.177,3.400
11334,7,18,2026-07-19 16:40:35.827+03,23.093,23.093,2.600
11334,8,19,2026-07-19 16:43:52.834+03,23.190,23.190,2.700
11334,8,31,2026-07-19 17:07:43.29+03,24.746,24.746,3.200
11334,9,20,2026-07-19 16:44:36.129+03,23.164,23.164,2.300
11334,10,17,2026-07-19 16:40:00.392+03,31.649,31.649,11.000
11334,12,18,2026-07-19 16:41:12.806+03,22.638,22.638,2.500
11334,13,20,2026-07-19 16:45:12.467+03,26.098,26.098,3.500
11334,14,15,2026-07-19 16:35:10.555+03,23.722,23.722,3.100
11334,15,1,2026-07-19 16:07:06.712+03,33.740,33.740,10.800
11334,15,16,2026-07-19 16:37:26.226+03,24.124,24.124,3.400
11334,16,20,2026-07-19 16:44:50.764+03,32.201,32.201,10.600
11334,17,14,2026-07-19 16:33:42.4+03,34.841,34.841,14.400
11334,19,20,2026-07-19 16:44:45.881+03,23.292,23.292,2.800
11334,20,1,2026-07-19 16:06:48.812+03,26.554,26.554,5.600
11334,20,20,2026-07-19 16:45:28.693+03,28.982,28.982,8.500
11334,27,1,2026-07-19 16:06:49.762+03,25.372,25.372,3.500
11334,27,12,2026-07-19 16:30:09.549+03,27.617,27.617,5.900
11334,28,16,2026-07-19 16:37:02.469+03,24.810,24.810,4.100
11334,29,15,2026-07-19 16:35:14.306+03,24.146,24.146,3.700
11334,30,1,2026-07-19 16:06:58.031+03,30.594,30.594,5.100
11334,30,32,2026-07-19 17:08:56.694+03,25.910,25.910,5.100
11335,1,1,2026-07-24 14:32:58.637+03,,,
11335,1,9,2026-07-24 14:56:34.766+03,627.800,627.800,
11335,1,12,2026-07-24 15:13:35.399+03,729.900,729.900,
11335,2,1,2026-07-24 14:31:03.483+03,,,
11335,2,10,2026-07-24 14:55:37.079+03,494.800,494.800,
11335,2,12,2026-07-24 14:59:15.966+03,32.400,32.400,
11335,2,15,2026-07-24 15:16:03.295+03,697.600,697.600,
11335,2,19,2026-07-24 15:22:31.069+03,23.500,23.500,
11335,3,1,2026-07-24 14:30:29.069+03,,,
11335,3,2,2026-07-24 14:34:03.381+03,30.000,30.000,
11335,3,3,2026-07-24 14:36:38.502+03,33.300,33.300,
11335,3,9,2026-07-24 14:46:30.826+03,16.700,16.700,
11335,3,12,2026-07-24 14:51:35.766+03,25.900,25.900,
11335,3,15,2026-07-24 15:03:29.836+03,430.400,430.400,
11335,3,18,2026-07-24 15:13:31.155+03,1031.700,1031.700,
11335,3,19,2026-07-24 15:15:51.748+03,17.600,17.600,
11335,4,1,2026-07-24 14:30:10.772+03,,,
11335,4,5,2026-07-24 14:47:53.581+03,671.300,671.300,
11335,4,10,2026-07-24 15:01:51.001+03,347.500,347.500,
11335,4,14,2026-07-24 15:15:16.782+03,1153.200,1153.200,
11335,6,1,2026-07-24 14:32:23.546+03,,,
11335,6,7,2026-07-24 14:43:03.719+03,50.000,50.000,
11335,6,12,2026-07-24 14:51:53.625+03,49.600,49.600,
11335,6,16,2026-07-24 15:05:30.852+03,433.000,433.000,
11335,6,17,2026-07-24 15:13:10.892+03,893.000,893.000,
11335,8,1,2026-07-24 14:30:43.111+03,,,
11335,8,9,2026-07-24 14:58:40.1+03,882.800,882.800,
11335,8,13,2026-07-24 15:13:38.509+03,537.700,537.700,
11335,8,16,2026-07-24 15:19:16.684+03,29.800,29.800,
11335,9,1,2026-07-24 14:30:34.043+03,,,
11335,9,10,2026-07-24 14:45:47.669+03,19.600,19.600,
11335,9,13,2026-07-24 15:01:12.361+03,633.500,633.500,
11335,9,16,2026-07-24 15:06:10+03,18.000,18.000,
11335,9,17,2026-07-24 15:17:07.246+03,675.200,675.200,
11335,10,1,2026-07-24 14:30:46.392+03,,,
11335,10,6,2026-07-24 14:40:39.45+03,70.000,70.000,
11335,10,10,2026-07-24 15:04:27.107+03,1046.900,1046.900,
11335,12,1,2026-07-24 14:30:38.137+03,,,
11335,12,8,2026-07-24 14:49:40.141+03,430.600,430.600,
11335,12,12,2026-07-24 15:00:56.184+03,272.000,272.000,
11335,12,16,2026-07-24 15:14:12.192+03,1068.000,1068.000,
11335,12,18,2026-07-24 15:17:41.169+03,24.800,24.800,
11335,13,1,2026-07-24 14:30:23.311+03,,,
11335,13,2,2026-07-24 14:32:43.849+03,36.900,36.900,
11335,13,3,2026-07-24 14:39:56.237+03,329.500,329.500,
11335,13,8,2026-07-24 14:48:41.872+03,26.000,26.000,
11335,13,11,2026-07-24 14:58:48.508+03,320.500,320.500,
11335,13,17,2026-07-24 15:14:15.213+03,1247.200,1247.200,
11335,13,27,2026-07-24 15:29:17.231+03,26.200,26.200,
11335,14,1,2026-07-24 14:30:50.752+03,,,
11335,14,6,2026-07-24 14:40:23.423+03,29.400,29.400,
11335,14,12,2026-07-24 14:58:11.278+03,476.700,476.700,
11335,14,15,2026-07-24 15:05:36.26+03,159.400,159.400,
11335,14,16,2026-07-24 15:13:49.734+03,652.700,652.700,
11335,15,1,2026-07-24 14:30:09.211+03,,,
11335,15,4,2026-07-24 14:45:48.966+03,651.700,651.700,
11335,15,9,2026-07-24 14:54:49.312+03,17.900,17.900,
11335,15,12,2026-07-24 15:04:48.737+03,287.700,287.700,
11335,15,14,2026-07-24 15:13:02.938+03,781.900,781.900,
11335,15,21,2026-07-24 15:27:36.431+03,175.100,175.100,
11335,16,1,2026-07-24 14:30:53.625+03,,,
11335,16,11,2026-07-24 15:03:22.641+03,804.500,804.500,
11335,16,14,2026-07-24 15:18:43.057+03,1724.800,1724.800,
11335,17,1,2026-07-24 14:30:40.064+03,,,
11335,17,4,2026-07-24 14:37:00.869+03,57.300,57.300,
11335,17,11,2026-07-24 15:05:44.697+03,1047.900,1047.900,
11335,17,12,2026-07-24 15:13:24.868+03,1508.100,1508.100,
11335,17,16,2026-07-24 15:22:23.003+03,40.200,40.200,
11335,18,1,2026-07-24 14:32:19.048+03,,,
11335,18,4,2026-07-24 14:38:17.004+03,50.700,50.700,
11335,18,10,2026-07-24 14:55:27.222+03,437.000,437.000,
11335,18,15,2026-07-24 15:23:04.692+03,1126.800,1126.800,
11335,25,1,2026-07-24 14:30:03.281+03,,,
11335,25,4,2026-07-24 14:42:35.108+03,430.800,430.800,
11335,25,9,2026-07-24 14:52:10.136+03,54.100,54.100,
11335,25,12,2026-07-24 15:03:01.112+03,360.900,360.900,
11335,25,15,2026-07-24 15:13:19.126+03,978.900,978.900,
11335,25,23,2026-07-24 15:29:41.667+03,179.200,179.200,
11335,26,1,2026-07-24 14:30:26.455+03,,,
11335,26,6,2026-07-24 14:48:46.45+03,561.600,561.600,
11335,26,16,2026-07-24 15:13:30.363+03,521.900,521.900,
11335,26,19,2026-07-24 15:19:21.168+03,16.500,16.500,
11335,26,22,2026-07-24 15:29:13.522+03,309.000,309.000,
11335,27,1,2026-07-24 14:30:24.869+03,,,
11335,27,10,2026-07-24 15:03:07.005+03,1087.200,1087.200,
11335,27,13,2026-07-24 15:19:07.884+03,2048.000,2048.000,
11335,28,1,2026-07-24 14:31:08.104+03,,,
11335,28,12,2026-07-24 14:57:56.059+03,472.000,472.000,
11335,28,15,2026-07-24 15:05:42.369+03,168.100,168.100,
11335,28,16,2026-07-24 15:14:02.949+03,668.800,668.800,
11335,32,1,2026-07-24 14:30:30.99+03,,,
11335,32,4,2026-07-24 14:36:29.281+03,47.700,47.700,
11335,32,10,2026-07-24 14:58:18.016+03,689.400,689.400,
11335,32,16,2026-07-24 15:14:30.731+03,1661.800,1661.800,
11335,33,1,2026-07-24 14:30:14.2+03,,,
11335,33,13,2026-07-24 14:58:54.369+03,485.800,485.800,
11335,33,18,2026-07-24 15:13:13.368+03,1344.700,1344.700,
11335,33,21,2026-07-24 15:21:28.529+03,210.200,210.200,
11335,34,1,2026-07-24 14:30:55.558+03,,,
11335,34,8,2026-07-24 14:50:00.666+03,409.300,409.300,
11335,34,15,2026-07-24 15:02:09.469+03,25.800,25.800,
11335,34,16,2026-07-24 15:04:13.771+03,25.200,25.200,
11335,34,17,2026-07-24 15:06:20.481+03,24.300,24.300,
11335,34,18,2026-07-24 15:13:41.09+03,464.900,464.900,
11335,34,22,2026-07-24 15:21:12.425+03,25.000,25.000,
11336,1,1,2026-07-24 18:04:30.047+03,,,
11336,1,6,2026-07-24 18:22:03.445+03,571.600,571.600,
11336,1,9,2026-07-24 18:38:01.415+03,684.100,684.100,
11336,1,18,2026-07-24 18:51:25.653+03,24.500,24.500,
11336,2,1,2026-07-24 18:01:10.824+03,,,
11336,2,7,2026-07-24 18:21:46.173+03,613.000,613.000,
11336,2,11,2026-07-24 18:35:22.833+03,1429.400,1429.400,
11336,2,24,2026-07-24 18:54:46.315+03,21.200,21.200,
11336,3,1,2026-07-24 18:00:12.763+03,,,
11336,3,6,2026-07-24 18:09:25.313+03,27.300,27.300,
11336,3,9,2026-07-24 18:14:47.305+03,24.600,24.600,
11336,3,11,2026-07-24 18:34:02.05+03,973.900,973.900,
11336,3,15,2026-07-24 18:41:38.972+03,58.400,58.400,
11336,3,18,2026-07-24 18:50:07.933+03,248.200,248.200,
11336,4,1,2026-07-24 18:03:07.363+03,,,
11336,4,6,2026-07-24 18:22:20.018+03,612.200,612.200,
11336,4,10,2026-07-24 18:44:44.481+03,1956.600,1956.600,
11336,4,13,2026-07-24 18:54:13.436+03,273.600,273.600,
11336,6,1,2026-07-24 18:00:14.678+03,,,
11336,6,7,2026-07-24 18:24:26.812+03,848.700,848.700,
11336,6,9,2026-07-24 18:34:54.804+03,1476.300,1476.300,
11336,6,15,2026-07-24 18:49:48.657+03,288.300,288.300,
11336,7,1,2026-07-24 18:02:04.135+03,,,
11336,7,6,2026-07-24 18:10:52.596+03,27.100,27.100,
11336,7,9,2026-07-24 18:16:16.016+03,25.600,25.600,
11336,7,12,2026-07-24 18:25:10.613+03,259.900,259.900,
11336,7,14,2026-07-24 18:34:20.755+03,809.600,809.600,
11336,7,16,2026-07-24 18:42:26.511+03,294.100,294.100,
11336,7,19,2026-07-24 18:47:39.476+03,22.200,22.200,
11336,8,1,2026-07-24 18:03:40.604+03,,,
11336,8,9,2026-07-24 18:25:50.472+03,553.300,553.300,
11336,8,10,2026-07-24 18:34:11.955+03,1054.700,1054.700,
11336,8,16,2026-07-24 18:51:22.32+03,449.900,449.900,
11336,9,1,2026-07-24 18:00:32.664+03,,,
11336,9,12,2026-07-24 18:25:31.147+03,415.700,415.700,
11336,9,14,2026-07-24 18:35:13.996+03,998.500,998.500,
11336,9,18,2026-07-24 18:46:47.568+03,331.000,331.000,
11336,12,1,2026-07-24 18:01:14.743+03,,,
11336,12,13,2026-07-24 18:22:59.099+03,105.000,105.000,
11336,12,16,2026-07-24 18:37:37.084+03,983.000,983.000,
11336,12,30,2026-07-24 18:58:48.483+03,22.000,22.000,
11336,13,1,2026-07-24 18:00:10.238+03,,,
11336,13,10,2026-07-24 18:21:58.317+03,393.400,393.400,
11336,13,13,2026-07-24 18:27:13.61+03,25.700,25.700,
11336,13,14,2026-07-24 18:34:43.6+03,475.400,475.400,
11336,13,17,2026-07-24 18:44:34.237+03,318.800,318.800,
11336,13,26,2026-07-24 18:58:06.801+03,22.000,22.000,
11336,14,1,2026-07-24 18:00:28.057+03,,,
11336,14,4,2026-07-24 18:06:04.461+03,31.300,31.300,
11336,14,10,2026-07-24 18:22:13.932+03,379.700,379.700,
11336,14,13,2026-07-24 18:34:34.968+03,462.000,462.000,
11336,14,16,2026-07-24 18:43:38.184+03,264.100,264.100,
11336,15,1,2026-07-24 18:02:38.706+03,,,
11336,15,7,2026-07-24 18:13:25.604+03,30.600,30.600,
11336,15,10,2026-07-24 18:35:17.829+03,1013.100,1013.100,
11336,15,13,2026-07-24 18:43:54.693+03,227.800,227.800,
11336,16,1,2026-07-24 18:00:39.335+03,,,
11336,16,10,2026-07-24 18:25:26.666+03,491.600,491.600,
11336,16,11,2026-07-24 18:35:36.838+03,1101.900,1101.900,
11336,16,17,2026-07-24 18:50:51.113+03,309.300,309.300,
11336,17,1,2026-07-24 18:03:05.592+03,,,
11336,17,11,2026-07-24 18:22:32.1+03,175.800,175.800,
11336,17,14,2026-07-24 18:37:47.94+03,1091.700,1091.700,
11336,17,28,2026-07-24 18:58:38.537+03,22.900,22.900,
11336,18,1,2026-07-24 18:03:37.418+03,,,
11336,18,4,2026-07-24 18:08:54.128+03,24.800,24.800,
11336,18,9,2026-07-24 18:23:27.345+03,376.600,376.600,
11336,18,12,2026-07-24 18:35:02.056+03,1071.100,1071.100,
11336,18,27,2026-07-24 18:59:27.866+03,140.200,140.200,
11336,19,1,2026-07-24 18:00:41.975+03,,,
11336,19,8,2026-07-24 18:12:59.462+03,24.900,24.900,
11336,19,11,2026-07-24 18:24:57.037+03,433.800,433.800,
11336,19,13,2026-07-24 18:35:07.219+03,1043.900,1043.900,
11336,19,17,2026-07-24 18:47:04.373+03,336.300,336.300,
11336,20,1,2026-07-24 18:03:10.984+03,,,
11336,20,4,2026-07-24 18:09:20.966+03,39.900,39.900,
11336,20,11,2026-07-24 18:26:10.177+03,306.700,306.700,
11336,20,12,2026-07-24 18:35:28.355+03,864.900,864.900,
11336,20,17,2026-07-24 18:47:36.74+03,238.700,238.700,
11336,27,1,2026-07-24 18:00:18.254+03,,,
11336,27,9,2026-07-24 18:22:28.435+03,491.600,491.600,
11336,27,12,2026-07-24 18:35:03.753+03,1247.000,1247.000,
11336,27,15,2026-07-24 18:44:56.081+03,315.600,315.600,
11336,28,1,2026-07-24 18:00:49.801+03,,,
11336,28,10,2026-07-24 18:22:22.889+03,371.000,371.000,
11336,28,13,2026-07-24 18:34:28.271+03,1096.100,1096.100,
11336,28,16,2026-07-24 18:44:17.711+03,310.800,310.800,
11336,29,1,2026-07-24 18:00:07.592+03,,,
11336,29,10,2026-07-24 18:24:11.409+03,509.400,509.400,
11336,30,1,2026-07-24 18:00:02.023+03,,,
11336,30,14,2026-07-24 18:34:05.55+03,742.500,742.500,
11336,30,17,2026-07-24 18:39:39.146+03,28.200,28.200,
11336,30,20,2026-07-24 18:48:12.119+03,228.700,228.700,
11337,1,1,2026-07-25 13:56:27.702+03,,,
11337,1,6,2026-07-25 14:14:32.007+03,587.400,587.400,
11337,1,9,2026-07-25 14:24:12.282+03,294.800,294.800,
11337,2,1,2026-07-25 13:46:35.089+03,,,
11337,2,4,2026-07-25 13:56:43.285+03,,,
11337,2,11,2026-07-25 14:12:35.674+03,272.000,272.000,
11337,2,18,2026-07-25 14:29:02.455+03,338.700,338.700,
11337,3,1,2026-07-25 13:44:33.716+03,,,
11337,3,4,2026-07-25 13:50:11.625+03,25.000,25.000,
11337,3,5,2026-07-25 13:56:52.65+03,426.000,426.000,
11337,3,9,2026-07-25 14:03:47.789+03,16.600,16.600,
11337,3,14,2026-07-25 14:16:30.836+03,269.700,269.700,
11337,3,17,2026-07-25 14:21:51.468+03,25.100,25.100,
11337,3,20,2026-07-25 14:28:29.52+03,117.500,117.500,
11337,4,1,2026-07-25 13:46:57.874+03,,,
11337,4,4,2026-07-25 13:57:28.423+03,,,
11337,4,9,2026-07-25 14:13:46.483+03,482.000,482.000,
11337,4,11,2026-07-25 14:21:54.24+03,306.500,306.500,
11337,6,1,2026-07-25 13:49:07.287+03,,,
11337,6,2,2026-07-25 13:56:04.786+03,,,
11337,6,12,2026-07-25 14:20:05.641+03,458.800,458.800,
11337,7,1,2026-07-25 13:56:08.551+03,,,
11337,7,5,2026-07-25 14:03:39.3+03,59.200,59.200,
11337,7,8,2026-07-25 14:12:14.286+03,244.900,244.900,
11337,7,11,2026-07-25 14:21:31.642+03,281.600,281.600,
11337,7,14,2026-07-25 14:29:41.35+03,211.100,211.100,
11337,8,1,2026-07-25 13:44:10.103+03,,,
11337,8,5,2026-07-25 13:58:04.952+03,,,
11337,8,10,2026-07-25 14:14:58.689+03,544.400,544.400,
11337,8,14,2026-07-25 14:21:59.664+03,40.000,40.000,
11337,9,1,2026-07-25 13:44:26.286+03,,,
11337,9,4,2026-07-25 13:49:46.824+03,18.300,18.300,
11337,9,5,2026-07-25 13:57:08.145+03,459.700,459.700,
11337,9,8,2026-07-25 14:02:32.727+03,18.100,18.100,
11337,9,15,2026-07-25 14:17:48.875+03,269.000,269.000,
11337,10,1,2026-07-25 13:37:28.301+03,,,
11337,10,8,2026-07-25 13:56:46.947+03,456.600,456.600,
11337,10,11,2026-07-25 14:15:06.193+03,782.000,782.000,
11337,10,15,2026-07-25 14:22:08.039+03,35.900,35.900,
11337,12,1,2026-07-25 13:47:46.775+03,,,
11337,12,3,2026-07-25 13:57:03.227+03,,,
11337,12,6,2026-07-25 14:02:48.333+03,26.600,26.600,
11337,12,8,2026-07-25 14:14:25.927+03,480.100,480.100,
11337,12,11,2026-07-25 14:29:49.119+03,617.100,617.100,
11337,13,1,2026-07-25 13:40:03.858+03,,,
11337,13,4,2026-07-25 13:45:32.51+03,19.000,19.000,
11337,13,7,2026-07-25 13:57:25.633+03,732.200,732.200,
11337,13,16,2026-07-25 14:15:59.273+03,284.600,284.600,
11337,13,19,2026-07-25 14:21:15.318+03,27.500,27.500,
11337,13,22,2026-07-25 14:29:26.566+03,180.000,180.000,
11337,14,1,2026-07-25 13:45:12.78+03,,,
11337,14,5,2026-07-25 13:56:50.775+03,,,
11337,14,10,2026-07-25 14:05:34.918+03,40.100,40.100,
11337,14,16,2026-07-25 14:18:45.002+03,272.800,272.800,
11337,14,19,2026-07-25 14:26:36.604+03,180.900,180.900,
11337,15,1,2026-07-25 13:56:19.521+03,,,
11337,15,11,2026-07-25 14:20:12.495+03,407.100,407.100,
11337,15,14,2026-07-25 14:26:15.314+03,50.500,50.500,
11337,16,1,2026-07-25 13:44:40.765+03,,,
11337,16,4,2026-07-25 13:57:14.39+03,434.000,434.000,
11337,16,8,2026-07-25 14:04:48.437+03,32.200,32.200,
11337,16,14,2026-07-25 14:18:10.607+03,295.900,295.900,
11337,16,17,2026-07-25 14:24:01.079+03,28.100,28.100,
11337,17,1,2026-07-25 13:57:19.611+03,,,
11337,17,4,2026-07-25 14:02:52.215+03,18.600,18.600,
11337,17,8,2026-07-25 14:10:02.572+03,24.700,24.700,
11337,17,11,2026-07-25 14:15:30.755+03,37.500,37.500,
11337,17,12,2026-07-25 14:24:13.806+03,423.200,423.200,
11337,18,1,2026-07-25 13:56:14.19+03,,,
11337,18,5,2026-07-25 14:03:41.574+03,36.500,36.500,
11337,18,7,2026-07-25 14:11:35.259+03,277.800,277.800,
11337,18,16,2026-07-25 14:29:36.064+03,169.100,169.100,
11337,19,1,2026-07-25 13:43:38.116+03,,,
11337,19,6,2026-07-25 13:57:33.397+03,,,
11337,19,12,2026-07-25 14:12:24.397+03,313.200,313.200,
11337,19,20,2026-07-25 14:28:45.919+03,219.300,219.300,
11337,20,1,2026-07-25 13:56:34.973+03,,,
11337,20,7,2026-07-25 14:18:58.777+03,698.000,698.000,
11337,20,10,2026-07-25 14:25:12.582+03,49.600,49.600,
11337,27,1,2026-07-25 13:49:23.775+03,,,
11337,28,1,2026-07-25 14:25:10.131+03,,,
11337,29,1,2026-07-25 13:32:10.838+03,,,
11337,29,11,2026-07-25 13:58:16.929+03,,,
11337,29,24,2026-07-25 14:20:56.317+03,209.000,209.000,
11337,30,1,2026-07-25 13:38:35.54+03,,,
11337,30,4,2026-07-25 13:44:43.747+03,65.500,65.500,
11337,30,6,2026-07-25 14:01:44.757+03,797.000,797.000,
11337,30,9,2026-07-25 14:07:32.21+03,39.600,39.600,
11337,30,12,2026-07-25 14:26:29.06+03,835.100,835.100,
11338,1,1,2026-07-25 17:04:32.342+03,,,
11338,1,4,2026-07-25 17:13:00.976+03,233.200,233.200,
11338,1,7,2026-07-25 17:26:58.463+03,572.000,572.000,
11338,1,10,2026-07-25 17:35:24.977+03,234.600,234.600,
11338,1,13,2026-07-25 17:49:20.012+03,571.600,571.600,
11338,1,16,2026-07-25 17:57:00.169+03,202.600,202.600,
11338,2,1,2026-07-25 17:05:24.931+03,,,
11338,2,5,2026-07-25 17:27:46.325+03,961.700,961.700,
11338,2,8,2026-07-25 17:36:08.62+03,224.200,224.200,
11338,2,11,2026-07-25 17:49:29.177+03,518.600,518.600,
11338,2,14,2026-07-25 17:57:53.726+03,232.600,232.600,
11338,3,1,2026-07-25 17:06:29.614+03,,,
11338,3,4,2026-07-25 17:13:43.803+03,158.700,158.700,
11338,3,7,2026-07-25 17:27:35.411+03,543.400,543.400,
11338,3,9,2026-07-25 17:35:45.372+03,308.200,308.200,
11338,4,1,2026-07-25 17:04:35.717+03,,,
11338,4,4,2026-07-25 17:27:30.445+03,1097.500,1097.500,
11338,4,6,2026-07-25 17:34:16.853+03,210.500,210.500,
11338,4,9,2026-07-25 17:49:33.021+03,643.700,643.700,
11338,4,12,2026-07-25 17:57:34.253+03,209.800,209.800,
11338,6,1,2026-07-25 17:05:14.195+03,,,
11338,6,4,2026-07-25 17:15:32.026+03,335.200,335.200,
11338,6,7,2026-07-25 17:28:28.712+03,498.000,498.000,
11338,6,10,2026-07-25 17:36:43.084+03,212.000,212.000,
11338,7,1,2026-07-25 17:04:10.123+03,,,
11338,7,5,2026-07-25 17:13:06.404+03,170.300,170.300,
11338,7,8,2026-07-25 17:27:02.941+03,552.900,552.900,
11338,7,12,2026-07-25 17:36:13.151+03,178.300,178.300,
11338,7,15,2026-07-25 17:50:26.417+03,574.200,574.200,
11338,7,18,2026-07-25 17:57:05.192+03,133.900,133.900,
11338,8,1,2026-07-25 17:00:44.051+03,,,
11338,8,4,2026-07-25 17:07:46.149+03,158.600,158.600,
11338,8,7,2026-07-25 17:14:45.181+03,152.200,152.200,
11338,8,10,2026-07-25 17:25:23.608+03,358.600,358.600,
11338,8,13,2026-07-25 17:32:46.153+03,182.600,182.600,
11338,9,1,2026-07-25 17:02:21.947+03,,,
11338,9,6,2026-07-25 17:13:40.833+03,218.800,218.800,
11338,9,9,2026-07-25 17:27:39.333+03,562.700,562.700,
11338,9,12,2026-07-25 17:36:57.52+03,278.400,278.400,
11338,9,15,2026-07-25 17:50:06.647+03,514.000,514.000,
11338,9,18,2026-07-25 17:56:54.773+03,125.300,125.300,
11338,10,1,2026-07-25 17:00:31.601+03,,,
11338,10,4,2026-07-25 17:07:49.186+03,166.600,166.600,
11338,10,7,2026-07-25 17:14:26.208+03,128.900,128.900,
11338,12,1,2026-07-25 17:00:17.668+03,,,
11338,12,4,2026-07-25 17:05:50.757+03,50.800,50.800,
11338,12,7,2026-07-25 17:13:27.228+03,179.900,179.900,
11338,13,1,2026-07-25 17:06:18.089+03,,,
11338,13,4,2026-07-25 17:14:22.364+03,207.600,207.600,
11338,13,7,2026-07-25 17:27:21.526+03,494.400,494.400,
11338,13,10,2026-07-25 17:35:57.098+03,247.500,247.500,
11338,13,13,2026-07-25 17:49:56.381+03,556.600,556.600,
11338,13,16,2026-07-25 17:57:47.314+03,196.200,196.200,
11338,14,1,2026-07-25 17:06:43.927+03,,,
11338,14,4,2026-07-25 17:14:06.02+03,153.200,153.200,
11338,14,7,2026-07-25 17:27:51.382+03,530.500,530.500,
11338,14,10,2026-07-25 17:36:02.145+03,211.500,211.500,
11338,15,1,2026-07-25 17:06:20.161+03,,,
11338,15,4,2026-07-25 17:13:48.052+03,168.000,168.000,
11338,15,7,2026-07-25 17:28:15.946+03,575.400,575.400,
11338,15,10,2026-07-25 17:36:31.847+03,215.300,215.300,
11338,16,1,2026-07-25 17:02:14.939+03,,,
11338,16,4,2026-07-25 17:29:08.896+03,1333.400,1333.400,
11338,16,7,2026-07-25 17:37:05.895+03,193.600,193.600,
11338,16,10,2026-07-25 17:50:02.974+03,505.800,505.800,
11338,16,13,2026-07-25 17:56:50.498+03,138.100,138.100,
11338,17,1,2026-07-25 17:00:09.841+03,,,
11338,17,4,2026-07-25 17:05:42.947+03,51.300,51.300,
11338,17,7,2026-07-25 17:13:21.311+03,177.300,177.300,
11338,18,1,2026-07-25 17:04:15.701+03,,,
11338,18,5,2026-07-25 17:13:14.096+03,141.800,141.800,
11338,18,8,2026-07-25 17:27:07.189+03,547.000,547.000,
11338,18,12,2026-07-25 17:35:35.791+03,116.500,116.500,
11338,18,15,2026-07-25 17:50:32.653+03,619.100,619.100,
11338,18,18,2026-07-25 17:57:20.961+03,142.200,142.200,
11338,19,1,2026-07-25 17:05:00.695+03,,,
11338,19,5,2026-07-25 17:28:03.989+03,1004.500,1004.500,
11338,19,8,2026-07-25 17:35:41.967+03,172.800,172.800,
11338,19,11,2026-07-25 17:49:24.144+03,542.600,542.600,
11338,19,14,2026-07-25 17:58:02.847+03,250.900,250.900,
11338,20,1,2026-07-25 17:06:23.364+03,,,
11338,20,4,2026-07-25 17:13:51.724+03,167.600,167.600,
11338,27,1,2026-07-25 17:01:41.635+03,,,
11338,27,4,2026-07-25 17:08:24.899+03,127.400,127.400,
11338,27,7,2026-07-25 17:14:38.786+03,101.700,101.700,
11338,28,1,2026-07-25 17:06:37.177+03,,,
11338,28,4,2026-07-25 17:14:00.849+03,153.800,153.800,
11338,28,7,2026-07-25 17:27:55.683+03,549.200,549.200,
11338,28,10,2026-07-25 17:36:18.737+03,216.600,216.600,
11338,28,13,2026-07-25 17:49:36.726+03,516.100,516.100,
11338,28,16,2026-07-25 17:57:24.97+03,187.100,187.100,
11338,29,1,2026-07-25 17:05:16.234+03,,,
11338,29,4,2026-07-25 17:15:35.413+03,320.400,320.400,
11338,29,7,2026-07-25 17:28:33.414+03,492.400,492.400,
11338,29,10,2026-07-25 17:36:48.514+03,197.400,197.400,
11338,30,1,2026-07-25 17:00:02.554+03,,,
11338,30,5,2026-07-25 17:08:18.583+03,128.700,128.700,
11338,30,8,2026-07-25 17:14:29.38+03,98.100,98.100,
11342,1,14,2026-07-26 16:23:46.669+03,21.600,21.600,
11342,1,41,2026-07-26 17:02:34.058+03,22.000,22.000,
11342,2,17,2026-07-26 16:28:00.54+03,22.100,22.100,
11342,2,56,2026-07-26 17:23:44.52+03,21.800,21.800,
11342,3,29,2026-07-26 16:46:11.589+03,21.700,21.700,
11342,4,19,2026-07-26 16:31:16.42+03,21.800,21.800,
11342,4,42,2026-07-26 17:04:31.983+03,22.200,22.200,
11342,6,16,2026-07-26 16:27:14.786+03,21.400,21.400,
11342,6,39,2026-07-26 17:00:56.586+03,21.500,21.500,
11342,6,55,2026-07-26 17:24:28.241+03,21.700,21.700,
11342,7,22,2026-07-26 16:35:16.642+03,21.300,21.300,
11342,7,53,2026-07-26 17:19:33.974+03,21.300,21.300,
11342,8,34,2026-07-26 16:53:49.332+03,22.100,22.100,
11342,8,55,2026-07-26 17:24:38.573+03,22.600,22.600,
11342,9,16,2026-07-26 16:26:41.676+03,21.900,21.900,
11342,9,36,2026-07-26 16:55:31.438+03,21.700,21.700,
11342,9,56,2026-07-26 17:24:17.788+03,21.900,21.900,
11342,10,8,2026-07-26 16:15:41.346+03,21.700,21.700,
11342,10,37,2026-07-26 16:58:17.74+03,24.200,24.200,
11342,12,26,2026-07-26 16:42:20.136+03,22.100,22.100,
11342,12,54,2026-07-26 17:23:39.271+03,22.700,22.700,
11342,13,19,2026-07-26 16:31:30.31+03,21.400,21.400,
11342,13,39,2026-07-26 17:00:41.461+03,22.100,22.100,
11342,14,21,2026-07-26 16:34:20.885+03,21.900,21.900,
11342,14,42,2026-07-26 17:04:54.514+03,21.500,21.500,
11342,15,17,2026-07-26 16:28:49.903+03,22.500,22.500,
11342,15,35,2026-07-26 16:55:29.069+03,22.300,22.300,
11342,16,13,2026-07-26 16:22:21.62+03,21.700,21.700,
11342,16,30,2026-07-26 16:46:55.302+03,21.600,21.600,
11342,16,56,2026-07-26 17:24:03.7+03,22.400,22.400,
11342,17,18,2026-07-26 16:30:22.324+03,21.600,21.600,
11342,17,43,2026-07-26 17:07:30.243+03,28.600,28.600,
11342,17,54,2026-07-26 17:23:47.468+03,22.000,22.000,
11342,18,27,2026-07-26 16:42:56.696+03,22.200,22.200,
11342,18,54,2026-07-26 17:21:36.025+03,22.000,22.000,
11342,19,16,2026-07-26 16:26:33.852+03,21.700,21.700,
11342,19,33,2026-07-26 16:51:04.546+03,21.700,21.700,
11342,20,22,2026-07-26 16:36:16.382+03,22.500,22.500,
11342,20,42,2026-07-26 17:06:05.054+03,22.300,22.300,
11342,27,21,2026-07-26 16:35:15.179+03,23.200,23.200,
11342,27,46,2026-07-26 17:12:30.716+03,24.200,24.200,
11342,28,20,2026-07-26 16:32:55.402+03,21.300,21.300,
11342,29,15,2026-07-26 16:25:55.04+03,22.900,22.900,
11342,29,37,2026-07-26 16:58:20.671+03,22.200,22.200,
11465,1,1,2026-02-11 09:00:15.548+02,,,
11465,1,5,2026-02-11 09:22:33.975+02,898.500,898.500,
11465,1,17,2026-02-11 10:28:10.545+02,1025.800,1025.800,
11465,1,23,2026-02-11 10:52:38.773+02,2494.000,2494.000,
11465,1,41,2026-02-11 11:56:06.774+02,1891.600,1891.600,
11465,1,57,2026-02-11 12:37:13.348+02,736.900,736.900,
11465,1,60,2026-02-11 12:45:52.454+02,125.200,125.200,
11465,1,63,2026-02-11 12:55:46.65+02,270.700,270.700,
11465,1,66,2026-02-11 14:19:08.934+02,4616.100,4616.100,
11465,1,71,2026-02-11 14:28:49.764+02,22.200,22.200,
11465,1,83,2026-02-11 15:21:51.823+02,1947.100,1947.100,
11465,1,88,2026-02-11 15:31:41.444+02,22.100,22.100,
11465,1,89,2026-02-11 15:35:47.98+02,269.700,269.700,
11465,1,100,2026-02-11 16:08:38.187+02,860.400,860.400,
11465,1,105,2026-02-11 16:18:39.188+02,22.000,22.000,
11465,1,117,2026-02-11 17:12:04.516+02,1979.900,1979.900,
11465,1,120,2026-02-11 17:18:08.208+02,33.800,33.800,
11465,1,129,2026-02-11 17:50:56.896+02,1077.700,1077.700,
11465,2,1,2026-02-11 14:19:56.805+02,,,
11465,2,3,2026-02-11 14:42:04.414+02,1061.500,1061.500,
11465,2,5,2026-02-11 14:58:55.443+02,746.400,746.400,
11465,2,7,2026-02-11 15:10:27.51+02,437.200,437.200,
11465,2,9,2026-02-11 15:26:56.175+02,736.100,736.100,
11465,2,11,2026-02-11 15:41:48.463+02,635.800,635.800,
11465,2,13,2026-02-11 15:46:40.076+02,36.700,36.700,
11465,2,16,2026-02-11 16:06:46.058+02,891.600,891.600,
11465,2,25,2026-02-11 16:37:30.129+02,781.400,781.400,
11465,2,30,2026-02-11 16:59:47.559+02,744.500,744.500,
11465,2,31,2026-02-11 17:08:18.195+02,365.300,365.300,
11465,2,36,2026-02-11 17:25:46.361+02,483.600,483.600,
11465,2,47,2026-02-11 17:44:58.865+02,25.600,25.600,
11465,3,1,2026-02-11 09:00:25.842+02,,,
11465,3,3,2026-02-11 09:24:32.68+02,1217.400,1217.400,
11465,3,5,2026-02-11 09:39:57.244+02,699.100,699.100,
11465,3,7,2026-02-11 09:44:09.328+02,41.100,41.100,
11465,3,9,2026-02-11 09:48:12.646+02,38.400,38.400,
11465,3,11,2026-02-11 10:07:29.234+02,948.300,948.300,
11465,3,13,2026-02-11 10:12:21.619+02,45.600,45.600,
11465,3,18,2026-02-11 10:35:08.67+02,793.900,793.900,
11465,3,19,2026-02-11 11:14:13.943+02,3139.100,3139.100,
11465,3,25,2026-02-11 11:54:18.877+02,1672.500,1672.500,
11465,3,26,2026-02-11 12:04:33.897+02,455.000,455.000,
11465,3,30,2026-02-11 12:20:14.953+02,403.700,403.700,
11465,3,39,2026-02-11 12:43:32.736+02,425.600,425.600,
11465,6,1,2026-02-11 15:17:50.308+02,,,
11465,6,10,2026-02-11 15:44:16.867+02,,,
11465,6,18,2026-02-11 15:58:16.881+02,29.700,29.700,
11465,6,22,2026-02-11 16:15:49.397+02,634.400,634.400,
11465,6,24,2026-02-11 16:29:02.96+02,572.200,572.200,
11465,6,26,2026-02-11 16:40:43.718+02,466.700,466.700,
11465,6,28,2026-02-11 16:55:48.749+02,684.100,684.100,
11465,6,30,2026-02-11 17:10:39.76+02,664.400,664.400,
11465,6,36,2026-02-11 17:26:24.84+02,262.300,262.300,
11465,6,41,2026-02-11 17:46:06.522+02,595.900,595.900,
11465,7,1,2026-02-11 15:02:19.499+02,,,
11465,7,2,2026-02-11 16:59:49.522+02,6884.500,6884.500,
11465,7,8,2026-02-11 17:12:16.963+02,30.000,30.000,
11465,7,17,2026-02-11 17:38:53.468+02,652.400,652.400,
11465,7,20,2026-02-11 17:45:15.644+02,27.100,27.100,
11465,9,1,2026-02-11 14:23:26.301+02,,,
11465,9,7,2026-02-11 14:43:14.529+02,512.200,512.200,
11465,9,13,2026-02-11 14:54:02.215+02,33.300,33.300,
11465,9,15,2026-02-11 15:12:31.107+02,859.200,859.200,
11465,9,21,2026-02-11 15:23:58.55+02,30.600,30.600,
11465,9,23,2026-02-11 15:39:57.573+02,716.500,716.500,
11465,9,27,2026-02-11 15:58:23.305+02,677.400,677.400,
11465,9,34,2026-02-11 16:12:33.882+02,22.200,22.200,
11465,9,45,2026-02-11 16:47:25.082+02,946.900,946.900,
11465,9,50,2026-02-11 16:57:25.537+02,22.200,22.200,
11465,9,61,2026-02-11 17:27:51.876+02,669.500,669.500,
11465,9,66,2026-02-11 17:38:04.12+02,28.000,28.000,
11465,9,68,2026-02-11 17:42:14.063+02,32.000,32.000,
11465,10,1,2026-02-11 09:06:11.753+02,,,
11465,10,2,2026-02-11 09:27:28.709+02,1148.900,1148.900,
11465,10,4,2026-02-11 09:32:01.567+02,48.600,48.600,
11465,10,6,2026-02-11 10:08:20.445+02,1958.900,1958.900,
11465,10,14,2026-02-11 10:44:59.419+02,1324.200,1324.200,
11465,10,21,2026-02-11 11:17:06.669+02,1044.700,1044.700,
11465,10,23,2026-02-11 11:33:22.587+02,720.700,720.700,
11465,10,30,2026-02-11 11:58:40.508+02,620.300,620.300,
11465,10,31,2026-02-11 12:33:04.275+02,1925.400,1925.400,
11465,10,34,2026-02-11 14:43:18.426+02,7424.300,7424.300,
11465,12,1,2026-02-11 14:39:27.072+02,,,
11465,12,5,2026-02-11 14:54:20.084+02,401.200,401.200,
11465,12,10,2026-02-11 15:04:21.468+02,20.700,20.700,
11465,12,20,2026-02-11 15:42:42.557+02,1207.700,1207.700,
11465,12,22,2026-02-11 15:47:46.166+02,34.900,34.900,
11465,12,29,2026-02-11 16:01:51.577+02,21.500,21.500,
11465,12,37,2026-02-11 16:28:58.795+02,762.700,762.700,
11465,12,41,2026-02-11 16:37:06.781+02,24.300,24.300,
11465,12,51,2026-02-11 17:08:38.53+02,824.000,824.000,
11465,12,56,2026-02-11 17:18:54.076+02,29.100,29.100,
11465,12,58,2026-02-11 17:23:12.996+02,22.100,22.100,
11465,12,68,2026-02-11 17:55:12.914+02,854.800,854.800,
11465,13,1,2026-02-11 14:44:02.905+02,,,
11465,13,8,2026-02-11 15:07:10.019+02,582.000,582.000,
11465,13,12,2026-02-11 15:25:48.065+02,613.800,613.800,
11465,13,14,2026-02-11 15:46:10.528+02,1836.300,1836.300,
11465,13,28,2026-02-11 16:25:28.816+02,926.900,926.900,
11465,13,51,2026-02-11 17:18:49.894+02,755.800,755.800,
11465,13,54,2026-02-11 17:25:22.231+02,38.000,38.000,
11465,13,69,2026-02-11 17:54:20.156+02,211.900,211.900,
11465,13,70,2026-02-11 17:57:02.211+02,32.200,32.200,
11465,13,71,2026-02-11 17:59:34.887+02,26.200,26.200,
11465,15,1,2026-02-11 09:01:36.287+02,,,
11465,15,2,2026-02-11 09:15:32.98+02,720.200,720.200,
11465,15,7,2026-02-11 09:42:49.624+02,1087.200,1087.200,
11465,15,17,2026-02-11 10:13:34.674+02,20.000,20.000,
11465,15,20,2026-02-11 10:43:17.354+02,1373.000,1373.000,
11465,15,26,2026-02-11 10:56:20.863+02,19.400,19.400,
11465,15,29,2026-02-11 11:21:23.404+02,1087.700,1087.700,
11465,15,32,2026-02-11 11:28:26.652+02,33.000,33.000,
11465,15,35,2026-02-11 11:35:10.777+02,35.700,35.700,
11465,15,38,2026-02-11 11:42:56.999+02,54.500,54.500,
11465,15,39,2026-02-11 12:03:51.919+02,1144.700,1144.700,
11465,15,45,2026-02-11 12:16:48.187+02,19.300,19.300,
11465,15,48,2026-02-11 12:33:53.925+02,628.900,628.900,
11465,15,65,2026-02-11 14:19:26.45+02,6961.400,6961.400,
11465,15,75,2026-02-11 15:38:38.725+02,3613.500,3613.500,
11465,15,82,2026-02-11 16:29:52.544+02,2283.200,2283.200,
11465,15,90,2026-02-11 16:51:29.72+02,467.300,467.300,
11465,15,93,2026-02-11 16:58:01.534+02,30.300,30.300,
11465,15,96,2026-02-11 17:04:24.364+02,30.500,30.500,
11465,15,99,2026-02-11 17:18:26.377+02,456.300,456.300,
11465,15,107,2026-02-11 17:45:56.798+02,699.900,699.900,
11465,15,112,2026-02-11 17:55:53.361+02,20.700,20.700,
11465,16,1,2026-02-11 09:12:41.956+02,,,
11465,16,4,2026-02-11 09:24:44.047+02,348.400,348.400,
11465,16,12,2026-02-11 10:05:07.566+02,36.400,36.400,
11465,16,18,2026-02-11 10:28:48.547+02,673.300,673.300,
11465,16,21,2026-02-11 10:57:52.851+02,1373.400,1373.400,
11465,16,25,2026-02-11 11:07:25.088+02,38.000,38.000,
11465,16,31,2026-02-11 11:20:14.163+02,21.900,21.900,
11465,16,32,2026-02-11 12:11:24.654+02,2945.100,2945.100,
11465,16,35,2026-02-11 12:23:48.675+02,419.300,419.300,
11465,16,41,2026-02-11 12:37:05.765+02,46.200,46.200,
11465,16,49,2026-02-11 12:52:27.427+02,41.800,41.800,
11465,16,52,2026-02-11 12:59:05.55+02,67.900,67.900,
11465,17,1,2026-02-11 09:11:03.161+02,,,
11465,17,4,2026-02-11 09:29:43.197+02,769.700,769.700,
11465,17,6,2026-02-11 09:34:21.961+02,44.700,44.700,
11465,17,7,2026-02-11 09:37:06.565+02,45.000,45.000,
11465,17,8,2026-02-11 09:39:48.863+02,44.100,44.100,
11465,17,9,2026-02-11 09:46:20.426+02,274.700,274.700,
11465,17,11,2026-02-11 10:05:56.478+02,927.700,927.700,
11465,17,18,2026-02-11 10:19:38.446+02,27.400,27.400,
11465,17,27,2026-02-11 10:49:27.331+02,853.600,853.600,
11465,17,33,2026-02-11 11:01:58.555+02,20.800,20.800,
11465,17,44,2026-02-11 11:38:40.208+02,1022.000,1022.000,
11465,17,51,2026-02-11 11:53:00.968+02,34.000,34.000,
11465,17,61,2026-02-11 12:27:05.095+02,980.200,980.200,
11465,17,68,2026-02-11 12:41:24.593+02,20.900,20.900,
11465,18,1,2026-02-11 09:13:44.379+02,,,
11465,18,7,2026-02-11 09:39:10.711+02,880.900,880.900,
11465,18,10,2026-02-11 10:20:08.587+02,2115.300,2115.300,
11465,18,19,2026-02-11 10:55:14.497+02,1176.100,1176.100,
11465,18,22,2026-02-11 11:01:12.594+02,31.500,31.500,
11465,18,31,2026-02-11 11:58:57.649+02,2508.700,2508.700,
11465,18,35,2026-02-11 12:07:23.179+02,31.400,31.400,
11465,18,44,2026-02-11 12:38:01.275+02,893.200,893.200,
11465,18,48,2026-02-11 12:46:16.575+02,29.600,29.600,
11465,19,1,2026-02-11 09:01:13.175+02,,,
11465,19,3,2026-02-11 09:12:51.437+02,459.700,459.700,
11465,19,5,2026-02-11 09:17:02.562+02,29.500,29.500,
11465,19,6,2026-02-11 09:19:21.899+02,29.700,29.700,
11465,19,7,2026-02-11 09:31:24.73+02,605.800,605.800,
11465,19,8,2026-02-11 09:49:56.018+02,999.100,999.100,
11465,19,12,2026-02-11 10:43:05.949+02,2785.400,2785.400,
11465,19,26,2026-02-11 11:33:07.463+02,1384.500,1384.500,
11465,19,32,2026-02-11 11:53:40.429+02,504.400,504.400,
11465,19,40,2026-02-11 12:20:36.897+02,669.400,669.400,
11465,19,49,2026-02-11 12:42:24.929+02,352.000,352.000,
11465,27,1,2026-02-11 14:32:59.34+02,,,
11465,27,3,2026-02-11 14:53:18.822+02,960.200,960.200,
11465,27,17,2026-02-11 15:36:46.651+02,927.700,927.700,
11465,27,28,2026-02-11 16:08:42.061+02,724.600,724.600,
11465,27,39,2026-02-11 16:57:52.642+02,1734.500,1734.500,
11465,27,45,2026-02-11 17:21:10.375+02,687.000,687.000,
11465,27,54,2026-02-11 17:51:47.027+02,821.100,821.100,
11465,27,56,2026-02-11 17:59:17.877+02,239.400,239.400,
11465,28,1,2026-02-11 09:00:28.456+02,,,
11465,28,5,2026-02-11 09:24:55.777+02,967.300,967.300,
11465,28,23,2026-02-11 10:10:15.045+02,705.200,705.200,
11465,28,28,2026-02-11 10:20:39.064+02,54.600,54.600,
11465,28,38,2026-02-11 11:07:32.412+02,2868.100,2868.100,
11465,28,40,2026-02-11 11:33:31.302+02,1307.000,1307.000,
11465,28,43,2026-02-11 11:39:59.945+02,58.400,58.400,
11465,28,58,2026-02-11 12:17:37.105+02,678.400,678.400,
11465,28,61,2026-02-11 12:24:03.26+02,57.400,57.400,
11465,29,1,2026-02-11 09:46:24.709+02,,,
11465,29,17,2026-02-11 10:34:11.008+02,1166.000,1166.000,
11465,29,18,2026-02-11 11:32:35.626+02,4670.400,4670.400,
11465,29,28,2026-02-11 11:50:50.678+02,29.300,29.300,
11465,30,1,2026-02-11 09:01:48.213+02,,,
11465,30,2,2026-02-11 09:15:54.597+02,706.100,706.100,
11465,30,9,2026-02-11 09:59:44.667+02,1386.200,1386.200,
11465,30,14,2026-02-11 10:16:25.886+02,790.200,790.200,
11465,30,16,2026-02-11 10:51:07.036+02,1847.800,1847.800,
11465,30,20,2026-02-11 11:04:03.676+02,298.700,298.700,
11465,30,21,2026-02-11 11:15:51.355+02,586.000,586.000,
11465,30,26,2026-02-11 11:42:26.147+02,1034.200,1034.200,
11465,30,29,2026-02-11 11:48:18.094+02,19.900,19.900,
11465,30,41,2026-02-11 12:35:30.359+02,1543.100,1543.100,
11465,30,44,2026-02-11 12:41:34.173+02,19.600,19.600,
11466,2,1,2026-02-12 09:00:16.982+02,,,
11466,2,2,2026-02-12 09:14:22.284+02,705.200,705.200,
11466,2,3,2026-02-12 09:49:27.985+02,1991.700,1991.700,
11466,2,6,2026-02-12 09:56:01.909+02,28.700,28.700,
11466,2,18,2026-02-12 10:36:39.141+02,1241.100,1241.100,
11466,2,33,2026-02-12 11:35:06.799+02,1932.500,1932.500,
11466,2,50,2026-02-12 12:15:34.158+02,597.900,597.900,
11466,2,65,2026-02-12 14:23:31.201+02,6085.400,6085.400,
11466,2,67,2026-02-12 14:34:27.316+02,444.100,444.100,
11466,2,77,2026-02-12 15:07:12.711+02,768.100,768.100,
11466,2,82,2026-02-12 15:26:01.722+02,549.800,549.800,
11466,2,85,2026-02-12 15:46:00.525+02,877.800,877.800,
11466,2,86,2026-02-12 15:48:41.328+02,25.200,25.200,
11466,2,89,2026-02-12 16:00:04.968+02,708.800,708.800,
11466,2,96,2026-02-12 16:13:31.183+02,101.000,101.000,
11466,2,145,2026-02-12 17:42:37.94+02,447.700,447.700,
11466,2,146,2026-02-12 17:44:53.943+02,24.600,24.600,
11466,2,147,2026-02-12 17:47:06.012+02,24.000,24.000,
11466,2,148,2026-02-12 17:49:30.957+02,25.600,25.600,
11466,3,1,2026-02-12 14:30:23.351+02,,,
11466,3,8,2026-02-12 15:03:56.894+02,1239.500,1239.500,
11466,3,11,2026-02-12 15:16:00.784+02,393.500,393.500,
11466,3,16,2026-02-12 15:26:13.612+02,42.900,42.900,
11466,3,22,2026-02-12 15:45:38.764+02,1207.900,1207.900,
11466,3,26,2026-02-12 16:00:45.6+02,2114.600,2114.600,
11466,3,36,2026-02-12 16:28:42.149+02,614.100,614.100,
11466,3,57,2026-02-12 17:28:57.808+02,657.200,657.200,
11466,3,65,2026-02-12 17:45:25.362+02,37.300,37.300,
11466,3,66,2026-02-12 17:47:51.458+02,28.200,28.200,
11466,3,67,2026-02-12 17:50:18.459+02,26.600,26.600,
11466,4,1,2026-02-12 12:59:27.102+02,,,
11466,4,2,2026-02-12 14:13:01.618+02,4290.000,4290.000,
11466,4,8,2026-02-12 14:38:56.884+02,946.200,946.200,
11466,4,9,2026-02-12 14:41:45.952+02,24.700,24.700,
11466,4,26,2026-02-12 15:11:58.059+02,25.400,25.400,
11466,4,40,2026-02-12 15:51:05.319+02,2372.600,2372.600,
11466,4,42,2026-02-12 16:00:19.546+02,2926.800,2926.800,
11466,4,46,2026-02-12 16:07:48.423+02,25.500,25.500,
11466,4,76,2026-02-12 17:31:18.601+02,539.400,539.400,
11466,6,1,2026-02-12 09:03:21.442+02,,,
11466,6,6,2026-02-12 09:18:46.368+02,,,
11466,6,12,2026-02-12 09:39:30.871+02,615.000,615.000,
11466,6,21,2026-02-12 10:08:54.2+02,782.600,782.600,
11466,6,30,2026-02-12 10:36:42.016+02,674.900,674.900,
11466,6,39,2026-02-12 11:20:46.931+02,1684.000,1684.000,
11466,6,47,2026-02-12 11:36:12.994+02,20.800,20.800,
11466,6,48,2026-02-12 11:49:25.241+02,635.100,635.100,
11466,6,56,2026-02-12 12:04:30.293+02,21.000,21.000,
11466,6,57,2026-02-12 12:33:29.356+02,1597.400,1597.400,
11466,6,61,2026-02-12 12:50:40.599+02,551.200,551.200,
11466,6,62,2026-02-12 14:13:48.2+02,4853.000,4853.000,
11466,6,63,2026-02-12 14:16:01.87+02,21.000,21.000,
11466,6,64,2026-02-12 14:18:43.918+02,22.700,22.700,
11466,6,66,2026-02-12 14:36:27.268+02,809.300,809.300,
11466,6,67,2026-02-12 14:39:21.863+02,27.300,27.300,
11466,6,82,2026-02-12 15:17:20.892+02,713.300,713.300,
11466,6,93,2026-02-12 15:45:04.305+02,2376.700,2376.700,
11466,7,1,2026-02-12 09:08:06.364+02,,,
11466,7,3,2026-02-12 09:20:06.007+02,,,
11466,8,1,2026-02-12 09:31:06.262+02,,,
11466,8,3,2026-02-12 10:01:20.738+02,1583.200,1583.200,
11466,8,10,2026-02-12 10:32:17.576+02,1118.400,1118.400,
11466,8,16,2026-02-12 10:54:52.88+02,714.900,714.900,
11466,8,27,2026-02-12 11:32:35.643+02,1041.800,1041.800,
11466,8,36,2026-02-12 12:04:16.449+02,895.600,895.600,
11466,8,47,2026-02-12 12:36:12.348+02,715.200,715.200,
11466,8,56,2026-02-12 14:27:48.158+02,5710.100,5710.100,
11466,8,58,2026-02-12 14:40:01.73+02,445.800,445.800,
11466,8,63,2026-02-12 14:58:48.477+02,558.200,558.200,
11466,8,66,2026-02-12 15:15:54.386+02,675.000,675.000,
11466,8,76,2026-02-12 15:50:00.258+02,992.800,992.800,
11466,8,78,2026-02-12 16:05:50.657+02,1944.300,1944.300,
11466,8,95,2026-02-12 17:34:20.889+02,1268.700,1268.700,
11466,9,1,2026-02-12 09:00:27.93+02,,,
11466,9,6,2026-02-12 09:28:34.283+02,,,
11466,9,11,2026-02-12 09:45:23.789+02,463.700,463.700,
11466,9,14,2026-02-12 09:57:01.518+02,360.700,360.700,
11466,9,17,2026-02-12 10:12:34.701+02,604.500,604.500,
11466,9,20,2026-02-12 10:18:52.253+02,32.100,32.100,
11466,9,23,2026-02-12 10:24:44.102+02,23.300,23.300,
11466,9,28,2026-02-12 10:50:02.589+02,980.600,980.600,
11466,9,33,2026-02-12 11:00:14.578+02,22.600,22.600,
11466,9,38,2026-02-12 11:26:09.906+02,1015.200,1015.200,
11466,9,44,2026-02-12 11:37:34.879+02,22.500,22.500,
11466,9,49,2026-02-12 11:57:46.496+02,682.000,682.000,
11466,9,53,2026-02-12 12:05:34.993+02,22.400,22.400,
11466,9,59,2026-02-12 12:29:10.64+02,772.900,772.900,
11466,9,61,2026-02-12 12:42:51.335+02,602.900,602.900,
11466,9,63,2026-02-12 14:47:20.527+02,7265.700,7265.700,
11466,9,68,2026-02-12 14:57:14.757+02,21.400,21.400,
11466,9,73,2026-02-12 15:17:35.3+02,645.600,645.600,
11466,9,81,2026-02-12 16:03:51.311+02,1907.800,1907.800,
11466,9,82,2026-02-12 16:07:33.751+02,22.200,22.200,
11466,12,1,2026-02-12 09:03:59.131+02,,,
11466,12,2,2026-02-12 09:16:28.814+02,642.400,642.400,
11466,12,3,2026-02-12 09:26:05.292+02,469.600,469.600,
11466,12,4,2026-02-12 09:49:58.509+02,1327.200,1327.200,
11466,12,12,2026-02-12 10:06:28.509+02,20.100,20.100,
11466,12,18,2026-02-12 10:39:56.369+02,1352.100,1352.100,
11466,12,19,2026-02-12 10:46:10.893+02,259.600,259.600,
11466,12,24,2026-02-12 10:55:58.076+02,21.400,21.400,
11466,12,34,2026-02-12 11:26:19.438+02,767.400,767.400,
11466,12,39,2026-02-12 11:36:17.279+02,24.000,24.000,
11466,12,49,2026-02-12 12:07:39.345+02,802.200,802.200,
11466,12,53,2026-02-12 12:16:06.244+02,67.800,67.800,
11466,13,1,2026-02-12 09:00:20.978+02,,,
11466,13,2,2026-02-12 09:23:00.788+02,1231.900,1231.900,
11466,13,4,2026-02-12 09:35:27.019+02,527.600,527.600,
11466,13,6,2026-02-12 09:48:33.778+02,569.500,569.500,
11466,13,8,2026-02-12 10:01:47.004+02,548.100,548.100,
11466,13,10,2026-02-12 10:11:54.777+02,368.900,368.900,
11466,13,12,2026-02-12 10:25:12.73+02,565.100,565.100,
11466,13,14,2026-02-12 10:38:24.574+02,549.600,549.600,
11466,13,16,2026-02-12 10:57:04.942+02,884.900,884.900,
11466,13,18,2026-02-12 11:11:05.792+02,607.200,607.200,
11466,13,20,2026-02-12 11:15:35.08+02,46.600,46.600,
11466,13,22,2026-02-12 11:19:55.866+02,50.800,50.800,
11466,13,24,2026-02-12 11:34:44.986+02,655.000,655.000,
11466,13,35,2026-02-12 12:03:43.982+02,518.300,518.300,
11466,13,45,2026-02-12 12:40:21.27+02,1100.400,1100.400,
11466,13,47,2026-02-12 12:50:05.244+02,355.800,355.800,
11466,14,1,2026-02-12 09:15:22.863+02,,,
11466,14,4,2026-02-12 09:28:39.705+02,440.900,440.900,
11466,14,7,2026-02-12 10:06:19.496+02,1898.400,1898.400,
11466,14,9,2026-02-12 10:18:11.212+02,419.800,419.800,
11466,14,12,2026-02-12 11:10:01.274+02,2699.100,2699.100,
11466,14,22,2026-02-12 11:37:27.85+02,538.200,538.200,
11466,14,27,2026-02-12 11:47:37.868+02,45.600,45.600,
11466,14,36,2026-02-12 12:24:42.322+02,1249.200,1249.200,
11466,14,40,2026-02-12 12:32:46.123+02,40.300,40.300,
11466,17,1,2026-02-12 15:02:06.824+02,,,
11466,17,2,2026-02-12 15:04:41.52+02,21.300,21.300,
11466,17,20,2026-02-12 15:50:57.609+02,2797.500,2797.500,
11466,17,22,2026-02-12 16:00:09.155+02,3349.000,3349.000,
11466,17,27,2026-02-12 16:14:14.422+02,296.800,296.800,
11466,17,34,2026-02-12 16:27:53.745+02,21.600,21.600,
11466,17,57,2026-02-12 17:24:59.884+02,510.500,510.500,
11466,18,1,2026-02-12 15:08:42.404+02,,,
11466,18,5,2026-02-12 15:18:28.424+02,173.300,173.300,
11466,18,8,2026-02-12 15:24:37.781+02,28.000,28.000,
11466,18,14,2026-02-12 15:47:06.416+02,1376.800,1376.800,
11466,18,16,2026-02-12 15:51:11.618+02,31.300,31.300,
11466,18,17,2026-02-12 16:00:03.811+02,563.500,563.500,
11466,18,27,2026-02-12 16:29:11.679+02,734.700,734.700,
11466,20,1,2026-02-12 09:00:33.067+02,,,
11466,20,2,2026-02-12 09:14:43.771+02,709.600,709.600,
11466,20,7,2026-02-12 09:38:19.95+02,852.400,852.400,
11466,20,10,2026-02-12 09:45:11.343+02,36.300,36.300,
11466,20,13,2026-02-12 09:52:39.187+02,30.900,30.900,
11466,20,16,2026-02-12 09:58:45.601+02,21.700,21.700,
11466,20,17,2026-02-12 10:14:43.156+02,779.100,779.100,
11466,20,22,2026-02-12 10:32:21.482+02,474.000,474.000,
11466,20,26,2026-02-12 10:48:19.378+02,479.300,479.300,
11466,20,31,2026-02-12 11:05:55.509+02,492.200,492.200,
11466,20,35,2026-02-12 11:23:52.091+02,617.000,617.000,
11466,20,39,2026-02-12 11:39:27.267+02,481.000,481.000,
11466,20,42,2026-02-12 11:46:36.96+02,38.900,38.900,
11466,20,45,2026-02-12 11:53:23.438+02,24.000,24.000,
11466,20,48,2026-02-12 12:14:24.884+02,896.100,896.100,
11466,20,51,2026-02-12 12:21:28.441+02,31.600,31.600,
11466,20,54,2026-02-12 12:42:46.443+02,920.400,920.400,
11466,20,56,2026-02-12 14:09:58.415+02,4945.600,4945.600,
11466,20,62,2026-02-12 14:20:45.466+02,26.200,26.200,
11466,20,63,2026-02-12 14:30:14.765+02,464.700,464.700,
11466,20,77,2026-02-12 15:08:11.397+02,802.300,802.300,
11466,20,90,2026-02-12 15:46:58.698+02,941.300,941.300,
11466,20,93,2026-02-12 16:00:36.569+02,1759.200,1759.200,
11466,20,119,2026-02-12 17:24:49.297+02,776.600,776.600,
11466,20,126,2026-02-12 17:42:06.597+02,290.500,290.500,
11466,20,127,2026-02-12 17:44:45.802+02,20.600,20.600,
11466,20,128,2026-02-12 17:47:19.661+02,20.600,20.600,
11466,27,1,2026-02-12 09:06:59.051+02,,,
11466,27,2,2026-02-12 09:49:33.3+02,,,
11466,27,5,2026-02-12 10:29:42.395+02,2068.300,2068.300,
11466,27,9,2026-02-12 11:04:10.955+02,1581.300,1581.300,
11466,27,21,2026-02-12 11:51:48.353+02,1563.700,1563.700,
11466,27,29,2026-02-12 12:20:22.878+02,790.800,790.800,
11466,28,1,2026-02-12 14:12:56.133+02,,,
11466,28,2,2026-02-12 14:15:28.227+02,19.700,19.700,
11466,28,11,2026-02-12 14:56:20.898+02,1515.600,1515.600,
11466,28,12,2026-02-12 14:58:56.706+02,22.000,22.000,
11466,28,27,2026-02-12 15:25:45.518+02,35.400,35.400,
11466,28,33,2026-02-12 15:45:19.649+02,1209.600,1209.600,
11466,28,38,2026-02-12 16:00:15.749+02,2105.600,2105.600,
11466,28,48,2026-02-12 16:18:05.319+02,36.500,36.500,
11466,28,73,2026-02-12 17:26:29.774+02,34.900,34.900,
11466,28,77,2026-02-12 17:35:47.151+02,119.500,119.500,
11466,28,80,2026-02-12 17:43:37.877+02,150.700,150.700,
11466,28,82,2026-02-12 17:47:53.052+02,26.400,26.400,
11466,28,83,2026-02-12 17:50:04.599+02,25.200,25.200,
11466,30,1,2026-02-12 14:51:32.621+02,,,
11466,30,2,2026-02-12 14:54:13.253+02,19.200,19.200,
11466,30,3,2026-02-12 14:56:23.694+02,21.400,21.400,
11466,30,4,2026-02-12 15:06:21.213+02,446.100,446.100,
11466,30,5,2026-02-12 15:09:22.529+02,23.200,23.200,
11466,30,18,2026-02-12 15:45:09.058+02,755.300,755.300,
11466,30,23,2026-02-12 16:01:27.145+02,1733.300,1733.300,
11466,30,63,2026-02-12 17:44:28.321+02,280.400,280.400,
11467,1,11,2026-02-13 09:42:43.923+02,30.900,30.900,
11467,1,15,2026-02-13 10:09:13.445+02,1620.500,1620.500,
11467,1,18,2026-02-13 10:15:06.744+02,30.300,30.300,
11467,1,27,2026-02-13 11:00:24.292+02,1804.200,1804.200,
11467,1,29,2026-02-13 11:04:26.697+02,21.300,21.300,
11467,1,42,2026-02-13 12:07:31.668+02,2462.200,2462.200,
11467,1,52,2026-02-13 12:30:01.025+02,315.200,315.200,
11467,1,55,2026-02-13 12:35:44.07+02,22.100,22.100,
11467,3,13,2026-02-13 10:08:48.167+02,1517.500,1517.500,
11467,3,20,2026-02-13 10:39:37.257+02,1050.100,1050.100,
11467,3,27,2026-02-13 11:10:41.76+02,1078.100,1078.100,
11467,3,34,2026-02-13 11:30:56.557+02,429.600,429.600,
11467,3,40,2026-02-13 11:42:44.771+02,30.600,30.600,
11467,3,44,2026-02-13 12:12:29.963+02,1356.800,1356.800,
11467,3,53,2026-02-13 12:36:18.349+02,465.900,465.900,
11467,3,56,2026-02-13 12:42:49.142+02,29.700,29.700,
11467,3,59,2026-02-13 12:55:28.863+02,432.600,432.600,
11467,4,1,2026-02-13 14:09:54.298+02,,,
11467,4,3,2026-02-13 14:20:29.78+02,405.500,405.500,
11467,4,12,2026-02-13 15:08:25.721+02,1917.400,1917.400,
11467,4,15,2026-02-13 15:14:32.162+02,30.600,30.600,
11467,4,23,2026-02-13 15:38:43.175+02,606.500,606.500,
11467,4,26,2026-02-13 15:45:27.211+02,30.000,30.000,
11467,4,35,2026-02-13 16:26:15.077+02,1503.800,1503.800,
11467,4,45,2026-02-13 17:01:23.817+02,1020.100,1020.100,
11467,7,1,2026-02-13 15:31:06.636+02,,,
11467,7,6,2026-02-13 15:46:04.089+02,366.400,366.400,
11467,7,9,2026-02-13 15:52:14.391+02,28.200,28.200,
11467,7,11,2026-02-13 16:03:44.065+02,462.500,462.500,
11467,7,14,2026-02-13 16:13:40.073+02,266.200,266.200,
11467,7,17,2026-02-13 16:34:03.599+02,892.400,892.400,
11467,7,18,2026-02-13 16:36:54.802+02,20.800,20.800,
11467,7,36,2026-02-13 17:08:01.913+02,26.200,26.200,
11467,10,7,2026-02-13 09:42:54.152+02,426.600,426.600,
11467,10,11,2026-02-13 10:11:27.918+02,2140.300,2140.300,
11467,10,15,2026-02-13 10:37:17.374+02,1120.100,1120.100,
11467,10,18,2026-02-13 10:45:36.099+02,99.100,99.100,
11467,10,25,2026-02-13 11:15:02.635+02,928.700,928.700,
11467,10,30,2026-02-13 11:41:50.521+02,942.600,942.600,
11467,10,31,2026-02-13 11:44:30.341+02,27.000,27.000,
11467,10,43,2026-02-13 12:24:55.033+02,1168.200,1168.200,
11467,10,44,2026-02-13 12:27:42.342+02,26.700,26.700,
11467,10,53,2026-02-13 12:49:12.556+02,339.400,339.400,
11467,10,55,2026-02-13 14:19:21.084+02,5180.500,5180.500,
11467,10,59,2026-02-13 14:45:41.918+02,1111.600,1111.600,
11467,10,63,2026-02-13 17:16:36.774+02,8568.900,8568.900,
11467,10,66,2026-02-13 17:22:44.964+02,30.700,30.700,
11467,12,1,2026-02-13 14:38:54.03+02,,,
11467,12,2,2026-02-13 14:54:55.318+02,743.300,743.300,
11467,12,21,2026-02-13 15:28:29.251+02,31.900,31.900,
11467,12,40,2026-02-13 16:01:08.198+02,25.100,25.100,
11467,12,60,2026-02-13 16:58:38.057+02,1434.800,1434.800,
11467,12,63,2026-02-13 17:08:56.189+02,278.700,278.700,
11467,12,68,2026-02-13 17:22:39.073+02,249.900,249.900,
11467,13,1,2026-02-13 14:36:18+02,,,
11467,13,6,2026-02-13 14:54:33.311+02,555.100,555.100,
11467,13,18,2026-02-13 15:31:32.236+02,888.800,888.800,
11467,13,30,2026-02-13 16:08:51.711+02,910.300,910.300,
11467,13,45,2026-02-13 17:20:24.605+02,2625.100,2625.100,
11467,14,22,2026-02-13 10:08:41.917+02,2158.300,2158.300,
11467,14,26,2026-02-13 10:17:07.925+02,38.100,38.100,
11467,14,38,2026-02-13 11:02:38.587+02,1475.700,1475.700,
11467,14,43,2026-02-13 11:12:50.028+02,37.400,37.400,
11467,14,51,2026-02-13 11:39:46.303+02,780.200,780.200,
11467,14,55,2026-02-13 11:47:46.622+02,37.500,37.500,
11467,14,66,2026-02-13 12:30:13.558+02,1383.700,1383.700,
11467,14,70,2026-02-13 12:38:45.375+02,67.700,67.700,
11467,14,85,2026-02-13 14:14:38.114+02,4131.900,4131.900,
11467,14,88,2026-02-13 14:21:30.894+02,39.000,39.000,
11467,14,97,2026-02-13 14:47:47.84+02,644.300,644.300,
11467,14,100,2026-02-13 14:53:50.561+02,37.800,37.800,
11467,14,107,2026-02-13 15:22:49.171+02,929.100,929.100,
11467,14,110,2026-02-13 15:29:07.04+02,39.000,39.000,
11467,14,119,2026-02-13 16:11:42.713+02,1613.000,1613.000,
11467,15,1,2026-02-13 14:27:50.312+02,,,
11467,15,9,2026-02-13 14:54:19.061+02,755.200,755.200,
11467,15,10,2026-02-13 14:57:23.5+02,20.900,20.900,
11467,15,22,2026-02-13 15:18:59.697+02,37.000,37.000,
11467,15,36,2026-02-13 15:43:06.466+02,39.200,39.200,
11467,15,54,2026-02-13 16:24:39.103+02,691.300,691.300,
11467,15,57,2026-02-13 16:31:12.478+02,31.000,31.000,
11467,15,59,2026-02-13 16:58:29.427+02,1400.500,1400.500,
11467,15,64,2026-02-13 17:15:17.68+02,429.800,429.800,
11467,16,9,2026-02-13 09:42:20.252+02,582.100,582.100,
11467,16,14,2026-02-13 09:59:39.428+02,1646.700,1646.700,
11467,16,17,2026-02-13 10:06:07.977+02,29.500,29.500,
11467,16,21,2026-02-13 10:14:09.058+02,23.500,23.500,
11467,16,27,2026-02-13 10:48:12.146+02,1436.100,1436.100,
11467,16,31,2026-02-13 11:08:45.214+02,765.200,765.200,
11467,16,35,2026-02-13 11:26:17.212+02,622.700,622.700,
11467,16,38,2026-02-13 11:33:03.435+02,30.400,30.400,
11467,16,41,2026-02-13 11:39:50.115+02,61.200,61.200,
11467,16,42,2026-02-13 11:45:58.941+02,267.800,267.800,
11467,16,51,2026-02-13 12:17:30.766+02,981.300,981.300,
11467,16,56,2026-02-13 12:32:30.583+02,399.400,399.400,
11467,16,59,2026-02-13 12:38:31.77+02,36.100,36.100,
11467,16,66,2026-02-13 12:55:48.941+02,316.300,316.300,
11467,16,70,2026-02-13 14:32:43.562+02,5404.300,5404.300,
11467,16,73,2026-02-13 14:43:14.558+02,293.000,293.000,
11467,16,76,2026-02-13 14:49:40.927+02,30.800,30.800,
11467,16,78,2026-02-13 14:53:55.67+02,25.100,25.100,
11467,16,79,2026-02-13 15:09:28.659+02,817.400,817.400,
11467,16,81,2026-02-13 15:13:44.394+02,27.400,27.400,
11467,16,82,2026-02-13 15:30:41.616+02,884.500,884.500,
11467,16,92,2026-02-13 16:09:35.166+02,1309.200,1309.200,
11467,16,93,2026-02-13 16:12:33.738+02,65.000,65.000,
11467,16,112,2026-02-13 16:44:45.916+02,25.400,25.400,
11467,16,131,2026-02-13 17:16:39.509+02,33.400,33.400,
11467,17,25,2026-02-13 10:17:52.285+02,414.000,414.000,
11467,17,31,2026-02-13 10:37:53.146+02,514.100,514.100,
11467,17,41,2026-02-13 11:02:36.368+02,436.000,436.000,
11467,17,51,2026-02-13 11:39:19.005+02,1150.400,1150.400,
11467,17,54,2026-02-13 11:55:37.259+02,652.600,652.600,
11467,17,57,2026-02-13 12:13:29.546+02,737.600,737.600,
11467,17,60,2026-02-13 12:28:02.186+02,542.500,542.500,
11467,17,63,2026-02-13 12:41:19.237+02,467.800,467.800,
11467,17,66,2026-02-13 12:56:29.11+02,577.300,577.300,
11467,18,17,2026-02-13 10:15:30.903+02,666.600,666.600,
11467,18,20,2026-02-13 10:41:59.491+02,1203.500,1203.500,
11467,18,21,2026-02-13 10:45:01.144+02,21.400,21.400,
11467,18,39,2026-02-13 11:16:30.904+02,26.900,26.900,
11467,18,58,2026-02-13 11:48:32.132+02,26.500,26.500,
11467,19,11,2026-02-13 10:15:25.669+02,605.700,605.700,
11467,19,26,2026-02-13 11:05:30.65+02,1307.300,1307.300,
11467,19,38,2026-02-13 11:29:13.592+02,66.100,66.100,
11467,19,41,2026-02-13 11:44:57.412+02,640.400,640.400,
11467,19,56,2026-02-13 12:25:04.611+02,774.700,774.700,
11467,19,71,2026-02-13 12:59:24.876+02,393.400,393.400,
11467,19,74,2026-02-13 14:30:46.236+02,5070.200,5070.200,
11467,19,82,2026-02-13 15:00:17.861+02,763.900,763.900,
11467,19,85,2026-02-13 15:07:00.049+02,28.300,28.300,
11467,19,91,2026-02-13 15:27:18.735+02,540.700,540.700,
11467,19,94,2026-02-13 15:37:53.441+02,293.600,293.600,
11467,19,97,2026-02-13 15:51:40.098+02,490.400,490.400,
11467,19,98,2026-02-13 15:54:34.361+02,24.600,24.600,
11467,19,111,2026-02-13 16:18:36.655+02,97.200,97.200,
11467,19,133,2026-02-13 16:55:35.082+02,25.800,25.800,
11467,20,7,2026-02-13 09:42:20.252+02,361.400,361.400,
11467,20,10,2026-02-13 09:57:34.644+02,890.900,890.900,
11467,20,13,2026-02-13 10:04:44.133+02,19.000,19.000,
11467,20,16,2026-02-13 10:49:13.031+02,2322.900,2322.900,
11467,20,19,2026-02-13 10:56:24.591+02,20.100,20.100,
11467,20,22,2026-02-13 11:14:57.521+02,775.000,775.000,
11467,20,25,2026-02-13 11:21:53.906+02,19.000,19.000,
11467,20,27,2026-02-13 11:26:37.47+02,35.900,35.900,
11467,20,28,2026-02-13 11:43:08.401+02,860.900,860.900,
11467,20,29,2026-02-13 11:45:49.41+02,23.100,23.100,
11467,20,39,2026-02-13 12:04:26.574+02,38.600,38.600,
11467,20,45,2026-02-13 12:19:19.126+02,273.600,273.600,
11467,20,55,2026-02-13 12:37:08.022+02,39.300,39.300,
11467,27,1,2026-02-13 14:29:06.182+02,,,
11467,27,2,2026-02-13 14:31:30.047+02,20.000,20.000,
11467,27,3,2026-02-13 14:33:53.045+02,19.600,19.600,
11467,27,4,2026-02-13 14:55:54.625+02,1215.500,1215.500,
11467,27,5,2026-02-13 14:58:26.335+02,19.800,19.800,
11467,27,23,2026-02-13 16:15:19.067+02,2720.800,2720.800,
11467,27,40,2026-02-13 16:48:32.727+02,261.100,261.100,
11467,29,11,2026-02-13 09:48:12.729+02,30.300,30.300,
11467,29,18,2026-02-13 10:17:30.488+02,569.100,569.100,
11467,29,27,2026-02-13 10:53:30.475+02,1099.100,1099.100,
11467,29,35,2026-02-13 11:19:07.106+02,634.200,634.200,
11467,29,44,2026-02-13 11:52:37.555+02,962.300,962.300,
11467,29,51,2026-02-13 12:12:06.388+02,436.500,436.500,
11467,29,58,2026-02-13 12:32:22.381+02,478.700,478.700,
11467,29,65,2026-02-13 14:06:29.962+02,4895.900,4895.900,
11467,29,66,2026-02-13 14:09:11.203+02,26.300,26.300,
11467,29,67,2026-02-13 14:11:54.662+02,27.000,27.000,
11467,29,68,2026-02-13 14:35:19.818+02,1264.800,1264.800,
11467,29,69,2026-02-13 14:38:19.189+02,26.900,26.900,
11467,29,90,2026-02-13 15:23:02.061+02,488.100,488.100,
11467,29,104,2026-02-13 15:48:02.03+02,36.800,36.800,
11467,29,120,2026-02-13 16:44:44.116+02,1797.300,1797.300,
11467,29,123,2026-02-13 16:55:24.41+02,264.700,264.700,
11467,29,126,2026-02-13 17:01:16.817+02,31.600,31.600,
11467,29,130,2026-02-13 17:14:34.243+02,288.600,288.600,
11467,30,8,2026-02-13 09:47:33.521+02,30.100,30.100,
11467,30,9,2026-02-13 11:44:33.982+02,30.100,30.100,
11467,30,10,2026-02-13 11:45:39.457+02,33.500,33.500,
11467,30,11,2026-02-13 11:48:49.46+02,44.700,44.700,
11467,30,12,2026-02-13 11:58:46.304+02,482.800,482.800,
11467,30,23,2026-02-13 12:34:01.177+02,959.800,959.800,
11468,1,1,2026-02-20 14:10:06.494+02,,,
11468,1,2,2026-02-20 14:12:19.967+02,22.200,22.200,
11468,1,14,2026-02-20 14:48:17.007+02,934.600,934.600,
11468,1,15,2026-02-20 14:50:27.058+02,21.900,21.900,
11468,1,28,2026-02-20 15:34:19.447+02,1308.600,1308.600,
11468,1,31,2026-02-20 15:40:45.037+02,47.100,47.100,
11468,1,34,2026-02-20 16:13:35.56+02,1646.500,1646.500,
11468,1,40,2026-02-20 16:33:03.318+02,498.000,498.000,
11468,1,45,2026-02-20 16:51:45.301+02,557.500,557.500,
11468,1,51,2026-02-20 17:10:45.57+02,487.400,487.400,
11468,1,54,2026-02-20 17:24:54.112+02,511.000,511.000,
11468,1,57,2026-02-20 17:35:19.218+02,312.000,312.000,
11468,1,58,2026-02-20 17:37:27.916+02,22.200,22.200,
11468,1,64,2026-02-20 17:48:44.387+02,28.800,28.800,
11468,1,65,2026-02-20 17:50:48.097+02,27.100,27.100,
11468,2,1,2026-02-20 16:02:43.057+02,,,
11468,2,3,2026-02-20 16:11:24.463+02,311.500,311.500,
11468,2,9,2026-02-20 16:26:27.177+02,231.000,231.000,
11468,2,11,2026-02-20 16:33:47.207+02,220.700,220.700,
11468,2,14,2026-02-20 16:44:44.797+02,344.400,344.400,
11468,2,17,2026-02-20 16:58:54.839+02,543.100,543.100,
11468,2,18,2026-02-20 17:01:39.314+02,25.000,25.000,
11468,2,31,2026-02-20 17:24:13.294+02,27.600,27.600,
11468,3,1,2026-02-20 15:33:33.996+02,,,
11468,3,4,2026-02-20 15:42:49.966+02,245.100,245.100,
11468,3,5,2026-02-20 15:45:18.1+02,21.800,21.800,
11468,3,19,2026-02-20 16:09:36.296+02,28.800,28.800,
11468,3,44,2026-02-20 16:51:43.114+02,27.500,27.500,
11468,3,56,2026-02-20 17:12:18.107+02,52.600,52.600,
11468,3,63,2026-02-20 17:31:21.328+02,455.900,455.900,
11468,3,68,2026-02-20 17:44:13.426+02,195.000,195.000,
11468,4,1,2026-02-20 09:00:27.502+02,,,
11468,4,6,2026-02-20 09:10:48.216+02,21.400,21.400,
11468,4,7,2026-02-20 09:23:55.486+02,641.000,641.000,
11468,4,10,2026-02-20 09:30:14.378+02,32.000,32.000,
11468,4,13,2026-02-20 09:36:13.128+02,19.600,19.600,
11468,4,14,2026-02-20 10:02:46.199+02,1452.200,1452.200,
11468,4,16,2026-02-20 10:07:25.337+02,37.800,37.800,
11468,4,19,2026-02-20 10:33:06.835+02,1191.400,1191.400,
11468,4,21,2026-02-20 10:37:57.986+02,31.200,31.200,
11468,4,24,2026-02-20 10:43:46.49+02,21.400,21.400,
11468,4,25,2026-02-20 10:57:49.588+02,716.800,716.800,
11468,4,31,2026-02-20 11:25:58.148+02,984.300,984.300,
11468,4,34,2026-02-20 11:31:58.218+02,20.500,20.500,
11468,4,36,2026-02-20 11:52:14.212+02,941.900,941.900,
11468,4,39,2026-02-20 12:04:28.771+02,415.300,415.300,
11468,4,43,2026-02-20 12:13:36.78+02,24.900,24.900,
11468,4,50,2026-02-20 12:36:49.855+02,695.400,695.400,
11468,6,1,2026-02-20 09:01:39.523+02,,,
11468,6,3,2026-02-20 09:06:18.845+02,56.500,56.500,
11468,6,4,2026-02-20 09:27:08.332+02,1146.000,1146.000,
11468,6,7,2026-02-20 09:33:23.031+02,29.000,29.000,
11468,6,13,2026-02-20 09:43:55.042+02,19.700,19.700,
11468,6,14,2026-02-20 09:58:50.572+02,788.400,788.400,
11468,6,24,2026-02-20 10:46:50.448+02,1769.200,1769.200,
11468,6,30,2026-02-20 11:10:05.345+02,694.100,694.100,
11468,6,31,2026-02-20 11:17:05.273+02,1114.000,1114.000,
11468,6,37,2026-02-20 11:54:26.766+02,1512.400,1512.400,
11468,6,44,2026-02-20 12:15:34.698+02,566.300,566.300,
11468,6,51,2026-02-20 12:28:41.945+02,41.700,41.700,
11468,6,53,2026-02-20 12:44:37.922+02,697.500,697.500,
11468,6,58,2026-02-20 14:24:55.692+02,6715.300,6715.300,
11468,6,60,2026-02-20 14:51:12.263+02,1351.200,1351.200,
11468,6,61,2026-02-20 15:11:25.515+02,1099.800,1099.800,
11468,6,71,2026-02-20 15:39:13.195+02,643.900,643.900,
11468,6,82,2026-02-20 15:58:14.708+02,21.200,21.200,
11468,6,83,2026-02-20 16:12:13.298+02,701.500,701.500,
11468,6,86,2026-02-20 16:18:15.212+02,41.300,41.300,
11468,6,92,2026-02-20 16:40:42.884+02,680.900,680.900,
11468,6,95,2026-02-20 16:47:29.674+02,32.000,32.000,
11468,6,98,2026-02-20 16:58:46.498+02,349.300,349.300,
11468,6,101,2026-02-20 17:05:06.335+02,29.300,29.300,
11468,6,104,2026-02-20 17:14:42.37+02,260.200,260.200,
11468,6,107,2026-02-20 17:20:44.11+02,18.900,18.900,
11468,6,110,2026-02-20 17:26:37.367+02,28.700,28.700,
11468,6,113,2026-02-20 17:38:10+02,377.900,377.900,
11468,6,114,2026-02-20 17:40:40.542+02,27.400,27.400,
11468,6,115,2026-02-20 17:42:56.82+02,25.700,25.700,
11468,6,116,2026-02-20 17:45:09.314+02,27.000,27.000,
11468,6,117,2026-02-20 17:47:25.22+02,22.500,22.500,
11468,6,118,2026-02-20 17:50:11.397+02,26.000,26.000,
11468,7,1,2026-02-20 09:00:18.97+02,,,
11468,7,3,2026-02-20 09:14:53.828+02,654.400,654.400,
11468,7,5,2026-02-20 09:19:24.626+02,30.200,30.200,
11468,7,16,2026-02-20 09:49:11.562+02,671.500,671.500,
11468,7,19,2026-02-20 09:55:10.441+02,26.800,26.800,
11468,7,30,2026-02-20 10:19:24.73+02,340.900,340.900,
11468,7,33,2026-02-20 10:25:21.959+02,27.000,27.000,
11468,7,44,2026-02-20 10:59:32.914+02,904.700,904.700,
11468,7,47,2026-02-20 11:05:42.459+02,27.300,27.300,
11468,9,1,2026-02-20 09:00:08.816+02,,,
11468,9,4,2026-02-20 09:14:37.031+02,554.000,554.000,
11468,9,7,2026-02-20 09:20:47.609+02,30.200,30.200,
11468,9,11,2026-02-20 09:39:46.934+02,661.700,661.700,
11468,9,16,2026-02-20 10:12:04.016+02,1382.900,1382.900,
11468,9,17,2026-02-20 10:14:56.605+02,22.100,22.100,
11468,9,29,2026-02-20 10:36:10.662+02,24.400,24.400,
11468,9,44,2026-02-20 11:01:16.367+02,25.300,25.300,
11468,9,51,2026-02-20 11:32:51.525+02,1919.900,1919.900,
11468,9,60,2026-02-20 11:48:26.3+02,25.800,25.800,
11468,9,75,2026-02-20 12:27:35.928+02,873.000,873.000,
11468,9,78,2026-02-20 12:39:11.179+02,386.400,386.400,
11468,9,81,2026-02-20 14:45:19.065+02,7260.900,7260.900,
11468,9,85,2026-02-20 15:02:32.775+02,610.800,610.800,
11468,9,88,2026-02-20 15:08:42.563+02,37.500,37.500,
11468,9,90,2026-02-20 15:22:05.3+02,568.900,568.900,
11468,9,92,2026-02-20 15:34:39.597+02,548.400,548.400,
11468,9,98,2026-02-20 15:59:17.933+02,856.200,856.200,
11468,9,101,2026-02-20 16:05:01.947+02,20.600,20.600,
11468,9,103,2026-02-20 16:18:12.003+02,533.800,533.800,
11468,9,107,2026-02-20 16:26:00.442+02,30.700,30.700,
11468,9,110,2026-02-20 16:38:20.771+02,409.200,409.200,
11468,9,114,2026-02-20 16:54:48.363+02,555.100,555.100,
11468,9,116,2026-02-20 16:58:38.165+02,21.200,21.200,
11468,9,119,2026-02-20 17:15:34.286+02,677.400,677.400,
11468,9,122,2026-02-20 17:27:49.369+02,413.300,413.300,
11468,9,125,2026-02-20 17:36:44.916+02,231.900,231.900,
11468,9,128,2026-02-20 17:43:10.738+02,90.500,90.500,
11468,10,1,2026-02-20 12:43:08.026+02,,,
11468,10,2,2026-02-20 12:50:08.336+02,310.800,310.800,
11468,10,3,2026-02-20 14:06:48.416+02,4493.200,4493.200,
11468,10,5,2026-02-20 14:25:59.061+02,944.900,944.900,
11468,13,1,2026-02-20 09:00:21.496+02,,,
11468,13,4,2026-02-20 09:14:41.631+02,543.000,543.000,
11468,13,9,2026-02-20 09:43:49.842+02,1219.200,1219.200,
11468,13,14,2026-02-20 09:54:00.637+02,32.300,32.300,
11468,13,17,2026-02-20 10:13:09.891+02,826.500,826.500,
11468,13,24,2026-02-20 10:36:42.798+02,570.900,570.900,
11468,13,29,2026-02-20 10:46:40.428+02,20.900,20.900,
11468,13,32,2026-02-20 11:00:59.295+02,506.000,506.000,
11468,13,38,2026-02-20 11:21:28.531+02,1735.300,1735.300,
11468,13,41,2026-02-20 11:28:00.198+02,19.400,19.400,
11468,13,50,2026-02-20 12:00:11.271+02,1003.300,1003.300,
11468,13,53,2026-02-20 12:07:57.572+02,96.800,96.800,
11468,13,62,2026-02-20 12:29:10.779+02,355.500,355.500,
11468,13,63,2026-02-20 12:31:56.329+02,26.500,26.500,
11468,13,64,2026-02-20 12:34:33.188+02,26.300,26.300,
11468,15,1,2026-02-20 09:00:07.582+02,,,
11468,15,4,2026-02-20 09:14:26.831+02,509.000,509.000,
11468,15,7,2026-02-20 09:20:22.085+02,19.400,19.400,
11468,15,10,2026-02-20 09:32:18.352+02,350.200,350.200,
11468,15,13,2026-02-20 09:38:03.005+02,19.200,19.200,
11468,15,15,2026-02-20 09:50:26.038+02,497.000,497.000,
11468,15,18,2026-02-20 10:05:33.269+02,575.500,575.500,
11468,15,22,2026-02-20 10:57:10.461+02,2644.400,2644.400,
11468,15,23,2026-02-20 10:59:20.547+02,19.600,19.600,
11468,15,24,2026-02-20 11:02:08.368+02,23.700,23.700,
11468,15,25,2026-02-20 11:07:22.289+02,164.200,164.200,
11468,15,26,2026-02-20 11:10:27.267+02,24.700,24.700,
11468,15,27,2026-02-20 11:17:10.037+02,427.400,427.400,
11468,15,41,2026-02-20 11:41:33.688+02,43.100,43.100,
11468,15,59,2026-02-20 12:12:15.664+02,34.600,34.600,
11468,17,1,2026-02-20 09:00:52.654+02,,,
11468,17,2,2026-02-20 09:13:42.803+02,657.200,657.200,
11468,17,6,2026-02-20 09:33:01.98+02,705.000,705.000,
11468,17,7,2026-02-20 09:37:52.915+02,185.200,185.200,
11468,17,12,2026-02-20 09:54:48.738+02,462.100,462.100,
11468,17,16,2026-02-20 10:10:41.752+02,504.200,504.200,
11468,17,19,2026-02-20 10:38:17.435+02,1327.300,1327.300,
11468,17,20,2026-02-20 10:40:57.994+02,21.400,21.400,
11468,17,34,2026-02-20 11:22:19.799+02,998.900,998.900,
11468,17,35,2026-02-20 11:25:01.813+02,21.200,21.200,
11468,17,49,2026-02-20 12:08:09.348+02,1091.700,1091.700,
11468,17,50,2026-02-20 12:10:46.999+02,21.700,21.700,
11468,17,64,2026-02-20 12:35:51.957+02,25.600,25.600,
11468,17,65,2026-02-20 12:38:05.532+02,25.600,25.600,
11468,17,66,2026-02-20 12:40:43.254+02,54.400,54.400,
11468,17,67,2026-02-20 14:19:01.72+02,5783.400,5783.400,
11468,17,68,2026-02-20 14:21:47.558+02,21.500,21.500,
11468,17,83,2026-02-20 14:48:19.856+02,25.400,25.400,
11468,17,99,2026-02-20 15:40:22.11+02,1491.600,1491.600,
11468,17,103,2026-02-20 15:52:56.745+02,322.600,322.600,
11468,17,106,2026-02-20 16:03:16.868+02,296.800,296.800,
11468,17,111,2026-02-20 16:18:18.555+02,339.100,339.100,
11468,17,116,2026-02-20 16:47:06.798+02,1157.500,1157.500,
11468,17,117,2026-02-20 16:52:13.376+02,200.400,200.400,
11468,17,120,2026-02-20 17:01:51.676+02,258.600,258.600,
11468,17,123,2026-02-20 17:13:18.783+02,363.600,363.600,
11468,17,126,2026-02-20 17:24:43.705+02,366.500,366.500,
11468,18,1,2026-02-20 14:30:24.853+02,,,
11468,18,6,2026-02-20 14:40:09.226+02,42.200,42.200,
11468,18,11,2026-02-20 14:56:54.234+02,474.000,474.000,
11468,18,14,2026-02-20 15:02:49.689+02,31.500,31.500,
11468,18,24,2026-02-20 15:32:00.625+02,727.600,727.600,
11468,18,26,2026-02-20 15:36:07.32+02,31.500,31.500,
11468,18,37,2026-02-20 16:05:02.979+02,628.600,628.600,
11468,18,40,2026-02-20 16:10:59.323+02,26.900,26.900,
11468,18,51,2026-02-20 16:38:08.373+02,520.300,520.300,
11468,18,54,2026-02-20 16:44:01.68+02,29.200,29.200,
11468,18,65,2026-02-20 17:11:51.659+02,566.800,566.800,
11468,18,68,2026-02-20 17:17:50.609+02,30.000,30.000,
11468,18,79,2026-02-20 17:42:16.089+02,368.800,368.800,
11468,18,80,2026-02-20 17:44:32.725+02,28.000,28.000,
11468,18,81,2026-02-20 17:47:04.317+02,25.100,25.100,
11468,18,82,2026-02-20 17:49:33.084+02,25.600,25.600,
11468,19,1,2026-02-20 09:12:03.854+02,,,
11468,19,6,2026-02-20 09:33:40.263+02,772.300,772.300,
11468,19,11,2026-02-20 09:54:06.621+02,656.600,656.600,
11468,19,17,2026-02-20 10:20:16.932+02,881.500,881.500,
11468,19,21,2026-02-20 10:44:12.764+02,969.100,969.100,
11468,19,22,2026-02-20 10:47:18.842+02,41.200,41.200,
11468,19,37,2026-02-20 11:33:30.716+02,2813.700,2813.700,
11468,19,38,2026-02-20 11:36:23.243+02,20.900,20.900,
11468,19,53,2026-02-20 12:18:36.271+02,987.300,987.300,
11468,19,54,2026-02-20 12:21:19.284+02,20.900,20.900,
11468,20,1,2026-02-20 14:06:16.059+02,,,
11468,20,2,2026-02-20 14:08:24.135+02,21.700,21.700,
11468,20,3,2026-02-20 14:11:04.895+02,21.300,21.300,
11468,20,4,2026-02-20 14:21:09.558+02,461.800,461.800,
11468,20,5,2026-02-20 14:23:26.122+02,21.000,21.000,
11468,20,21,2026-02-20 14:51:27.497+02,37.700,37.700,
11468,20,44,2026-02-20 15:30:40.395+02,37.500,37.500,
11468,20,62,2026-02-20 16:32:03+02,1898.100,1898.100,
11468,20,65,2026-02-20 16:40:37.911+02,194.200,194.200,
11468,20,68,2026-02-20 16:47:25.562+02,34.400,34.400,
11468,20,70,2026-02-20 16:55:00.642+02,218.500,218.500,
11468,20,73,2026-02-20 17:01:46.403+02,34.900,34.900,
11468,20,75,2026-02-20 17:12:23.31+02,421.300,421.300,
11468,20,78,2026-02-20 17:22:10.488+02,249.700,249.700,
11468,20,81,2026-02-20 17:34:15.067+02,400.500,400.500,
11468,20,82,2026-02-20 17:36:40.003+02,26.900,26.900,
11468,20,83,2026-02-20 17:39:00.781+02,26.600,26.600,
11468,20,84,2026-02-20 17:41:21.28+02,28.300,28.300,
11468,20,85,2026-02-20 17:43:43.238+02,35.100,35.100,
11468,20,86,2026-02-20 17:46:17.854+02,41.000,41.000,
11468,20,87,2026-02-20 17:48:21.283+02,25.700,25.700,
11468,20,88,2026-02-20 17:50:51.964+02,53.800,53.800,
11468,27,1,2026-02-20 09:08:50.191+02,,,
11468,27,2,2026-02-20 10:44:54.064+02,5611.100,5611.100,
11468,27,5,2026-02-20 11:01:45.924+02,663.700,663.700,
11468,27,6,2026-02-20 11:04:30.306+02,20.200,20.200,
11468,27,7,2026-02-20 11:07:29.398+02,20.800,20.800,
11468,27,8,2026-02-20 11:17:14.616+02,416.300,416.300,
11468,27,9,2026-02-20 11:19:59.808+02,25.900,25.900,
11468,27,25,2026-02-20 11:48:49.088+02,43.700,43.700,
11468,27,44,2026-02-20 12:21:59.057+02,37.200,37.200,
11468,28,1,2026-02-20 09:00:04.311+02,,,
11468,28,7,2026-02-20 09:18:34.313+02,420.300,420.300,
11468,28,12,2026-02-20 09:34:45.739+02,415.100,415.100,
11468,28,15,2026-02-20 09:47:08.748+02,413.500,413.500,
11468,28,18,2026-02-20 09:57:57.381+02,319.000,319.000,
11468,28,21,2026-02-20 10:25:30.773+02,1322.900,1322.900,
11468,28,35,2026-02-20 11:01:53.707+02,723.900,723.900,
11468,28,41,2026-02-20 11:17:12.454+02,1642.600,1642.600,
11468,28,49,2026-02-20 11:42:21.238+02,688.100,688.100,
11468,28,63,2026-02-20 12:24:10.895+02,1059.200,1059.200,
11468,28,77,2026-02-20 12:48:30.739+02,20.300,20.300,
11468,28,78,2026-02-20 14:10:22.642+02,4777.200,4777.200,
11468,28,79,2026-02-20 14:19:32.107+02,406.100,406.100,
11468,28,93,2026-02-20 14:44:11.511+02,34.500,34.500,
11468,28,116,2026-02-20 15:23:35.203+02,31.600,31.600,
11468,28,137,2026-02-20 16:38:24.522+02,2387.900,2387.900,
11468,28,140,2026-02-20 16:45:31.325+02,101.800,101.800,
11468,28,144,2026-02-20 16:55:21.215+02,166.300,166.300,
11468,28,147,2026-02-20 17:02:32.018+02,112.600,112.600,
11468,28,149,2026-02-20 17:10:51.169+02,285.800,285.800,
11468,28,152,2026-02-20 17:19:04.907+02,176.200,176.200,
11468,28,155,2026-02-20 17:30:30.767+02,372.500,372.500,
11468,28,156,2026-02-20 17:32:54.916+02,24.200,24.200,
11468,28,158,2026-02-20 17:36:46.192+02,26.500,26.500,
11468,28,159,2026-02-20 17:38:50.179+02,24.300,24.300,
11468,28,160,2026-02-20 17:40:52.23+02,24.300,24.300,
11468,28,162,2026-02-20 17:44:35.06+02,24.300,24.300,
11468,28,163,2026-02-20 17:46:36.52+02,24.200,24.200,
11468,28,164,2026-02-20 17:48:46.191+02,24.900,24.900,
11468,28,165,2026-02-20 17:50:49.214+02,25.400,25.400,
11468,30,1,2026-02-20 14:30:59.026+02,,,
11468,30,14,2026-02-20 15:09:34.478+02,861.100,861.100,
11468,30,17,2026-02-20 15:16:43.067+02,37.300,37.300,
11468,30,22,2026-02-20 17:09:28.178+02,6201.700,6201.700,
11468,30,25,2026-02-20 17:17:35.918+02,150.500,150.500,
11468,30,28,2026-02-20 17:25:31.674+02,153.500,153.500,
11468,30,30,2026-02-20 17:31:14.373+02,121.300,121.300,
11468,30,33,2026-02-20 17:38:24.517+02,120.000,120.000,
11468,30,36,2026-02-20 17:45:39.862+02,117.200,117.200,
11468,30,38,2026-02-20 17:51:33.751+02,133.500,133.500,
11469,1,1,2026-02-19 09:00:08.533+02,,,
11469,1,4,2026-02-19 09:20:58.357+02,909.600,909.600,
11469,1,10,2026-02-19 09:43:43.876+02,671.400,671.400,
11469,1,13,2026-02-19 09:49:50.542+02,30.100,30.100,
11469,1,16,2026-02-19 10:05:22.186+02,603.900,603.900,
11469,1,22,2026-02-19 10:33:47.621+02,1045.100,1045.100,
11469,1,25,2026-02-19 10:39:51.52+02,29.200,29.200,
11469,1,27,2026-02-19 11:05:19.939+02,1305.600,1305.600,
11469,1,37,2026-02-19 11:57:09.869+02,2083.100,2083.100,
11469,1,48,2026-02-19 12:36:37.991+02,1232.500,1232.500,
11469,1,57,2026-02-19 14:14:37.964+02,7112.400,7112.400,
11469,1,59,2026-02-19 14:23:52.644+02,332.100,332.100,
11469,1,62,2026-02-19 14:29:47.564+02,33.000,33.000,
11469,1,69,2026-02-19 15:12:18.825+02,1843.100,1843.100,
11469,1,72,2026-02-19 15:18:20.365+02,35.700,35.700,
11469,1,79,2026-02-19 15:58:55.92+02,1725.900,1725.900,
11469,1,80,2026-02-19 16:01:46.542+02,23.800,23.800,
11469,1,96,2026-02-19 16:29:20.432+02,25.200,25.200,
11469,1,115,2026-02-19 17:01:06.461+02,29.800,29.800,
11469,1,138,2026-02-19 17:49:40.612+02,643.100,643.100,
11469,2,1,2026-02-19 09:00:30.787+02,,,
11469,2,2,2026-02-19 09:15:08.776+02,684.300,684.300,
11469,2,12,2026-02-19 09:42:09.75+02,563.500,563.500,
11469,2,15,2026-02-19 09:48:43.601+02,28.500,28.500,
11469,2,17,2026-02-19 10:01:14.057+02,516.700,516.700,
11469,2,20,2026-02-19 10:15:00.472+02,506.800,506.800,
11469,2,23,2026-02-19 10:44:37.319+02,1445.800,1445.800,
11469,2,26,2026-02-19 11:00:01.226+02,603.500,603.500,
11469,2,27,2026-02-19 11:02:46.307+02,20.700,20.700,
11469,2,41,2026-02-19 11:36:09.38+02,559.700,559.700,
11469,2,42,2026-02-19 11:38:55.429+02,20.400,20.400,
11469,2,56,2026-02-19 12:16:21.263+02,791.200,791.200,
11469,2,57,2026-02-19 12:19:12.853+02,20.500,20.500,
11469,2,70,2026-02-19 12:48:32.455+02,417.900,417.900,
11469,3,1,2026-02-19 09:00:12.409+02,,,
11469,3,2,2026-02-19 09:12:39.744+02,637.400,637.400,
11469,3,9,2026-02-19 11:50:49.906+02,8672.500,8672.500,
11469,3,19,2026-02-19 12:20:05.306+02,701.800,701.800,
11469,3,21,2026-02-19 12:24:58.029+02,29.700,29.700,
11469,3,26,2026-02-19 12:41:51.062+02,484.000,484.000,
11469,7,1,2026-02-19 14:04:36.18+02,,,
11469,7,4,2026-02-19 14:17:11.046+02,397.000,397.000,
11469,7,7,2026-02-19 14:23:24.183+02,28.500,28.500,
11469,7,20,2026-02-19 15:09:52.354+02,1457.900,1457.900,
11469,7,23,2026-02-19 15:16:04.214+02,29.900,29.900,
11469,7,34,2026-02-19 15:44:35.807+02,585.100,585.100,
11469,7,37,2026-02-19 15:50:41.601+02,27.600,27.600,
11469,7,48,2026-02-19 16:26:49.641+02,1037.800,1037.800,
11469,7,51,2026-02-19 16:32:47.22+02,32.400,32.400,
11469,7,62,2026-02-19 17:01:04.654+02,577.800,577.800,
11469,7,65,2026-02-19 17:07:26.392+02,32.000,32.000,
11469,7,67,2026-02-19 17:16:34.321+02,310.200,310.200,
11469,7,71,2026-02-19 17:29:11.227+02,275.100,275.100,
11469,7,72,2026-02-19 17:31:36.873+02,24.500,24.500,
11469,7,73,2026-02-19 17:33:38.637+02,25.700,25.700,
11469,7,74,2026-02-19 17:35:46.113+02,31.300,31.300,
11469,7,75,2026-02-19 17:37:46.739+02,24.600,24.600,
11469,7,76,2026-02-19 17:39:53.978+02,31.700,31.700,
11469,7,77,2026-02-19 17:41:58.729+02,29.700,29.700,
11469,7,78,2026-02-19 17:44:00.52+02,25.200,25.200,
11469,7,79,2026-02-19 17:51:41.31+02,364.900,364.900,
11469,8,1,2026-02-19 09:02:26.048+02,,,
11469,8,3,2026-02-19 09:33:52.597+02,1659.100,1659.100,
11469,8,8,2026-02-19 09:58:20.587+02,879.400,879.400,
11469,8,13,2026-02-19 10:22:23.668+02,883.700,883.700,
11469,8,16,2026-02-19 10:39:41.109+02,699.900,699.900,
11469,8,18,2026-02-19 10:44:06.052+02,35.700,35.700,
11469,8,20,2026-02-19 11:11:11.153+02,1395.400,1395.400,
11469,8,25,2026-02-19 11:35:35.079+02,891.700,891.700,
11469,8,30,2026-02-19 11:59:42.999+02,878.100,878.100,
11469,8,36,2026-02-19 12:19:16.702+02,489.700,489.700,
11469,8,41,2026-02-19 14:03:24.878+02,5678.400,5678.400,
11469,8,42,2026-02-19 14:06:05.238+02,20.700,20.700,
11469,8,58,2026-02-19 14:34:36.442+02,28.100,28.100,
11469,12,1,2026-02-19 09:01:26.187+02,,,
11469,12,2,2026-02-19 09:19:32.103+02,917.600,917.600,
11469,12,7,2026-02-19 09:34:19.13+02,341.300,341.300,
11469,12,10,2026-02-19 09:46:37.844+02,409.100,409.100,
11469,12,14,2026-02-19 10:01:51.427+02,467.300,467.300,
11469,12,20,2026-02-19 10:25:00.676+02,702.200,702.200,
11469,12,37,2026-02-19 11:07:47.767+02,808.900,808.900,
11469,12,38,2026-02-19 11:10:28.904+02,20.600,20.600,
11469,12,53,2026-02-19 12:06:35.859+02,1798.200,1798.200,
11469,12,54,2026-02-19 12:09:36.048+02,22.700,22.700,
11469,12,70,2026-02-19 12:48:36.038+02,653.600,653.600,
11469,12,72,2026-02-19 15:36:58.881+02,10756.400,10756.400,
11469,12,77,2026-02-19 15:53:40.94+02,442.000,442.000,
11469,12,82,2026-02-19 16:07:58.789+02,312.500,312.500,
11469,12,85,2026-02-19 16:14:29.608+02,61.100,61.100,
11469,12,88,2026-02-19 16:27:54.423+02,490.900,490.900,
11469,12,93,2026-02-19 16:41:31.619+02,257.600,257.600,
11469,12,99,2026-02-19 17:01:56.402+02,547.700,547.700,
11469,12,102,2026-02-19 17:11:52.542+02,268.500,268.500,
11469,12,108,2026-02-19 17:35:23.798+02,739.600,739.600,
11469,12,109,2026-02-19 17:38:01.75+02,23.000,23.000,
11469,13,1,2026-02-19 14:04:17.606+02,,,
11469,13,9,2026-02-19 14:29:58.509+02,591.300,591.300,
11469,13,12,2026-02-19 14:40:01.848+02,278.800,278.800,
11469,13,14,2026-02-19 14:49:35.216+02,358.800,358.800,
11469,13,16,2026-02-19 15:09:33.285+02,1556.900,1556.900,
11469,13,19,2026-02-19 15:18:51.819+02,242.900,242.900,
11469,13,22,2026-02-19 15:45:00.589+02,1255.000,1255.000,
11469,13,23,2026-02-19 15:47:23.026+02,22.000,22.000,
11469,13,24,2026-02-19 15:49:45.85+02,22.300,22.300,
11469,13,25,2026-02-19 15:59:38.054+02,465.500,465.500,
11469,13,26,2026-02-19 16:02:05.562+02,23.700,23.700,
11469,13,49,2026-02-19 16:41:46.577+02,30.400,30.400,
11469,13,68,2026-02-19 17:13:49.477+02,29.000,29.000,
11469,13,72,2026-02-19 17:44:59.692+02,1470.400,1470.400,
11469,13,73,2026-02-19 17:47:35.557+02,25.900,25.900,
11469,14,1,2026-02-19 09:00:58.888+02,,,
11469,14,4,2026-02-19 09:46:29.029+02,2360.000,2360.000,
11469,14,7,2026-02-19 10:00:21.167+02,512.500,512.500,
11469,14,9,2026-02-19 11:55:39.695+02,6686.900,6686.900,
11469,14,12,2026-02-19 12:01:49.724+02,39.500,39.500,
11469,14,18,2026-02-19 12:22:11.88+02,599.800,599.800,
11469,14,21,2026-02-19 12:28:19.057+02,36.900,36.900,
11469,14,28,2026-02-19 14:10:19.195+02,5379.000,5379.000,
11469,14,29,2026-02-19 14:12:55.131+02,23.600,23.600,
11469,14,44,2026-02-19 14:39:12.466+02,35.200,35.200,
11469,14,53,2026-02-19 15:09:44.514+02,1867.300,1867.300,
11469,14,55,2026-02-19 15:13:45.262+02,35.300,35.300,
11469,14,65,2026-02-19 15:40:52.386+02,618.000,618.000,
11469,14,87,2026-02-19 16:55:14.016+02,2144.000,2144.000,
11469,14,89,2026-02-19 17:01:43.162+02,157.600,157.600,
11469,14,92,2026-02-19 17:10:57.972+02,236.400,236.400,
11469,14,95,2026-02-19 17:20:55.384+02,275.600,275.600,
11469,14,98,2026-02-19 17:29:01.591+02,166.800,166.800,
11469,14,101,2026-02-19 17:40:27.224+02,346.500,346.500,
11469,14,102,2026-02-19 17:43:03.292+02,25.200,25.200,
11469,14,103,2026-02-19 17:45:14.592+02,25.400,25.400,
11469,14,104,2026-02-19 17:47:32.02+02,25.700,25.700,
11469,14,105,2026-02-19 17:49:38.362+02,24.900,24.900,
11469,14,106,2026-02-19 17:51:42.481+02,25.300,25.300,
11469,15,1,2026-02-19 14:12:17.44+02,,,
11469,15,9,2026-02-19 14:37:28.113+02,674.700,674.700,
11469,15,10,2026-02-19 14:52:16.227+02,761.200,761.200,
11469,15,11,2026-02-19 15:09:03.89+02,1768.900,1768.900,
11469,15,22,2026-02-19 15:48:15.176+02,1211.300,1211.300,
11469,15,32,2026-02-19 16:18:00.341+02,781.200,781.200,
11469,15,37,2026-02-19 16:38:26.337+02,644.300,644.300,
11469,15,41,2026-02-19 16:53:32.964+02,487.500,487.500,
11469,15,44,2026-02-19 17:02:26.721+02,225.900,225.900,
11469,15,47,2026-02-19 17:08:39.436+02,30.100,30.100,
11469,15,50,2026-02-19 17:23:40.771+02,530.500,530.500,
11469,15,53,2026-02-19 17:33:24.287+02,263.700,263.700,
11469,15,57,2026-02-19 17:41:22.467+02,19.600,19.600,
11469,15,58,2026-02-19 17:50:22.595+02,403.800,403.800,
11469,16,1,2026-02-19 09:00:31.584+02,,,
11469,16,4,2026-02-19 09:13:58.4+02,498.500,498.500,
11469,16,6,2026-02-19 14:00:03.016+02,16921.800,16921.800,
11469,16,9,2026-02-19 14:14:09.576+02,531.500,531.500,
11469,16,10,2026-02-19 14:16:41.398+02,22.400,22.400,
11469,16,22,2026-02-19 14:37:21.802+02,24.500,24.500,
11469,16,32,2026-02-19 15:09:02.906+02,1926.100,1926.100,
11469,16,44,2026-02-19 16:11:55.491+02,2534.300,2534.300,
11469,16,52,2026-02-19 16:25:46.064+02,24.400,24.400,
11469,16,66,2026-02-19 17:05:19.399+02,1003.600,1003.600,
11469,16,70,2026-02-19 17:13:02.874+02,21.800,21.800,
11469,16,71,2026-02-19 17:29:58.887+02,891.000,891.000,
11469,16,73,2026-02-19 17:38:22.92+02,297.400,297.400,
11469,16,76,2026-02-19 17:47:12.601+02,190.600,190.600,
11469,18,1,2026-02-19 09:00:43.615+02,,,
11469,18,2,2026-02-19 09:08:02.211+02,229.500,229.500,
11469,18,7,2026-02-19 09:36:09.881+02,1150.300,1150.300,
11469,18,12,2026-02-19 09:45:26.799+02,25.100,25.100,
11469,18,17,2026-02-19 10:01:05.148+02,423.600,423.600,
11469,18,22,2026-02-19 10:22:12.394+02,730.300,730.300,
11469,18,25,2026-02-19 10:27:59.805+02,25.500,25.500,
11469,18,36,2026-02-19 10:59:15.004+02,791.500,791.500,
11469,18,40,2026-02-19 11:07:39.532+02,27.500,27.500,
11469,18,50,2026-02-19 11:37:38.866+02,787.900,787.900,
11469,18,53,2026-02-19 11:43:34.474+02,26.900,26.900,
11469,18,54,2026-02-19 11:49:38.005+02,111.500,111.500,
11469,18,66,2026-02-19 12:21:06.531+02,698.200,698.200,
11469,18,71,2026-02-19 12:29:59.954+02,24.500,24.500,
11469,18,72,2026-02-19 12:32:06.321+02,24.000,24.000,
11469,18,73,2026-02-19 12:34:13.984+02,24.200,24.200,
11469,18,74,2026-02-19 12:36:19.729+02,23.800,23.800,
11469,18,75,2026-02-19 12:38:24.573+02,24.100,24.100,
11469,18,76,2026-02-19 12:40:42.877+02,36.700,36.700,
11469,18,77,2026-02-19 12:42:49.122+02,23.700,23.700,
11469,19,1,2026-02-19 14:24:26.1+02,,,
11469,19,13,2026-02-19 15:09:55.121+02,1255.300,1255.300,
11469,19,20,2026-02-19 15:34:06.596+02,635.600,635.600,
11469,19,23,2026-02-19 15:42:05.048+02,151.700,151.700,
11469,19,29,2026-02-19 16:10:40.781+02,1016.700,1016.700,
11469,19,30,2026-02-19 16:13:23.356+02,21.600,21.600,
11469,19,45,2026-02-19 16:39:22.886+02,24.400,24.400,
11469,19,65,2026-02-19 17:12:46.419+02,31.900,31.900,
11469,20,1,2026-02-19 09:00:02.698+02,,,
11469,20,3,2026-02-19 09:11:18.883+02,429.300,429.300,
11469,20,5,2026-02-19 09:36:56.285+02,1319.900,1319.900,
11469,20,7,2026-02-19 09:47:28.108+02,421.800,421.800,
11469,20,9,2026-02-19 10:09:06.447+02,1091.800,1091.800,
11469,20,11,2026-02-19 10:20:44.056+02,489.800,489.800,
11469,20,14,2026-02-19 10:27:30.917+02,22.100,22.100,
11469,20,16,2026-02-19 10:40:29.639+02,524.400,524.400,
11469,20,27,2026-02-19 10:59:09.707+02,20.500,20.500,
11469,20,28,2026-02-19 11:11:44.823+02,626.000,626.000,
11469,20,31,2026-02-19 11:18:31.3+02,33.100,33.100,
11469,20,44,2026-02-19 11:49:30.943+02,544.400,544.400,
11469,20,47,2026-02-19 12:02:08.351+02,395.500,395.500,
11469,20,58,2026-02-19 12:21:16.063+02,45.000,45.000,
11469,20,59,2026-02-19 12:32:08.919+02,528.700,528.700,
11469,20,62,2026-02-19 12:39:17.371+02,32.500,32.500,
11469,27,1,2026-02-19 15:09:37.012+02,,,
11469,27,5,2026-02-19 15:27:18.691+02,609.700,609.700,
11469,27,13,2026-02-19 15:42:12.066+02,40.600,40.600,
11469,27,21,2026-02-19 16:30:01.866+02,2029.800,2029.800,
11469,27,27,2026-02-19 16:44:41.845+02,217.700,217.700,
11469,27,30,2026-02-19 16:55:23.804+02,320.800,320.800,
11469,27,33,2026-02-19 17:04:47.016+02,222.800,222.800,
11469,27,36,2026-02-19 17:17:43.007+02,456.700,456.700,
11469,27,39,2026-02-19 17:26:24.82+02,195.500,195.500,
11469,27,42,2026-02-19 17:37:54.19+02,368.400,368.400,
11469,29,1,2026-02-19 09:00:36.04+02,,,
11469,29,2,2026-02-19 09:16:35.114+02,814.600,814.600,
11469,29,4,2026-02-19 09:21:01.98+02,32.200,32.200,
11469,29,6,2026-02-19 09:48:03.125+02,1360.100,1360.100,
11469,29,16,2026-02-19 10:19:34.592+02,799.200,799.200,
11469,29,26,2026-02-19 11:02:24.899+02,1484.100,1484.100,
11469,29,36,2026-02-19 11:37:03.828+02,983.000,983.000,
11469,29,46,2026-02-19 12:04:52.174+02,539.700,539.700,
11469,29,52,2026-02-19 12:27:06.434+02,677.000,677.000,
11469,29,53,2026-02-19 12:38:29.333+02,559.800,559.800,
11469,29,54,2026-02-19 12:40:42.127+02,24.300,24.300,
11469,29,55,2026-02-19 14:09:55.688+02,5221.200,5221.200,
11469,29,57,2026-02-19 14:15:20.991+02,57.500,57.500,
11469,29,59,2026-02-19 14:27:50.01+02,527.000,527.000,
11469,29,61,2026-02-19 14:48:51.678+02,1044.400,1044.400,
11469,29,62,2026-02-19 14:51:10.562+02,23.700,23.700,
11469,29,63,2026-02-19 15:09:07.374+02,1100.500,1100.500,
11469,29,64,2026-02-19 15:11:24.235+02,23.700,23.700,
11469,29,74,2026-02-19 15:36:03.186+02,436.200,436.200,
11469,29,76,2026-02-19 15:40:10.474+02,39.500,39.500,
11469,29,90,2026-02-19 16:16:43.736+02,782.100,782.100,
11469,29,98,2026-02-19 16:57:05.547+02,1449.700,1449.700,
11469,29,103,2026-02-19 17:11:21.829+02,194.900,194.900,
11469,29,109,2026-02-19 17:25:51.442+02,154.400,154.400,
11469,29,115,2026-02-19 17:37:58.777+02,29.200,29.200,
11469,29,118,2026-02-19 17:47:19.01+02,237.700,237.700,
11469,29,119,2026-02-19 17:49:25.892+02,25.200,25.200,
11469,29,120,2026-02-19 17:51:29.371+02,25.300,25.300,
11469,30,1,2026-02-19 10:19:52.593+02,,,
11469,30,2,2026-02-19 10:22:50.49+02,52.300,52.300,
11469,30,3,2026-02-19 10:59:42.025+02,2092.400,2092.400,
11469,30,4,2026-02-19 11:02:22.174+02,19.100,19.100,
11469,30,5,2026-02-19 11:04:32.3+02,20.300,20.300,
11469,30,6,2026-02-19 11:19:28.322+02,758.400,758.400,
11469,30,7,2026-02-19 11:22:25.074+02,23.000,23.000,
11469,30,23,2026-02-19 11:51:16.896+02,45.000,45.000,
11469,30,41,2026-02-19 12:22:45.202+02,38.300,38.300,
11470,2,1,2026-02-18 09:00:38.133+02,,,
11470,2,7,2026-02-18 09:22:52.371+02,695.600,695.600,
11470,2,13,2026-02-18 09:49:19.794+02,861.000,861.000,
11470,2,20,2026-02-18 10:27:31.544+02,1473.100,1473.100,
11470,2,23,2026-02-18 10:33:34.74+02,29.100,29.100,
11470,2,26,2026-02-18 10:59:10.551+02,1201.900,1201.900,
11470,2,27,2026-02-18 11:02:16.512+02,23.700,23.700,
11470,2,37,2026-02-18 11:30:18.742+02,642.800,642.800,
11470,2,38,2026-02-18 11:33:04.505+02,23.700,23.700,
11470,2,54,2026-02-18 12:42:17.874+02,35.000,35.000,
11470,3,1,2026-02-18 14:47:01.264+02,,,
11470,3,5,2026-02-18 14:54:54.39+02,34.100,34.100,
11470,3,7,2026-02-18 15:20:21.394+02,1561.000,1561.000,
11470,3,12,2026-02-18 15:30:34.99+02,43.200,43.200,
11470,3,25,2026-02-18 15:52:48.355+02,25.400,25.400,
11470,3,26,2026-02-18 16:07:11.202+02,760.000,760.000,
11470,3,32,2026-02-18 16:19:22.34+02,33.400,33.400,
11470,3,44,2026-02-18 16:39:53.564+02,26.300,26.300,
11470,3,45,2026-02-18 16:52:03.037+02,626.900,626.900,
11470,3,50,2026-02-18 17:01:49.74+02,36.100,36.100,
11470,3,51,2026-02-18 17:04:13.215+02,19.900,19.900,
11470,3,62,2026-02-18 17:22:55.421+02,26.700,26.700,
11470,3,63,2026-02-18 17:36:03.311+02,676.800,676.800,
11470,4,1,2026-02-18 09:03:21.689+02,,,
11470,4,5,2026-02-18 09:42:11.842+02,1870.900,1870.900,
11470,4,8,2026-02-18 10:06:05.768+02,1095.500,1095.500,
11470,4,14,2026-02-18 14:20:10.858+02,14602.700,14602.700,
11470,4,16,2026-02-18 14:32:51.862+02,546.700,546.700,
11470,4,18,2026-02-18 14:45:58.536+02,549.100,549.100,
11470,4,20,2026-02-18 14:57:55.845+02,509.800,509.800,
11470,4,21,2026-02-18 15:07:21.812+02,1075.800,1075.800,
11470,4,23,2026-02-18 15:22:33.728+02,702.900,702.900,
11470,4,25,2026-02-18 15:36:38.224+02,631.700,631.700,
11470,4,27,2026-02-18 15:49:29.246+02,567.100,567.100,
11470,4,29,2026-02-18 16:17:24.284+02,1470.200,1470.200,
11470,4,38,2026-02-18 16:43:36.249+02,654.600,654.600,
11470,4,47,2026-02-18 17:02:16.909+02,213.400,213.400,
11470,4,56,2026-02-18 17:32:14.444+02,885.900,885.900,
11470,4,66,2026-02-18 17:49:47.91+02,20.400,20.400,
11470,6,1,2026-02-18 09:12:34.366+02,,,
11470,6,7,2026-02-18 09:41:10.439+02,930.200,930.200,
11470,6,13,2026-02-18 10:02:10.776+02,527.100,527.100,
11470,6,18,2026-02-18 10:34:11.262+02,1361.000,1361.000,
11470,6,19,2026-02-18 10:48:59.882+02,746.300,746.300,
11470,6,23,2026-02-18 10:57:28.827+02,37.500,37.500,
11470,6,33,2026-02-18 11:36:45.842+02,1280.700,1280.700,
11470,6,40,2026-02-18 11:59:10.875+02,573.200,573.200,
11470,6,61,2026-02-18 12:46:03.995+02,25.600,25.600,
11470,7,1,2026-02-18 09:00:20.178+02,,,
11470,7,5,2026-02-18 09:08:38.973+02,46.000,46.000,
11470,7,9,2026-02-18 09:27:37.548+02,677.600,677.600,
11470,7,12,2026-02-18 10:19:03.925+02,2748.000,2748.000,
11470,7,15,2026-02-18 10:24:59.854+02,26.500,26.500,
11470,7,26,2026-02-18 10:57:24.314+02,821.600,821.600,
11470,7,29,2026-02-18 11:03:15.259+02,26.800,26.800,
11470,7,40,2026-02-18 11:37:28.753+02,928.600,928.600,
11470,7,43,2026-02-18 11:43:58.503+02,28.000,28.000,
11470,7,69,2026-02-18 12:50:20.617+02,244.600,244.600,
11470,8,1,2026-02-18 09:06:31.288+02,,,
11470,8,3,2026-02-18 09:28:29.281+02,1104.900,1104.900,
11470,8,10,2026-02-18 09:49:13.867+02,499.400,499.400,
11470,8,15,2026-02-18 10:10:47.499+02,730.500,730.500,
11470,8,22,2026-02-18 10:43:56.933+02,1237.000,1237.000,
11470,9,1,2026-02-18 09:00:38.828+02,,,
11470,9,4,2026-02-18 09:19:41.253+02,834.600,834.600,
11470,9,11,2026-02-18 09:41:33.223+02,572.100,572.100,
11470,9,16,2026-02-18 09:51:29.159+02,32.500,32.500,
11470,9,17,2026-02-18 10:18:30.525+02,1482.600,1482.600,
11470,9,19,2026-02-18 10:22:44.281+02,28.700,28.700,
11470,9,23,2026-02-18 10:45:08.329+02,865.700,865.700,
11470,9,26,2026-02-18 10:51:01.796+02,21.400,21.400,
11470,9,29,2026-02-18 11:08:31.909+02,690.000,690.000,
11470,9,44,2026-02-18 11:53:31.326+02,1159.300,1159.300,
11470,10,1,2026-02-18 14:43:11.937+02,,,
11470,10,8,2026-02-18 16:37:10.904+02,,,
11470,10,12,2026-02-18 16:49:52.414+02,287.500,287.500,
11470,10,16,2026-02-18 17:04:20.952+02,382.400,382.400,
11470,10,20,2026-02-18 17:19:15.707+02,381.700,381.700,
11470,10,23,2026-02-18 17:32:05.972+02,440.700,440.700,
11470,12,1,2026-02-18 09:01:37.596+02,,,
11470,12,3,2026-02-18 09:13:35.185+02,488.800,488.800,
11470,12,5,2026-02-18 09:30:43.913+02,807.900,807.900,
11470,12,7,2026-02-18 09:42:37.963+02,484.800,484.800,
11470,12,11,2026-02-18 09:50:58.957+02,29.100,29.100,
11470,12,14,2026-02-18 10:04:50.015+02,494.700,494.700,
11470,12,19,2026-02-18 10:26:21.003+02,730.400,730.400,
11470,12,24,2026-02-18 10:56:24.327+02,1237.900,1237.900,
11470,12,28,2026-02-18 11:04:42.734+02,28.600,28.600,
11470,12,31,2026-02-18 11:34:28.1+02,1453.500,1453.500,
11470,12,36,2026-02-18 11:52:37.874+02,505.300,505.300,
11470,13,1,2026-02-18 09:00:13.794+02,,,
11470,13,3,2026-02-18 09:25:51.134+02,1321.900,1321.900,
11470,13,7,2026-02-18 09:50:55.016+02,968.400,968.400,
11470,13,11,2026-02-18 10:06:16.94+02,477.600,477.600,
11470,13,21,2026-02-18 10:47:01.607+02,1394.400,1394.400,
11470,13,30,2026-02-18 11:26:26.748+02,1365.300,1365.300,
11470,13,38,2026-02-18 11:57:08.184+02,952.900,952.900,
11470,14,1,2026-02-18 14:04:27.494+02,,,
11470,14,4,2026-02-18 14:31:32.75+02,1294.900,1294.900,
11470,14,7,2026-02-18 14:37:47.929+02,41.500,41.500,
11470,14,16,2026-02-18 15:10:52.107+02,1045.400,1045.400,
11470,14,19,2026-02-18 15:16:52.905+02,38.700,38.700,
11470,14,28,2026-02-18 15:49:06.527+02,1004.300,1004.300,
11470,14,31,2026-02-18 15:55:02.567+02,36.500,36.500,
11470,14,40,2026-02-18 16:47:51.932+02,2238.600,2238.600,
11470,14,42,2026-02-18 17:07:11.215+02,922.500,922.500,
11470,14,45,2026-02-18 17:13:23.876+02,42.400,42.400,
11470,14,53,2026-02-18 17:32:54.073+02,345.700,345.700,
11470,14,54,2026-02-18 17:35:06.974+02,27.900,27.900,
11470,14,55,2026-02-18 17:37:16.589+02,25.700,25.700,
11470,14,56,2026-02-18 17:39:32.764+02,26.000,26.000,
11470,14,57,2026-02-18 17:41:44.357+02,26.000,26.000,
11470,14,58,2026-02-18 17:43:51.227+02,24.900,24.900,
11470,14,59,2026-02-18 17:45:57.286+02,24.900,24.900,
11470,14,60,2026-02-18 17:48:00.901+02,24.300,24.300,
11470,15,1,2026-02-18 09:00:04.839+02,,,
11470,15,2,2026-02-18 09:07:35.032+02,330.200,330.200,
11470,15,7,2026-02-18 09:28:26.96+02,709.500,709.500,
11470,15,11,2026-02-18 09:51:53.977+02,959.500,959.500,
11470,15,16,2026-02-18 10:01:46.084+02,19.300,19.300,
11470,15,22,2026-02-18 10:24:12.21+02,674.200,674.200,
11470,15,26,2026-02-18 10:32:48.38+02,37.200,37.200,
11470,15,29,2026-02-18 10:39:05.559+02,31.000,31.000,
11470,15,38,2026-02-18 11:18:16.954+02,1396.800,1396.800,
11470,15,40,2026-02-18 11:41:22.853+02,1105.600,1105.600,
11470,15,43,2026-02-18 11:48:07.946+02,49.400,49.400,
11470,15,46,2026-02-18 11:54:34.698+02,32.100,32.100,
11470,15,61,2026-02-18 12:42:37.233+02,767.900,767.900,
11470,16,1,2026-02-18 14:15:14.433+02,,,
11470,16,7,2026-02-18 14:27:20.56+02,44.900,44.900,
11470,16,8,2026-02-18 14:42:14.414+02,777.200,777.200,
11470,16,14,2026-02-18 14:54:22.043+02,38.700,38.700,
11470,16,15,2026-02-18 15:08:34.394+02,748.500,748.500,
11470,16,18,2026-02-18 15:15:16.925+02,51.200,51.200,
11470,16,21,2026-02-18 15:41:26.862+02,1238.100,1238.100,
11470,16,24,2026-02-18 15:47:32.587+02,20.700,20.700,
11470,16,25,2026-02-18 17:18:10.309+02,5284.900,5284.900,
11470,16,42,2026-02-18 17:46:59.977+02,45.800,45.800,
11470,17,1,2026-02-18 14:33:03.743+02,,,
11470,17,7,2026-02-18 14:53:02.793+02,511.500,511.500,
11470,17,10,2026-02-18 15:06:29.52+02,1318.200,1318.200,
11470,17,15,2026-02-18 15:21:45.315+02,353.800,353.800,
11470,17,20,2026-02-18 15:50:06.078+02,1151.100,1151.100,
11470,17,25,2026-02-18 16:05:31.663+02,361.600,361.600,
11470,17,30,2026-02-18 16:30:13.03+02,902.100,902.100,
11470,17,31,2026-02-18 16:32:24.703+02,22.300,22.300,
11470,17,41,2026-02-18 17:08:05.964+02,1084.000,1084.000,
11470,17,51,2026-02-18 17:43:02.978+02,1045.300,1045.300,
11470,18,1,2026-02-18 14:19:34.048+02,,,
11470,18,2,2026-02-18 14:23:45.029+02,107.000,107.000,
11470,18,3,2026-02-18 14:37:38.464+02,693.900,693.900,
11470,18,16,2026-02-18 15:11:13.778+02,2709.200,2709.200,
11470,18,19,2026-02-18 15:17:10.573+02,30.500,30.500,
11470,18,30,2026-02-18 15:55:13.129+02,1171.600,1171.600,
11470,18,35,2026-02-18 16:05:23.175+02,27.100,27.100,
11470,18,46,2026-02-18 16:42:29.302+02,1120.200,1120.200,
11470,18,49,2026-02-18 16:48:22.964+02,28.200,28.200,
11470,18,60,2026-02-18 17:19:41.075+02,766.700,766.700,
11470,18,65,2026-02-18 17:29:55.871+02,28.200,28.200,
11470,18,76,2026-02-18 17:50:56.006+02,163.800,163.800,
11470,19,1,2026-02-18 14:16:58.373+02,,,
11470,19,4,2026-02-18 14:23:13.181+02,28.500,28.500,
11470,19,5,2026-02-18 14:25:28.312+02,26.400,26.400,
11470,19,6,2026-02-18 14:45:00.289+02,1066.200,1066.200,
11470,19,13,2026-02-18 15:13:26.626+02,2772.500,2772.500,
11470,19,28,2026-02-18 15:52:56.088+02,804.200,804.200,
11470,19,34,2026-02-18 16:12:45.504+02,513.800,513.800,
11470,19,40,2026-02-18 16:33:14.233+02,544.700,544.700,
11470,19,41,2026-02-18 16:35:57.155+02,21.200,21.200,
11470,19,53,2026-02-18 16:56:47.16+02,27.400,27.400,
11470,19,54,2026-02-18 17:13:47.518+02,920.000,920.000,
11470,19,55,2026-02-18 17:16:28.467+02,22.400,22.400,
11470,19,67,2026-02-18 17:37:12.715+02,24.500,24.500,
11470,19,68,2026-02-18 17:45:34.88+02,396.300,396.300,
11470,20,1,2026-02-18 14:04:05.872+02,,,
11470,20,6,2026-02-18 14:35:10.984+02,1331.900,1331.900,
11470,20,10,2026-02-18 14:47:34.776+02,310.800,310.800,
11470,20,14,2026-02-18 14:55:14.639+02,23.800,23.800,
11470,20,15,2026-02-18 15:12:20.599+02,887.500,887.500,
11470,20,18,2026-02-18 15:19:18.896+02,33.500,33.500,
11470,20,21,2026-02-18 15:25:50.841+02,31.900,31.900,
11470,20,26,2026-02-18 16:46:45.032+02,4321.000,4321.000,
11470,20,30,2026-02-18 16:59:00.252+02,300.400,300.400,
11470,20,32,2026-02-18 17:11:09.194+02,520.400,520.400,
11470,20,36,2026-02-18 17:32:45.147+02,877.200,877.200,
11470,20,40,2026-02-18 17:45:35.677+02,273.000,273.000,
11470,27,1,2026-02-18 10:21:07.259+02,,,
11470,27,2,2026-02-18 10:53:42.926+02,1844.700,1844.700,
11470,27,3,2026-02-18 11:34:11.952+02,2315.100,2315.100,
11470,27,21,2026-02-18 12:41:47.719+02,304.700,304.700,
11470,27,23,2026-02-18 12:48:50.768+02,173.900,173.900,
11470,28,1,2026-02-18 09:07:44.8+02,,,
11470,28,4,2026-02-18 09:30:15.137+02,1007.000,1007.000,
11470,28,10,2026-02-18 09:42:36.368+02,22.300,22.300,
11470,28,20,2026-02-18 10:12:37.679+02,756.300,756.300,
11470,28,23,2026-02-18 10:18:45.643+02,38.300,38.300,
11470,28,36,2026-02-18 11:05:47.84+02,1495.000,1495.000,
11470,28,39,2026-02-18 11:12:03.432+02,35.400,35.400,
11470,28,42,2026-02-18 11:18:14.642+02,37.600,37.600,
11470,28,52,2026-02-18 11:52:05.946+02,994.800,994.800,
11470,28,58,2026-02-18 12:03:51.663+02,39.200,39.200,
11470,29,1,2026-02-18 14:32:00.756+02,,,
11470,29,3,2026-02-18 14:36:22.364+02,32.600,32.600,
11470,29,5,2026-02-18 14:48:42.424+02,512.000,512.000,
11470,29,7,2026-02-18 15:08:21.871+02,956.800,956.800,
11470,29,19,2026-02-18 15:51:48.106+02,1327.200,1327.200,
11470,29,31,2026-02-18 16:30:05.54+02,1014.300,1014.300,
11470,29,35,2026-02-18 16:44:13.174+02,312.700,312.700,
11470,29,47,2026-02-18 17:14:53.235+02,527.600,527.600,
11470,29,52,2026-02-18 17:24:50.486+02,26.400,26.400,
11470,29,57,2026-02-18 17:34:54.455+02,25.600,25.600,
11470,29,58,2026-02-18 17:37:55.075+02,28.400,28.400,
11470,29,59,2026-02-18 17:47:52.917+02,460.200,460.200,
11470,29,60,2026-02-18 17:50:34.273+02,30.400,30.400,
11470,30,1,2026-02-18 15:31:38.778+02,,,
11470,30,4,2026-02-18 15:53:59.28+02,1008.300,1008.300,
11470,30,7,2026-02-18 16:15:40.635+02,975.900,975.900,
11470,30,19,2026-02-18 17:06:59.601+02,1818.500,1818.500,
11470,30,25,2026-02-18 17:25:19.867+02,371.300,371.300,
11470,30,30,2026-02-18 17:39:49.167+02,318.600,318.600,
