session_key,ts,overtaking_driver_id,overtaken_driver_id,position
9693,2025-03-16 06:18:34.631+02,9,12,6
9693,2025-03-16 06:18:34.909+02,16,12,7
9693,2025-03-16 06:18:34.935+02,12,16,7
9693,2025-03-16 06:18:35.319+02,8,4,11
9693,2025-03-16 06:18:35.72+02,5,10,13
9693,2025-03-16 06:18:35.72+02,5,4,12
9693,2025-03-16 06:18:35.924+02,7,3,15
9693,2025-03-16 06:18:35.924+02,7,10,14
9693,2025-03-16 06:18:35.924+02,7,4,13
9693,2025-03-16 06:18:36.004+02,10,4,14
9693,2025-03-16 06:18:36.004+02,10,7,13
9693,2025-03-16 06:18:36.004+02,10,5,12
9693,2025-03-16 06:18:36.152+02,3,4,15
9693,2025-03-16 06:18:36.267+02,13,4,16
9693,2025-03-16 06:18:37.143+02,15,14,18
9693,2025-03-16 06:18:37.143+02,15,4,17
9693,2025-03-16 06:18:40.49+02,1,19,2
9693,2025-03-16 06:18:41.936+02,14,4,18
9693,2025-03-16 06:18:42.562+02,20,4,19
9693,2025-03-16 06:18:49.863+02,9,11,5
9693,2025-03-16 06:18:52.88+02,13,3,15
9693,2025-03-16 06:18:58.644+02,3,13,15
9693,2025-03-16 06:19:05.581+02,13,3,15
9693,2025-03-16 06:19:12.731+02,13,7,14
9693,2025-03-16 06:19:12.731+02,13,5,13
9693,2025-03-16 06:19:12.835+02,7,5,14
9693,2025-03-16 06:19:13.19+02,3,5,15
9693,2025-03-16 06:19:13.887+02,15,5,16
9693,2025-03-16 06:19:14.028+02,5,15,16
9693,2025-03-16 06:19:20.075+02,15,5,16
9693,2025-03-16 06:19:22.305+02,14,5,17
9693,2025-03-16 06:19:24.366+02,20,5,18
9693,2025-03-16 06:20:32.838+02,8,17,10
9693,2025-03-16 06:20:35.102+02,10,17,11
9693,2025-03-16 06:20:36.247+02,13,17,12
9693,2025-03-16 06:20:37.167+02,7,17,13
9693,2025-03-16 06:20:38.201+02,3,17,14
9693,2025-03-16 06:20:39.392+02,15,17,15
9693,2025-03-16 06:20:42.062+02,14,17,16
9693,2025-03-16 06:20:43.306+02,20,17,17
9693,2025-03-16 06:46:20.46+02,7,13,12
9693,2025-03-16 06:48:48.444+02,13,7,12
9693,2025-03-16 06:50:32.866+02,19,1,2
9693,2025-03-16 06:51:09.202+02,7,13,12
9693,2025-03-16 06:54:08.5+02,14,15,15
9693,2025-03-16 06:58:47.328+02,7,10,11
9693,2025-03-16 07:14:48.334+02,7,8,10
9693,2025-03-16 07:15:02.689+02,10,8,11
9693,2025-03-16 07:15:09.411+02,13,8,12
9693,2025-03-16 07:15:13.174+02,3,8,13
9693,2025-03-16 07:15:29.556+02,14,8,14
9693,2025-03-16 07:15:45.139+02,15,8,15
9693,2025-03-16 07:15:47.565+02,20,8,16
9693,2025-03-16 07:16:48.689+02,15,14,14
9693,2025-03-16 07:16:56.286+02,20,14,15
9693,2025-03-16 07:30:05.438+02,14,20,15
9693,2025-03-16 07:30:05.438+02,14,15,14
9693,2025-03-16 07:35:11.999+02,11,9,5
9693,2025-03-16 07:35:52.559+02,14,3,13
9693,2025-03-16 07:36:40.897+02,1,19,2
9693,2025-03-16 07:36:40.897+02,1,2,1
9693,2025-03-16 07:36:44.445+02,12,9,6
9693,2025-03-16 07:36:44.981+02,16,9,7
9693,2025-03-16 07:36:46.284+02,6,9,8
9693,2025-03-16 07:36:46.662+02,18,19,3
9693,2025-03-16 07:36:46.662+02,18,2,2
9693,2025-03-16 07:36:46.859+02,7,9,9
9693,2025-03-16 07:36:47.379+02,11,19,4
9693,2025-03-16 07:36:47.379+02,11,2,3
9693,2025-03-16 07:36:47.63+02,2,11,3
9693,2025-03-16 07:36:47.63+02,2,18,2
9693,2025-03-16 07:36:47.63+02,2,1,1
9693,2025-03-16 07:36:47.726+02,10,9,10
9693,2025-03-16 07:36:49.901+02,13,9,11
9693,2025-03-16 07:36:56.642+02,9,19,11
9693,2025-03-16 07:36:56.762+02,1,2,1
9693,2025-03-16 07:37:01.319+02,14,19,12
9693,2025-03-16 07:37:02.762+02,3,19,13
9693,2025-03-16 07:37:03.186+02,11,18,3
9693,2025-03-16 07:37:03.186+02,11,2,2
9693,2025-03-16 07:37:05.579+02,16,12,5
9693,2025-03-16 07:37:05.579+02,16,18,4
9693,2025-03-16 07:37:05.579+02,16,2,3
9693,2025-03-16 07:37:06.286+02,6,12,6
9693,2025-03-16 07:37:06.286+02,6,18,5
9693,2025-03-16 07:37:06.286+02,6,2,4
9693,2025-03-16 07:37:11.677+02,9,13,10
9693,2025-03-16 07:37:11.677+02,9,10,9
9693,2025-03-16 07:37:11.677+02,9,7,8
9693,2025-03-16 07:37:11.677+02,9,12,7
9693,2025-03-16 07:37:11.677+02,9,18,6
9693,2025-03-16 07:37:11.677+02,9,2,5
9693,2025-03-16 07:37:16.349+02,14,13,11
9693,2025-03-16 07:37:16.349+02,14,10,10
9693,2025-03-16 07:37:16.349+02,14,7,9
9693,2025-03-16 07:37:16.349+02,14,12,8
9693,2025-03-16 07:37:16.349+02,14,18,7
9693,2025-03-16 07:37:24.344+02,10,7,10
9693,2025-03-16 07:37:27.142+02,14,2,6
9693,2025-03-16 07:37:40.183+02,15,19,14
9693,2025-03-16 07:38:20.461+02,16,11,2
9693,2025-03-16 07:38:21.953+02,6,11,3
9693,2025-03-16 07:38:25.839+02,9,11,4
9693,2025-03-16 07:38:28.98+02,11,9,4
9693,2025-03-16 07:38:28.98+02,11,6,3
9693,2025-03-16 07:38:39.62+02,2,14,6
9693,2025-03-16 07:38:41.87+02,6,11,3
9693,2025-03-16 07:38:41.899+02,11,6,3
9693,2025-03-16 07:38:43.609+02,6,11,3
9693,2025-03-16 07:39:47.762+02,9,11,4
9693,2025-03-16 07:39:56.261+02,7,10,10
9693,2025-03-16 07:40:08.935+02,18,14,7
9693,2025-03-16 07:40:15.328+02,16,1,1
9693,2025-03-16 07:40:19.312+02,9,6,3
9693,2025-03-16 07:40:19.312+02,9,1,2
9693,2025-03-16 07:40:19.875+02,2,11,5
9693,2025-03-16 07:40:19.875+02,2,6,4
9693,2025-03-16 07:40:19.875+02,2,1,3
9693,2025-03-16 07:40:20.172+02,11,6,5
9693,2025-03-16 07:40:20.172+02,11,1,4
9693,2025-03-16 07:40:21.437+02,12,14,8
9693,2025-03-16 07:40:28.231+02,18,6,6
9693,2025-03-16 07:40:30.419+02,12,6,7
9693,2025-03-16 07:40:31.564+02,2,9,2
9693,2025-03-16 07:40:32.881+02,7,14,9
9693,2025-03-16 07:40:32.881+02,7,6,8
9693,2025-03-16 07:40:33.702+02,14,6,9
9693,2025-03-16 07:40:33.974+02,10,6,10
9693,2025-03-16 07:40:38.071+02,13,6,11
9693,2025-03-16 07:40:47.177+02,13,14,10
9693,2025-03-16 07:40:50.018+02,2,16,1
9693,2025-03-16 07:40:51.314+02,6,14,11
9693,2025-03-16 07:40:56.086+02,1,11,4
9693,2025-03-16 07:40:56.125+02,11,1,4
9693,2025-03-16 07:41:00.162+02,1,11,4
9693,2025-03-16 07:41:01.074+02,18,11,5
9693,2025-03-16 07:41:26.647+02,15,3,13
9693,2025-03-16 07:41:59.727+02,19,3,14
9693,2025-03-16 07:42:13.911+02,15,14,12
9693,2025-03-16 07:42:22.404+02,19,14,13
9693,2025-03-16 07:42:27.724+02,20,3,15
9693,2025-03-16 07:42:29.472+02,1,9,3
9693,2025-03-16 07:42:29.472+02,1,16,2
9693,2025-03-16 07:42:30.647+02,18,9,4
9693,2025-03-16 07:42:30.647+02,18,16,3
9693,2025-03-16 07:42:35.862+02,12,11,6
9693,2025-03-16 07:42:35.862+02,12,9,5
9693,2025-03-16 07:42:35.862+02,12,16,4
9693,2025-03-16 07:42:38.644+02,7,11,7
9693,2025-03-16 07:42:38.644+02,7,9,6
9693,2025-03-16 07:42:38.644+02,7,16,5
9693,2025-03-16 07:42:39.675+02,10,11,8
9693,2025-03-16 07:42:39.675+02,10,9,7
9693,2025-03-16 07:42:39.675+02,10,16,6
9693,2025-03-16 07:42:40.456+02,13,11,9
9693,2025-03-16 07:42:40.456+02,13,9,8
9693,2025-03-16 07:42:40.456+02,13,16,7
9693,2025-03-16 07:42:41.949+02,6,11,10
9693,2025-03-16 07:42:41.949+02,6,9,9
9693,2025-03-16 07:42:41.949+02,6,16,8
9693,2025-03-16 07:42:50.047+02,20,14,14
9693,2025-03-16 07:51:40.328+02,19,15,12
9693,2025-03-16 07:51:49.918+02,9,16,9
9693,2025-03-16 07:52:10.859+02,15,19,12
9693,2025-03-16 07:52:41.053+02,19,15,12
9693,2025-03-16 07:53:28.205+02,19,11,11
9693,2025-03-16 07:55:01.836+02,9,6,8
9693,2025-03-16 07:55:05.694+02,16,6,9
9693,2025-03-16 07:56:38.808+02,19,6,10
9693,2025-03-16 07:58:36.109+02,7,12,4
9693,2025-03-16 08:00:14.188+02,19,16,9
9693,2025-03-16 08:00:43.154+02,12,7,4
9839,2025-12-07 15:03:35.856+02,9,18,4
9839,2025-12-07 15:03:36.172+02,8,18,5
9839,2025-12-07 15:03:36.623+02,11,4,9
9839,2025-12-07 15:03:36.623+02,11,15,8
9839,2025-12-07 15:03:36.623+02,11,3,7
9839,2025-12-07 15:03:36.846+02,15,3,8
9839,2025-12-07 15:03:36.846+02,15,11,7
9839,2025-12-07 15:03:36.91+02,4,3,9
9839,2025-12-07 15:03:36.91+02,4,11,8
9839,2025-12-07 15:03:36.91+02,4,15,7
9839,2025-12-07 15:03:37.192+02,3,11,9
9839,2025-12-07 15:03:37.225+02,12,16,16
9839,2025-12-07 15:03:37.225+02,12,10,15
9839,2025-12-07 15:03:37.225+02,12,7,14
9839,2025-12-07 15:03:37.225+02,12,14,13
9839,2025-12-07 15:03:37.225+02,12,17,12
9839,2025-12-07 15:03:37.225+02,12,20,11
9839,2025-12-07 15:03:37.683+02,14,17,13
9839,2025-12-07 15:03:37.683+02,14,20,12
9839,2025-12-07 15:03:37.683+02,14,12,11
9839,2025-12-07 15:03:37.739+02,17,20,13
9839,2025-12-07 15:03:37.739+02,17,12,12
9839,2025-12-07 15:03:37.779+02,20,12,13
9839,2025-12-07 15:03:37.875+02,16,10,16
9839,2025-12-07 15:03:37.875+02,16,7,15
9839,2025-12-07 15:03:37.875+02,16,12,14
9839,2025-12-07 15:03:37.883+02,29,6,19
9839,2025-12-07 15:03:37.883+02,29,13,18
9839,2025-12-07 15:03:37.883+02,29,10,17
9839,2025-12-07 15:03:37.883+02,29,7,16
9839,2025-12-07 15:03:37.97+02,7,29,16
9839,2025-12-07 15:03:37.997+02,10,29,17
9839,2025-12-07 15:03:38.197+02,13,29,18
9839,2025-12-07 15:03:38.265+02,6,29,19
9839,2025-12-07 15:03:47.171+02,10,7,16
9839,2025-12-07 15:03:54.279+02,20,17,12
9839,2025-12-07 15:03:57.724+02,4,3,7
9839,2025-12-07 15:03:59.406+02,12,16,14
9839,2025-12-07 15:03:59.802+02,7,10,16
9839,2025-12-07 15:04:00.186+02,6,13,18
9839,2025-12-07 15:04:00.346+02,13,6,18
9839,2025-12-07 15:04:01.875+02,3,4,7
9839,2025-12-07 15:04:04.202+02,6,13,18
9839,2025-12-07 15:04:12.688+02,13,6,18
9839,2025-12-07 15:04:20.063+02,11,15,9
9839,2025-12-07 15:04:21.22+02,7,16,15
9839,2025-12-07 15:04:21.22+02,7,12,14
9839,2025-12-07 15:04:21.475+02,16,12,15
9839,2025-12-07 15:04:22.069+02,6,13,18
9839,2025-12-07 15:04:22.185+02,14,15,10
9839,2025-12-07 15:04:22.239+02,15,14,10
9839,2025-12-07 15:04:22.239+02,15,11,9
9839,2025-12-07 15:04:23.285+02,12,7,15
9839,2025-12-07 15:04:30.701+02,19,2,2
9839,2025-12-07 15:04:36.147+02,13,6,18
9839,2025-12-07 15:04:39.424+02,10,7,16
9839,2025-12-07 15:04:39.807+02,6,13,18
9839,2025-12-07 15:04:45.874+02,13,6,18
9839,2025-12-07 15:05:55.575+02,6,13,18
9839,2025-12-07 15:05:57.478+02,13,6,18
9839,2025-12-07 15:06:03.039+02,17,20,12
9839,2025-12-07 15:06:06.64+02,20,17,12
9839,2025-12-07 15:06:24.209+02,16,17,13
9839,2025-12-07 15:08:49.433+02,18,8,5
9839,2025-12-07 15:09:04.179+02,16,20,12
9839,2025-12-07 15:09:11.308+02,20,16,12
9839,2025-12-07 15:14:20.418+02,6,13,18
9839,2025-12-07 15:14:21.692+02,29,13,19
9839,2025-12-07 15:15:41.161+02,17,16,13
9839,2025-12-07 15:15:42.269+02,10,12,15
9839,2025-12-07 15:15:42.269+02,10,16,14
9839,2025-12-07 15:15:42.332+02,16,10,14
9839,2025-12-07 15:15:42.946+02,7,12,16
9839,2025-12-07 15:15:47.325+02,10,16,14
9839,2025-12-07 15:15:48.087+02,7,16,15
9839,2025-12-07 15:15:50.719+02,6,12,17
9839,2025-12-07 15:15:50.719+02,6,16,16
9839,2025-12-07 15:15:52.361+02,29,12,18
9839,2025-12-07 15:15:52.361+02,29,16,17
9839,2025-12-07 15:16:16.4+02,13,12,19
9839,2025-12-07 15:23:22.546+02,29,6,16
9839,2025-12-07 15:23:32.441+02,16,6,17
9839,2025-12-07 15:23:33.724+02,13,6,18
9839,2025-12-07 15:23:36.013+02,12,6,19
9839,2025-12-07 15:24:35.235+02,8,18,5
9839,2025-12-07 15:24:41.843+02,15,4,8
9839,2025-12-07 15:24:42.078+02,3,18,6
9839,2025-12-07 15:24:45.669+02,17,20,12
9839,2025-12-07 15:24:46.169+02,10,20,13
9839,2025-12-07 15:24:46.994+02,15,18,7
9839,2025-12-07 15:24:47.876+02,11,4,9
9839,2025-12-07 15:24:47.876+02,11,18,8
9839,2025-12-07 15:24:49.19+02,14,4,10
9839,2025-12-07 15:24:49.19+02,14,18,9
9839,2025-12-07 15:24:50.743+02,17,4,11
9839,2025-12-07 15:24:50.743+02,17,18,10
9839,2025-12-07 15:24:51.193+02,10,4,12
9839,2025-12-07 15:24:51.193+02,10,18,11
9839,2025-12-07 15:24:52.029+02,7,20,14
9839,2025-12-07 15:24:52.029+02,7,4,13
9839,2025-12-07 15:24:52.029+02,7,18,12
9839,2025-12-07 15:24:58.908+02,29,20,15
9839,2025-12-07 15:24:58.908+02,29,4,14
9839,2025-12-07 15:25:01.752+02,16,20,16
9839,2025-12-07 15:25:01.752+02,16,4,15
9839,2025-12-07 15:25:03.494+02,13,20,17
9839,2025-12-07 15:25:03.494+02,13,4,16
9839,2025-12-07 15:25:05.802+02,12,20,18
9839,2025-12-07 15:25:07.244+02,29,18,13
9839,2025-12-07 15:25:13.979+02,12,4,17
9839,2025-12-07 15:26:17.244+02,15,3,6
9839,2025-12-07 15:26:18.461+02,11,3,7
9839,2025-12-07 15:26:20.215+02,14,3,8
9839,2025-12-07 15:26:21.589+02,17,3,9
9839,2025-12-07 15:26:22.144+02,10,3,10
9839,2025-12-07 15:26:23.019+02,7,3,11
9839,2025-12-07 15:26:25.012+02,18,29,13
9839,2025-12-07 15:26:26.213+02,16,29,14
9839,2025-12-07 15:26:32.675+02,13,29,15
9839,2025-12-07 15:26:35.627+02,12,29,16
9839,2025-12-07 15:26:38.06+02,4,29,17
9839,2025-12-07 15:26:38.164+02,18,3,12
9839,2025-12-07 15:26:39.459+02,16,3,13
9839,2025-12-07 15:26:40.971+02,13,3,14
9839,2025-12-07 15:26:41.773+02,20,29,18
9839,2025-12-07 15:26:57.699+02,6,29,19
9839,2025-12-07 15:27:16.744+02,10,17,9
9839,2025-12-07 15:27:48.028+02,15,8,5
9839,2025-12-07 15:27:48.028+02,15,9,4
9839,2025-12-07 15:27:48.028+02,15,2,3
9839,2025-12-07 15:27:49.394+02,11,8,6
9839,2025-12-07 15:27:49.394+02,11,9,5
9839,2025-12-07 15:27:49.394+02,11,2,4
9839,2025-12-07 15:27:51.608+02,14,8,7
9839,2025-12-07 15:27:51.608+02,14,9,6
9839,2025-12-07 15:27:52.572+02,10,8,8
9839,2025-12-07 15:27:52.572+02,10,9,7
9839,2025-12-07 15:27:53.477+02,17,8,9
9839,2025-12-07 15:27:54.044+02,7,8,10
9839,2025-12-07 15:27:58.695+02,18,8,11
9839,2025-12-07 15:27:59.874+02,14,2,5
9839,2025-12-07 15:28:00.902+02,10,2,6
9839,2025-12-07 15:28:01.924+02,17,9,8
9839,2025-12-07 15:28:01.924+02,17,2,7
9839,2025-12-07 15:28:02.495+02,7,9,9
9839,2025-12-07 15:28:02.495+02,7,2,8
9839,2025-12-07 15:28:08.791+02,16,8,12
9839,2025-12-07 15:28:10.055+02,13,8,13
9839,2025-12-07 15:28:32.596+02,3,8,14
9839,2025-12-07 15:28:52.029+02,8,3,14
9839,2025-12-07 15:29:45.33+02,2,7,8
9839,2025-12-07 15:30:05.367+02,10,14,5
9839,2025-12-07 15:30:15.025+02,14,10,5
9839,2025-12-07 15:30:16.49+02,2,17,7
9839,2025-12-07 15:30:47.846+02,7,17,8
9839,2025-12-07 15:30:47.889+02,17,7,8
9839,2025-12-07 15:30:51.849+02,7,17,8
9839,2025-12-07 15:30:52.527+02,9,17,9
9839,2025-12-07 15:30:58.579+02,18,17,10
9839,2025-12-07 15:30:59.703+02,16,17,11
9839,2025-12-07 15:31:00.746+02,13,17,12
9839,2025-12-07 15:31:03.223+02,8,17,13
9839,2025-12-07 15:31:04.05+02,3,17,14
9839,2025-12-07 15:31:05.695+02,12,17,15
9839,2025-12-07 15:31:07.962+02,4,17,16
9839,2025-12-07 15:31:10.466+02,20,17,17
9839,2025-12-07 15:31:24.168+02,2,10,6
9839,2025-12-07 15:31:26.19+02,6,17,18
9839,2025-12-07 15:31:30.21+02,9,7,8
9839,2025-12-07 15:31:36.251+02,2,14,5
9839,2025-12-07 15:31:46.363+02,14,2,5
9839,2025-12-07 15:31:50.367+02,17,6,18
9839,2025-12-07 15:31:53.282+02,2,14,5
9839,2025-12-07 15:32:16.603+02,11,15,3
9839,2025-12-07 15:32:25.091+02,2,15,4
9839,2025-12-07 15:32:26.134+02,14,15,5
9839,2025-12-07 15:32:26.707+02,10,15,6
9839,2025-12-07 15:32:27.149+02,9,15,7
9839,2025-12-07 15:32:28.09+02,7,15,8
9839,2025-12-07 15:32:28.812+02,18,15,9
9839,2025-12-07 15:32:29.628+02,16,15,10
9839,2025-12-07 15:32:30.368+02,13,15,11
9839,2025-12-07 15:32:33.43+02,8,15,12
9839,2025-12-07 15:32:34.163+02,3,15,13
9839,2025-12-07 15:32:35.758+02,12,15,14
9839,2025-12-07 15:32:38.405+02,4,15,15
9839,2025-12-07 15:32:48.747+02,20,15,16
9839,2025-12-07 15:32:55.884+02,9,10,6
9839,2025-12-07 15:33:07.783+02,9,14,5
9839,2025-12-07 15:33:09.692+02,18,7,8
9839,2025-12-07 15:34:30.876+02,10,14,6
9839,2025-12-07 15:34:49.965+02,14,10,6
9839,2025-12-07 15:34:57.503+02,18,10,7
9839,2025-12-07 15:35:03.237+02,18,14,6
9839,2025-12-07 15:35:11.582+02,10,14,7
9839,2025-12-07 15:35:22.558+02,7,14,8
9839,2025-12-07 15:35:22.933+02,16,14,9
9839,2025-12-07 15:35:27.578+02,13,14,10
9839,2025-12-07 15:35:28.459+02,8,14,11
9839,2025-12-07 15:35:34.325+02,3,14,12
9839,2025-12-07 15:35:36.139+02,12,14,13
9839,2025-12-07 15:35:38.705+02,4,14,14
9839,2025-12-07 15:35:39.796+02,20,14,15
9839,2025-12-07 15:35:41.552+02,15,14,16
9839,2025-12-07 15:35:45.804+02,17,14,17
9839,2025-12-07 15:35:50.104+02,6,14,18
9839,2025-12-07 15:35:51.581+02,29,14,19
9839,2025-12-07 15:37:24.293+02,2,11,3
9839,2025-12-07 15:37:54.291+02,8,13,10
9839,2025-12-07 15:37:56.907+02,19,1,1
9839,2025-12-07 15:38:07.664+02,15,20,15
9839,2025-12-07 15:38:34.653+02,3,13,11
9839,2025-12-07 15:38:56.194+02,9,11,4
9839,2025-12-07 15:39:10.897+02,15,4,14
9839,2025-12-07 15:39:13.833+02,16,7,8
9839,2025-12-07 15:40:25.722+02,20,4,15
9839,2025-12-07 15:40:48.726+02,15,12,13
9839,2025-12-07 15:43:36.034+02,8,7,9
9839,2025-12-07 15:45:22.32+02,20,12,14
9839,2025-12-07 15:45:22.376+02,12,20,14
9839,2025-12-07 15:45:30.204+02,20,12,14
9839,2025-12-07 15:46:26.688+02,15,13,12
9839,2025-12-07 15:46:36.181+02,13,15,12
9839,2025-12-07 15:46:36.376+02,15,13,12
9839,2025-12-07 15:46:39.03+02,13,15,12
9839,2025-12-07 15:46:46.405+02,18,11,5
9839,2025-12-07 15:46:46.44+02,11,18,5
9839,2025-12-07 15:46:47.962+02,15,13,12
9839,2025-12-07 15:46:49.87+02,18,11,5
9839,2025-12-07 15:46:55.343+02,13,15,12
9839,2025-12-07 15:48:30.608+02,3,7,10
9839,2025-12-07 15:49:56.495+02,15,13,12
9839,2025-12-07 15:50:36.295+02,8,16,8
9839,2025-12-07 15:50:36.319+02,3,16,9
9839,2025-12-07 15:50:38.12+02,7,16,10
9839,2025-12-07 15:50:38.6+02,15,16,11
9839,2025-12-07 15:50:39.331+02,13,16,12
9839,2025-12-07 15:50:39.818+02,20,16,13
9839,2025-12-07 15:50:40.958+02,12,16,14
9839,2025-12-07 15:50:42.319+02,4,16,15
9839,2025-12-07 15:50:43.008+02,17,16,16
9839,2025-12-07 15:50:46.754+02,6,16,17
9839,2025-12-07 15:50:57.521+02,29,16,18
9839,2025-12-07 15:51:10.456+02,15,7,10
9839,2025-12-07 15:51:30.938+02,17,4,15
9839,2025-12-07 15:52:00.84+02,10,11,6
9839,2025-12-07 15:52:04.402+02,13,7,11
9839,2025-12-07 15:52:04.982+02,20,7,12
9839,2025-12-07 15:52:05.151+02,8,11,7
9839,2025-12-07 15:52:05.987+02,3,11,8
9839,2025-12-07 15:52:07.85+02,15,11,9
9839,2025-12-07 15:52:09.456+02,13,11,10
9839,2025-12-07 15:52:10.008+02,20,11,11
9839,2025-12-07 15:52:11.41+02,12,7,13
9839,2025-12-07 15:52:11.41+02,12,11,12
9839,2025-12-07 15:52:12.642+02,17,7,14
9839,2025-12-07 15:52:12.642+02,17,11,13
9839,2025-12-07 15:52:13.704+02,4,7,15
9839,2025-12-07 15:52:13.704+02,4,11,14
9839,2025-12-07 15:52:16.802+02,6,7,16
9839,2025-12-07 15:52:16.802+02,6,11,15
9839,2025-12-07 15:52:19.17+02,29,7,17
9839,2025-12-07 15:52:19.17+02,29,11,16
9839,2025-12-07 15:52:21.837+02,16,7,18
9839,2025-12-07 15:52:26.323+02,14,7,19
9839,2025-12-07 15:52:29.859+02,16,11,17
9839,2025-12-07 15:53:00.846+02,20,13,10
9839,2025-12-07 15:53:37.684+02,17,12,12
9839,2025-12-07 15:53:44.429+02,4,12,13
9839,2025-12-07 15:53:47.101+02,6,12,14
9839,2025-12-07 15:53:49.225+02,29,12,15
9839,2025-12-07 15:53:50.978+02,16,12,16
9839,2025-12-07 15:53:53.74+02,11,12,17
9839,2025-12-07 15:53:55.849+02,14,12,18
9839,2025-12-07 15:54:09.595+02,7,12,19
9839,2025-12-07 15:55:48.495+02,16,29,15
9839,2025-12-07 15:57:28.469+02,16,6,14
9839,2025-12-07 15:58:52.385+02,11,29,16
9839,2025-12-07 16:00:16.688+02,15,3,8
9839,2025-12-07 16:00:26.622+02,3,15,8
9839,2025-12-07 16:00:33.71+02,15,3,8
9839,2025-12-07 16:00:35.211+02,16,4,13
9839,2025-12-07 16:01:59.194+02,11,6,15
9839,2025-12-07 16:02:13.637+02,14,29,17
9839,2025-12-07 16:02:25.864+02,18,9,4
9839,2025-12-07 16:02:34.599+02,7,29,18
9839,2025-12-07 16:03:23.721+02,12,29,19
9839,2025-12-07 16:03:53.662+02,1,19,1
9839,2025-12-07 16:04:21.773+02,14,6,16
9839,2025-12-07 16:04:22.483+02,7,6,17
9839,2025-12-07 16:04:24.494+02,12,6,18
9839,2025-12-07 16:04:39.254+02,16,17,12
9839,2025-12-07 16:04:47.956+02,20,3,9
9839,2025-12-07 16:05:02.496+02,7,14,16
9839,2025-12-07 16:05:49.228+02,9,18,4
9839,2025-12-07 16:06:26.846+02,16,13,11
9839,2025-12-07 16:07:03.64+02,8,10,6
9839,2025-12-07 16:07:04.786+02,15,10,7
9839,2025-12-07 16:07:05.171+02,17,13,12
9839,2025-12-07 16:07:06.312+02,20,10,8
9839,2025-12-07 16:07:07.556+02,3,10,9
9839,2025-12-07 16:07:08.171+02,16,10,10
9839,2025-12-07 16:07:10.192+02,17,10,11
9839,2025-12-07 16:07:13.373+02,4,13,13
9839,2025-12-07 16:07:13.373+02,4,10,12
9839,2025-12-07 16:07:14.767+02,11,13,14
9839,2025-12-07 16:07:14.767+02,11,10,13
9839,2025-12-07 16:07:18.559+02,7,13,15
9839,2025-12-07 16:07:18.559+02,7,10,14
9839,2025-12-07 16:07:21.39+02,14,13,16
9839,2025-12-07 16:07:22.073+02,12,13,17
9839,2025-12-07 16:07:29.405+02,14,10,15
9839,2025-12-07 16:07:30.095+02,12,10,16
9839,2025-12-07 16:07:39.918+02,16,3,9
9839,2025-12-07 16:08:02.475+02,12,14,15
9839,2025-12-07 16:09:20.621+02,10,14,16
9839,2025-12-07 16:09:24.058+02,11,4,12
9839,2025-12-07 16:10:46.149+02,16,20,8
9839,2025-12-07 16:10:56.124+02,20,16,8
9839,2025-12-07 16:11:03.013+02,16,20,8
9839,2025-12-07 16:12:32.513+02,13,14,17
9839,2025-12-07 16:13:47.724+02,10,12,15
9839,2025-12-07 16:14:07.022+02,7,4,13
9839,2025-12-07 16:16:44.184+02,10,4,14
9839,2025-12-07 16:16:55.217+02,13,12,16
9839,2025-12-07 16:17:05.186+02,12,13,16
9839,2025-12-07 16:18:15.58+02,13,12,16
9839,2025-12-07 16:19:36.852+02,10,7,13
9839,2025-12-07 16:20:06.079+02,13,4,15
9839,2025-12-07 16:21:09.058+02,16,15,7
9839,2025-12-07 16:21:16.359+02,15,16,7
9839,2025-12-07 16:21:26.466+02,10,11,12
9839,2025-12-07 16:22:52.488+02,12,4,16
9839,2025-12-07 16:23:05.91+02,4,12,16
9839,2025-12-07 16:23:09.345+02,12,4,16
9839,2025-12-07 16:24:15.111+02,10,17,11
9839,2025-12-07 16:24:24.287+02,13,7,14
9839,2025-12-07 16:25:31.36+02,10,3,10
9839,2025-12-07 16:25:33.523+02,13,11,13
9839,2025-12-07 16:28:42.912+02,13,17,12
9839,2025-12-07 16:30:02.792+02,13,3,11
9839,2025-12-07 16:30:22.833+02,10,20,9
9845,2025-11-29 16:03:41.6+02,11,8,4
9845,2025-11-29 16:03:41.6+02,11,2,3
9845,2025-11-29 16:03:41.6+02,11,18,2
9845,2025-11-29 16:03:41.6+02,11,19,1
9845,2025-11-29 16:03:41.803+02,1,8,5
9845,2025-11-29 16:03:41.803+02,1,2,4
9845,2025-11-29 16:03:41.803+02,1,18,3
9845,2025-11-29 16:03:41.803+02,1,19,2
9845,2025-11-29 16:03:41.85+02,7,8,6
9845,2025-11-29 16:03:41.85+02,7,2,5
9845,2025-11-29 16:03:41.85+02,7,18,4
9845,2025-11-29 16:03:41.85+02,7,19,3
9845,2025-11-29 16:03:42.006+02,17,8,7
9845,2025-11-29 16:03:42.006+02,17,2,6
9845,2025-11-29 16:03:42.006+02,17,18,5
9845,2025-11-29 16:03:42.006+02,17,19,4
9845,2025-11-29 16:03:42.069+02,9,8,8
9845,2025-11-29 16:03:42.069+02,9,2,7
9845,2025-11-29 16:03:42.069+02,9,18,6
9845,2025-11-29 16:03:42.069+02,9,19,5
9845,2025-11-29 16:03:42.413+02,4,12,10
9845,2025-11-29 16:03:42.413+02,4,8,9
9845,2025-11-29 16:03:42.413+02,4,2,8
9845,2025-11-29 16:03:42.413+02,4,18,7
9845,2025-11-29 16:03:42.413+02,4,19,6
9845,2025-11-29 16:03:42.491+02,12,8,10
9845,2025-11-29 16:03:42.491+02,12,2,9
9845,2025-11-29 16:03:42.491+02,12,18,8
9845,2025-11-29 16:03:42.491+02,12,19,7
9845,2025-11-29 16:03:42.553+02,20,8,11
9845,2025-11-29 16:03:42.553+02,20,2,10
9845,2025-11-29 16:03:42.553+02,20,18,9
9845,2025-11-29 16:03:42.553+02,20,19,8
9845,2025-11-29 16:03:42.6+02,3,8,12
9845,2025-11-29 16:03:42.6+02,3,2,11
9845,2025-11-29 16:03:42.6+02,3,18,10
9845,2025-11-29 16:03:42.6+02,3,19,9
9845,2025-11-29 16:03:42.616+02,15,13,14
9845,2025-11-29 16:03:42.616+02,15,8,13
9845,2025-11-29 16:03:42.616+02,15,2,12
9845,2025-11-29 16:03:42.616+02,15,18,11
9845,2025-11-29 16:03:42.616+02,15,19,10
9845,2025-11-29 16:03:42.741+02,13,8,14
9845,2025-11-29 16:03:42.741+02,13,2,13
9845,2025-11-29 16:03:42.741+02,13,18,12
9845,2025-11-29 16:03:42.741+02,13,19,11
9845,2025-11-29 16:03:42.928+02,14,8,15
9845,2025-11-29 16:03:42.928+02,14,2,14
9845,2025-11-29 16:03:42.928+02,14,18,13
9845,2025-11-29 16:03:42.928+02,14,19,12
9845,2025-11-29 16:03:43.334+02,19,14,12
9845,2025-11-29 16:03:43.334+02,19,13,11
9845,2025-11-29 16:03:43.334+02,19,15,10
9845,2025-11-29 16:03:43.334+02,19,3,9
9845,2025-11-29 16:03:43.334+02,19,20,8
9845,2025-11-29 16:03:43.334+02,19,12,7
9845,2025-11-29 16:03:43.334+02,19,4,6
9845,2025-11-29 16:03:43.334+02,19,9,5
9845,2025-11-29 16:03:43.334+02,19,17,4
9845,2025-11-29 16:03:43.334+02,19,7,3
9845,2025-11-29 16:03:43.334+02,19,1,2
9845,2025-11-29 16:03:43.334+02,19,11,1
9845,2025-11-29 16:03:43.584+02,18,14,13
9845,2025-11-29 16:03:43.584+02,18,13,12
9845,2025-11-29 16:03:43.584+02,18,15,11
9845,2025-11-29 16:03:43.584+02,18,3,10
9845,2025-11-29 16:03:43.584+02,18,20,9
9845,2025-11-29 16:03:43.584+02,18,12,8
9845,2025-11-29 16:03:43.584+02,18,4,7
9845,2025-11-29 16:03:43.584+02,18,9,6
9845,2025-11-29 16:03:43.584+02,18,17,5
9845,2025-11-29 16:03:43.584+02,18,7,4
9845,2025-11-29 16:03:43.584+02,18,1,3
9845,2025-11-29 16:03:43.584+02,18,11,2
9845,2025-11-29 16:03:43.694+02,2,14,14
9845,2025-11-29 16:03:43.694+02,2,13,13
9845,2025-11-29 16:03:43.694+02,2,15,12
9845,2025-11-29 16:03:43.694+02,2,3,11
9845,2025-11-29 16:03:43.694+02,2,20,10
9845,2025-11-29 16:03:43.694+02,2,12,9
9845,2025-11-29 16:03:43.694+02,2,4,8
9845,2025-11-29 16:03:43.694+02,2,9,7
9845,2025-11-29 16:03:43.694+02,2,17,6
9845,2025-11-29 16:03:43.694+02,2,7,5
9845,2025-11-29 16:03:43.694+02,2,1,4
9845,2025-11-29 16:03:43.694+02,2,11,3
9845,2025-11-29 16:03:44.038+02,8,14,15
9845,2025-11-29 16:03:44.038+02,8,13,14
9845,2025-11-29 16:03:44.038+02,8,15,13
9845,2025-11-29 16:03:44.038+02,8,3,12
9845,2025-11-29 16:03:44.038+02,8,20,11
9845,2025-11-29 16:03:44.038+02,8,12,10
9845,2025-11-29 16:03:44.038+02,8,4,9
9845,2025-11-29 16:03:44.038+02,8,9,8
9845,2025-11-29 16:03:44.038+02,8,17,7
9845,2025-11-29 16:03:44.038+02,8,7,6
9845,2025-11-29 16:03:44.038+02,8,1,5
9845,2025-11-29 16:03:50.413+02,4,9,9
9845,2025-11-29 16:03:50.631+02,3,20,12
9845,2025-11-29 16:03:51.006+02,14,13,15
9845,2025-11-29 16:03:51.006+02,14,15,14
9845,2025-11-29 16:03:55.131+02,1,8,5
9845,2025-11-29 16:03:55.506+02,4,17,8
9845,2025-11-29 16:03:55.506+02,4,7,7
9845,2025-11-29 16:03:56.006+02,12,9,10
9845,2025-11-29 16:03:56.381+02,3,9,11
9845,2025-11-29 16:04:07.1+02,1,11,4
9845,2025-11-29 16:04:08.129+02,7,4,7
9845,2025-11-29 16:04:17.663+02,17,4,8
9845,2025-11-29 16:04:29.727+02,20,9,12
9845,2025-11-29 16:18:44.56+02,14,9,13
9845,2025-11-29 16:19:40.64+02,9,14,13
9845,2025-11-29 16:20:53.458+02,7,8,6
9845,2025-11-29 16:22:30.294+02,16,10,17
9845,2025-11-29 16:22:31.218+02,6,10,18
9845,2025-11-29 16:22:32.431+02,29,10,19
9845,2025-11-29 16:28:59.207+02,10,29,19
9845,2025-11-29 16:30:42.207+02,7,11,5
9850,2025-11-30 18:03:34.329+02,7,18,4
9850,2025-11-30 18:03:34.329+02,7,1,3
9850,2025-11-30 18:03:34.329+02,7,2,2
9850,2025-11-30 18:03:34.329+02,7,19,1
9850,2025-11-30 18:03:34.641+02,17,4,6
9850,2025-11-30 18:03:34.641+02,17,18,5
9850,2025-11-30 18:03:34.641+02,17,1,4
9850,2025-11-30 18:03:34.641+02,17,2,3
9850,2025-11-30 18:03:34.641+02,17,19,2
9850,2025-11-30 18:03:34.938+02,8,4,7
9850,2025-11-30 18:03:34.938+02,8,18,6
9850,2025-11-30 18:03:34.938+02,8,1,5
9850,2025-11-30 18:03:34.938+02,8,2,4
9850,2025-11-30 18:03:34.938+02,8,19,3
9850,2025-11-30 18:03:34.938+02,4,18,7
9850,2025-11-30 18:03:34.938+02,4,1,6
9850,2025-11-30 18:03:34.938+02,4,2,5
9850,2025-11-30 18:03:34.938+02,4,19,4
9850,2025-11-30 18:03:34.969+02,9,6,9
9850,2025-11-30 18:03:34.969+02,9,18,8
9850,2025-11-30 18:03:34.969+02,9,1,7
9850,2025-11-30 18:03:34.969+02,9,2,6
9850,2025-11-30 18:03:34.969+02,9,19,5
9850,2025-11-30 18:03:35.016+02,13,6,10
9850,2025-11-30 18:03:35.016+02,13,18,9
9850,2025-11-30 18:03:35.016+02,13,1,8
9850,2025-11-30 18:03:35.016+02,13,2,7
9850,2025-11-30 18:03:35.016+02,13,19,6
9850,2025-11-30 18:03:35.032+02,6,18,10
9850,2025-11-30 18:03:35.032+02,6,1,9
9850,2025-11-30 18:03:35.032+02,6,2,8
9850,2025-11-30 18:03:35.032+02,6,19,7
9850,2025-11-30 18:03:35.266+02,14,18,11
9850,2025-11-30 18:03:35.266+02,14,1,10
9850,2025-11-30 18:03:35.266+02,14,2,9
9850,2025-11-30 18:03:35.266+02,14,19,8
9850,2025-11-30 18:03:35.329+02,20,18,12
9850,2025-11-30 18:03:35.329+02,20,1,11
9850,2025-11-30 18:03:35.329+02,20,2,10
9850,2025-11-30 18:03:35.329+02,20,19,9
9850,2025-11-30 18:03:35.375+02,11,12,14
9850,2025-11-30 18:03:35.375+02,11,18,13
9850,2025-11-30 18:03:35.375+02,11,1,12
9850,2025-11-30 18:03:35.375+02,11,2,11
9850,2025-11-30 18:03:35.375+02,11,19,10
9850,2025-11-30 18:03:35.61+02,15,12,15
9850,2025-11-30 18:03:35.61+02,15,18,14
9850,2025-11-30 18:03:35.61+02,15,1,13
9850,2025-11-30 18:03:35.61+02,15,2,12
9850,2025-11-30 18:03:35.61+02,15,19,11
9850,2025-11-30 18:03:35.641+02,12,18,15
9850,2025-11-30 18:03:35.641+02,12,1,14
9850,2025-11-30 18:03:35.641+02,12,2,13
9850,2025-11-30 18:03:35.641+02,12,19,12
9850,2025-11-30 18:03:35.782+02,16,18,16
9850,2025-11-30 18:03:35.782+02,16,1,15
9850,2025-11-30 18:03:35.782+02,16,2,14
9850,2025-11-30 18:03:35.782+02,16,19,13
9850,2025-11-30 18:03:35.875+02,3,10,18
9850,2025-11-30 18:03:35.875+02,3,18,17
9850,2025-11-30 18:03:35.875+02,3,1,16
9850,2025-11-30 18:03:35.875+02,3,2,15
9850,2025-11-30 18:03:35.875+02,3,19,14
9850,2025-11-30 18:03:35.985+02,10,18,18
9850,2025-11-30 18:03:35.985+02,10,1,17
9850,2025-11-30 18:03:35.985+02,10,2,16
9850,2025-11-30 18:03:35.985+02,10,19,15
9850,2025-11-30 18:03:36.11+02,19,10,15
9850,2025-11-30 18:03:36.11+02,19,3,14
9850,2025-11-30 18:03:36.11+02,19,16,13
9850,2025-11-30 18:03:36.11+02,19,12,12
9850,2025-11-30 18:03:36.11+02,19,15,11
9850,2025-11-30 18:03:36.11+02,19,11,10
9850,2025-11-30 18:03:36.11+02,19,20,9
9850,2025-11-30 18:03:36.11+02,19,14,8
9850,2025-11-30 18:03:36.11+02,19,6,7
9850,2025-11-30 18:03:36.11+02,19,13,6
9850,2025-11-30 18:03:36.11+02,19,9,5
9850,2025-11-30 18:03:36.11+02,19,4,4
9850,2025-11-30 18:03:36.11+02,19,8,3
9850,2025-11-30 18:03:36.11+02,19,17,2
9850,2025-11-30 18:03:36.11+02,19,7,1
9850,2025-11-30 18:03:36.329+02,1,2,17
9850,2025-11-30 18:03:36.329+02,1,10,16
9850,2025-11-30 18:03:36.329+02,1,3,15
9850,2025-11-30 18:03:36.329+02,1,16,14
9850,2025-11-30 18:03:36.329+02,1,12,13
9850,2025-11-30 18:03:36.329+02,1,15,12
9850,2025-11-30 18:03:36.329+02,1,11,11
9850,2025-11-30 18:03:36.329+02,1,20,10
9850,2025-11-30 18:03:36.329+02,1,14,9
9850,2025-11-30 18:03:36.329+02,1,6,8
9850,2025-11-30 18:03:36.329+02,1,13,7
9850,2025-11-30 18:03:36.329+02,1,9,6
9850,2025-11-30 18:03:36.329+02,1,4,5
9850,2025-11-30 18:03:36.329+02,1,8,4
9850,2025-11-30 18:03:36.329+02,1,17,3
9850,2025-11-30 18:03:36.329+02,1,7,2
9850,2025-11-30 18:03:36.469+02,2,10,17
9850,2025-11-30 18:03:36.469+02,2,3,16
9850,2025-11-30 18:03:36.469+02,2,16,15
9850,2025-11-30 18:03:36.469+02,2,12,14
9850,2025-11-30 18:03:36.469+02,2,15,13
9850,2025-11-30 18:03:36.469+02,2,11,12
9850,2025-11-30 18:03:36.469+02,2,20,11
9850,2025-11-30 18:03:36.469+02,2,14,10
9850,2025-11-30 18:03:36.469+02,2,6,9
9850,2025-11-30 18:03:36.469+02,2,13,8
9850,2025-11-30 18:03:36.469+02,2,9,7
9850,2025-11-30 18:03:36.469+02,2,4,6
9850,2025-11-30 18:03:36.469+02,2,8,5
9850,2025-11-30 18:03:36.469+02,2,17,4
9850,2025-11-30 18:03:36.469+02,2,7,3
9850,2025-11-30 18:03:36.594+02,18,10,18
9850,2025-11-30 18:03:36.594+02,18,3,17
9850,2025-11-30 18:03:36.594+02,18,16,16
9850,2025-11-30 18:03:36.594+02,18,12,15
9850,2025-11-30 18:03:36.594+02,18,15,14
9850,2025-11-30 18:03:36.594+02,18,11,13
9850,2025-11-30 18:03:36.594+02,18,20,12
9850,2025-11-30 18:03:36.594+02,18,14,11
9850,2025-11-30 18:03:36.594+02,18,6,10
9850,2025-11-30 18:03:36.594+02,18,13,9
9850,2025-11-30 18:03:36.594+02,18,9,8
9850,2025-11-30 18:03:36.594+02,18,4,7
9850,2025-11-30 18:03:36.594+02,18,8,6
9850,2025-11-30 18:03:36.594+02,18,17,5
9850,2025-11-30 18:03:36.985+02,4,8,7
9850,2025-11-30 18:03:37.86+02,16,12,16
9850,2025-11-30 18:03:38+02,12,16,16
9850,2025-11-30 18:03:43+02,8,4,7
9850,2025-11-30 18:03:43.282+02,13,9,9
9850,2025-11-30 18:03:44.157+02,16,12,16
9850,2025-11-30 18:03:44.157+02,16,15,15
9850,2025-11-30 18:03:44.266+02,12,15,16
9850,2025-11-30 18:03:44.532+02,10,3,18
9850,2025-11-30 18:03:48.313+02,17,18,5
9850,2025-11-30 18:03:49.079+02,6,9,10
9850,2025-11-30 18:03:49.079+02,6,13,9
9850,2025-11-30 18:03:49.172+02,9,13,10
9850,2025-11-30 18:03:49.547+02,20,14,12
9850,2025-11-30 18:03:50.219+02,15,12,16
9850,2025-11-30 18:03:50.594+02,3,10,18
9850,2025-11-30 18:03:55.032+02,10,3,18
9850,2025-11-30 18:04:01.157+02,8,18,6
9850,2025-11-30 18:04:02.891+02,16,11,14
9850,2025-11-30 18:04:12.922+02,15,11,15
9850,2025-11-30 18:04:15.141+02,14,20,12
9850,2025-11-30 18:04:20.563+02,20,14,12
9850,2025-11-30 18:04:20.657+02,16,14,13
9850,2025-11-30 18:04:27.391+02,14,16,13
9850,2025-11-30 18:04:37.313+02,12,11,16
9850,2025-11-30 18:04:37.313+02,11,12,16
9850,2025-11-30 18:05:04.719+02,3,10,18
9850,2025-11-30 18:05:05.563+02,10,3,18
9850,2025-11-30 18:05:05.626+02,3,10,18
9850,2025-11-30 18:05:11.454+02,10,3,18
9850,2025-11-30 18:05:14.907+02,13,9,10
9850,2025-11-30 18:12:37.014+02,13,6,9
9850,2025-11-30 18:12:42.981+02,9,6,10
9850,2025-11-30 18:12:42.981+02,9,13,9
9850,2025-11-30 18:12:43.7+02,6,13,10
9850,2025-11-30 18:12:43.934+02,20,13,11
9850,2025-11-30 18:12:44.497+02,14,13,12
9850,2025-11-30 18:12:45.45+02,16,13,13
9850,2025-11-30 18:12:46.184+02,15,13,14
9850,2025-11-30 18:12:46.559+02,11,13,15
9850,2025-11-30 18:12:47.215+02,12,13,16
9850,2025-11-30 18:12:48.137+02,10,13,17
9850,2025-11-30 18:12:48.81+02,3,13,18
9850,2025-11-30 18:12:50.071+02,29,13,19
9850,2025-11-30 18:12:52.19+02,16,6,12
9850,2025-11-30 18:12:52.958+02,15,6,13
9850,2025-11-30 18:12:53.323+02,11,6,14
9850,2025-11-30 18:12:59.358+02,12,6,15
9850,2025-11-30 18:13:01.725+02,10,6,16
9850,2025-11-30 18:13:01.758+02,3,6,17
9850,2025-11-30 18:13:05.047+02,29,6,18
9850,2025-11-30 18:13:54.391+02,2,1,2
9850,2025-11-30 18:14:13.078+02,15,16,12
9850,2025-11-30 18:14:13.078+02,15,14,11
9850,2025-11-30 18:14:13.078+02,15,20,10
9850,2025-11-30 18:14:21.485+02,15,9,9
9850,2025-11-30 18:14:21.485+02,15,4,8
9850,2025-11-30 18:14:21.485+02,15,18,7
9850,2025-11-30 18:14:21.485+02,15,8,6
9850,2025-11-30 18:14:21.485+02,15,17,5
9850,2025-11-30 18:14:21.485+02,15,7,4
9850,2025-11-30 18:14:26.891+02,17,7,5
9850,2025-11-30 18:14:32.61+02,4,18,8
9850,2025-11-30 18:14:42.532+02,11,16,13
9850,2025-11-30 18:14:43.422+02,12,16,14
9850,2025-11-30 18:16:20.412+02,1,15,3
9850,2025-11-30 18:16:31.568+02,17,15,4
9850,2025-11-30 18:16:32.302+02,7,15,5
9850,2025-11-30 18:16:32.99+02,8,15,6
9850,2025-11-30 18:16:34.99+02,4,15,7
9850,2025-11-30 18:16:36.427+02,18,15,8
9850,2025-11-30 18:16:36.88+02,9,15,9
9850,2025-11-30 18:16:38.599+02,20,15,10
9850,2025-11-30 18:16:39.24+02,14,15,11
9850,2025-11-30 18:16:40.193+02,11,15,12
9850,2025-11-30 18:16:41.88+02,12,15,13
9850,2025-11-30 18:16:42.505+02,16,15,14
9850,2025-11-30 18:16:43.021+02,3,15,15
9850,2025-11-30 18:16:44.177+02,10,15,16
9850,2025-11-30 18:16:44.459+02,29,15,17
9850,2025-11-30 18:16:54.302+02,6,15,18
9850,2025-11-30 18:21:12.925+02,15,6,18
9850,2025-11-30 18:41:02.146+02,2,19,1
9850,2025-11-30 18:41:11.928+02,1,19,2
9850,2025-11-30 18:41:22.615+02,17,19,3
9850,2025-11-30 18:41:24.35+02,7,19,4
9850,2025-11-30 18:41:38.443+02,29,10,16
9850,2025-11-30 18:41:39.443+02,15,10,17
9850,2025-11-30 18:41:41.006+02,6,10,18
9850,2025-11-30 18:42:31.647+02,1,2,1
9850,2025-11-30 18:42:49.288+02,17,2,2
9850,2025-11-30 18:42:50.959+02,7,2,3
9850,2025-11-30 18:42:58.756+02,19,2,4
9850,2025-11-30 18:48:44.416+02,19,7,3
9850,2025-11-30 18:52:48.791+02,19,17,2
9850,2025-11-30 18:52:52.696+02,2,7,4
9850,2025-11-30 18:52:54.433+02,19,1,1
9850,2025-11-30 18:52:58.302+02,2,17,3
9850,2025-11-30 18:53:19.809+02,15,29,16
9850,2025-11-30 18:53:19.809+02,15,3,15
9850,2025-11-30 18:53:25.668+02,15,16,14
9850,2025-11-30 18:53:25.668+02,15,12,13
9850,2025-11-30 18:53:25.668+02,15,11,12
9850,2025-11-30 18:53:25.668+02,15,14,11
9850,2025-11-30 18:53:25.668+02,15,20,10
9850,2025-11-30 18:53:25.668+02,15,9,9
9850,2025-11-30 18:53:25.668+02,15,18,8
9850,2025-11-30 18:53:25.668+02,15,4,7
9850,2025-11-30 18:53:25.668+02,15,8,6
9850,2025-11-30 18:53:38.067+02,14,20,11
9850,2025-11-30 18:53:39.48+02,10,6,18
9850,2025-11-30 18:53:39.48+02,10,29,17
9850,2025-11-30 18:53:39.48+02,10,3,16
9850,2025-11-30 18:53:39.48+02,10,16,15
9850,2025-11-30 18:53:39.48+02,10,12,14
9850,2025-11-30 18:53:39.48+02,10,11,13
9850,2025-11-30 18:53:39.48+02,10,20,12
9850,2025-11-30 18:53:39.669+02,11,20,13
9850,2025-11-30 18:53:42.275+02,12,20,14
9850,2025-11-30 18:53:42.733+02,16,20,15
9850,2025-11-30 18:53:45.292+02,3,20,16
9850,2025-11-30 18:53:47.194+02,29,20,17
9850,2025-11-30 18:56:24.172+02,8,15,6
9850,2025-11-30 18:56:25.485+02,4,15,7
9850,2025-11-30 18:56:27.594+02,18,15,8
9850,2025-11-30 18:56:30.969+02,9,15,9
9850,2025-11-30 18:56:32.829+02,10,15,10
9850,2025-11-30 18:56:34.266+02,14,15,11
9850,2025-11-30 18:56:35.219+02,11,15,12
9850,2025-11-30 18:56:36.391+02,12,15,13
9850,2025-11-30 18:56:37.282+02,16,15,14
9850,2025-11-30 18:56:40.766+02,3,15,15
9850,2025-11-30 18:56:42.782+02,29,15,16
9850,2025-11-30 19:05:19.446+02,6,20,18
9850,2025-11-30 19:05:52.72+02,4,8,6
9850,2025-11-30 19:05:53.123+02,18,8,7
9850,2025-11-30 19:06:33.395+02,18,4,6
9850,2025-11-30 19:06:38.313+02,4,18,6
9850,2025-11-30 19:07:07.952+02,2,19,1
9850,2025-11-30 19:07:08.53+02,1,19,2
9850,2025-11-30 19:09:52.417+02,1,2,1
9850,2025-11-30 19:10:13.636+02,19,2,2
9850,2025-11-30 19:10:18.354+02,17,2,3
9850,2025-11-30 19:10:22.979+02,7,2,4
9850,2025-11-30 19:17:52.209+02,14,10,10
9850,2025-11-30 19:17:53.052+02,11,10,11
9850,2025-11-30 19:17:55.334+02,12,10,12
9850,2025-11-30 19:18:04.615+02,16,10,13
9850,2025-11-30 19:18:09.631+02,3,10,14
9850,2025-11-30 19:18:12.381+02,29,10,15
9850,2025-11-30 19:18:13.006+02,15,10,16
9850,2025-11-30 19:18:15.443+02,6,10,17
9850,2025-11-30 19:25:12.102+02,18,4,6
9850,2025-11-30 19:25:16.789+02,8,4,7
9850,2025-11-30 19:25:25.883+02,9,4,8
9850,2025-11-30 19:25:38.149+02,14,4,9
9850,2025-11-30 19:25:40.071+02,11,4,10
9850,2025-11-30 19:25:47.289+02,12,4,11
9850,2025-11-30 19:26:03.352+02,16,4,12
9850,2025-11-30 19:26:13.493+02,3,4,13
9850,2025-11-30 19:26:21.758+02,29,4,14
9850,2025-11-30 19:26:22.43+02,15,4,15
9850,2025-11-30 19:26:23.18+02,6,4,16
9850,2025-11-30 19:26:38.774+02,2,7,4
9850,2025-11-30 19:26:41.462+02,10,4,17
9858,2025-11-23 06:04:20.225+02,1,2,1
9858,2025-11-23 06:04:20.662+02,18,17,3
9858,2025-11-23 06:04:21.213+02,4,8,7
9858,2025-11-23 06:04:21.213+02,4,14,6
9858,2025-11-23 06:04:21.213+02,4,19,5
9858,2025-11-23 06:04:21.291+02,14,19,6
9858,2025-11-23 06:04:22.072+02,20,15,13
9858,2025-11-23 06:04:22.072+02,20,10,12
9858,2025-11-23 06:04:22.072+02,20,13,11
9858,2025-11-23 06:04:22.072+02,20,6,10
9858,2025-11-23 06:04:22.072+02,20,9,9
9858,2025-11-23 06:04:22.494+02,13,6,11
9858,2025-11-23 06:04:24.088+02,10,6,12
9858,2025-11-23 06:04:24.338+02,12,29,15
9858,2025-11-23 06:04:24.338+02,12,15,14
9858,2025-11-23 06:04:24.338+02,12,6,13
9858,2025-11-23 06:04:24.463+02,15,6,14
9858,2025-11-23 06:04:24.744+02,16,3,18
9858,2025-11-23 06:04:24.744+02,16,7,17
9858,2025-11-23 06:04:24.744+02,16,29,16
9858,2025-11-23 06:04:24.744+02,16,6,15
9858,2025-11-23 06:04:25.057+02,7,29,17
9858,2025-11-23 06:04:25.057+02,7,6,16
9858,2025-11-23 06:04:25.307+02,29,6,17
9858,2025-11-23 06:04:27.803+02,3,6,18
9858,2025-11-23 06:04:28.74+02,11,6,19
9858,2025-11-23 06:04:29.896+02,15,12,13
9858,2025-11-23 06:04:29.896+02,15,10,12
9858,2025-11-23 06:04:37.037+02,12,10,13
9858,2025-11-23 06:04:37.177+02,16,10,14
9858,2025-11-23 06:04:37.582+02,7,10,15
9858,2025-11-23 06:04:37.91+02,29,10,16
9858,2025-11-23 06:04:40.616+02,11,3,18
9858,2025-11-23 06:04:42.678+02,6,3,19
9858,2025-11-23 06:04:43.184+02,16,12,13
9858,2025-11-23 06:04:46.637+02,11,10,17
9858,2025-11-23 06:04:52.278+02,6,10,18
9858,2025-11-23 06:04:55.122+02,3,10,19
9858,2025-11-23 06:05:04.69+02,7,12,14
9858,2025-11-23 06:05:46.207+02,9,8,9
9858,2025-11-23 06:06:03.586+02,6,11,17
9858,2025-11-23 06:06:37.169+02,19,14,6
9858,2025-11-23 06:06:41.966+02,20,14,7
9858,2025-11-23 06:06:42.528+02,9,14,8
9858,2025-11-23 06:06:47.038+02,8,14,9
9858,2025-11-23 06:06:52.045+02,13,14,10
9858,2025-11-23 06:06:53.31+02,15,14,11
9858,2025-11-23 06:06:57.826+02,16,14,12
9858,2025-11-23 06:06:58.107+02,7,14,13
9858,2025-11-23 06:06:58.654+02,12,14,14
9858,2025-11-23 06:07:16.413+02,29,14,15
9858,2025-11-23 06:07:59.971+02,12,7,13
9858,2025-11-23 06:08:08.816+02,29,7,14
9858,2025-11-23 06:08:28.471+02,11,6,17
9858,2025-11-23 06:08:28.471+02,11,14,16
9858,2025-11-23 06:08:33.558+02,6,14,17
9858,2025-11-23 06:13:08.908+02,9,20,7
9858,2025-11-23 06:21:31.631+02,7,29,14
9858,2025-11-23 06:24:19.694+02,9,19,6
9858,2025-11-23 06:25:57.329+02,12,16,12
9858,2025-11-23 06:26:04.241+02,9,4,5
9858,2025-11-23 06:26:04.295+02,16,12,12
9858,2025-11-23 06:26:16.416+02,12,16,12
9858,2025-11-23 06:26:21.419+02,16,12,12
9858,2025-11-23 06:26:31.548+02,7,12,13
9858,2025-11-23 06:26:42.199+02,29,12,14
9858,2025-11-23 06:26:47.128+02,11,12,15
9858,2025-11-23 06:26:52.332+02,6,12,16
9858,2025-11-23 06:26:57.028+02,14,12,17
9858,2025-11-23 06:31:06.82+02,19,4,6
9858,2025-11-23 06:31:37.579+02,13,8,9
9858,2025-11-23 06:31:38.394+02,15,8,10
9858,2025-11-23 06:31:39.492+02,16,8,11
9858,2025-11-23 06:31:47.237+02,7,8,12
9858,2025-11-23 06:31:56.82+02,29,8,13
9858,2025-11-23 06:31:59.224+02,11,8,14
9858,2025-11-23 06:32:52.665+02,2,18,2
9858,2025-11-23 06:32:55.806+02,13,20,8
9858,2025-11-23 06:33:05.291+02,17,18,3
9858,2025-11-23 06:33:08.013+02,9,18,4
9858,2025-11-23 06:33:09.585+02,19,18,5
9858,2025-11-23 06:33:11.115+02,4,18,6
9858,2025-11-23 06:33:15.161+02,15,20,9
9858,2025-11-23 06:33:15.896+02,16,20,10
9858,2025-11-23 06:33:23.776+02,7,20,11
9858,2025-11-23 06:33:34.802+02,29,20,12
9858,2025-11-23 06:33:35.92+02,11,20,13
9858,2025-11-23 06:33:41.617+02,8,20,14
9858,2025-11-23 06:33:43.038+02,9,17,3
9858,2025-11-23 06:33:43.947+02,17,9,3
9858,2025-11-23 06:37:40.756+02,18,4,6
9858,2025-11-23 06:37:47.896+02,16,15,9
9858,2025-11-23 06:38:03.618+02,13,4,7
9858,2025-11-23 06:38:09.939+02,16,4,8
9858,2025-11-23 06:38:10.504+02,15,4,9
9858,2025-11-23 06:38:11.654+02,7,4,10
9858,2025-11-23 06:39:34.688+02,18,19,5
9858,2025-11-23 06:39:44.073+02,13,19,6
9858,2025-11-23 06:39:45.959+02,16,19,7
9858,2025-11-23 06:39:47.647+02,15,19,8
9858,2025-11-23 06:39:48.131+02,7,19,9
9858,2025-11-23 06:40:25.159+02,8,11,13
9858,2025-11-23 06:40:41.379+02,8,29,12
9858,2025-11-23 06:40:41.914+02,11,29,13
9858,2025-11-23 06:40:42.347+02,29,11,13
9858,2025-11-23 06:40:42.347+02,29,8,12
9858,2025-11-23 06:41:07.894+02,9,17,3
9858,2025-11-23 06:41:10.722+02,18,17,4
9858,2025-11-23 06:41:20.016+02,8,29,12
9858,2025-11-23 06:41:20.359+02,13,17,5
9858,2025-11-23 06:41:22.063+02,16,17,6
9858,2025-11-23 06:41:24.181+02,15,17,7
9858,2025-11-23 06:41:24.556+02,7,17,8
9858,2025-11-23 06:41:50.972+02,19,17,9
9858,2025-11-23 06:43:06.601+02,20,11,14
9858,2025-11-23 06:44:22.073+02,18,9,2
9858,2025-11-23 06:44:22.591+02,7,15,7
9858,2025-11-23 06:44:24.937+02,2,9,3
9858,2025-11-23 06:44:32.211+02,13,9,4
9858,2025-11-23 06:44:33.883+02,16,9,5
9858,2025-11-23 06:44:37.12+02,7,9,6
9858,2025-11-23 06:44:37.682+02,15,9,7
9858,2025-11-23 06:44:42.963+02,19,9,8
9858,2025-11-23 06:44:43.323+02,20,29,13
9858,2025-11-23 06:46:32.57+02,11,29,14
9858,2025-11-23 06:46:33.977+02,6,29,15
9858,2025-11-23 06:46:35.368+02,14,29,16
9858,2025-11-23 06:49:25.415+02,19,15,7
9858,2025-11-23 06:49:27.768+02,9,15,8
9858,2025-11-23 06:49:28.872+02,17,15,9
9858,2025-11-23 06:49:36.819+02,4,15,10
9858,2025-11-23 06:49:44.961+02,8,15,11
9858,2025-11-23 06:49:46.211+02,20,15,12
9858,2025-11-23 06:49:48.238+02,6,11,14
9858,2025-11-23 06:49:49.924+02,14,11,15
9858,2025-11-23 06:51:46.229+02,11,14,15
9858,2025-11-23 06:51:47.761+02,29,14,16
9858,2025-11-23 06:51:48.09+02,12,14,17
9858,2025-11-23 06:52:31.488+02,7,16,5
9858,2025-11-23 06:52:39.353+02,19,16,6
9858,2025-11-23 06:52:41.884+02,9,16,7
9858,2025-11-23 06:52:43.592+02,17,16,8
9858,2025-11-23 06:52:48.019+02,4,16,9
9858,2025-11-23 06:54:07.153+02,7,13,4
9858,2025-11-23 06:54:14.238+02,19,13,5
9858,2025-11-23 06:54:16.81+02,9,13,6
9858,2025-11-23 06:54:18.807+02,17,13,7
9858,2025-11-23 06:54:23.419+02,4,13,8
9858,2025-11-23 06:55:57.324+02,20,8,11
9858,2025-11-23 06:56:15.562+02,12,29,16
9858,2025-11-23 06:57:26.882+02,15,8,12
9858,2025-11-23 06:59:10.104+02,15,20,11
9858,2025-11-23 06:59:58.055+02,2,18,2
9858,2025-11-23 07:01:23.884+02,29,12,16
9858,2025-11-23 07:01:25.118+02,14,12,17
9858,2025-11-23 07:09:27.92+02,14,29,16
9858,2025-11-23 07:18:36.798+02,11,6,14
9858,2025-11-23 07:25:44.786+02,19,7,4
9864,2025-11-08 16:03:30.621+02,1,8,5
9864,2025-11-08 16:03:30.973+02,9,10,7
9864,2025-11-08 16:03:31.463+02,13,4,9
9864,2025-11-08 16:03:31.503+02,6,12,12
9864,2025-11-08 16:03:31.503+02,6,16,11
9864,2025-11-08 16:03:31.503+02,6,4,10
9864,2025-11-08 16:03:31.537+02,16,4,11
9864,2025-11-08 16:03:31.537+02,16,6,10
9864,2025-11-08 16:03:31.537+02,16,13,9
9864,2025-11-08 16:03:31.92+02,12,4,12
9864,2025-11-08 16:03:32.129+02,20,3,14
9864,2025-11-08 16:03:32.205+02,29,3,15
9864,2025-11-08 16:03:36.215+02,9,8,6
9864,2025-11-08 16:03:36.223+02,8,9,6
9864,2025-11-08 16:03:36.545+02,16,10,8
9864,2025-11-08 16:03:37.751+02,29,20,14
9864,2025-11-08 16:03:45.18+02,3,20,15
9864,2025-11-08 16:03:50.437+02,14,20,16
9864,2025-11-08 16:03:50.446+02,20,14,16
9864,2025-11-08 16:03:58.615+02,14,20,16
9864,2025-11-08 16:04:03.683+02,15,20,17
9864,2025-11-08 16:09:54.433+02,18,19,3
9864,2025-11-08 16:09:56.656+02,1,19,4
9864,2025-11-08 16:09:57.456+02,8,19,5
9864,2025-11-08 16:09:58.191+02,9,19,6
9864,2025-11-08 16:09:58.554+02,16,19,7
9864,2025-11-08 16:09:59.238+02,10,19,8
9864,2025-11-08 16:10:01.906+02,6,13,10
9864,2025-11-08 16:10:01.906+02,6,19,9
9864,2025-11-08 16:10:02.838+02,12,13,11
9864,2025-11-08 16:10:02.838+02,12,19,10
9864,2025-11-08 16:10:04.823+02,4,13,12
9864,2025-11-08 16:10:04.823+02,4,19,11
9864,2025-11-08 16:10:08.112+02,3,29,14
9864,2025-11-08 16:10:08.112+02,3,13,13
9864,2025-11-08 16:10:08.112+02,3,19,12
9864,2025-11-08 16:10:10.517+02,14,29,15
9864,2025-11-08 16:10:10.517+02,14,13,14
9864,2025-11-08 16:10:10.517+02,14,19,13
9864,2025-11-08 16:10:11.706+02,15,29,16
9864,2025-11-08 16:10:11.706+02,15,13,15
9864,2025-11-08 16:10:11.706+02,15,19,14
9864,2025-11-08 16:10:16.023+02,20,29,17
9864,2025-11-08 16:10:16.023+02,20,13,16
9864,2025-11-08 16:10:16.023+02,20,19,15
9864,2025-11-08 16:10:21.045+02,11,29,18
9864,2025-11-08 16:10:21.045+02,11,13,17
9864,2025-11-08 16:10:21.045+02,11,19,16
9864,2025-11-08 16:10:26.684+02,17,29,19
9864,2025-11-08 16:10:26.684+02,17,13,18
9864,2025-11-08 16:10:26.684+02,17,19,17
9864,2025-11-08 16:10:35.117+02,13,19,18
9864,2025-11-08 16:47:45.632+02,15,14,13
9864,2025-11-08 16:53:39.848+02,6,10,8
9864,2025-11-08 16:53:44.501+02,9,8,5
9864,2025-11-08 16:55:00.249+02,3,12,10
9864,2025-11-08 16:55:02.292+02,12,3,10
9864,2025-11-08 16:56:02.494+02,3,12,10
9864,2025-11-08 16:56:17.551+02,4,12,11
9864,2025-11-08 16:56:17.551+02,4,3,10
9864,2025-11-08 16:56:18.143+02,15,12,12
9864,2025-11-08 16:56:18.143+02,15,3,11
9864,2025-11-08 16:56:18.771+02,20,12,13
9864,2025-11-08 16:56:18.771+02,20,3,12
9864,2025-11-08 16:56:21.499+02,12,3,13
9864,2025-11-08 16:56:23.279+02,14,3,14
9864,2025-11-08 16:56:23.78+02,11,3,15
9864,2025-11-08 16:56:24.787+02,17,3,16
9864,2025-11-08 16:56:26.88+02,13,3,17
9864,2025-11-08 16:56:32.972+02,14,12,13
9864,2025-11-08 16:56:33.311+02,11,12,14
9864,2025-11-08 16:56:33.734+02,17,12,15
9864,2025-11-08 16:56:39.367+02,13,12,16
9869,2025-11-09 19:03:23.462+02,14,18,6
9869,2025-11-09 19:03:24.424+02,17,10,14
9869,2025-11-09 19:03:24.424+02,17,16,13
9869,2025-11-09 19:03:24.733+02,11,29,16
9869,2025-11-09 19:03:29.818+02,11,10,15
9869,2025-11-09 19:03:29.818+02,11,16,14
9869,2025-11-09 19:03:29.872+02,10,16,15
9869,2025-11-09 19:03:30.144+02,29,16,16
9869,2025-11-09 19:03:31.899+02,6,20,8
9869,2025-11-09 19:03:32.199+02,8,13,10
9869,2025-11-09 19:03:33.75+02,3,16,17
9869,2025-11-09 19:03:46.23+02,6,18,7
9869,2025-11-09 19:03:49.518+02,18,6,7
9869,2025-11-09 19:03:58.121+02,13,8,10
9869,2025-11-09 19:03:58.121+02,8,13,10
9869,2025-11-09 19:03:58.121+02,8,20,9
9869,2025-11-09 19:03:59.742+02,3,29,16
9869,2025-11-09 19:04:03.3+02,20,8,9
9869,2025-11-09 19:04:16.432+02,12,13,11
9869,2025-11-09 19:04:18.253+02,29,3,16
9869,2025-11-09 19:04:18.612+02,16,3,17
9869,2025-11-09 19:04:19.393+02,1,3,18
9869,2025-11-09 19:04:20.334+02,15,3,19
9869,2025-11-09 19:04:42.019+02,20,6,8
9869,2025-11-09 19:04:46.156+02,1,16,17
9869,2025-11-09 19:04:56.863+02,17,13,12
9869,2025-11-09 19:05:00.867+02,15,16,18
9869,2025-11-09 19:06:36.679+02,10,11,14
9869,2025-11-09 19:06:39.065+02,29,11,15
9869,2025-11-09 19:06:47.133+02,1,11,16
9869,2025-11-09 19:06:48.378+02,15,11,17
9869,2025-11-09 19:12:07.388+02,9,7,2
9869,2025-11-09 19:12:09.985+02,1,29,15
9869,2025-11-09 19:12:10.471+02,11,15,17
9869,2025-11-09 19:12:20.536+02,19,7,3
9869,2025-11-09 19:12:20.536+02,19,9,2
9869,2025-11-09 19:12:21.149+02,7,9,3
9869,2025-11-09 19:12:21.225+02,4,9,4
9869,2025-11-09 19:12:21.373+02,14,9,5
9869,2025-11-09 19:12:21.647+02,18,9,6
9869,2025-11-09 19:12:21.821+02,20,9,7
9869,2025-11-09 19:12:22.101+02,6,9,8
9869,2025-11-09 19:12:22.406+02,12,8,10
9869,2025-11-09 19:12:22.406+02,12,9,9
9869,2025-11-09 19:12:22.847+02,8,9,10
9869,2025-11-09 19:12:23.066+02,17,9,11
9869,2025-11-09 19:12:23.168+02,13,9,12
9869,2025-11-09 19:12:23.461+02,1,10,14
9869,2025-11-09 19:12:23.461+02,1,9,13
9869,2025-11-09 19:12:23.875+02,10,9,14
9869,2025-11-09 19:12:24.302+02,29,9,15
9869,2025-11-09 19:12:24.335+02,11,9,16
9869,2025-11-09 19:12:24.522+02,15,9,17
9869,2025-11-09 19:12:24.821+02,16,9,18
9869,2025-11-09 19:12:49.852+02,29,10,14
9869,2025-11-09 19:12:50.326+02,11,10,15
9869,2025-11-09 19:12:50.809+02,15,10,16
9869,2025-11-09 19:12:51.401+02,16,10,17
9869,2025-11-09 19:15:08.902+02,29,1,13
9869,2025-11-09 19:15:09.789+02,11,1,14
9869,2025-11-09 19:15:10.364+02,15,1,15
9869,2025-11-09 19:15:10.888+02,16,1,16
9869,2025-11-09 19:15:25.886+02,10,1,17
9869,2025-11-09 19:16:47.708+02,11,29,13
9869,2025-11-09 19:16:48.606+02,6,20,7
9869,2025-11-09 19:16:48.84+02,16,15,15
9869,2025-11-09 19:16:50.356+02,17,8,10
9869,2025-11-09 19:17:00+02,1,10,17
9869,2025-11-09 19:17:00+02,1,15,16
9869,2025-11-09 19:17:00.386+02,10,15,17
9869,2025-11-09 19:17:00.922+02,18,14,5
9869,2025-11-09 19:17:01.417+02,20,6,7
9869,2025-11-09 19:17:03.867+02,12,6,8
9869,2025-11-09 19:17:10.048+02,6,12,8
9869,2025-11-09 19:19:18.803+02,16,29,14
9869,2025-11-09 19:19:18.891+02,29,16,14
9869,2025-11-09 19:20:45.403+02,18,4,4
9869,2025-11-09 19:21:48.266+02,20,14,6
9869,2025-11-09 19:21:54.634+02,1,16,15
9869,2025-11-09 19:23:05.54+02,1,29,14
9869,2025-11-09 19:24:24.803+02,1,11,13
9869,2025-11-09 19:24:26.435+02,10,16,16
9869,2025-11-09 19:24:41.857+02,15,16,17
9869,2025-11-09 19:26:55.786+02,1,13,12
9869,2025-11-09 19:28:04.329+02,14,20,6
9869,2025-11-09 19:28:04.967+02,6,20,7
9869,2025-11-09 19:28:05.596+02,12,20,8
9869,2025-11-09 19:28:07.542+02,1,8,11
9869,2025-11-09 19:28:07.542+02,1,17,10
9869,2025-11-09 19:28:07.67+02,8,17,11
9869,2025-11-09 19:28:08.308+02,13,17,12
9869,2025-11-09 19:28:08.905+02,11,17,13
9869,2025-11-09 19:28:15.457+02,29,17,14
9869,2025-11-09 19:28:15.457+02,29,20,13
9869,2025-11-09 19:28:17.563+02,10,17,15
9869,2025-11-09 19:28:17.563+02,10,20,14
9869,2025-11-09 19:28:27.807+02,15,17,16
9869,2025-11-09 19:28:27.807+02,15,20,15
9869,2025-11-09 19:28:33.04+02,16,17,17
9869,2025-11-09 19:29:20.243+02,14,4,5
9869,2025-11-09 19:29:21.443+02,12,6,7
9869,2025-11-09 19:29:21.443+02,12,4,6
9869,2025-11-09 19:29:22.587+02,1,6,8
9869,2025-11-09 19:29:23.804+02,8,6,9
9869,2025-11-09 19:29:24.339+02,13,6,10
9869,2025-11-09 19:29:29.372+02,11,6,11
9869,2025-11-09 19:29:29.372+02,11,4,10
9869,2025-11-09 19:29:31.718+02,29,6,12
9869,2025-11-09 19:29:31.718+02,29,4,11
9869,2025-11-09 19:29:33.14+02,10,6,13
9869,2025-11-09 19:29:33.14+02,10,4,12
9869,2025-11-09 19:29:38.91+02,9,15,19
9869,2025-11-09 19:29:38.934+02,15,3,19
9869,2025-11-09 19:29:38.934+02,15,9,18
9869,2025-11-09 19:29:38.934+02,15,17,17
9869,2025-11-09 19:29:38.934+02,15,16,16
9869,2025-11-09 19:29:55.42+02,20,4,13
9869,2025-11-09 19:29:56.238+02,15,4,14
9869,2025-11-09 19:30:37.12+02,12,14,5
9869,2025-11-09 19:30:37.729+02,1,14,6
9869,2025-11-09 19:30:39.625+02,8,14,7
9869,2025-11-09 19:30:39.963+02,13,14,8
9869,2025-11-09 19:30:45.17+02,11,14,9
9869,2025-11-09 19:30:47.139+02,29,14,10
9869,2025-11-09 19:30:48.792+02,10,14,11
9869,2025-11-09 19:30:57.179+02,20,14,12
9869,2025-11-09 19:30:59.15+02,15,14,13
9869,2025-11-09 19:31:02.851+02,17,16,17
9869,2025-11-09 19:31:12.938+02,4,14,14
9869,2025-11-09 19:31:13.527+02,6,14,15
9869,2025-11-09 19:31:56.993+02,1,12,5
9869,2025-11-09 19:32:00.491+02,13,8,7
9869,2025-11-09 19:32:00.513+02,8,13,7
9869,2025-11-09 19:32:12.725+02,13,8,7
9869,2025-11-09 19:32:58.618+02,18,7,3
9869,2025-11-09 19:33:12.055+02,1,7,4
9869,2025-11-09 19:33:13.483+02,12,7,5
9869,2025-11-09 19:33:15.474+02,13,7,6
9869,2025-11-09 19:33:16.738+02,8,7,7
9869,2025-11-09 19:33:17.217+02,11,7,8
9869,2025-11-09 19:33:19.075+02,29,7,9
9869,2025-11-09 19:33:20.426+02,10,7,10
9869,2025-11-09 19:33:29.292+02,4,15,13
9869,2025-11-09 19:33:50.637+02,6,15,14
9869,2025-11-09 19:34:19.525+02,14,15,15
9869,2025-11-09 19:34:46.388+02,17,15,16
9869,2025-11-09 19:34:57.48+02,7,10,10
9869,2025-11-09 19:35:46.796+02,7,29,9
9869,2025-11-09 19:37:01.531+02,7,11,8
9869,2025-11-09 19:37:03.304+02,29,11,9
9869,2025-11-09 19:37:04.458+02,10,11,10
9869,2025-11-09 19:37:05.094+02,20,11,11
9869,2025-11-09 19:37:13.257+02,4,11,12
9869,2025-11-09 19:37:13.73+02,6,11,13
9869,2025-11-09 19:37:14.986+02,14,11,14
9869,2025-11-09 19:37:16.439+02,17,11,15
9869,2025-11-09 19:37:17.876+02,15,11,16
9869,2025-11-09 19:37:22.112+02,16,11,17
9869,2025-11-09 19:38:16.97+02,7,8,7
9869,2025-11-09 19:38:20.27+02,20,10,10
9869,2025-11-09 19:39:39.668+02,20,29,9
9869,2025-11-09 19:39:42.922+02,6,4,12
9869,2025-11-09 19:39:57.955+02,4,6,12
9869,2025-11-09 19:42:04.178+02,7,13,6
9869,2025-11-09 19:42:05.828+02,20,8,8
9869,2025-11-09 19:42:07.955+02,29,8,9
9869,2025-11-09 19:42:08.487+02,10,8,10
9869,2025-11-09 19:42:14.278+02,4,8,11
9869,2025-11-09 19:42:14.772+02,6,8,12
9869,2025-11-09 19:42:15.573+02,14,8,13
9869,2025-11-09 19:42:17.053+02,17,8,14
9869,2025-11-09 19:42:19.808+02,15,8,15
9869,2025-11-09 19:42:25.496+02,16,8,16
9869,2025-11-09 19:43:19.45+02,7,12,5
9869,2025-11-09 19:43:25.202+02,4,10,10
9869,2025-11-09 19:43:25.202+02,4,29,9
9869,2025-11-09 19:43:25.582+02,6,10,11
9869,2025-11-09 19:43:25.582+02,6,29,10
9869,2025-11-09 19:43:26.271+02,14,10,12
9869,2025-11-09 19:43:26.271+02,14,29,11
9869,2025-11-09 19:43:27.97+02,17,10,13
9869,2025-11-09 19:43:35.481+02,15,10,14
9869,2025-11-09 19:43:35.481+02,15,29,13
9869,2025-11-09 19:43:41.07+02,16,10,15
9869,2025-11-09 19:43:41.07+02,16,29,14
9869,2025-11-09 19:43:47.509+02,8,10,16
9869,2025-11-09 19:43:47.509+02,8,29,15
9869,2025-11-09 19:44:03.005+02,11,10,17
9869,2025-11-09 19:44:13.272+02,19,2,1
9869,2025-11-09 19:44:21.184+02,18,2,2
9869,2025-11-09 19:44:39.274+02,1,2,3
9869,2025-11-09 19:45:18.237+02,10,11,17
9869,2025-11-09 19:46:52.98+02,2,1,3
9869,2025-11-09 19:47:26.384+02,8,16,14
9869,2025-11-09 19:47:33.394+02,29,16,15
9869,2025-11-09 19:47:34.848+02,10,16,16
9869,2025-11-09 19:47:36.384+02,11,16,17
9869,2025-11-09 19:48:24.088+02,13,12,6
9869,2025-11-09 19:48:42.446+02,6,4,9
9869,2025-11-09 19:48:44.424+02,4,6,9
9869,2025-11-09 19:49:21.424+02,2,18,2
9869,2025-11-09 19:49:27.357+02,7,1,4
9869,2025-11-09 19:49:39.827+02,13,1,5
9869,2025-11-09 19:49:39.827+02,13,18,4
9869,2025-11-09 19:49:41.01+02,20,12,7
9869,2025-11-09 19:49:41.01+02,20,1,6
9869,2025-11-09 19:49:41.01+02,20,18,5
9869,2025-11-09 19:49:41.295+02,12,1,7
9869,2025-11-09 19:49:41.295+02,12,18,6
9869,2025-11-09 19:49:45.296+02,4,1,8
9869,2025-11-09 19:49:45.733+02,6,1,9
9869,2025-11-09 19:49:46.686+02,14,1,10
9869,2025-11-09 19:50:01.258+02,17,1,11
9869,2025-11-09 19:50:53.47+02,18,12,6
9869,2025-11-09 19:50:56.516+02,4,12,7
9869,2025-11-09 19:50:57.112+02,6,12,8
9869,2025-11-09 19:50:59.888+02,1,17,11
9869,2025-11-09 19:51:02.05+02,14,12,9
9869,2025-11-09 19:51:04.349+02,17,12,11
9869,2025-11-09 19:51:07.718+02,15,12,12
9869,2025-11-09 19:51:14.63+02,8,12,13
9869,2025-11-09 19:51:17.156+02,29,12,14
9869,2025-11-09 19:51:30.83+02,10,12,15
9869,2025-11-09 19:52:06.385+02,20,13,4
9869,2025-11-09 19:52:06.731+02,18,13,5
9869,2025-11-09 19:52:13.195+02,1,14,9
9869,2025-11-09 19:52:15.823+02,4,13,6
9869,2025-11-09 19:52:16.367+02,6,13,7
9869,2025-11-09 19:52:17.982+02,14,13,9
9869,2025-11-09 19:52:19.756+02,17,13,10
9869,2025-11-09 19:52:23.015+02,15,13,11
9869,2025-11-09 19:52:29.191+02,8,13,12
9869,2025-11-09 19:52:31.193+02,18,20,4
9869,2025-11-09 19:52:44.194+02,29,13,13
9869,2025-11-09 19:52:45.396+02,12,10,15
9869,2025-11-09 19:53:27.191+02,1,6,7
9869,2025-11-09 19:53:27.191+02,1,4,6
9869,2025-11-09 19:53:27.347+02,6,4,7
9869,2025-11-09 19:53:29.085+02,14,4,8
9869,2025-11-09 19:53:35.002+02,17,4,9
9869,2025-11-09 19:53:38.336+02,15,4,10
9869,2025-11-09 19:53:43.57+02,8,4,11
9869,2025-11-09 19:53:46.13+02,13,29,13
9869,2025-11-09 19:53:46.13+02,13,4,12
9869,2025-11-09 19:53:46.387+02,29,4,13
9869,2025-11-09 19:53:46.729+02,12,4,14
9869,2025-11-09 19:53:48.475+02,10,4,15
9869,2025-11-09 19:54:03.478+02,11,4,16
9869,2025-11-09 19:54:07.149+02,12,29,13
9869,2025-11-09 19:54:22.294+02,2,19,1
9869,2025-11-09 19:54:29.691+02,7,19,2
9869,2025-11-09 19:54:38.129+02,18,19,3
9869,2025-11-09 19:54:40.631+02,20,19,4
9869,2025-11-09 19:54:45.011+02,1,19,5
9869,2025-11-09 19:54:46.898+02,6,19,6
9869,2025-11-09 19:54:49.09+02,15,17,9
9869,2025-11-09 19:54:58.356+02,8,17,10
9869,2025-11-09 19:55:00.131+02,13,17,11
9869,2025-11-09 19:55:00.657+02,14,19,7
9869,2025-11-09 19:55:00.711+02,12,17,12
9869,2025-11-09 19:55:02.417+02,29,17,13
9869,2025-11-09 19:55:03.403+02,10,17,14
9869,2025-11-09 19:55:06.18+02,11,17,15
9869,2025-11-09 19:55:06.519+02,4,17,16
9869,2025-11-09 19:55:58.555+02,14,6,6
9869,2025-11-09 19:55:59.025+02,19,6,7
9869,2025-11-09 19:56:08.775+02,15,6,8
9869,2025-11-09 19:56:13.41+02,8,6,9
9869,2025-11-09 19:56:13.684+02,13,6,10
9869,2025-11-09 19:56:14.402+02,12,6,11
9869,2025-11-09 19:56:17.024+02,29,6,12
9869,2025-11-09 19:56:17.311+02,4,11,15
9869,2025-11-09 19:56:17.699+02,10,6,13
9869,2025-11-09 19:56:34.343+02,11,6,15
9869,2025-11-09 19:57:13.169+02,9,14,19
9869,2025-11-09 19:57:13.208+02,14,3,19
9869,2025-11-09 19:57:13.208+02,14,9,18
9869,2025-11-09 19:57:13.208+02,14,16,17
9869,2025-11-09 19:57:13.208+02,14,17,16
9869,2025-11-09 19:57:13.208+02,14,6,15
9869,2025-11-09 19:57:13.208+02,14,11,14
9869,2025-11-09 19:57:13.208+02,14,4,13
9869,2025-11-09 19:57:13.208+02,14,10,12
9869,2025-11-09 19:57:13.208+02,14,29,11
9869,2025-11-09 19:57:13.208+02,14,12,10
9869,2025-11-09 19:57:13.208+02,14,13,9
9869,2025-11-09 19:57:13.208+02,14,8,8
9869,2025-11-09 19:57:13.208+02,14,15,7
9869,2025-11-09 19:57:28.291+02,13,8,9
9869,2025-11-09 19:58:43.785+02,12,8,10
9869,2025-11-09 19:58:48.278+02,6,11,15
9869,2025-11-09 19:58:52.657+02,17,11,16
9869,2025-11-09 19:59:01.644+02,10,29,12
9869,2025-11-09 19:59:35.324+02,1,20,4
9869,2025-11-09 19:59:44.182+02,19,20,5
9869,2025-11-09 19:59:47.658+02,14,20,6
9869,2025-11-09 19:59:54.584+02,15,20,7
9869,2025-11-09 19:59:56.625+02,13,20,8
9869,2025-11-09 19:59:58.512+02,12,20,9
9869,2025-11-09 20:00:12.036+02,8,20,10
9869,2025-11-09 20:01:14.494+02,4,29,13
9869,2025-11-09 20:01:16.045+02,6,29,14
9869,2025-11-09 20:01:16.671+02,17,29,15
9869,2025-11-09 20:01:24.337+02,11,29,16
9869,2025-11-09 20:02:29.745+02,20,8,10
9869,2025-11-09 20:04:54.687+02,13,15,7
9869,2025-11-09 20:04:56.804+02,10,8,11
9869,2025-11-09 20:04:57.169+02,20,12,9
9869,2025-11-09 20:04:57.579+02,4,8,12
9869,2025-11-09 20:04:58.537+02,6,8,13
9869,2025-11-09 20:04:59.136+02,17,8,14
9869,2025-11-09 20:05:09.608+02,11,8,15
9869,2025-11-09 20:05:40.134+02,18,7,2
9869,2025-11-09 20:05:48.314+02,1,7,3
9869,2025-11-09 20:05:51.74+02,19,7,4
9869,2025-11-09 20:06:07.115+02,20,15,8
9869,2025-11-09 20:06:08.59+02,12,15,9
9869,2025-11-09 20:06:13.712+02,14,7,5
9869,2025-11-09 20:06:16.234+02,10,15,10
9869,2025-11-09 20:06:16.545+02,4,15,11
9869,2025-11-09 20:06:17.22+02,6,15,12
9869,2025-11-09 20:06:17.615+02,17,15,13
9869,2025-11-09 20:06:36.601+02,8,11,15
9869,2025-11-09 20:06:37.735+02,29,11,16
9869,2025-11-09 20:06:57.791+02,1,18,2
9869,2025-11-09 20:07:05.519+02,19,18,3
9869,2025-11-09 20:07:16.189+02,14,18,4
9869,2025-11-09 20:07:17.614+02,7,18,5
9869,2025-11-09 20:07:24.759+02,20,13,7
9869,2025-11-09 20:07:24.836+02,13,20,7
9869,2025-11-09 20:07:39.765+02,20,13,7
9869,2025-11-09 20:08:31.045+02,7,14,4
9869,2025-11-09 20:09:29.59+02,1,2,1
9869,2025-11-09 20:09:33.127+02,19,2,2
9869,2025-11-09 20:09:46.673+02,18,14,5
9869,2025-11-09 20:10:51.248+02,2,19,2
9869,2025-11-09 20:10:57.982+02,7,19,3
9869,2025-11-09 20:11:00.149+02,18,19,4
9869,2025-11-09 20:11:02.286+02,14,19,5
9869,2025-11-09 20:11:19.965+02,20,19,6
9869,2025-11-09 20:11:36.414+02,4,10,10
9869,2025-11-09 20:11:43.282+02,6,10,11
9869,2025-11-09 20:13:31.452+02,19,20,6
9869,2025-11-09 20:14:31.979+02,2,1,1
9869,2025-11-09 20:14:37.739+02,7,1,2
9869,2025-11-09 20:14:40.13+02,18,1,3
9869,2025-11-09 20:14:59.051+02,17,10,12
9869,2025-11-09 20:15:10.147+02,15,10,13
9869,2025-11-09 20:15:13.565+02,8,10,14
9869,2025-11-09 20:15:15.601+02,29,10,15
9869,2025-11-09 20:15:36.6+02,19,14,5
9869,2025-11-09 20:16:10.587+02,4,12,9
9869,2025-11-09 20:16:10.991+02,6,12,10
9869,2025-11-09 20:16:17.851+02,17,12,11
9869,2025-11-09 20:16:24.087+02,15,12,12
9869,2025-11-09 20:16:27.593+02,8,12,13
9869,2025-11-09 20:16:29.736+02,29,12,14
9869,2025-11-09 20:17:18.755+02,20,14,6
9869,2025-11-09 20:20:32.2+02,12,29,14
9869,2025-11-09 20:21:24.777+02,12,8,13
9869,2025-11-09 20:24:29.399+02,1,18,3
9869,2025-11-09 20:30:10.451+02,15,17,11
9869,2025-11-09 20:30:25.399+02,12,17,12
9869,2025-11-09 20:33:32.916+02,4,13,8
9869,2025-11-09 20:33:32.991+02,13,4,8
9869,2025-11-09 20:33:53.305+02,4,13,8
9869,2025-11-09 20:33:54.355+02,12,15,11
9869,2025-11-09 20:34:56.039+02,4,14,7
9869,2025-11-09 20:35:09.139+02,14,4,7
9877,2025-10-26 22:03:24.885+02,1,18,4
9877,2025-10-26 22:03:25.419+02,20,4,8
9877,2025-10-26 22:03:26.211+02,8,13,13
9877,2025-10-26 22:03:26.31+02,14,13,14
9877,2025-10-26 22:03:26.497+02,6,12,17
9877,2025-10-26 22:03:29.273+02,16,9,2
9877,2025-10-26 22:03:30.61+02,3,13,15
9877,2025-10-26 22:03:31.425+02,9,16,2
9877,2025-10-26 22:03:32.109+02,4,19,8
9877,2025-10-26 22:03:33.487+02,12,6,17
9877,2025-10-26 22:03:37.126+02,9,2,1
9877,2025-10-26 22:03:38.704+02,18,1,4
9877,2025-10-26 22:03:39.095+02,20,7,6
9877,2025-10-26 22:03:39.095+02,20,1,5
9877,2025-10-26 22:03:39.47+02,4,7,7
9877,2025-10-26 22:03:39.47+02,4,1,6
9877,2025-10-26 22:03:39.704+02,11,19,9
9877,2025-10-26 22:03:39.704+02,11,7,8
9877,2025-10-26 22:03:39.704+02,11,1,7
9877,2025-10-26 22:03:40.126+02,19,7,9
9877,2025-10-26 22:03:40.126+02,19,1,8
9877,2025-10-26 22:03:40.439+02,15,7,10
9877,2025-10-26 22:03:40.439+02,15,1,9
9877,2025-10-26 22:03:40.782+02,8,17,12
9877,2025-10-26 22:03:40.782+02,8,7,11
9877,2025-10-26 22:03:40.782+02,8,1,10
9877,2025-10-26 22:03:41.173+02,3,14,14
9877,2025-10-26 22:03:41.173+02,3,17,13
9877,2025-10-26 22:03:41.173+02,3,7,12
9877,2025-10-26 22:03:41.173+02,3,1,11
9877,2025-10-26 22:03:41.47+02,6,12,17
9877,2025-10-26 22:03:41.47+02,6,13,16
9877,2025-10-26 22:03:41.47+02,6,14,15
9877,2025-10-26 22:03:41.47+02,6,17,14
9877,2025-10-26 22:03:41.47+02,6,7,13
9877,2025-10-26 22:03:41.47+02,6,1,12
9877,2025-10-26 22:03:41.603+02,13,14,16
9877,2025-10-26 22:03:41.603+02,13,17,15
9877,2025-10-26 22:03:41.603+02,13,7,14
9877,2025-10-26 22:03:41.603+02,13,1,13
9877,2025-10-26 22:03:41.672+02,1,13,13
9877,2025-10-26 22:03:41.672+02,1,6,12
9877,2025-10-26 22:03:41.672+02,1,3,11
9877,2025-10-26 22:03:41.672+02,1,8,10
9877,2025-10-26 22:03:41.672+02,1,15,9
9877,2025-10-26 22:03:41.672+02,1,19,8
9877,2025-10-26 22:03:41.672+02,1,11,7
9877,2025-10-26 22:03:41.672+02,1,4,6
9877,2025-10-26 22:03:41.672+02,1,20,5
9877,2025-10-26 22:03:41.672+02,1,18,4
9877,2025-10-26 22:03:41.672+02,1,16,3
9877,2025-10-26 22:03:41.96+02,10,12,18
9877,2025-10-26 22:03:41.96+02,10,14,17
9877,2025-10-26 22:03:41.96+02,10,17,16
9877,2025-10-26 22:03:41.96+02,10,7,15
9877,2025-10-26 22:03:42.01+02,12,14,18
9877,2025-10-26 22:03:42.01+02,12,17,17
9877,2025-10-26 22:03:42.01+02,12,7,16
9877,2025-10-26 22:03:42.521+02,7,12,16
9877,2025-10-26 22:03:42.521+02,7,10,15
9877,2025-10-26 22:03:42.521+02,7,13,14
9877,2025-10-26 22:03:42.521+02,7,6,13
9877,2025-10-26 22:03:42.521+02,7,3,12
9877,2025-10-26 22:03:42.521+02,7,8,11
9877,2025-10-26 22:03:42.521+02,7,15,10
9877,2025-10-26 22:03:42.521+02,7,19,9
9877,2025-10-26 22:03:42.521+02,7,11,8
9877,2025-10-26 22:03:42.521+02,7,4,7
9877,2025-10-26 22:03:42.521+02,7,20,6
9877,2025-10-26 22:03:43.71+02,14,17,18
9877,2025-10-26 22:03:43.71+02,14,12,17
9877,2025-10-26 22:03:43.71+02,14,10,16
9877,2025-10-26 22:03:43.71+02,14,13,15
9877,2025-10-26 22:03:43.71+02,14,6,14
9877,2025-10-26 22:03:43.71+02,14,3,13
9877,2025-10-26 22:03:43.71+02,14,8,12
9877,2025-10-26 22:03:43.71+02,14,15,11
9877,2025-10-26 22:03:43.71+02,14,19,10
9877,2025-10-26 22:03:43.853+02,17,12,18
9877,2025-10-26 22:03:43.853+02,17,10,17
9877,2025-10-26 22:03:43.853+02,17,13,16
9877,2025-10-26 22:03:43.853+02,17,6,15
9877,2025-10-26 22:03:43.853+02,17,3,14
9877,2025-10-26 22:03:43.853+02,17,8,13
9877,2025-10-26 22:03:43.853+02,17,15,12
9877,2025-10-26 22:03:43.853+02,17,19,11
9877,2025-10-26 22:03:45.664+02,20,7,6
9877,2025-10-26 22:03:49.51+02,2,9,1
9877,2025-10-26 22:03:49.873+02,19,14,11
9877,2025-10-26 22:03:50.933+02,7,20,6
9877,2025-10-26 22:03:52.619+02,15,14,12
9877,2025-10-26 22:03:52.932+02,3,8,14
9877,2025-10-26 22:03:53.833+02,10,13,17
9877,2025-10-26 22:03:58.011+02,16,1,3
9877,2025-10-26 22:03:58.701+02,20,7,6
9877,2025-10-26 22:04:00.174+02,19,17,10
9877,2025-10-26 22:04:05.369+02,11,4,8
9877,2025-10-26 22:04:05.972+02,19,4,9
9877,2025-10-26 22:04:06.369+02,15,17,11
9877,2025-10-26 22:04:06.887+02,3,14,13
9877,2025-10-26 22:04:08.591+02,13,10,17
9877,2025-10-26 22:04:08.798+02,12,10,18
9877,2025-10-26 22:04:34.47+02,6,8,15
9877,2025-10-26 22:05:53.826+02,8,6,15
9877,2025-10-26 22:06:18.077+02,6,14,15
9877,2025-10-26 22:06:18.35+02,13,14,16
9877,2025-10-26 22:06:18.681+02,12,14,17
9877,2025-10-26 22:06:19.54+02,10,14,18
9877,2025-10-26 22:06:25.778+02,29,14,19
9877,2025-10-26 22:06:31.187+02,13,6,15
9877,2025-10-26 22:06:38.336+02,6,13,15
9877,2025-10-26 22:06:47.912+02,12,13,16
9877,2025-10-26 22:07:07.739+02,10,13,17
9877,2025-10-26 22:09:26.56+02,12,6,15
9877,2025-10-26 22:10:36.424+02,18,1,4
9877,2025-10-26 22:10:36.956+02,20,1,5
9877,2025-10-26 22:10:37.784+02,7,1,6
9877,2025-10-26 22:10:38.721+02,11,1,7
9877,2025-10-26 22:10:39.081+02,19,1,8
9877,2025-10-26 22:10:39.112+02,1,19,8
9877,2025-10-26 22:10:39.112+02,1,11,7
9877,2025-10-26 22:10:39.112+02,1,7,6
9877,2025-10-26 22:10:39.112+02,1,20,5
9877,2025-10-26 22:10:39.112+02,1,18,4
9877,2025-10-26 22:10:39.112+02,1,16,3
9877,2025-10-26 22:10:42.912+02,10,6,16
9877,2025-10-26 22:10:55.982+02,20,18,5
9877,2025-10-26 22:10:55.982+02,20,16,4
9877,2025-10-26 22:10:55.982+02,20,1,3
9877,2025-10-26 22:10:56.061+02,18,16,5
9877,2025-10-26 22:10:56.436+02,7,16,6
9877,2025-10-26 22:10:57.217+02,11,16,7
9877,2025-10-26 22:10:57.607+02,19,16,8
9877,2025-10-26 22:10:58.389+02,15,16,9
9877,2025-10-26 22:10:59.252+02,4,16,10
9877,2025-10-26 22:11:00.913+02,16,4,10
9877,2025-10-26 22:11:00.913+02,16,15,9
9877,2025-10-26 22:11:00.913+02,16,19,8
9877,2025-10-26 22:11:00.913+02,16,11,7
9877,2025-10-26 22:11:00.913+02,16,7,6
9877,2025-10-26 22:11:00.913+02,16,18,5
9877,2025-10-26 22:11:00.913+02,16,1,4
9877,2025-10-26 22:11:00.913+02,16,20,3
9877,2025-10-26 22:11:02.252+02,7,18,6
9877,2025-10-26 22:12:09.864+02,13,6,17
9877,2025-10-26 22:13:32.774+02,6,13,17
9877,2025-10-26 22:13:38.301+02,10,12,15
9877,2025-10-26 22:13:39.676+02,19,11,8
9877,2025-10-26 22:13:47.307+02,11,19,8
9877,2025-10-26 22:14:49.412+02,3,17,12
9877,2025-10-26 22:14:57.629+02,13,6,17
9877,2025-10-26 22:17:30.794+02,19,11,8
9877,2025-10-26 22:27:15.335+02,8,17,13
9877,2025-10-26 22:27:16.443+02,10,17,14
9877,2025-10-26 22:27:24.079+02,12,17,15
9877,2025-10-26 22:27:26.018+02,13,17,16
9877,2025-10-26 22:27:31.758+02,6,17,17
9877,2025-10-26 22:27:34.097+02,29,17,18
9877,2025-10-26 22:30:24.171+02,10,8,13
9877,2025-10-26 22:31:31.689+02,12,8,14
9877,2025-10-26 22:31:39.119+02,13,8,15
9877,2025-10-26 22:31:44.739+02,6,8,16
9877,2025-10-26 22:31:47.791+02,29,8,17
9877,2025-10-26 22:31:48.161+02,17,8,18
9877,2025-10-26 22:31:54.69+02,17,29,17
9877,2025-10-26 22:33:36.457+02,17,6,16
9877,2025-10-26 22:33:58.242+02,18,7,6
9877,2025-10-26 22:33:59.057+02,19,7,7
9877,2025-10-26 22:34:10.41+02,11,7,8
9877,2025-10-26 22:34:11.657+02,15,7,9
9877,2025-10-26 22:34:13.87+02,4,7,10
9877,2025-10-26 22:34:16.011+02,3,7,11
9877,2025-10-26 22:34:22.103+02,10,7,12
9877,2025-10-26 22:35:16.308+02,20,16,3
9877,2025-10-26 22:35:22.844+02,1,16,4
9877,2025-10-26 22:35:26.044+02,18,16,5
9877,2025-10-26 22:35:26.869+02,19,16,6
9877,2025-10-26 22:35:34.054+02,11,16,7
9877,2025-10-26 22:35:35.464+02,15,16,8
9877,2025-10-26 22:35:37.558+02,4,16,9
9877,2025-10-26 22:35:39.742+02,3,16,10
9877,2025-10-26 22:35:43.24+02,10,16,11
9877,2025-10-26 22:35:44.32+02,7,16,12
9877,2025-10-26 22:35:47.183+02,12,16,13
9877,2025-10-26 22:36:41.916+02,1,20,3
9877,2025-10-26 22:36:48.88+02,18,20,4
9877,2025-10-26 22:36:57.743+02,11,19,6
9877,2025-10-26 22:36:57.743+02,11,20,5
9877,2025-10-26 22:36:59.149+02,15,19,7
9877,2025-10-26 22:36:59.149+02,15,20,6
9877,2025-10-26 22:37:01.438+02,4,19,8
9877,2025-10-26 22:37:01.438+02,4,20,7
9877,2025-10-26 22:37:03.824+02,3,19,9
9877,2025-10-26 22:37:07.083+02,10,19,10
9877,2025-10-26 22:37:07.263+02,7,19,11
9877,2025-10-26 22:37:13.339+02,12,19,12
9877,2025-10-26 22:37:13.783+02,7,10,10
9877,2025-10-26 22:37:26.17+02,17,13,15
9877,2025-10-26 22:38:21.261+02,11,18,4
9877,2025-10-26 22:38:23.036+02,15,18,5
9877,2025-10-26 22:38:25.313+02,4,18,6
9877,2025-10-26 22:38:27.909+02,3,18,7
9877,2025-10-26 22:38:28.25+02,20,18,8
9877,2025-10-26 22:38:29.108+02,7,18,9
9877,2025-10-26 22:38:34.454+02,10,18,10
9877,2025-10-26 22:38:34.833+02,20,3,7
9877,2025-10-26 22:38:41.495+02,19,12,12
9877,2025-10-26 22:38:48.176+02,6,13,16
9877,2025-10-26 22:38:50.551+02,29,13,17
9877,2025-10-26 22:38:50.923+02,8,13,18
9877,2025-10-26 22:38:55.223+02,7,3,8
9877,2025-10-26 22:38:55.263+02,3,7,8
9877,2025-10-26 22:38:57.508+02,8,29,17
9877,2025-10-26 22:39:02.61+02,7,3,8
9877,2025-10-26 22:39:52.01+02,18,10,10
9877,2025-10-26 22:39:53.338+02,19,10,11
9877,2025-10-26 22:39:59.648+02,12,10,12
9877,2025-10-26 22:40:00.321+02,16,10,13
9877,2025-10-26 22:40:02.808+02,17,10,14
9877,2025-10-26 22:40:12.659+02,6,10,15
9877,2025-10-26 22:40:13.636+02,8,10,16
9877,2025-10-26 22:40:18.488+02,29,10,17
9877,2025-10-26 22:41:09.327+02,4,15,5
9877,2025-10-26 22:41:09.514+02,20,15,6
9877,2025-10-26 22:41:10.061+02,7,15,7
9877,2025-10-26 22:41:15.999+02,20,4,5
9877,2025-10-26 22:41:16.039+02,4,20,5
9877,2025-10-26 22:41:17.196+02,3,15,8
9877,2025-10-26 22:41:17.659+02,18,15,9
9877,2025-10-26 22:41:19.263+02,19,15,10
9877,2025-10-26 22:41:20.283+02,20,4,5
9877,2025-10-26 22:41:21.698+02,16,15,11
9877,2025-10-26 22:41:24.01+02,18,3,8
9877,2025-10-26 22:41:24.353+02,12,15,12
9877,2025-10-26 22:41:25.499+02,17,15,13
9877,2025-10-26 22:41:40.596+02,7,4,6
9877,2025-10-26 22:41:43.963+02,8,6,15
9877,2025-10-26 22:41:47.09+02,10,29,17
9877,2025-10-26 22:42:48.292+02,19,3,9
9877,2025-10-26 22:42:57.041+02,17,12,12
9877,2025-10-26 22:43:03.073+02,18,4,7
9877,2025-10-26 22:43:11.122+02,10,6,16
9877,2025-10-26 22:44:09.906+02,19,4,8
9877,2025-10-26 22:44:12.265+02,16,3,10
9877,2025-10-26 22:45:34.439+02,16,4,9
9877,2025-10-26 22:46:29.316+02,1,9,2
9877,2025-10-26 22:46:49.254+02,20,11,4
9877,2025-10-26 22:48:14.002+02,7,11,5
9877,2025-10-26 22:48:32.262+02,18,11,6
9877,2025-10-26 22:49:39.235+02,19,11,7
9877,2025-10-26 22:50:03.07+02,29,6,17
9877,2025-10-26 22:50:20.401+02,10,8,15
9877,2025-10-26 22:51:01.14+02,3,4,10
9877,2025-10-26 22:51:01.767+02,17,4,11
9877,2025-10-26 22:51:05.826+02,16,11,8
9877,2025-10-26 22:51:11.072+02,12,4,12
9877,2025-10-26 22:51:11.429+02,15,4,13
9877,2025-10-26 22:51:16.325+02,10,4,14
9877,2025-10-26 22:51:19.909+02,15,12,12
9877,2025-10-26 22:51:30.815+02,29,8,16
9877,2025-10-26 22:51:31.191+02,12,15,12
9877,2025-10-26 22:51:39.103+02,15,12,12
9877,2025-10-26 22:51:51.965+02,6,8,17
9877,2025-10-26 22:52:37.782+02,17,3,10
9877,2025-10-26 22:53:52.203+02,17,11,9
9877,2025-10-26 22:53:53.852+02,3,11,10
9877,2025-10-26 22:53:59.548+02,15,11,11
9877,2025-10-26 22:54:01.817+02,12,11,12
9877,2025-10-26 22:54:02.503+02,10,11,13
9877,2025-10-26 22:54:09.982+02,4,11,14
9877,2025-10-26 22:54:55.203+02,9,1,2
9877,2025-10-26 22:54:58.315+02,20,1,3
9877,2025-10-26 22:54:59.599+02,7,1,4
9877,2025-10-26 22:55:00.315+02,18,1,5
9877,2025-10-26 22:55:01.155+02,19,1,6
9877,2025-10-26 22:55:05.178+02,16,1,7
9877,2025-10-26 22:55:22.283+02,15,3,10
9877,2025-10-26 22:55:25.305+02,12,3,11
9877,2025-10-26 22:55:25.619+02,10,3,12
9877,2025-10-26 22:55:31.895+02,4,3,13
9877,2025-10-26 22:55:34.051+02,10,12,11
9877,2025-10-26 22:59:31.724+02,18,7,4
9877,2025-10-26 23:00:56.871+02,4,12,12
9877,2025-10-26 23:01:04.254+02,3,12,13
9877,2025-10-26 23:01:07.737+02,11,12,14
9877,2025-10-26 23:01:22.128+02,29,12,15
9877,2025-10-26 23:02:43.609+02,12,29,15
9877,2025-10-26 23:03:44.895+02,4,10,11
9877,2025-10-26 23:03:47.129+02,3,10,12
9877,2025-10-26 23:03:51.096+02,11,10,13
9877,2025-10-26 23:04:13.012+02,12,10,14
9877,2025-10-26 23:04:19.873+02,10,12,14
9877,2025-10-26 23:04:22.875+02,12,10,14
9877,2025-10-26 23:07:33.157+02,1,16,7
9877,2025-10-26 23:07:43.548+02,15,17,9
9877,2025-10-26 23:07:50.672+02,4,17,10
9877,2025-10-26 23:07:52.004+02,3,17,11
9877,2025-10-26 23:07:56.231+02,11,17,12
9877,2025-10-26 23:08:09.429+02,12,17,13
9877,2025-10-26 23:08:43.844+02,1,19,6
9877,2025-10-26 23:08:43.844+02,1,7,5
9877,2025-10-26 23:09:04.992+02,19,7,6
9877,2025-10-26 23:09:05.86+02,15,16,8
9877,2025-10-26 23:09:05.86+02,15,7,7
9877,2025-10-26 23:10:09.431+02,1,18,4
9877,2025-10-26 23:10:09.431+02,1,20,3
9877,2025-10-26 23:11:06.465+02,6,29,16
9877,2025-10-26 23:11:09.176+02,19,15,6
9877,2025-10-26 23:11:23.701+02,7,15,7
9877,2025-10-26 23:12:01.288+02,16,15,8
9877,2025-10-26 23:13:40.75+02,17,12,13
9877,2025-10-26 23:21:43.64+02,12,17,13
9877,2025-10-26 23:21:51.173+02,10,17,14
9877,2025-10-26 23:25:34.34+02,19,18,5
9877,2025-10-26 23:28:31.308+02,7,18,6
9877,2025-10-26 23:28:42.349+02,3,4,10
9877,2025-10-26 23:30:07.699+02,11,4,11
9877,2025-10-26 23:31:41.604+02,12,4,12
9877,2025-10-26 23:38:42.801+02,6,17,15
9877,2025-10-26 23:38:44.828+02,29,17,16
9883,2025-10-18 20:03:57.049+03,19,2,2
9883,2025-10-18 20:03:57.378+03,18,13,4
9883,2025-10-18 20:03:57.846+03,16,17,7
9883,2025-10-18 20:03:58.112+03,9,12,9
9883,2025-10-18 20:03:58.831+03,14,10,14
9883,2025-10-18 20:03:58.94+03,11,29,17
9883,2025-10-18 20:04:05.221+03,18,2,3
9883,2025-10-18 20:04:05.221+03,18,19,2
9883,2025-10-18 20:04:05.581+03,17,16,7
9883,2025-10-18 20:04:05.581+03,17,8,6
9883,2025-10-18 20:04:05.581+03,17,13,5
9883,2025-10-18 20:04:05.581+03,17,2,4
9883,2025-10-18 20:04:05.581+03,17,19,3
9883,2025-10-18 20:04:06.143+03,8,13,6
9883,2025-10-18 20:04:06.143+03,8,2,5
9883,2025-10-18 20:04:06.143+03,8,19,4
9883,2025-10-18 20:04:06.674+03,16,13,7
9883,2025-10-18 20:04:06.674+03,16,2,6
9883,2025-10-18 20:04:06.753+03,9,13,8
9883,2025-10-18 20:04:06.753+03,9,2,7
9883,2025-10-18 20:04:06.956+03,11,20,16
9883,2025-10-18 20:04:06.956+03,11,10,15
9883,2025-10-18 20:04:06.956+03,11,14,14
9883,2025-10-18 20:04:06.956+03,11,6,13
9883,2025-10-18 20:04:06.956+03,11,4,12
9883,2025-10-18 20:04:06.956+03,11,7,11
9883,2025-10-18 20:04:06.956+03,11,12,10
9883,2025-10-18 20:04:06.956+03,11,13,9
9883,2025-10-18 20:04:06.956+03,11,2,8
9883,2025-10-18 20:04:07.065+03,7,12,11
9883,2025-10-18 20:04:07.065+03,7,13,10
9883,2025-10-18 20:04:07.065+03,7,2,9
9883,2025-10-18 20:04:07.128+03,12,13,11
9883,2025-10-18 20:04:07.128+03,12,2,10
9883,2025-10-18 20:04:07.315+03,14,6,14
9883,2025-10-18 20:04:07.315+03,14,4,13
9883,2025-10-18 20:04:07.315+03,14,13,12
9883,2025-10-18 20:04:07.315+03,14,2,11
9883,2025-10-18 20:04:07.44+03,20,10,16
9883,2025-10-18 20:04:07.44+03,20,6,15
9883,2025-10-18 20:04:07.44+03,20,4,14
9883,2025-10-18 20:04:07.44+03,20,13,13
9883,2025-10-18 20:04:07.44+03,20,2,12
9883,2025-10-18 20:04:07.862+03,15,29,18
9883,2025-10-18 20:04:07.862+03,15,10,17
9883,2025-10-18 20:04:07.862+03,15,6,16
9883,2025-10-18 20:04:07.862+03,15,4,15
9883,2025-10-18 20:04:07.862+03,15,13,14
9883,2025-10-18 20:04:07.862+03,15,2,13
9883,2025-10-18 20:04:08.003+03,6,4,16
9883,2025-10-18 20:04:08.003+03,6,13,15
9883,2025-10-18 20:04:08.003+03,6,2,14
9883,2025-10-18 20:04:08.378+03,10,4,17
9883,2025-10-18 20:04:08.378+03,10,13,16
9883,2025-10-18 20:04:08.378+03,10,2,15
9883,2025-10-18 20:04:08.518+03,3,29,19
9883,2025-10-18 20:04:08.518+03,3,4,18
9883,2025-10-18 20:04:08.518+03,3,13,17
9883,2025-10-18 20:04:08.518+03,3,2,16
9883,2025-10-18 20:04:09.69+03,29,4,19
9883,2025-10-18 20:04:09.69+03,29,13,18
9883,2025-10-18 20:04:09.69+03,29,2,17
9883,2025-10-18 20:04:10.992+03,16,19,6
9883,2025-10-18 20:04:10.992+03,16,8,5
9883,2025-10-18 20:04:12.147+03,7,19,10
9883,2025-10-18 20:04:12.147+03,7,8,9
9883,2025-10-18 20:04:12.211+03,6,15,13
9883,2025-10-18 20:04:12.211+03,6,14,12
9883,2025-10-18 20:04:12.211+03,6,19,11
9883,2025-10-18 20:04:12.211+03,6,8,10
9883,2025-10-18 20:04:12.22+03,14,19,12
9883,2025-10-18 20:04:12.22+03,14,8,11
9883,2025-10-18 20:04:12.22+03,14,6,10
9883,2025-10-18 20:04:12.32+03,19,8,12
9883,2025-10-18 20:04:12.32+03,15,8,13
9883,2025-10-18 20:04:12.986+03,4,13,19
9883,2025-10-18 20:04:12.986+03,4,2,18
9883,2025-10-18 20:04:13.561+03,13,2,19
9883,2025-10-18 20:04:16.16+03,29,8,16
9883,2025-10-18 20:04:16.45+03,6,14,10
9883,2025-10-18 20:04:16.884+03,15,19,12
9883,2025-10-18 20:04:17.609+03,10,19,14
9883,2025-10-18 20:04:19.859+03,13,4,18
9883,2025-10-18 20:04:19.859+03,13,8,17
9883,2025-10-18 20:04:20.556+03,4,8,18
9883,2025-10-18 20:04:25.961+03,12,11,6
9883,2025-10-18 20:04:26.447+03,6,7,9
9883,2025-10-18 20:04:35.116+03,13,29,16
9883,2025-10-18 20:04:35.116+03,13,19,15
9883,2025-10-18 20:04:42.475+03,29,19,16
9883,2025-10-18 20:04:44.272+03,4,19,17
9883,2025-10-18 20:06:15.122+03,10,3,13
9883,2025-10-18 20:06:15.122+03,10,15,12
9883,2025-10-18 20:06:15.122+03,10,14,11
9883,2025-10-18 20:06:22.2+03,14,10,11
9883,2025-10-18 20:06:23.153+03,15,10,12
9883,2025-10-18 20:06:23.934+03,3,10,13
9883,2025-10-18 20:07:01.488+03,4,29,16
9883,2025-10-18 20:20:23.171+03,7,6,9
9883,2025-10-18 20:22:03.693+03,16,9,4
9883,2025-10-18 20:22:10.333+03,14,6,10
9883,2025-10-18 20:26:54.871+03,4,13,15
9883,2025-10-18 20:26:59.282+03,13,4,15
9883,2025-10-18 20:27:02.483+03,4,13,15
9883,2025-10-18 20:27:23.917+03,10,3,13
9883,2025-10-18 20:32:59.096+03,3,10,13
9883,2025-10-18 20:32:59.096+03,3,15,12
9883,2025-10-18 20:32:59.659+03,4,10,14
9883,2025-10-18 20:32:59.659+03,4,15,13
9883,2025-10-18 20:33:00.456+03,13,10,15
9883,2025-10-18 20:33:00.456+03,13,15,14
9883,2025-10-18 20:33:04.05+03,10,15,15
9883,2025-10-18 20:33:04.706+03,29,15,16
9883,2025-10-18 20:41:52.331+03,7,20,9
9883,2025-10-18 20:41:52.565+03,6,20,10
9883,2025-10-18 20:41:53.081+03,3,20,11
9883,2025-10-18 20:41:53.659+03,4,20,12
9883,2025-10-18 20:41:54.097+03,13,20,13
9883,2025-10-18 20:41:55.456+03,29,20,14
9888,2025-10-19 22:03:48.164+03,19,16,5
9888,2025-10-19 22:03:48.464+03,7,16,6
9888,2025-10-19 22:03:48.48+03,16,7,6
9888,2025-10-19 22:03:48.849+03,8,17,9
9888,2025-10-19 22:03:49.24+03,11,14,12
9888,2025-10-19 22:03:49.804+03,15,3,16
9888,2025-10-19 22:03:49.987+03,10,12,18
9888,2025-10-19 22:03:50.068+03,4,12,19
9888,2025-10-19 22:03:54.855+03,9,2,2
9888,2025-10-19 22:03:55.328+03,16,19,5
9888,2025-10-19 22:03:55.328+03,16,18,4
9888,2025-10-19 22:03:55.348+03,19,18,5
9888,2025-10-19 22:03:56.115+03,17,8,9
9888,2025-10-19 22:03:56.115+03,17,20,8
9888,2025-10-19 22:03:56.404+03,13,8,10
9888,2025-10-19 22:03:56.517+03,11,8,11
9888,2025-10-19 22:03:56.966+03,6,14,13
9888,2025-10-19 22:03:57.232+03,15,29,15
9888,2025-10-19 22:03:57.513+03,10,3,17
9888,2025-10-19 22:03:59.589+03,20,17,8
9888,2025-10-19 22:04:01.11+03,3,10,17
9888,2025-10-19 22:04:01.409+03,12,4,19
9888,2025-10-19 22:04:04.886+03,14,6,13
9888,2025-10-19 22:04:06.029+03,4,12,19
9888,2025-10-19 22:04:11.636+03,29,3,16
9888,2025-10-19 22:04:15.854+03,3,29,16
9888,2025-10-19 22:04:16.654+03,12,4,19
9888,2025-10-19 22:04:21.954+03,29,3,16
9888,2025-10-19 22:04:32.743+03,11,13,10
9888,2025-10-19 22:04:43.429+03,20,7,7
9888,2025-10-19 22:04:47.255+03,12,10,18
9888,2025-10-19 22:04:47.295+03,10,12,18
9888,2025-10-19 22:04:50.779+03,7,20,7
9888,2025-10-19 22:04:55.499+03,4,12,19
9888,2025-10-19 22:05:01.529+03,3,29,16
9888,2025-10-19 22:05:37.086+03,3,15,15
9888,2025-10-19 22:06:38.154+03,29,15,16
9888,2025-10-19 22:06:46.338+03,17,20,8
9888,2025-10-19 22:07:22.954+03,11,20,9
9888,2025-10-19 22:07:28.277+03,10,15,17
9888,2025-10-19 22:07:31.729+03,15,10,17
9888,2025-10-19 22:08:28.397+03,10,15,17
9888,2025-10-19 22:13:30.19+03,11,17,8
9888,2025-10-19 22:13:30.19+03,11,7,7
9888,2025-10-19 22:13:30.617+03,17,7,8
9888,2025-10-19 22:13:31.958+03,20,7,9
9888,2025-10-19 22:13:33.641+03,13,7,10
9888,2025-10-19 22:13:35.14+03,8,7,11
9888,2025-10-19 22:13:36.14+03,14,7,12
9888,2025-10-19 22:13:37.231+03,6,7,13
9888,2025-10-19 22:13:38.011+03,20,17,8
9888,2025-10-19 22:13:38.03+03,3,7,14
9888,2025-10-19 22:13:39.656+03,29,7,15
9888,2025-10-19 22:13:39.756+03,13,17,9
9888,2025-10-19 22:13:40.017+03,10,7,16
9888,2025-10-19 22:13:41.381+03,15,7,17
9888,2025-10-19 22:13:43.031+03,4,7,18
9888,2025-10-19 22:13:44.916+03,8,17,10
9888,2025-10-19 22:13:45.19+03,12,7,19
9888,2025-10-19 22:13:46.108+03,14,17,11
9888,2025-10-19 22:13:46.699+03,6,17,12
9888,2025-10-19 22:13:47.399+03,3,17,13
9888,2025-10-19 22:13:55.706+03,29,17,14
9888,2025-10-19 22:13:56.706+03,10,17,15
9888,2025-10-19 22:13:57.869+03,15,17,16
9888,2025-10-19 22:13:58.97+03,4,17,17
9888,2025-10-19 22:14:00.994+03,12,17,18
9888,2025-10-19 22:14:10.206+03,7,17,19
9888,2025-10-19 22:16:17.349+03,12,4,17
9888,2025-10-19 22:16:24.07+03,4,12,17
9888,2025-10-19 22:16:37.448+03,7,12,18
9888,2025-10-19 22:23:39.63+03,10,29,14
9888,2025-10-19 22:28:34.761+03,10,3,13
9888,2025-10-19 22:28:37.072+03,29,3,14
9888,2025-10-19 22:28:37.66+03,15,3,15
9888,2025-10-19 22:28:39.22+03,4,3,16
9888,2025-10-19 22:28:40.32+03,7,3,17
9888,2025-10-19 22:28:42.947+03,12,3,18
9888,2025-10-19 22:33:04.743+03,7,4,16
9888,2025-10-19 22:37:09.822+03,10,6,12
9888,2025-10-19 22:38:08.391+03,7,15,15
9888,2025-10-19 22:39:04.721+03,2,9,2
9888,2025-10-19 22:40:41.714+03,12,4,17
9888,2025-10-19 22:40:41.737+03,4,12,17
9888,2025-10-19 22:40:45.142+03,12,4,17
9888,2025-10-19 22:41:29.749+03,16,9,3
9888,2025-10-19 22:41:37.608+03,19,9,4
9888,2025-10-19 22:41:39.952+03,18,9,5
9888,2025-10-19 22:41:44.967+03,11,9,6
9888,2025-10-19 22:41:46.837+03,20,9,7
9888,2025-10-19 22:41:49.682+03,13,9,8
9888,2025-10-19 22:43:10.993+03,7,29,14
9888,2025-10-19 22:45:30.124+03,12,15,16
9888,2025-10-19 22:45:37.854+03,4,15,17
9888,2025-10-19 22:45:40.023+03,3,15,18
9888,2025-10-19 22:47:53.356+03,9,13,8
9888,2025-10-19 22:48:24.153+03,12,29,15
9888,2025-10-19 22:48:30.471+03,29,12,15
9888,2025-10-19 22:48:36.03+03,12,29,15
9888,2025-10-19 22:50:33.765+03,7,6,13
9888,2025-10-19 22:50:37.637+03,12,6,14
9888,2025-10-19 22:50:39.585+03,29,6,15
9888,2025-10-19 22:50:42.152+03,4,6,16
9888,2025-10-19 22:50:42.752+03,3,6,17
9888,2025-10-19 22:51:04.689+03,15,6,18
9888,2025-10-19 22:51:11.94+03,9,20,7
9888,2025-10-19 22:52:14.049+03,7,10,12
9888,2025-10-19 22:52:17.867+03,12,10,13
9888,2025-10-19 22:52:21.025+03,29,10,14
9888,2025-10-19 22:52:23.725+03,3,4,16
9888,2025-10-19 22:52:23.725+03,3,10,15
9888,2025-10-19 22:52:34.945+03,15,4,17
9888,2025-10-19 22:52:35.425+03,6,4,18
9888,2025-10-19 22:52:58.453+03,9,11,6
9888,2025-10-19 22:53:33.478+03,20,11,7
9888,2025-10-19 22:53:35.151+03,13,11,8
9888,2025-10-19 22:53:43.478+03,8,11,9
9888,2025-10-19 22:53:47.226+03,14,11,10
9888,2025-10-19 22:55:03.889+03,18,19,4
9888,2025-10-19 22:55:09.394+03,9,19,5
9888,2025-10-19 22:55:14.855+03,13,20,7
9888,2025-10-19 22:55:14.855+03,13,19,6
9888,2025-10-19 22:55:32.515+03,11,14,10
9888,2025-10-19 22:55:32.515+03,11,8,9
9888,2025-10-19 22:55:34.667+03,7,14,11
9888,2025-10-19 22:55:34.667+03,7,8,10
9888,2025-10-19 22:55:38.122+03,12,14,12
9888,2025-10-19 22:55:38.122+03,12,8,11
9888,2025-10-19 22:55:43.22+03,29,14,13
9888,2025-10-19 22:55:43.22+03,29,8,12
9888,2025-10-19 22:55:44.675+03,3,14,14
9888,2025-10-19 22:56:44.579+03,18,16,3
9888,2025-10-19 22:56:48.553+03,9,16,4
9888,2025-10-19 22:56:55.291+03,13,16,5
9888,2025-10-19 22:57:18.634+03,12,7,10
9888,2025-10-19 22:57:24.619+03,29,7,11
9888,2025-10-19 22:57:25.34+03,3,7,12
9888,2025-10-19 22:57:25.854+03,8,7,13
9888,2025-10-19 22:57:28.551+03,14,7,14
9888,2025-10-19 22:57:29.732+03,10,7,15
9888,2025-10-19 22:57:33.18+03,15,7,16
9888,2025-10-19 22:57:37.226+03,6,7,17
9888,2025-10-19 22:58:25.137+03,18,2,2
9888,2025-10-19 22:58:27.58+03,9,2,3
9888,2025-10-19 22:59:06.641+03,3,29,11
9888,2025-10-19 22:59:06.765+03,8,29,12
9888,2025-10-19 22:59:08.116+03,14,29,13
9888,2025-10-19 22:59:09.385+03,10,29,14
9888,2025-10-19 22:59:12.729+03,15,29,15
9888,2025-10-19 22:59:14.923+03,6,29,16
9888,2025-10-19 22:59:15.679+03,8,3,11
9888,2025-10-19 22:59:19.456+03,7,29,17
9888,2025-10-19 22:59:23.255+03,4,29,18
9888,2025-10-19 23:00:06.855+03,9,18,2
9888,2025-10-19 23:00:09.12+03,14,3,12
9888,2025-10-19 23:00:10.079+03,2,18,3
9888,2025-10-19 23:00:16.901+03,16,13,5
9888,2025-10-19 23:00:16.901+03,16,18,4
9888,2025-10-19 23:00:21.15+03,19,13,6
9888,2025-10-19 23:00:21.15+03,19,18,5
9888,2025-10-19 23:00:31.28+03,11,13,7
9888,2025-10-19 23:00:31.807+03,20,13,8
9888,2025-10-19 23:00:58.541+03,10,3,13
9888,2025-10-19 23:02:25.066+03,13,20,8
9888,2025-10-19 23:02:25.385+03,20,13,8
9888,2025-10-19 23:02:32.18+03,13,20,8
9888,2025-10-19 23:03:32.69+03,15,3,14
9888,2025-10-19 23:05:46.782+03,8,12,10
9888,2025-10-19 23:05:48.278+03,14,12,11
9888,2025-10-19 23:05:49.293+03,10,12,12
9888,2025-10-19 23:05:52.359+03,15,12,13
9888,2025-10-19 23:05:55.396+03,6,3,15
9888,2025-10-19 23:05:55.396+03,6,12,14
9888,2025-10-19 23:05:55.689+03,7,3,16
9888,2025-10-19 23:05:55.689+03,7,12,15
9888,2025-10-19 23:06:00.409+03,4,3,17
9888,2025-10-19 23:06:04.664+03,7,6,14
9888,2025-10-19 23:06:06.898+03,29,3,18
9888,2025-10-19 23:07:49.368+03,12,4,16
9888,2025-10-19 23:11:09.543+03,12,6,15
9888,2025-10-19 23:23:30.553+03,7,15,13
9888,2025-10-19 23:29:03.062+03,2,9,2
9888,2025-10-19 23:30:17.25+03,4,6,16
9888,2025-10-19 23:34:35.887+03,29,6,17
9888,2025-10-19 23:35:15.887+03,12,15,14
9888,2025-10-19 23:36:18.198+03,3,6,18
9896,2025-10-05 15:03:41.106+03,2,7,4
9896,2025-10-05 15:03:41.632+03,9,16,6
9896,2025-10-05 15:03:41.997+03,20,4,8
9896,2025-10-05 15:03:42.598+03,13,8,10
9896,2025-10-05 15:03:42.957+03,10,3,14
9896,2025-10-05 15:03:42.957+03,10,11,13
9896,2025-10-05 15:03:42.957+03,10,14,12
9896,2025-10-05 15:03:42.997+03,11,14,13
9896,2025-10-05 15:03:43.412+03,15,29,16
9896,2025-10-05 15:03:43.419+03,29,15,16
9896,2025-10-05 15:03:45.588+03,4,20,8
9896,2025-10-05 15:03:45.617+03,8,13,10
9896,2025-10-05 15:03:45.617+03,8,20,9
9896,2025-10-05 15:03:46.272+03,14,10,13
9896,2025-10-05 15:03:46.272+03,14,13,12
9896,2025-10-05 15:03:46.272+03,14,20,11
9896,2025-10-05 15:03:46.633+03,10,13,13
9896,2025-10-05 15:03:46.633+03,10,20,12
9896,2025-10-05 15:03:46.951+03,3,13,15
9896,2025-10-05 15:03:46.951+03,3,20,14
9896,2025-10-05 15:03:47.188+03,15,13,16
9896,2025-10-05 15:03:47.188+03,15,20,15
9896,2025-10-05 15:03:47.383+03,17,13,17
9896,2025-10-05 15:03:47.383+03,17,20,16
9896,2025-10-05 15:03:49.464+03,6,13,18
9896,2025-10-05 15:03:49.464+03,6,20,17
9896,2025-10-05 15:03:50.105+03,12,13,19
9896,2025-10-05 15:03:50.105+03,12,20,18
9896,2025-10-05 15:03:50.839+03,2,19,3
9896,2025-10-05 15:03:52.089+03,8,4,8
9896,2025-10-05 15:03:52.792+03,20,12,18
9896,2025-10-05 15:03:52.792+03,20,6,17
9896,2025-10-05 15:03:52.792+03,20,17,16
9896,2025-10-05 15:03:52.792+03,20,15,15
9896,2025-10-05 15:03:52.792+03,20,3,14
9896,2025-10-05 15:03:52.792+03,20,29,13
9896,2025-10-05 15:03:52.792+03,20,10,12
9896,2025-10-05 15:03:52.792+03,20,14,11
9896,2025-10-05 15:03:52.792+03,20,11,10
9896,2025-10-05 15:03:52.964+03,13,12,19
9896,2025-10-05 15:03:52.964+03,13,6,18
9896,2025-10-05 15:03:52.964+03,13,17,17
9896,2025-10-05 15:03:52.964+03,13,15,16
9896,2025-10-05 15:03:52.964+03,13,3,15
9896,2025-10-05 15:03:52.964+03,13,29,14
9896,2025-10-05 15:03:52.964+03,13,10,13
9896,2025-10-05 15:03:52.964+03,13,14,12
9896,2025-10-05 15:03:52.964+03,13,11,11
9896,2025-10-05 15:03:53.058+03,14,11,12
9896,2025-10-05 15:03:53.589+03,29,10,14
9896,2025-10-05 15:03:53.714+03,3,10,15
9896,2025-10-05 15:03:56.386+03,10,3,15
9896,2025-10-05 15:04:16.652+03,10,11,14
9896,2025-10-05 15:04:21.407+03,4,8,8
9896,2025-10-05 15:04:29.583+03,3,11,15
9896,2025-10-05 15:06:04.073+03,15,11,16
9896,2025-10-05 15:08:08.83+03,8,4,8
9896,2025-10-05 15:25:20.161+03,15,3,15
9896,2025-10-05 15:25:23.222+03,17,11,17
9896,2025-10-05 15:25:23.222+03,17,3,16
9896,2025-10-05 15:25:25.024+03,6,11,18
9896,2025-10-05 15:25:27.231+03,12,11,19
9896,2025-10-05 15:25:46.066+03,11,3,19
9896,2025-10-05 15:26:56.105+03,10,29,13
9896,2025-10-05 15:26:59.024+03,15,29,14
9896,2025-10-05 15:27:04.649+03,17,29,15
9896,2025-10-05 15:27:07.149+03,6,29,16
9896,2025-10-05 15:27:09.219+03,12,29,17
9896,2025-10-05 15:34:34.192+03,2,1,2
9896,2025-10-05 15:34:38.446+03,19,1,3
9896,2025-10-05 15:34:47.089+03,9,1,4
9896,2025-10-05 15:34:48.199+03,7,1,5
9896,2025-10-05 15:34:49.714+03,16,1,6
9896,2025-10-05 15:36:40.592+03,20,4,9
9896,2025-10-05 15:36:42.592+03,13,4,10
9896,2025-10-05 15:36:48.723+03,14,4,11
9896,2025-10-05 15:36:50.736+03,10,4,12
9896,2025-10-05 15:36:52.709+03,15,4,13
9896,2025-10-05 15:36:55.091+03,17,4,14
9896,2025-10-05 15:36:59.708+03,6,4,15
9896,2025-10-05 15:37:00.641+03,12,4,16
9896,2025-10-05 15:38:00.275+03,7,9,4
9896,2025-10-05 15:38:02.327+03,16,9,5
9896,2025-10-05 15:38:11.793+03,1,9,6
9896,2025-10-05 15:38:15.241+03,8,9,7
9896,2025-10-05 15:38:21.742+03,20,9,8
9896,2025-10-05 15:38:29.223+03,13,9,9
9896,2025-10-05 15:38:56.461+03,9,13,9
9896,2025-10-05 15:41:35.216+03,9,20,8
9896,2025-10-05 15:41:39.485+03,13,20,9
9896,2025-10-05 15:41:44.809+03,14,20,10
9896,2025-10-05 15:41:46.222+03,10,20,11
9896,2025-10-05 15:41:48.227+03,15,20,12
9896,2025-10-05 15:41:50.354+03,17,20,13
9896,2025-10-05 15:41:55.554+03,6,20,14
9896,2025-10-05 15:41:56.179+03,12,20,15
9896,2025-10-05 15:42:57.414+03,1,16,5
9896,2025-10-05 15:43:09.177+03,8,16,6
9896,2025-10-05 15:43:14.726+03,9,16,7
9896,2025-10-05 15:43:20.502+03,13,16,8
9896,2025-10-05 15:43:31.721+03,12,6,14
9896,2025-10-05 15:43:33.667+03,20,6,15
9896,2025-10-05 15:43:35.671+03,4,6,16
9896,2025-10-05 15:43:40.478+03,29,6,17
9896,2025-10-05 15:43:41.863+03,11,6,18
9896,2025-10-05 15:43:45.103+03,3,6,19
9896,2025-10-05 15:44:18.593+03,2,18,1
9896,2025-10-05 15:44:23.777+03,19,18,2
9896,2025-10-05 15:44:33.305+03,1,7,4
9896,2025-10-05 15:44:47.45+03,8,7,5
9896,2025-10-05 15:44:51.037+03,9,7,6
9896,2025-10-05 15:44:56.705+03,16,13,8
9896,2025-10-05 15:44:59.096+03,14,13,9
9896,2025-10-05 15:45:00.393+03,10,13,10
9896,2025-10-05 15:45:05.1+03,15,13,11
9896,2025-10-05 15:45:06.77+03,17,13,12
9896,2025-10-05 15:45:12.845+03,12,13,13
9896,2025-10-05 15:45:13.829+03,20,13,14
9896,2025-10-05 15:45:16.845+03,4,13,15
9896,2025-10-05 15:45:18.673+03,29,13,16
9896,2025-10-05 15:45:25.454+03,11,13,17
9896,2025-10-05 15:45:56.815+03,19,2,1
9896,2025-10-05 15:46:08.884+03,18,2,2
9896,2025-10-05 15:46:12.384+03,1,2,3
9896,2025-10-05 15:46:41.807+03,20,12,13
9896,2025-10-05 15:47:44.565+03,18,19,1
9896,2025-10-05 15:47:48.373+03,1,19,2
9896,2025-10-05 15:47:53.245+03,2,19,3
9896,2025-10-05 15:48:02.259+03,9,8,5
9896,2025-10-05 15:48:03.483+03,7,8,6
9896,2025-10-05 15:48:13.084+03,16,8,7
9896,2025-10-05 15:48:19.295+03,14,8,8
9896,2025-10-05 15:48:20.921+03,10,8,9
9896,2025-10-05 15:48:22.271+03,15,8,10
9896,2025-10-05 15:48:23.431+03,17,8,11
9896,2025-10-05 15:48:28.428+03,20,8,12
9896,2025-10-05 15:48:30.444+03,12,8,13
9896,2025-10-05 15:48:38.432+03,4,8,14
9896,2025-10-05 15:53:15.394+03,17,15,10
9896,2025-10-05 15:53:16.534+03,20,15,11
9896,2025-10-05 15:53:23.675+03,12,15,12
9896,2025-10-05 15:53:27.715+03,4,15,13
9896,2025-10-05 15:53:30.2+03,8,15,14
9896,2025-10-05 15:53:31.669+03,29,15,15
9896,2025-10-05 15:53:32.653+03,11,15,16
9896,2025-10-05 15:53:34.005+03,13,15,17
9896,2025-10-05 15:53:35.213+03,3,15,18
9896,2025-10-05 15:53:39.013+03,6,15,19
9896,2025-10-05 16:02:45.77+03,8,4,13
9896,2025-10-05 16:02:53.745+03,4,8,13
9896,2025-10-05 16:03:30.752+03,8,4,13
9896,2025-10-05 16:06:26.95+03,17,10,9
9896,2025-10-05 16:06:27.677+03,20,10,10
9896,2025-10-05 16:06:28.538+03,12,10,11
9896,2025-10-05 16:06:32.358+03,8,10,12
9896,2025-10-05 16:06:38.187+03,4,10,13
9896,2025-10-05 16:06:39.633+03,29,10,14
9896,2025-10-05 16:06:40.56+03,11,10,15
9896,2025-10-05 16:06:41.118+03,13,10,16
9896,2025-10-05 16:06:42.791+03,3,10,17
9896,2025-10-05 16:06:43.484+03,6,10,18
9896,2025-10-05 16:06:44.033+03,15,10,19
9896,2025-10-05 16:12:00.316+03,8,12,11
9896,2025-10-05 16:12:09.078+03,11,29,14
9896,2025-10-05 16:13:07.329+03,4,12,12
9896,2025-10-05 16:13:16.247+03,11,12,13
9896,2025-10-05 16:13:18.036+03,29,12,14
9896,2025-10-05 16:13:18.451+03,13,12,15
9896,2025-10-05 16:13:19.953+03,3,12,16
9896,2025-10-05 16:13:20.477+03,6,12,17
9896,2025-10-05 16:13:20.835+03,15,12,18
9896,2025-10-05 16:13:24.816+03,10,12,19
9896,2025-10-05 16:15:30.536+03,3,13,15
9896,2025-10-05 16:15:31.179+03,6,13,16
9896,2025-10-05 16:15:33.093+03,15,13,17
9896,2025-10-05 16:15:33.774+03,10,13,18
9896,2025-10-05 16:16:08.153+03,12,13,19
9896,2025-10-05 16:16:59.252+03,8,20,10
9896,2025-10-05 16:20:08.605+03,8,17,9
9896,2025-10-05 16:20:58.942+03,8,14,8
9896,2025-10-05 16:21:31.831+03,12,10,18
9896,2025-10-05 16:21:45.857+03,10,12,18
9896,2025-10-05 16:22:54.394+03,17,14,9
9896,2025-10-05 16:22:54.931+03,20,14,10
9896,2025-10-05 16:22:55.682+03,4,14,11
9896,2025-10-05 16:22:56.994+03,11,14,12
9896,2025-10-05 16:23:14.055+03,29,14,13
9896,2025-10-05 16:23:14.676+03,3,14,14
9896,2025-10-05 16:23:15.294+03,6,14,15
9896,2025-10-05 16:23:16.821+03,15,14,16
9896,2025-10-05 16:23:23.729+03,10,14,17
9896,2025-10-05 16:23:24.941+03,12,14,18
9896,2025-10-05 16:26:11.882+03,20,17,9
9896,2025-10-05 16:26:13.162+03,4,17,10
9896,2025-10-05 16:26:15.432+03,11,17,11
9896,2025-10-05 16:26:17.957+03,15,6,15
9896,2025-10-05 16:26:25.11+03,6,15,15
9896,2025-10-05 16:26:32.222+03,29,17,12
9896,2025-10-05 16:26:32.808+03,10,15,16
9896,2025-10-05 16:26:32.808+03,10,6,15
9896,2025-10-05 16:26:33.057+03,15,6,16
9896,2025-10-05 16:26:33.519+03,3,17,13
9896,2025-10-05 16:26:41.107+03,10,17,14
9896,2025-10-05 16:27:50.049+03,17,10,14
9896,2025-10-05 16:27:53.595+03,12,6,17
9896,2025-10-05 16:28:08.223+03,14,6,18
9896,2025-10-05 16:28:37.156+03,13,6,19
9896,2025-10-05 16:28:48.472+03,12,15,16
9896,2025-10-05 16:29:18.842+03,17,3,13
9896,2025-10-05 16:29:46.106+03,14,15,17
9896,2025-10-05 16:29:48.668+03,7,9,5
9896,2025-10-05 16:30:54.914+03,17,29,12
9896,2025-10-05 16:31:05.561+03,10,3,14
9896,2025-10-05 16:31:13.702+03,12,3,15
9896,2025-10-05 16:32:45.959+03,14,3,16
9896,2025-10-05 16:33:14.942+03,16,9,6
9896,2025-10-05 16:36:41.91+03,17,11,11
9896,2025-10-05 16:37:37.854+03,10,29,13
9896,2025-10-05 16:37:37.885+03,29,10,13
9896,2025-10-05 16:37:42.043+03,10,29,13
9896,2025-10-05 16:38:30.8+03,12,29,14
9896,2025-10-05 16:38:38.227+03,14,29,15
9896,2025-10-05 16:39:36.219+03,17,4,10
9896,2025-10-05 16:41:28.875+03,9,16,6
9896,2025-10-05 16:43:54.095+03,6,13,19
9904,2025-09-21 14:04:08.607+03,9,19,9
9904,2025-09-21 14:04:08.906+03,8,19,10
9904,2025-09-21 14:04:08.91+03,16,19,11
9904,2025-09-21 14:04:09.154+03,3,19,12
9904,2025-09-21 14:04:09.325+03,10,19,13
9904,2025-09-21 14:04:09.562+03,20,19,14
9904,2025-09-21 14:04:09.861+03,29,19,15
9904,2025-09-21 14:04:09.945+03,13,19,16
9904,2025-09-21 14:04:10.329+03,15,12,19
9904,2025-09-21 14:04:10.329+03,15,6,18
9904,2025-09-21 14:04:10.329+03,15,19,17
9904,2025-09-21 14:04:10.365+03,6,19,18
9904,2025-09-21 14:04:10.496+03,12,19,19
9904,2025-09-21 14:04:13.147+03,11,18,5
9904,2025-09-21 14:04:13.789+03,4,2,7
9904,2025-09-21 14:04:20.309+03,16,8,10
9904,2025-09-21 14:04:24.889+03,9,2,8
9904,2025-09-21 14:04:24.948+03,2,9,8
9904,2025-09-21 14:04:25.499+03,8,16,10
9904,2025-09-21 14:04:27.538+03,6,15,17
9904,2025-09-21 14:04:29.164+03,18,11,5
9904,2025-09-21 14:04:30.862+03,16,8,10
9904,2025-09-21 14:04:31.974+03,29,20,14
9904,2025-09-21 14:04:32.822+03,15,6,17
9904,2025-09-21 14:04:33.23+03,19,12,19
9904,2025-09-21 14:04:33.23+03,19,6,18
9904,2025-09-21 14:04:50.049+03,15,13,16
9904,2025-09-21 14:04:50.33+03,6,19,18
9904,2025-09-21 14:04:50.5+03,12,19,19
9904,2025-09-21 14:05:01.785+03,6,13,17
9904,2025-09-21 14:06:24.512+03,6,15,16
9904,2025-09-21 14:06:25.642+03,13,15,17
9904,2025-09-21 14:09:12.083+03,12,15,18
9904,2025-09-21 14:14:43.946+03,18,7,4
9904,2025-09-21 14:14:45.063+03,9,2,8
9904,2025-09-21 14:14:46.539+03,29,10,13
9904,2025-09-21 14:14:46.812+03,6,20,15
9904,2025-09-21 14:14:49.929+03,7,18,4
9904,2025-09-21 14:14:50.382+03,11,18,5
9904,2025-09-21 14:14:58.692+03,20,6,15
9904,2025-09-21 14:15:07.472+03,2,9,8
9904,2025-09-21 14:15:07.486+03,9,2,8
9904,2025-09-21 14:15:09.739+03,6,20,15
9904,2025-09-21 14:15:09.764+03,13,20,16
9904,2025-09-21 14:15:15.105+03,13,6,15
9904,2025-09-21 14:16:14.8+03,9,4,7
9904,2025-09-21 14:16:32.063+03,2,4,8
9904,2025-09-21 14:16:57.967+03,16,4,9
9904,2025-09-21 14:17:11.345+03,4,16,9
9904,2025-09-21 14:20:11.661+03,3,8,11
9904,2025-09-21 14:20:18.308+03,16,4,9
9904,2025-09-21 14:24:03.688+03,18,11,5
9904,2025-09-21 14:29:18.83+03,20,6,16
9904,2025-09-21 14:32:52.179+03,10,29,13
9904,2025-09-21 14:32:55.444+03,12,6,17
9904,2025-09-21 14:32:57.984+03,29,10,13
9904,2025-09-21 14:34:40.134+03,6,12,17
9904,2025-09-21 14:34:40.345+03,15,12,18
9904,2025-09-21 14:34:55.024+03,15,6,17
9904,2025-09-21 14:36:24.827+03,10,29,13
9904,2025-09-21 14:36:25.509+03,13,29,14
9904,2025-09-21 14:36:26.143+03,20,29,15
9904,2025-09-21 14:36:32.519+03,15,29,16
9904,2025-09-21 14:36:33.756+03,6,29,17
9904,2025-09-21 14:37:09.317+03,12,29,18
9904,2025-09-21 14:37:14.769+03,29,12,18
9904,2025-09-21 14:37:30.665+03,12,29,18
9904,2025-09-21 14:39:36.06+03,18,7,4
9904,2025-09-21 14:39:38.162+03,11,7,5
9904,2025-09-21 14:39:43.21+03,9,7,6
9904,2025-09-21 14:39:45.402+03,2,7,7
9904,2025-09-21 14:39:47.402+03,16,7,8
9904,2025-09-21 14:39:51.029+03,4,7,9
9904,2025-09-21 14:39:53.144+03,3,7,10
9904,2025-09-21 14:39:54.746+03,8,7,11
9904,2025-09-21 14:41:26.402+03,2,9,6
9904,2025-09-21 14:41:33.723+03,16,9,7
9904,2025-09-21 14:41:37.829+03,4,9,8
9904,2025-09-21 14:41:40.028+03,3,9,9
9904,2025-09-21 14:41:41.799+03,8,9,10
9904,2025-09-21 14:41:46.41+03,7,9,11
9904,2025-09-21 14:43:07.925+03,18,14,3
9904,2025-09-21 14:43:10.169+03,11,14,4
9904,2025-09-21 14:43:16.162+03,2,14,5
9904,2025-09-21 14:43:19.615+03,16,14,6
9904,2025-09-21 14:43:24.327+03,4,14,7
9904,2025-09-21 14:43:26.621+03,3,14,8
9904,2025-09-21 14:43:28.444+03,8,14,9
9904,2025-09-21 14:45:14.405+03,14,8,9
9904,2025-09-21 14:45:14.603+03,7,8,10
9904,2025-09-21 14:45:14.603+03,7,14,9
9904,2025-09-21 14:45:21.83+03,9,8,11
9904,2025-09-21 14:45:25.212+03,10,8,12
9904,2025-09-21 14:45:25.81+03,13,8,13
9904,2025-09-21 14:45:26.527+03,20,8,14
9904,2025-09-21 14:45:28.074+03,15,8,15
9904,2025-09-21 14:45:31.452+03,6,8,16
9904,2025-09-21 14:47:24.223+03,12,8,17
9904,2025-09-21 14:52:16.208+03,7,3,8
9904,2025-09-21 14:54:04.169+03,14,3,9
9904,2025-09-21 14:54:05.294+03,9,3,10
9904,2025-09-21 14:54:21.314+03,10,3,11
9904,2025-09-21 14:54:22.049+03,13,3,12
9904,2025-09-21 14:54:22.534+03,20,3,13
9904,2025-09-21 14:54:23.753+03,15,3,14
9904,2025-09-21 14:54:32.519+03,6,3,15
9904,2025-09-21 14:55:25.568+03,18,17,2
9904,2025-09-21 14:55:34.26+03,11,17,3
9904,2025-09-21 14:55:36.663+03,2,17,4
9904,2025-09-21 14:55:41.964+03,16,17,5
9904,2025-09-21 14:57:53.516+03,15,20,13
9904,2025-09-21 14:57:54.161+03,3,6,15
9904,2025-09-21 14:58:01.799+03,3,20,14
9904,2025-09-21 14:58:02.251+03,6,20,15
9904,2025-09-21 14:58:02.807+03,12,20,16
9904,2025-09-21 14:58:07.995+03,8,20,17
9904,2025-09-21 14:59:18.034+03,7,4,7
9904,2025-09-21 14:59:25.798+03,14,4,8
9904,2025-09-21 14:59:26.505+03,9,4,9
9904,2025-09-21 14:59:45.965+03,12,6,15
9904,2025-09-21 15:05:00.302+03,3,15,13
9904,2025-09-21 15:05:00.579+03,15,3,13
9904,2025-09-21 15:06:50.912+03,3,15,13
9904,2025-09-21 15:08:37.996+03,3,13,12
9904,2025-09-21 15:08:38.785+03,12,15,14
9904,2025-09-21 15:10:25.071+03,12,13,13
9904,2025-09-21 15:10:25.099+03,13,12,13
9904,2025-09-21 15:10:28.609+03,8,6,16
9904,2025-09-21 15:10:28.93+03,20,6,17
9904,2025-09-21 15:10:30.745+03,12,13,13
9904,2025-09-21 15:10:50.879+03,29,6,18
9904,2025-09-21 15:11:30.782+03,17,16,5
9904,2025-09-21 15:11:37.143+03,7,16,6
9904,2025-09-21 15:11:43.611+03,14,16,7
9904,2025-09-21 15:11:44.477+03,9,16,8
9904,2025-09-21 15:12:09.516+03,15,13,14
9904,2025-09-21 15:12:09.708+03,3,10,11
9904,2025-09-21 15:12:14.546+03,20,8,16
9904,2025-09-21 15:12:19.052+03,8,13,16
9904,2025-09-21 15:13:19.642+03,17,2,4
9904,2025-09-21 15:13:21.697+03,7,2,5
9904,2025-09-21 15:13:28.587+03,14,2,6
9904,2025-09-21 15:13:29.157+03,9,2,7
9904,2025-09-21 15:13:52.762+03,12,10,12
9904,2025-09-21 15:13:55.78+03,15,10,13
9904,2025-09-21 15:14:03.617+03,20,10,14
9904,2025-09-21 15:14:05.333+03,8,10,15
9904,2025-09-21 15:14:33.705+03,13,10,16
9904,2025-09-21 15:15:04.522+03,17,11,3
9904,2025-09-21 15:15:06.574+03,7,11,4
9904,2025-09-21 15:15:28.766+03,14,11,5
9904,2025-09-21 15:18:42.014+03,2,9,7
9904,2025-09-21 15:19:18.733+03,20,15,13
9904,2025-09-21 15:22:18.312+03,16,9,8
9904,2025-09-21 15:31:33.84+03,12,3,11
9904,2025-09-21 15:33:52.869+03,6,29,18
9904,2025-09-21 15:38:27.841+03,3,12,11
9904,2025-09-21 15:38:28.534+03,20,12,12
9912,2025-09-07 16:03:44.711+03,8,3,7
9912,2025-09-07 16:03:44.711+03,8,7,6
9912,2025-09-07 16:03:44.742+03,3,7,7
9912,2025-09-07 16:03:44.805+03,11,7,8
9912,2025-09-07 16:03:44.992+03,20,16,10
9912,2025-09-07 16:03:44.992+03,20,7,9
9912,2025-09-07 16:03:45.008+03,16,7,10
9912,2025-09-07 16:03:45.305+03,17,13,12
9912,2025-09-07 16:03:45.321+03,12,13,13
9912,2025-09-07 16:03:45.352+03,15,13,14
9912,2025-09-07 16:03:45.446+03,10,13,15
9912,2025-09-07 16:03:45.571+03,29,13,16
9912,2025-09-07 16:03:45.633+03,14,13,17
9912,2025-09-07 16:03:51.153+03,29,10,15
9912,2025-09-07 16:03:51.234+03,10,29,15
9912,2025-09-07 16:03:51.348+03,4,13,18
9912,2025-09-07 16:03:51.653+03,6,13,19
9912,2025-09-07 16:03:55.758+03,9,19,3
9912,2025-09-07 16:03:56.125+03,18,3,5
9912,2025-09-07 16:03:56.889+03,11,16,8
9912,2025-09-07 16:03:57.207+03,7,20,10
9912,2025-09-07 16:03:58.739+03,14,29,16
9912,2025-09-07 16:04:07.078+03,15,12,13
9912,2025-09-07 16:04:08.765+03,8,3,6
9912,2025-09-07 16:04:09.216+03,16,11,8
9912,2025-09-07 16:04:10.759+03,12,15,13
9912,2025-09-07 16:04:20.179+03,14,10,15
9912,2025-09-07 16:04:22.379+03,19,9,3
9912,2025-09-07 16:05:10.226+03,2,1,1
9912,2025-09-07 16:05:21.704+03,9,19,3
9912,2025-09-07 16:05:27.71+03,10,14,15
9912,2025-09-07 16:05:32.319+03,3,8,6
9912,2025-09-07 16:05:44.975+03,14,10,15
9912,2025-09-07 16:05:45.413+03,29,10,16
9912,2025-09-07 16:05:46.069+03,4,10,17
9912,2025-09-07 16:05:46.882+03,6,10,18
9912,2025-09-07 16:05:48.866+03,10,6,18
9912,2025-09-07 16:05:48.866+03,10,4,17
9912,2025-09-07 16:05:48.866+03,10,29,16
9912,2025-09-07 16:07:00.475+03,3,18,5
9912,2025-09-07 16:07:05.881+03,18,3,5
9912,2025-09-07 16:08:01.163+03,1,2,1
9912,2025-09-07 16:09:31.895+03,16,8,7
9912,2025-09-07 16:10:53.476+03,19,9,3
9912,2025-09-07 16:12:19.97+03,16,3,6
9912,2025-09-07 16:13:52.269+03,4,29,17
9912,2025-09-07 16:13:59.816+03,29,4,17
9912,2025-09-07 16:16:28.998+03,10,14,15
9912,2025-09-07 16:16:30.498+03,29,14,16
9912,2025-09-07 16:16:30.967+03,4,14,17
9912,2025-09-07 16:16:37.686+03,6,14,18
9912,2025-09-07 16:20:53.148+03,4,29,16
9912,2025-09-07 16:27:52.106+03,7,11,9
9912,2025-09-07 16:29:06.594+03,17,20,11
9912,2025-09-07 16:29:07.214+03,12,20,12
9912,2025-09-07 16:29:07.585+03,15,20,13
9912,2025-09-07 16:29:08.192+03,10,20,14
9912,2025-09-07 16:29:10.085+03,4,20,15
9912,2025-09-07 16:29:18.64+03,29,20,16
9912,2025-09-07 16:29:20.88+03,6,20,17
9912,2025-09-07 16:29:37.454+03,14,20,18
9912,2025-09-07 16:30:30.756+03,17,11,10
9912,2025-09-07 16:30:31.36+03,12,11,11
9912,2025-09-07 16:30:32.024+03,15,11,12
9912,2025-09-07 16:30:32.89+03,10,11,13
9912,2025-09-07 16:30:34.333+03,4,11,14
9912,2025-09-07 16:30:35.016+03,11,4,14
9912,2025-09-07 16:30:38.797+03,4,11,14
9912,2025-09-07 16:30:43.06+03,29,11,15
9912,2025-09-07 16:30:45.134+03,6,11,16
9912,2025-09-07 16:31:01.367+03,14,11,17
9912,2025-09-07 16:31:25.808+03,20,11,18
9912,2025-09-07 16:31:52.262+03,7,8,8
9912,2025-09-07 16:31:52.262+03,7,3,7
9912,2025-09-07 16:31:54.981+03,17,8,9
9912,2025-09-07 16:31:54.981+03,17,3,8
9912,2025-09-07 16:31:55.606+03,12,8,10
9912,2025-09-07 16:31:55.606+03,12,3,9
9912,2025-09-07 16:31:55.825+03,3,12,9
9912,2025-09-07 16:31:56.059+03,8,12,10
9912,2025-09-07 16:32:00.062+03,12,8,10
9912,2025-09-07 16:32:00.062+03,12,3,9
9912,2025-09-07 16:32:00.734+03,15,8,11
9912,2025-09-07 16:32:00.734+03,15,3,10
9912,2025-09-07 16:32:01.516+03,10,8,12
9912,2025-09-07 16:32:01.516+03,10,3,11
9912,2025-09-07 16:32:02.985+03,4,8,13
9912,2025-09-07 16:32:02.985+03,4,3,12
9912,2025-09-07 16:32:07.375+03,29,8,14
9912,2025-09-07 16:32:07.375+03,29,3,13
9912,2025-09-07 16:32:09.422+03,6,8,15
9912,2025-09-07 16:32:09.422+03,6,3,14
9912,2025-09-07 16:32:17.487+03,8,3,15
9912,2025-09-07 16:32:28.587+03,14,3,16
9912,2025-09-07 16:34:06.088+03,3,14,16
9912,2025-09-07 16:37:39.419+03,3,8,15
9912,2025-09-07 16:37:41.028+03,14,8,16
9912,2025-09-07 16:37:41.497+03,20,8,17
9912,2025-09-07 16:37:41.997+03,11,8,18
9912,2025-09-07 16:37:58.419+03,12,17,8
9912,2025-09-07 16:37:58.434+03,17,12,8
9912,2025-09-07 16:38:01.591+03,12,17,8
9912,2025-09-07 16:38:06.887+03,20,14,16
9912,2025-09-07 16:40:56.445+03,11,14,17
9912,2025-09-07 16:41:21.211+03,14,11,17
9912,2025-09-07 16:41:28.242+03,16,18,5
9912,2025-09-07 16:41:42.852+03,7,18,6
9912,2025-09-07 16:41:43.227+03,11,14,17
9912,2025-09-07 16:41:46.102+03,12,18,7
9912,2025-09-07 16:41:47.602+03,17,18,8
9912,2025-09-07 16:41:48.383+03,15,18,9
9912,2025-09-07 16:41:49.195+03,10,18,10
9912,2025-09-07 16:41:50.477+03,4,18,11
9912,2025-09-07 16:43:04.844+03,12,7,6
9912,2025-09-07 16:43:06.635+03,17,7,7
9912,2025-09-07 16:43:06.729+03,7,17,7
9912,2025-09-07 16:43:11.167+03,17,7,7
9912,2025-09-07 16:43:12.135+03,15,7,8
9912,2025-09-07 16:43:13.089+03,10,7,9
9912,2025-09-07 16:43:14.167+03,4,7,10
9912,2025-09-07 16:43:20.026+03,18,7,11
9912,2025-09-07 16:43:21.839+03,29,7,12
9912,2025-09-07 16:43:22.651+03,6,7,13
9912,2025-09-07 16:45:12.966+03,6,29,12
9912,2025-09-07 16:45:54.917+03,15,17,7
9912,2025-09-07 16:45:55.852+03,10,17,8
9912,2025-09-07 16:45:56.808+03,4,17,9
9912,2025-09-07 16:46:04.989+03,18,17,10
9912,2025-09-07 16:46:10.417+03,6,17,11
9912,2025-09-07 16:46:11.344+03,29,17,12
9912,2025-09-07 16:46:17.389+03,7,17,13
9912,2025-09-07 16:46:19.115+03,3,17,14
9912,2025-09-07 16:46:25.1+03,20,17,15
9912,2025-09-07 16:48:45.869+03,18,4,9
9912,2025-09-07 16:48:58.038+03,6,4,10
9912,2025-09-07 16:48:59.931+03,29,4,11
9912,2025-09-07 16:49:02.798+03,7,4,12
9912,2025-09-07 16:49:05.136+03,3,4,13
9912,2025-09-07 16:49:07.44+03,20,4,14
9912,2025-09-07 16:49:09.284+03,17,4,15
9912,2025-09-07 16:49:52.513+03,16,9,4
9912,2025-09-07 16:50:08.857+03,12,9,5
9912,2025-09-07 16:50:20.97+03,7,29,11
9912,2025-09-07 16:50:23.908+03,3,29,12
9912,2025-09-07 16:50:24.548+03,29,3,12
9912,2025-09-07 16:50:28.408+03,3,29,12
9912,2025-09-07 16:50:30.486+03,20,29,13
9912,2025-09-07 16:50:31.814+03,17,29,14
9912,2025-09-07 16:50:36.048+03,4,29,15
9912,2025-09-07 16:50:38.517+03,11,29,16
9912,2025-09-07 16:50:39.423+03,14,29,17
9912,2025-09-07 16:51:39.038+03,18,10,8
9912,2025-09-07 16:53:01.885+03,18,15,7
9912,2025-09-07 16:54:56.565+03,2,1,1
9912,2025-09-07 16:54:56.719+03,1,2,1
9912,2025-09-07 16:55:01.077+03,2,1,1
9912,2025-09-07 16:55:07.242+03,19,1,2
9912,2025-09-07 16:56:58.273+03,12,16,4
9912,2025-09-07 16:57:00.179+03,9,16,5
9912,2025-09-07 16:57:05.414+03,18,16,6
9912,2025-09-07 16:57:12.523+03,15,16,7
9912,2025-09-07 16:57:13.836+03,10,16,8
9912,2025-09-07 16:57:43.041+03,7,6,10
9912,2025-09-07 16:59:10.971+03,17,20,13
9912,2025-09-07 16:59:24.268+03,4,20,14
9912,2025-09-07 16:59:24.268+03,4,17,13
9912,2025-09-07 17:00:03.86+03,16,10,8
9912,2025-09-07 17:00:12.167+03,3,6,11
9912,2025-09-07 17:01:02.681+03,9,12,4
9912,2025-09-07 17:01:11.892+03,18,12,5
9912,2025-09-07 17:01:18.705+03,15,12,6
9912,2025-09-07 17:01:19.017+03,16,12,7
9912,2025-09-07 17:01:20.392+03,10,12,8
9912,2025-09-07 17:01:33.424+03,7,12,9
9912,2025-09-07 17:04:40.573+03,12,7,9
9912,2025-09-07 17:06:12.66+03,1,19,2
9912,2025-09-07 17:07:34.004+03,1,2,1
9912,2025-09-07 17:07:56.254+03,19,2,2
9912,2025-09-07 17:10:40.564+03,2,19,2
9912,2025-09-07 17:12:22.168+03,12,10,8
9912,2025-09-07 17:12:25.268+03,7,10,9
9912,2025-09-07 17:12:32.358+03,3,10,10
9912,2025-09-07 17:12:33.263+03,4,6,12
9912,2025-09-07 17:12:34.341+03,17,6,13
9912,2025-09-07 17:12:44.268+03,20,6,14
9912,2025-09-07 17:12:44.268+03,20,10,13
9912,2025-09-07 17:12:52.182+03,11,6,15
9912,2025-09-07 17:12:52.182+03,11,10,14
9912,2025-09-07 17:12:52.812+03,14,6,16
9912,2025-09-07 17:12:52.812+03,14,10,15
9912,2025-09-07 17:12:58.212+03,6,10,16
9912,2025-09-07 17:12:58.959+03,29,10,17
9912,2025-09-07 17:15:05.959+03,12,15,7
9912,2025-09-07 17:15:09.321+03,7,15,8
9912,2025-09-07 17:15:15.469+03,6,29,16
9912,2025-09-07 17:15:16.704+03,3,15,9
9912,2025-09-07 17:15:22.269+03,4,15,10
9912,2025-09-07 17:15:23.112+03,17,15,11
9912,2025-09-07 17:15:28.483+03,20,15,12
9912,2025-09-07 17:15:41.995+03,11,15,13
9912,2025-09-07 17:15:42.729+03,14,15,14
9912,2025-09-07 17:17:57.8+03,3,7,8
9920,2025-08-31 16:03:28.992+03,1,2,2
9920,2025-08-31 16:03:31.026+03,11,7,11
9920,2025-08-31 16:03:31.274+03,7,11,11
9920,2025-08-31 16:03:31.603+03,10,15,18
9920,2025-08-31 16:03:31.603+03,10,13,17
9920,2025-08-31 16:03:31.603+03,10,29,16
9920,2025-08-31 16:03:31.603+03,10,12,15
9920,2025-08-31 16:03:31.603+03,10,6,14
9920,2025-08-31 16:03:31.603+03,10,3,13
9920,2025-08-31 16:03:31.632+03,12,6,15
9920,2025-08-31 16:03:31.632+03,12,3,14
9920,2025-08-31 16:03:31.632+03,12,10,13
9920,2025-08-31 16:03:31.632+03,12,11,12
9920,2025-08-31 16:03:31.692+03,15,13,18
9920,2025-08-31 16:03:31.692+03,15,29,17
9920,2025-08-31 16:03:31.692+03,15,6,16
9920,2025-08-31 16:03:31.692+03,15,3,15
9920,2025-08-31 16:03:31.839+03,6,3,16
9920,2025-08-31 16:03:31.839+03,6,15,15
9920,2025-08-31 16:03:31.839+03,6,10,14
9920,2025-08-31 16:03:31.942+03,29,3,17
9920,2025-08-31 16:03:31.942+03,29,15,16
9920,2025-08-31 16:03:31.942+03,29,10,15
9920,2025-08-31 16:03:32.03+03,13,3,18
9920,2025-08-31 16:03:32.03+03,13,15,17
9920,2025-08-31 16:03:32.03+03,13,10,16
9920,2025-08-31 16:03:34.337+03,2,1,2
9920,2025-08-31 16:03:36.779+03,1,2,2
9920,2025-08-31 16:03:37.103+03,15,10,17
9920,2025-08-31 16:03:41.881+03,12,7,11
9920,2025-08-31 16:03:41.881+03,12,8,10
9920,2025-08-31 16:03:41.915+03,7,8,11
9920,2025-08-31 16:03:45.226+03,9,18,5
9920,2025-08-31 16:03:46.914+03,11,8,12
9920,2025-08-31 16:03:50.272+03,12,7,10
9920,2025-08-31 16:03:51.654+03,15,13,16
9920,2025-08-31 16:04:11.225+03,11,7,11
9920,2025-08-31 16:04:11.525+03,8,7,12
9920,2025-08-31 16:04:11.538+03,7,8,12
9920,2025-08-31 16:04:14.293+03,8,7,12
9920,2025-08-31 16:04:17.492+03,7,8,12
9920,2025-08-31 16:04:27.921+03,3,10,18
9920,2025-08-31 16:06:15.28+03,13,15,16
9920,2025-08-31 16:07:04.802+03,10,3,18
9920,2025-08-31 16:08:48.616+03,29,6,14
9920,2025-08-31 16:13:41.328+03,2,1,2
9920,2025-08-31 16:13:50.083+03,3,10,18
9920,2025-08-31 16:13:51.612+03,20,10,19
9920,2025-08-31 16:22:48.233+03,6,29,14
9920,2025-08-31 16:26:37.39+03,6,8,13
9920,2025-08-31 16:26:46.431+03,29,8,14
9920,2025-08-31 16:26:46.619+03,13,8,15
9920,2025-08-31 16:26:46.746+03,15,8,16
9920,2025-08-31 16:26:46.775+03,3,8,17
9920,2025-08-31 16:26:46.776+03,20,8,18
9920,2025-08-31 16:26:48.731+03,10,8,19
9920,2025-08-31 16:27:51.898+03,7,11,11
9920,2025-08-31 16:27:57.157+03,6,11,12
9920,2025-08-31 16:27:59.044+03,15,13,15
9920,2025-08-31 16:28:02.607+03,3,13,16
9920,2025-08-31 16:28:02.607+03,3,29,15
9920,2025-08-31 16:28:02.607+03,3,11,14
9920,2025-08-31 16:28:03.341+03,20,13,17
9920,2025-08-31 16:28:03.341+03,20,29,16
9920,2025-08-31 16:28:03.341+03,20,11,15
9920,2025-08-31 16:28:05.169+03,10,13,18
9920,2025-08-31 16:28:05.169+03,10,29,17
9920,2025-08-31 16:28:05.169+03,10,11,16
9920,2025-08-31 16:28:10.5+03,8,13,19
9920,2025-08-31 16:28:10.5+03,8,29,18
9920,2025-08-31 16:28:10.5+03,8,11,17
9920,2025-08-31 16:31:25.667+03,18,9,5
9920,2025-08-31 16:31:29.005+03,16,9,6
9920,2025-08-31 16:31:35.739+03,14,9,7
9920,2025-08-31 16:31:37.895+03,17,9,8
9920,2025-08-31 16:31:38.708+03,12,9,9
9920,2025-08-31 16:31:52.031+03,14,16,6
9920,2025-08-31 16:31:53.389+03,17,16,7
9920,2025-08-31 16:31:53.577+03,20,3,14
9920,2025-08-31 16:31:53.831+03,10,3,15
9920,2025-08-31 16:31:54.667+03,8,3,16
9920,2025-08-31 16:31:55.536+03,12,16,8
9920,2025-08-31 16:32:00.459+03,11,3,17
9920,2025-08-31 16:32:00.564+03,9,16,9
9920,2025-08-31 16:32:01.189+03,7,16,10
9920,2025-08-31 16:32:02.713+03,10,20,14
9920,2025-08-31 16:32:04.273+03,29,3,18
9920,2025-08-31 16:32:08.889+03,6,16,11
9920,2025-08-31 16:32:14.463+03,15,16,12
9920,2025-08-31 16:32:19.937+03,10,16,13
9920,2025-08-31 16:32:20.796+03,20,16,14
9920,2025-08-31 16:32:21.812+03,8,16,15
9920,2025-08-31 16:32:26.271+03,11,16,16
9920,2025-08-31 16:32:29.247+03,29,16,17
9920,2025-08-31 16:32:35.907+03,3,16,18
9920,2025-08-31 16:32:36.849+03,13,16,19
9920,2025-08-31 16:33:22.264+03,9,12,8
9920,2025-08-31 16:33:22.264+03,9,17,7
9920,2025-08-31 16:33:22.264+03,9,14,6
9920,2025-08-31 16:33:34.395+03,15,6,11
9920,2025-08-31 16:33:34.395+03,15,7,10
9920,2025-08-31 16:33:34.395+03,15,12,9
9920,2025-08-31 16:33:38.89+03,10,6,12
9920,2025-08-31 16:33:40.231+03,20,6,13
9920,2025-08-31 16:33:41.017+03,8,6,14
9920,2025-08-31 16:33:43.99+03,11,6,15
9920,2025-08-31 16:38:48.809+03,12,15,9
9920,2025-08-31 16:38:51.736+03,15,17,9
9920,2025-08-31 16:38:55.53+03,7,17,10
9920,2025-08-31 16:39:00.4+03,10,17,11
9920,2025-08-31 16:39:00.4+03,10,14,10
9920,2025-08-31 16:39:01.181+03,20,17,12
9920,2025-08-31 16:39:01.181+03,20,14,11
9920,2025-08-31 16:39:01.712+03,8,17,13
9920,2025-08-31 16:39:02.054+03,11,17,14
9920,2025-08-31 16:39:02.47+03,6,17,15
9920,2025-08-31 16:39:02.761+03,29,17,16
9920,2025-08-31 16:39:06.762+03,3,17,17
9920,2025-08-31 16:39:06.762+03,3,14,16
9920,2025-08-31 16:39:07.686+03,13,17,18
9920,2025-08-31 16:39:25.771+03,7,15,8
9920,2025-08-31 16:39:39.649+03,11,8,12
9920,2025-08-31 16:39:46.291+03,17,14,18
9920,2025-08-31 16:41:03.939+03,14,17,18
9920,2025-08-31 16:41:24.462+03,10,15,9
9920,2025-08-31 16:42:30.887+03,17,14,18
9920,2025-08-31 16:46:18.987+03,9,18,5
9920,2025-08-31 16:48:00.88+03,7,12,7
9920,2025-08-31 16:56:54.98+03,6,8,13
9920,2025-08-31 16:56:55.681+03,29,8,14
9920,2025-08-31 16:56:56.569+03,3,8,15
9920,2025-08-31 16:57:00.481+03,13,8,16
9920,2025-08-31 16:57:07.71+03,7,18,6
9920,2025-08-31 17:09:20.996+03,8,13,16
9920,2025-08-31 17:10:25.983+03,8,3,15
9920,2025-08-31 17:10:33.694+03,18,7,6
9920,2025-08-31 17:10:36.315+03,12,7,7
9920,2025-08-31 17:11:49.272+03,18,9,5
9920,2025-08-31 17:11:51.746+03,12,9,6
9920,2025-08-31 17:11:53.59+03,8,29,14
9920,2025-08-31 17:11:57.25+03,14,17,18
9920,2025-08-31 17:12:00.378+03,13,3,16
9920,2025-08-31 17:12:12.24+03,20,15,10
9920,2025-08-31 17:12:12.24+03,20,10,9
9920,2025-08-31 17:12:12.568+03,7,9,7
9920,2025-08-31 17:12:12.834+03,11,15,11
9920,2025-08-31 17:12:13.724+03,6,15,12
9920,2025-08-31 17:12:16.49+03,8,15,13
9920,2025-08-31 17:12:16.49+03,8,10,12
9920,2025-08-31 17:12:16.834+03,29,15,14
9920,2025-08-31 17:12:16.834+03,29,10,13
9920,2025-08-31 17:12:17.334+03,13,15,15
9920,2025-08-31 17:12:17.334+03,13,10,14
9920,2025-08-31 17:12:18.099+03,3,15,16
9920,2025-08-31 17:12:18.099+03,3,10,15
9920,2025-08-31 17:12:39.204+03,20,9,8
9920,2025-08-31 17:12:39.965+03,11,9,9
9920,2025-08-31 17:12:42.546+03,6,9,10
9920,2025-08-31 17:12:43.314+03,8,9,11
9920,2025-08-31 17:12:47.824+03,29,9,12
9920,2025-08-31 17:12:49.297+03,13,9,13
9920,2025-08-31 17:12:49.418+03,3,9,14
9920,2025-08-31 17:12:57.679+03,10,9,15
9920,2025-08-31 17:12:59.078+03,15,9,16
9920,2025-08-31 17:13:56.172+03,6,11,9
9920,2025-08-31 17:13:59.593+03,8,11,10
9920,2025-08-31 17:13:59.593+03,8,20,9
9920,2025-08-31 17:14:05.781+03,3,13,13
9920,2025-08-31 17:14:05.781+03,3,29,12
9920,2025-08-31 17:14:07.515+03,7,6,7
9920,2025-08-31 17:14:12.559+03,10,13,14
9920,2025-08-31 17:14:12.559+03,10,29,13
9920,2025-08-31 17:14:12.559+03,10,11,12
9920,2025-08-31 17:14:12.559+03,10,20,11
9920,2025-08-31 17:14:15.887+03,15,13,15
9920,2025-08-31 17:14:15.887+03,15,29,14
9920,2025-08-31 17:14:20.844+03,14,9,17
9920,2025-08-31 17:14:20.973+03,20,10,11
9920,2025-08-31 17:14:37.747+03,17,9,18
9920,2025-08-31 17:21:44.936+03,20,3,10
9920,2025-08-31 17:21:51.294+03,10,3,11
9920,2025-08-31 17:21:52.505+03,29,15,14
9920,2025-08-31 17:21:55.18+03,8,6,8
9920,2025-08-31 17:21:57.85+03,15,29,14
9920,2025-08-31 17:21:58.005+03,13,29,15
9920,2025-08-31 17:21:58.085+03,6,8,8
9920,2025-08-31 17:22:00.967+03,29,13,15
9920,2025-08-31 17:23:16.726+03,11,3,12
9920,2025-08-31 17:23:46.55+03,15,3,13
9920,2025-08-31 17:23:56.719+03,29,3,14
9920,2025-08-31 17:24:03.953+03,13,3,15
9920,2025-08-31 17:24:29.431+03,20,8,9
9920,2025-08-31 17:25:14.369+03,14,3,16
9920,2025-08-31 17:25:22.02+03,17,3,17
9920,2025-08-31 17:26:15.22+03,10,8,10
9920,2025-08-31 17:27:23.299+03,20,6,8
9920,2025-08-31 17:28:37.51+03,10,6,9
9920,2025-08-31 17:29:56.177+03,8,6,10
9920,2025-08-31 17:30:14.342+03,1,2,2
9920,2025-08-31 17:30:16.733+03,4,2,3
9920,2025-08-31 17:30:19.561+03,18,2,4
9920,2025-08-31 17:30:20.296+03,12,2,5
9920,2025-08-31 17:30:21.171+03,7,2,6
9920,2025-08-31 17:30:31.4+03,20,2,7
9920,2025-08-31 17:30:34.934+03,10,2,8
9920,2025-08-31 17:30:38.866+03,8,2,9
9920,2025-08-31 17:30:41.109+03,6,2,10
9920,2025-08-31 17:30:42.41+03,11,2,11
9920,2025-08-31 17:30:43.218+03,15,2,12
9920,2025-08-31 17:30:44.187+03,29,2,13
9920,2025-08-31 17:30:45.28+03,13,2,14
9920,2025-08-31 17:31:03.168+03,14,2,15
9920,2025-08-31 17:31:08.339+03,17,2,16
9920,2025-08-31 17:31:11.623+03,3,2,17
9920,2025-08-31 17:31:31.725+03,13,29,13
9920,2025-08-31 17:31:55.309+03,3,17,16
9920,2025-08-31 17:37:23.629+03,29,13,13
9920,2025-08-31 17:37:29.368+03,14,13,14
9920,2025-08-31 17:38:05.195+03,11,6,10
9920,2025-08-31 17:38:35.612+03,15,6,11
9920,2025-08-31 17:39:19.055+03,17,3,16
9920,2025-08-31 17:39:40.881+03,29,6,12
9920,2025-08-31 17:39:40.931+03,14,6,13
9920,2025-08-31 17:39:48.523+03,13,6,14
9920,2025-08-31 17:39:48.67+03,17,6,15
9920,2025-08-31 17:40:23.899+03,17,13,14
9920,2025-08-31 17:41:00.355+03,3,6,16
9920,2025-08-31 17:42:00.256+03,20,7,6
9920,2025-08-31 17:42:00.608+03,10,7,7
9920,2025-08-31 17:42:02.856+03,8,7,8
9920,2025-08-31 17:42:04.712+03,11,7,9
9920,2025-08-31 17:42:05.186+03,15,7,10
9920,2025-08-31 17:42:05.629+03,29,7,11
9920,2025-08-31 17:42:08.224+03,14,7,12
9920,2025-08-31 17:42:08.556+03,17,7,13
9920,2025-08-31 17:42:10.852+03,13,7,14
9920,2025-08-31 17:42:12.681+03,3,7,15
9928,2025-08-03 16:03:17.236+03,18,2,3
9928,2025-08-03 16:03:17.293+03,8,2,4
9928,2025-08-03 16:03:17.621+03,3,10,6
9928,2025-08-03 16:03:18.169+03,14,1,8
9928,2025-08-03 16:03:18.169+03,14,10,7
9928,2025-08-03 16:03:18.525+03,20,4,10
9928,2025-08-03 16:03:18.525+03,20,1,9
9928,2025-08-03 16:03:18.632+03,17,16,12
9928,2025-08-03 16:03:18.632+03,17,4,11
9928,2025-08-03 16:03:19.046+03,15,6,16
9928,2025-08-03 16:03:19.125+03,12,13,18
9928,2025-08-03 16:03:19.125+03,12,6,17
9928,2025-08-03 16:03:19.218+03,13,6,18
9928,2025-08-03 16:03:25.121+03,10,14,7
9928,2025-08-03 16:03:25.98+03,4,17,11
9928,2025-08-03 16:03:26.48+03,7,29,14
9928,2025-08-03 16:03:26.746+03,13,12,17
9928,2025-08-03 16:03:26.746+03,13,15,16
9928,2025-08-03 16:03:26.746+03,12,15,17
9928,2025-08-03 16:03:31.903+03,1,20,9
9928,2025-08-03 16:03:33.433+03,15,12,17
9928,2025-08-03 16:03:37.59+03,7,16,13
9928,2025-08-03 16:03:38.177+03,12,13,17
9928,2025-08-03 16:03:38.177+03,12,29,16
9928,2025-08-03 16:03:38.212+03,13,29,17
9928,2025-08-03 16:03:41.18+03,17,7,12
9928,2025-08-03 16:03:41.959+03,12,13,16
9928,2025-08-03 16:04:02.539+03,12,15,15
9928,2025-08-03 16:04:11.625+03,15,12,15
9928,2025-08-03 16:05:25.147+03,1,14,8
9928,2025-08-03 16:06:03.86+03,2,8,4
9928,2025-08-03 16:06:48.762+03,1,10,7
9928,2025-08-03 16:09:10.241+03,6,29,18
9928,2025-08-03 16:10:20.896+03,6,13,17
9928,2025-08-03 16:10:21.613+03,29,13,18
9928,2025-08-03 16:10:22.164+03,11,13,19
9928,2025-08-03 16:21:31.771+03,11,29,18
9928,2025-08-03 16:21:41.627+03,13,29,19
9928,2025-08-03 16:22:53.71+03,6,12,16
9928,2025-08-03 16:22:53.71+03,6,15,15
9928,2025-08-03 16:22:59.085+03,11,12,17
9928,2025-08-03 16:22:59.085+03,11,15,16
9928,2025-08-03 16:23:03.981+03,13,12,18
9928,2025-08-03 16:23:03.981+03,13,15,17
9928,2025-08-03 16:23:14.533+03,12,15,18
9928,2025-08-03 16:24:13.954+03,7,17,12
9928,2025-08-03 16:24:14.626+03,16,17,13
9928,2025-08-03 16:24:20.876+03,6,17,14
9928,2025-08-03 16:24:22.876+03,11,17,15
9928,2025-08-03 16:24:26.173+03,13,17,16
9928,2025-08-03 16:26:54.234+03,10,1,7
9928,2025-08-03 16:26:58.781+03,14,1,8
9928,2025-08-03 16:27:02.562+03,20,1,9
9928,2025-08-03 16:27:03.203+03,4,1,10
9928,2025-08-03 16:27:04.391+03,7,1,11
9928,2025-08-03 16:27:05.002+03,16,1,12
9928,2025-08-03 16:27:07.692+03,6,1,13
9928,2025-08-03 16:27:10.094+03,11,1,14
9928,2025-08-03 16:27:11.516+03,13,1,15
9928,2025-08-03 16:28:00.272+03,18,19,2
9928,2025-08-03 16:28:01.21+03,2,19,3
9928,2025-08-03 16:28:12.288+03,8,19,4
9928,2025-08-03 16:29:19.707+03,2,18,2
9928,2025-08-03 16:29:34.523+03,8,18,3
9928,2025-08-03 16:29:37.941+03,19,18,4
9928,2025-08-03 16:29:41.015+03,3,18,5
9928,2025-08-03 16:30:00.517+03,13,11,14
9928,2025-08-03 16:31:02.401+03,1,11,15
9928,2025-08-03 16:31:06.868+03,9,8,2
9928,2025-08-03 16:31:07.49+03,18,3,5
9928,2025-08-03 16:31:27.147+03,17,11,16
9928,2025-08-03 16:31:29.507+03,12,11,17
9928,2025-08-03 16:31:30.632+03,15,11,18
9928,2025-08-03 16:31:37.601+03,29,11,19
9928,2025-08-03 16:32:23.683+03,19,8,3
9928,2025-08-03 16:32:36.167+03,16,7,11
9928,2025-08-03 16:32:41.792+03,6,7,12
9928,2025-08-03 16:32:42.808+03,13,7,13
9928,2025-08-03 16:32:43.495+03,1,7,14
9928,2025-08-03 16:32:49.292+03,17,7,15
9928,2025-08-03 16:32:51.907+03,12,7,16
9928,2025-08-03 16:32:53.043+03,15,7,17
9928,2025-08-03 16:33:02.527+03,29,7,18
9928,2025-08-03 16:33:25.302+03,1,13,13
9928,2025-08-03 16:35:44.494+03,1,6,12
9928,2025-08-03 16:37:55.043+03,18,8,4
9928,2025-08-03 16:42:56.625+03,1,16,11
9928,2025-08-03 16:42:58.207+03,6,16,12
9928,2025-08-03 16:42:58.525+03,13,16,13
9928,2025-08-03 16:42:59.274+03,17,16,14
9928,2025-08-03 16:43:00.833+03,12,16,15
9928,2025-08-03 16:43:01.506+03,16,12,15
9928,2025-08-03 16:43:01.506+03,16,17,14
9928,2025-08-03 16:43:01.506+03,16,13,13
9928,2025-08-03 16:43:01.506+03,16,6,12
9928,2025-08-03 16:44:32.728+03,1,4,10
9928,2025-08-03 16:45:10.106+03,1,20,9
9928,2025-08-03 16:45:11.19+03,4,20,10
9928,2025-08-03 16:45:16.304+03,16,20,11
9928,2025-08-03 16:45:17.326+03,6,20,12
9928,2025-08-03 16:45:17.7+03,13,20,13
9928,2025-08-03 16:45:18.46+03,17,20,14
9928,2025-08-03 16:45:19.83+03,12,20,15
9928,2025-08-03 16:45:20.524+03,15,20,16
9928,2025-08-03 16:45:22.19+03,29,20,17
9928,2025-08-03 16:45:22.563+03,7,20,18
9928,2025-08-03 16:45:24.758+03,11,20,19
9928,2025-08-03 16:45:47.664+03,9,2,1
9928,2025-08-03 16:45:52.734+03,19,2,2
9928,2025-08-03 16:46:01.334+03,18,2,3
9928,2025-08-03 16:48:01.384+03,13,6,12
9928,2025-08-03 16:48:02.115+03,17,6,13
9928,2025-08-03 16:48:03.454+03,12,6,14
9928,2025-08-03 16:48:08.435+03,15,6,15
9928,2025-08-03 16:48:09.403+03,29,6,16
9928,2025-08-03 16:48:09.857+03,7,6,17
9928,2025-08-03 16:48:11.432+03,11,6,18
9928,2025-08-03 16:48:18.408+03,20,6,19
9928,2025-08-03 16:49:21.59+03,16,4,10
9928,2025-08-03 16:49:26.927+03,13,4,11
9928,2025-08-03 16:49:28.383+03,17,4,12
9928,2025-08-03 16:49:30.385+03,12,4,13
9928,2025-08-03 16:49:31.855+03,15,4,14
9928,2025-08-03 16:49:32.948+03,29,4,15
9928,2025-08-03 16:49:33.362+03,7,4,16
9928,2025-08-03 16:49:34.937+03,11,4,17
9928,2025-08-03 16:49:40.928+03,20,4,18
9928,2025-08-03 16:52:16.578+03,7,29,15
9928,2025-08-03 16:52:18.155+03,11,29,16
9928,2025-08-03 16:52:26.222+03,20,29,17
9928,2025-08-03 16:52:28.008+03,4,29,18
9928,2025-08-03 16:52:30.897+03,6,29,19
9928,2025-08-03 16:53:16.254+03,14,10,7
9928,2025-08-03 16:53:23.724+03,1,10,8
9928,2025-08-03 16:53:32.267+03,16,10,9
9928,2025-08-03 16:53:34.999+03,13,10,10
9928,2025-08-03 16:53:36.878+03,17,10,11
9928,2025-08-03 16:55:10.593+03,20,11,16
9928,2025-08-03 16:55:10.919+03,4,11,17
9928,2025-08-03 16:55:14.363+03,6,11,18
9928,2025-08-03 16:55:20.299+03,4,20,16
9928,2025-08-03 16:56:24.471+03,15,12,13
9928,2025-08-03 16:56:24.987+03,7,12,14
9928,2025-08-03 16:56:32.378+03,4,12,15
9928,2025-08-03 16:56:32.409+03,10,17,11
9928,2025-08-03 16:56:34.425+03,20,12,16
9928,2025-08-03 16:56:36.378+03,6,12,17
9928,2025-08-03 16:57:21.755+03,3,8,5
9928,2025-08-03 16:57:27.768+03,14,8,6
9928,2025-08-03 16:57:29.799+03,1,8,7
9928,2025-08-03 16:58:02.578+03,19,9,1
9928,2025-08-03 16:58:14.615+03,18,9,2
9928,2025-08-03 16:58:17.337+03,2,9,3
9928,2025-08-03 16:58:48.201+03,1,14,6
9928,2025-08-03 16:59:00.561+03,8,14,7
9928,2025-08-03 16:59:00.561+03,8,3,6
9928,2025-08-03 16:59:02.498+03,16,14,8
9928,2025-08-03 16:59:02.498+03,16,3,7
9928,2025-08-03 16:59:06.139+03,13,14,9
9928,2025-08-03 16:59:06.233+03,10,14,10
9928,2025-08-03 16:59:12.55+03,17,14,11
9928,2025-08-03 16:59:15.8+03,10,13,9
9928,2025-08-03 16:59:22.894+03,7,15,13
9928,2025-08-03 17:00:28.749+03,17,13,10
9928,2025-08-03 17:00:34.2+03,14,13,11
9928,2025-08-03 17:00:35.503+03,7,13,12
9928,2025-08-03 17:00:36.95+03,15,13,13
9928,2025-08-03 17:00:37.499+03,4,13,14
9928,2025-08-03 17:00:41.711+03,20,13,15
9928,2025-08-03 17:00:42.312+03,6,13,16
9928,2025-08-03 17:00:53.257+03,12,13,17
9928,2025-08-03 17:00:55.277+03,11,13,18
9928,2025-08-03 17:01:44.92+03,3,16,7
9928,2025-08-03 17:01:46.732+03,10,16,8
9928,2025-08-03 17:01:55.024+03,17,16,9
9928,2025-08-03 17:01:55.389+03,14,16,10
9928,2025-08-03 17:01:57.238+03,7,16,11
9928,2025-08-03 17:01:59.643+03,15,16,12
9928,2025-08-03 17:01:59.993+03,4,16,13
9928,2025-08-03 17:02:04+03,20,16,14
9928,2025-08-03 17:02:04.543+03,6,16,15
9928,2025-08-03 17:02:15.347+03,14,17,9
9928,2025-08-03 17:02:16.191+03,2,18,2
9928,2025-08-03 17:02:25.973+03,9,18,3
9928,2025-08-03 17:03:25.112+03,4,15,12
9928,2025-08-03 17:03:25.157+03,15,4,12
9928,2025-08-03 17:03:31.938+03,4,15,12
9928,2025-08-03 17:04:51.524+03,7,17,10
9928,2025-08-03 17:04:57.333+03,17,7,10
9928,2025-08-03 17:04:57.364+03,7,17,10
9928,2025-08-03 17:05:00.645+03,2,19,1
9928,2025-08-03 17:05:07.724+03,9,19,2
9928,2025-08-03 17:06:27.152+03,6,20,14
9928,2025-08-03 17:07:37.456+03,4,17,11
9928,2025-08-03 17:07:38.534+03,16,20,15
9928,2025-08-03 17:09:54.432+03,8,1,5
9928,2025-08-03 17:09:55.993+03,3,1,6
9928,2025-08-03 17:09:59.314+03,10,1,7
9928,2025-08-03 17:10:02.353+03,14,1,8
9928,2025-08-03 17:10:20.106+03,16,6,14
9928,2025-08-03 17:10:22.344+03,12,20,16
9928,2025-08-03 17:10:24.266+03,11,20,17
9928,2025-08-03 17:10:24.61+03,13,20,18
9928,2025-08-03 17:10:30.829+03,13,11,17
9928,2025-08-03 17:10:36.379+03,29,20,19
9928,2025-08-03 17:11:40.86+03,16,15,13
9928,2025-08-03 17:12:01.369+03,19,9,2
9928,2025-08-03 17:13:08.58+03,16,17,12
9928,2025-08-03 17:14:19.761+03,15,17,13
9928,2025-08-03 17:14:25.043+03,6,17,14
9928,2025-08-03 17:14:29.077+03,12,17,15
9928,2025-08-03 17:14:33.577+03,13,17,16
9928,2025-08-03 17:14:38.515+03,11,17,17
9928,2025-08-03 17:16:12.263+03,17,11,17
9928,2025-08-03 17:22:54.228+03,17,13,16
9928,2025-08-03 17:22:54.259+03,13,17,16
9928,2025-08-03 17:22:59.781+03,17,13,16
9928,2025-08-03 17:24:09.285+03,17,12,15
9928,2025-08-03 17:25:38.363+03,13,12,16
9928,2025-08-03 17:26:52.221+03,17,6,14
9928,2025-08-03 17:26:57.861+03,18,9,3
9928,2025-08-03 17:26:59.064+03,6,17,14
9928,2025-08-03 17:27:04.55+03,17,6,14
9928,2025-08-03 17:27:04.659+03,6,17,14
9928,2025-08-03 17:27:10.415+03,13,17,15
9928,2025-08-03 17:29:44.518+03,13,6,14
9928,2025-08-03 17:29:44.968+03,17,6,15
9928,2025-08-03 17:31:06.525+03,13,15,13
9928,2025-08-03 17:31:09.213+03,12,6,16
9928,2025-08-03 17:32:23.319+03,17,15,14
9928,2025-08-03 17:33:53.87+03,12,15,15
9928,2025-08-03 17:39:40.152+03,29,6,18
9934,2025-07-26 13:04:06.144+03,4,6,8
9934,2025-07-26 13:04:06.43+03,3,6,9
9934,2025-07-26 13:04:06.66+03,14,6,10
9934,2025-07-26 13:04:06.785+03,11,6,11
9934,2025-07-26 13:04:07.161+03,18,6,12
9934,2025-07-26 13:04:07.208+03,10,8,14
9934,2025-07-26 13:04:07.208+03,10,6,13
9934,2025-07-26 13:04:07.393+03,8,6,14
9934,2025-07-26 13:04:07.499+03,12,6,15
9934,2025-07-26 13:04:07.761+03,13,6,16
9934,2025-07-26 13:04:07.831+03,16,6,17
9934,2025-07-26 13:04:08.299+03,7,6,18
9934,2025-07-26 13:04:09.176+03,29,6,19
9934,2025-07-26 13:04:24.795+03,1,19,1
9934,2025-07-26 13:04:28.862+03,9,2,3
9934,2025-07-26 13:04:32.939+03,7,16,17
9934,2025-07-26 13:04:33.13+03,16,7,17
9934,2025-07-26 13:09:21.18+03,16,13,16
9934,2025-07-26 13:09:45.669+03,2,9,3
9934,2025-07-26 13:11:44.963+03,7,13,17
9934,2025-07-26 13:29:06.826+03,16,12,15
9934,2025-07-26 13:29:23.467+03,12,16,15
9934,2025-07-26 13:29:39.538+03,16,12,15
9939,2025-07-27 17:32:22.206+03,19,2,1
9939,2025-07-27 17:32:45.561+03,17,10,16
9939,2025-07-27 17:32:54.415+03,10,17,16
9939,2025-07-27 17:34:00.61+03,17,10,16
9939,2025-07-27 17:34:33.79+03,18,12,5
9939,2025-07-27 17:34:40.029+03,16,10,17
9939,2025-07-27 17:36:22.005+03,7,10,18
9939,2025-07-27 17:37:52.794+03,8,10,19
9939,2025-07-27 17:37:56.825+03,10,8,19
9939,2025-07-27 17:38:05.712+03,16,17,16
9939,2025-07-27 17:38:07.731+03,10,7,18
9939,2025-07-27 17:38:08.393+03,8,7,19
9939,2025-07-27 17:38:12.289+03,7,8,19
9939,2025-07-27 17:38:12.289+03,7,10,18
9939,2025-07-27 17:38:33.667+03,16,29,15
9939,2025-07-27 17:38:33.752+03,29,16,15
9939,2025-07-27 17:38:48.265+03,16,29,15
9939,2025-07-27 17:40:07.176+03,16,13,14
9939,2025-07-27 17:41:44.747+03,16,6,13
9939,2025-07-27 17:44:04.55+03,8,10,19
9939,2025-07-27 17:44:57.219+03,20,15,11
9939,2025-07-27 17:46:31.015+03,29,13,15
9939,2025-07-27 17:46:31.015+03,29,6,14
9939,2025-07-27 17:46:31.015+03,29,16,13
9939,2025-07-27 17:46:31.968+03,17,13,16
9939,2025-07-27 17:46:31.968+03,17,6,15
9939,2025-07-27 17:46:32.968+03,7,13,17
9939,2025-07-27 17:46:32.968+03,7,6,16
9939,2025-07-27 17:46:34.53+03,10,8,19
9939,2025-07-27 17:46:34.53+03,10,13,18
9939,2025-07-27 17:46:34.53+03,10,6,17
9939,2025-07-27 17:46:47.956+03,14,4,8
9939,2025-07-27 17:46:54.92+03,13,6,18
9939,2025-07-27 17:47:59.996+03,2,19,1
9939,2025-07-27 17:48:19.326+03,11,12,6
9939,2025-07-27 17:48:22.404+03,4,14,8
9939,2025-07-27 17:48:29.498+03,15,20,11
9939,2025-07-27 17:48:45.826+03,15,9,5
9939,2025-07-27 17:48:48.367+03,16,10,16
9939,2025-07-27 17:48:48.367+03,16,7,15
9939,2025-07-27 17:48:48.367+03,16,17,14
9939,2025-07-27 17:48:48.367+03,16,29,13
9939,2025-07-27 17:48:48.367+03,16,20,12
9939,2025-07-27 17:48:51.539+03,13,10,17
9939,2025-07-27 17:48:51.539+03,13,7,16
9939,2025-07-27 17:48:51.539+03,13,17,15
9939,2025-07-27 17:48:51.539+03,13,29,14
9939,2025-07-27 17:48:54.67+03,6,10,18
9939,2025-07-27 17:48:54.67+03,6,7,17
9939,2025-07-27 17:48:54.67+03,6,17,16
9939,2025-07-27 17:48:54.67+03,6,29,15
9939,2025-07-27 17:48:56.439+03,8,10,19
9939,2025-07-27 17:48:56.439+03,8,7,18
9939,2025-07-27 17:48:56.439+03,8,17,17
9939,2025-07-27 17:48:56.439+03,8,29,16
9939,2025-07-27 17:48:59.548+03,16,3,11
9939,2025-07-27 17:49:00.954+03,7,17,18
9939,2025-07-27 17:49:02.033+03,10,17,19
9939,2025-07-27 17:49:11.687+03,16,14,10
9939,2025-07-27 17:49:11.714+03,14,16,10
9939,2025-07-27 17:49:14.843+03,13,20,13
9939,2025-07-27 17:49:15.921+03,16,14,10
9939,2025-07-27 17:50:05.897+03,9,15,5
9939,2025-07-27 17:50:06.643+03,1,15,6
9939,2025-07-27 17:50:12.408+03,18,15,7
9939,2025-07-27 17:50:18.447+03,19,2,1
9939,2025-07-27 17:50:33.275+03,12,15,8
9939,2025-07-27 17:50:34.915+03,16,15,9
9939,2025-07-27 17:50:35.056+03,9,4,4
9939,2025-07-27 17:50:35.056+03,9,11,3
9939,2025-07-27 17:50:35.712+03,1,4,5
9939,2025-07-27 17:50:35.712+03,1,11,4
9939,2025-07-27 17:50:36.337+03,18,4,6
9939,2025-07-27 17:50:36.337+03,18,11,5
9939,2025-07-27 17:50:43.056+03,6,20,14
9939,2025-07-27 17:50:45.166+03,14,15,10
9939,2025-07-27 17:50:45.166+03,14,4,9
9939,2025-07-27 17:50:45.166+03,14,11,8
9939,2025-07-27 17:50:45.65+03,3,15,11
9939,2025-07-27 17:50:45.65+03,3,4,10
9939,2025-07-27 17:50:45.65+03,3,11,9
9939,2025-07-27 17:50:46.275+03,13,15,12
9939,2025-07-27 17:50:46.275+03,13,4,11
9939,2025-07-27 17:50:48.619+03,8,20,15
9939,2025-07-27 17:50:48.619+03,8,15,14
9939,2025-07-27 17:50:48.916+03,20,15,15
9939,2025-07-27 17:50:52.588+03,11,3,9
9939,2025-07-27 17:50:52.792+03,29,15,16
9939,2025-07-27 17:50:53.045+03,13,3,10
9939,2025-07-27 17:50:56.258+03,7,15,17
9939,2025-07-27 17:50:57.342+03,10,15,18
9939,2025-07-27 17:50:57.353+03,3,11,10
9939,2025-07-27 17:50:58.578+03,17,15,19
9939,2025-07-27 17:50:58.619+03,15,17,19
9939,2025-07-27 17:50:59.587+03,8,4,13
9939,2025-07-27 17:51:03.479+03,20,4,14
9939,2025-07-27 17:51:09.241+03,17,15,19
9939,2025-07-27 17:51:11.015+03,6,11,11
9939,2025-07-27 17:52:24.721+03,29,4,15
9939,2025-07-27 17:56:49.442+03,20,8,13
9939,2025-07-27 17:56:51.775+03,7,4,16
9939,2025-07-27 17:58:41.571+03,10,4,17
9939,2025-07-27 18:00:31.744+03,17,4,18
9939,2025-07-27 18:02:06.235+03,3,13,9
9939,2025-07-27 18:02:17.656+03,7,29,15
9939,2025-07-27 18:03:51.45+03,15,4,19
9939,2025-07-27 18:05:59.887+03,10,29,16
9939,2025-07-27 18:14:40.207+03,15,17,18
9939,2025-07-27 18:14:55.223+03,7,8,14
9939,2025-07-27 18:18:11.631+03,15,29,17
9939,2025-07-27 18:18:30.839+03,17,29,18
9939,2025-07-27 18:19:50.233+03,10,8,15
9939,2025-07-27 18:20:03.593+03,15,8,16
9939,2025-07-27 18:21:42.146+03,10,7,14
9939,2025-07-27 18:21:51.147+03,15,7,15
9939,2025-07-27 18:25:10.507+03,6,13,10
9939,2025-07-27 18:25:11.188+03,11,13,11
9939,2025-07-27 18:25:11.747+03,20,13,12
9939,2025-07-27 18:25:17.963+03,10,13,13
9939,2025-07-27 18:25:52.088+03,15,13,14
9939,2025-07-27 18:27:35.302+03,13,15,14
9939,2025-07-27 18:29:31.105+03,7,15,15
9939,2025-07-27 18:29:35.996+03,15,7,15
9939,2025-07-27 18:36:28.759+03,13,10,13
9939,2025-07-27 18:43:32.413+03,20,11,11
9939,2025-07-27 18:45:20.608+03,13,11,12
9947,2025-07-06 17:04:02.552+03,16,18,4
9947,2025-07-06 17:04:02.943+03,8,9,6
9947,2025-07-06 17:04:02.943+03,8,18,5
9947,2025-07-06 17:04:03.166+03,6,9,7
9947,2025-07-06 17:04:03.166+03,6,18,6
9947,2025-07-06 17:04:03.52+03,17,9,8
9947,2025-07-06 17:04:03.52+03,17,18,7
9947,2025-07-06 17:04:04.191+03,7,9,9
9947,2025-07-06 17:04:04.191+03,7,18,8
9947,2025-07-06 17:04:04.367+03,12,4,12
9947,2025-07-06 17:04:04.367+03,12,11,11
9947,2025-07-06 17:04:04.367+03,12,9,10
9947,2025-07-06 17:04:04.367+03,12,18,9
9947,2025-07-06 17:04:04.602+03,14,15,14
9947,2025-07-06 17:04:04.602+03,14,4,13
9947,2025-07-06 17:04:04.602+03,14,11,12
9947,2025-07-06 17:04:04.602+03,14,9,11
9947,2025-07-06 17:04:04.602+03,14,18,10
9947,2025-07-06 17:04:04.646+03,11,9,12
9947,2025-07-06 17:04:04.646+03,11,18,11
9947,2025-07-06 17:04:04.809+03,15,4,14
9947,2025-07-06 17:04:04.809+03,15,9,13
9947,2025-07-06 17:04:04.809+03,15,18,12
9947,2025-07-06 17:04:05.391+03,10,3,16
9947,2025-07-06 17:04:05.391+03,10,4,15
9947,2025-07-06 17:04:05.391+03,10,9,14
9947,2025-07-06 17:04:05.391+03,10,18,13
9947,2025-07-06 17:04:05.614+03,13,20,18
9947,2025-07-06 17:04:05.614+03,13,3,17
9947,2025-07-06 17:04:05.614+03,13,4,16
9947,2025-07-06 17:04:05.614+03,13,9,15
9947,2025-07-06 17:04:05.614+03,13,18,14
9947,2025-07-06 17:04:11.662+03,6,8,5
9947,2025-07-06 17:04:24.869+03,11,15,11
9947,2025-07-06 17:04:24.869+03,11,14,10
9947,2025-07-06 17:04:25.405+03,10,15,12
9947,2025-07-06 17:04:25.405+03,10,14,11
9947,2025-07-06 17:04:25.58+03,13,15,13
9947,2025-07-06 17:04:25.58+03,13,14,12
9947,2025-07-06 17:04:25.935+03,15,14,13
9947,2025-07-06 17:04:31.39+03,13,10,11
9947,2025-07-06 17:04:31.453+03,10,13,11
9947,2025-07-06 17:04:35.797+03,18,14,14
9947,2025-07-06 17:04:37.187+03,13,10,11
9947,2025-07-06 17:04:37.297+03,9,14,15
9947,2025-07-06 17:04:38.922+03,4,14,16
9947,2025-07-06 17:04:39.781+03,3,14,17
9947,2025-07-06 17:04:40.234+03,20,14,18
9947,2025-07-06 17:07:54.671+03,7,17,7
9947,2025-07-06 17:07:54.671+03,7,8,6
9947,2025-07-06 17:07:54.671+03,7,6,5
9947,2025-07-06 17:07:54.671+03,7,16,4
9947,2025-07-06 17:08:02.771+03,16,7,4
9947,2025-07-06 17:08:04.029+03,6,7,5
9947,2025-07-06 17:08:05.136+03,8,7,6
9947,2025-07-06 17:08:06.587+03,17,7,7
9947,2025-07-06 17:08:08.089+03,12,7,8
9947,2025-07-06 17:08:09.292+03,11,7,9
9947,2025-07-06 17:08:10.438+03,13,7,10
9947,2025-07-06 17:08:12.669+03,10,7,11
9947,2025-07-06 17:08:16.141+03,15,7,12
9947,2025-07-06 17:10:52.309+03,20,3,17
9947,2025-07-06 17:12:59.039+03,18,7,13
9947,2025-07-06 17:16:10.055+03,10,13,10
9947,2025-07-06 17:16:10.055+03,10,11,9
9947,2025-07-06 17:16:10.055+03,10,12,8
9947,2025-07-06 17:16:16.743+03,12,10,8
9947,2025-07-06 17:16:17.683+03,11,10,9
9947,2025-07-06 17:16:19.206+03,13,10,10
9947,2025-07-06 17:16:22.036+03,15,10,11
9947,2025-07-06 17:19:23.157+03,19,1,1
9947,2025-07-06 17:20:36.88+03,10,15,11
9947,2025-07-06 17:21:08.194+03,10,13,10
9947,2025-07-06 17:21:39.615+03,9,7,14
9947,2025-07-06 17:21:47.159+03,13,10,10
9947,2025-07-06 17:21:47.159+03,13,11,9
9947,2025-07-06 17:21:47.159+03,13,12,8
9947,2025-07-06 17:21:52.573+03,12,13,8
9947,2025-07-06 17:21:54.598+03,11,13,9
9947,2025-07-06 17:21:55.848+03,10,13,10
9947,2025-07-06 17:22:00.698+03,15,13,11
9947,2025-07-06 17:22:00.724+03,18,13,12
9947,2025-07-06 17:22:01.242+03,7,9,14
9947,2025-07-06 17:22:08.498+03,9,7,14
9947,2025-07-06 17:22:08.498+03,9,13,13
9947,2025-07-06 17:22:11.524+03,4,7,15
9947,2025-07-06 17:22:13.423+03,20,7,16
9947,2025-07-06 17:22:17.514+03,18,15,11
9947,2025-07-06 17:22:23.736+03,10,11,9
9947,2025-07-06 17:22:44.298+03,10,12,8
9947,2025-07-06 17:23:14.925+03,18,11,10
9947,2025-07-06 17:23:18.628+03,11,18,10
9947,2025-07-06 17:23:30.878+03,10,17,7
9947,2025-07-06 17:23:30.878+03,10,8,6
9947,2025-07-06 17:23:30.878+03,10,6,5
9947,2025-07-06 17:23:36.577+03,6,10,5
9947,2025-07-06 17:23:36.97+03,18,11,10
9947,2025-07-06 17:23:37.325+03,8,10,6
9947,2025-07-06 17:23:38.757+03,17,10,7
9947,2025-07-06 17:23:41.777+03,12,10,8
9947,2025-07-06 17:23:44.679+03,11,18,10
9947,2025-07-06 17:23:44.679+03,11,10,9
9947,2025-07-06 17:23:48.319+03,15,18,11
9947,2025-07-06 17:23:48.319+03,15,10,10
9947,2025-07-06 17:23:51.102+03,20,13,15
9947,2025-07-06 17:23:56.961+03,13,20,15
9947,2025-07-06 17:23:56.961+03,13,4,14
9947,2025-07-06 17:23:56.961+03,13,9,13
9947,2025-07-06 17:23:56.961+03,13,18,12
9947,2025-07-06 17:24:12.705+03,7,20,16
9947,2025-07-06 17:24:41.205+03,2,1,2
9947,2025-07-06 17:25:32.499+03,1,2,2
9947,2025-07-06 17:25:33.875+03,12,17,7
9947,2025-07-06 17:25:33.875+03,12,8,6
9947,2025-07-06 17:25:33.875+03,12,6,5
9947,2025-07-06 17:25:33.875+03,12,16,4
9947,2025-07-06 17:25:40.176+03,15,11,9
9947,2025-07-06 17:25:40.176+03,15,17,8
9947,2025-07-06 17:25:40.176+03,15,8,7
9947,2025-07-06 17:25:40.176+03,15,6,6
9947,2025-07-06 17:25:40.176+03,15,16,5
9947,2025-07-06 17:25:42.346+03,10,11,10
9947,2025-07-06 17:25:42.346+03,10,17,9
9947,2025-07-06 17:25:42.346+03,10,8,8
9947,2025-07-06 17:25:42.346+03,10,6,7
9947,2025-07-06 17:25:42.846+03,13,11,11
9947,2025-07-06 17:25:42.846+03,13,17,10
9947,2025-07-06 17:25:42.846+03,13,8,9
9947,2025-07-06 17:25:42.846+03,13,6,8
9947,2025-07-06 17:25:46.987+03,18,11,12
9947,2025-07-06 17:26:17.362+03,1,12,2
9947,2025-07-06 17:26:50+03,2,12,3
9947,2025-07-06 17:27:05.288+03,10,15,5
9947,2025-07-06 17:27:18.123+03,12,2,3
9947,2025-07-06 17:27:24.749+03,2,12,3
9947,2025-07-06 17:27:25.547+03,13,15,6
9947,2025-07-06 17:27:29.75+03,10,12,4
9947,2025-07-06 17:27:31.126+03,15,12,6
9947,2025-07-06 17:27:31.581+03,16,12,7
9947,2025-07-06 17:27:32.845+03,6,12,8
9947,2025-07-06 17:27:34.619+03,8,12,9
9947,2025-07-06 17:27:34.919+03,18,12,10
9947,2025-07-06 17:27:36.815+03,17,12,11
9947,2025-07-06 17:27:43.17+03,13,10,4
9947,2025-07-06 17:27:50.301+03,10,13,4
9947,2025-07-06 17:27:54.672+03,18,8,9
9947,2025-07-06 17:28:22.2+03,6,16,7
9947,2025-07-06 17:28:58.539+03,7,9,14
9947,2025-07-06 17:29:00.867+03,6,15,6
9947,2025-07-06 17:29:01.96+03,4,9,15
9947,2025-07-06 17:29:03.181+03,9,4,15
9947,2025-07-06 17:29:03.181+03,9,7,14
9947,2025-07-06 17:39:54.444+03,18,16,8
9947,2025-07-06 17:40:04.399+03,16,18,8
9947,2025-07-06 17:40:04.399+03,16,15,7
9947,2025-07-06 17:40:09.649+03,18,15,8
9947,2025-07-06 17:40:37.705+03,9,11,13
9947,2025-07-06 17:41:04.543+03,20,4,16
9947,2025-07-06 17:41:04.543+03,20,7,15
9947,2025-07-06 17:41:51.557+03,15,18,8
9947,2025-07-06 17:41:51.557+03,15,16,7
9947,2025-07-06 17:41:51.557+03,15,6,6
9947,2025-07-06 17:41:58.764+03,6,15,6
9947,2025-07-06 17:42:00.197+03,16,15,7
9947,2025-07-06 17:42:01.816+03,18,15,8
9947,2025-07-06 17:42:03.322+03,8,15,9
9947,2025-07-06 17:42:05.103+03,17,15,10
9947,2025-07-06 17:42:06.228+03,12,15,11
9947,2025-07-06 17:42:08.259+03,9,15,12
9947,2025-07-06 17:42:10.572+03,11,15,13
9947,2025-07-06 17:42:11.353+03,20,15,14
9947,2025-07-06 17:42:12.338+03,7,15,15
9947,2025-07-06 17:47:11.968+03,7,20,14
9947,2025-07-06 17:47:11.968+03,7,11,13
9947,2025-07-06 17:47:11.968+03,7,9,12
9947,2025-07-06 17:47:11.968+03,7,12,11
9947,2025-07-06 17:47:11.968+03,7,17,10
9947,2025-07-06 17:47:11.968+03,7,8,9
9947,2025-07-06 17:47:11.968+03,7,18,8
9947,2025-07-06 17:47:11.968+03,7,16,7
9947,2025-07-06 17:47:11.968+03,7,6,6
9947,2025-07-06 17:47:12.108+03,6,7,6
9947,2025-07-06 17:47:22.296+03,16,7,7
9947,2025-07-06 17:47:23.857+03,18,7,8
9947,2025-07-06 17:47:24.927+03,8,7,9
9947,2025-07-06 17:47:26.348+03,17,7,10
9947,2025-07-06 17:47:27.458+03,12,7,11
9947,2025-07-06 17:47:29.584+03,9,7,12
9947,2025-07-06 17:47:31.287+03,11,7,13
9947,2025-07-06 17:47:31.877+03,20,7,14
9947,2025-07-06 17:47:33.053+03,15,7,15
9947,2025-07-06 17:49:09.888+03,1,19,1
9947,2025-07-06 17:49:19.685+03,19,1,1
9947,2025-07-06 17:49:34.353+03,2,1,2
9947,2025-07-06 17:49:35.034+03,10,1,3
9947,2025-07-06 17:49:35.631+03,13,1,4
9947,2025-07-06 17:49:36.136+03,6,1,5
9947,2025-07-06 17:49:36.602+03,16,1,6
9947,2025-07-06 17:49:36.935+03,18,1,7
9947,2025-07-06 17:49:37.853+03,8,1,8
9947,2025-07-06 17:49:52.962+03,17,1,9
9947,2025-07-06 17:50:20.07+03,12,1,10
9947,2025-07-06 17:50:32.403+03,20,11,13
9947,2025-07-06 17:50:36.965+03,1,12,10
9947,2025-07-06 17:50:39.785+03,11,20,13
9947,2025-07-06 17:50:39.903+03,15,20,14
9947,2025-07-06 17:50:40.731+03,7,20,15
9947,2025-07-06 17:50:45.933+03,20,7,15
9947,2025-07-06 17:50:45.933+03,20,15,14
9947,2025-07-06 17:50:45.933+03,20,11,13
9947,2025-07-06 17:50:52.31+03,11,20,13
9947,2025-07-06 17:50:52.686+03,15,20,14
9947,2025-07-06 17:51:29.638+03,15,11,13
9947,2025-07-06 17:54:30.411+03,18,16,6
9947,2025-07-06 17:57:41.458+03,20,11,14
9947,2025-07-06 17:58:20.957+03,16,18,6
9947,2025-07-06 18:03:50.506+03,16,6,5
9947,2025-07-06 18:04:36.529+03,20,15,13
9947,2025-07-06 18:12:06.294+03,13,10,3
9947,2025-07-06 18:12:38.743+03,1,17,9
9947,2025-07-06 18:12:42.963+03,16,10,4
9947,2025-07-06 18:13:05.235+03,9,12,11
9947,2025-07-06 18:17:41.264+03,8,18,7
9947,2025-07-06 18:17:46.565+03,18,8,7
9947,2025-07-06 18:17:49.814+03,1,8,8
9947,2025-07-06 18:17:55.13+03,17,8,9
9947,2025-07-06 18:17:55.802+03,9,8,10
9947,2025-07-06 18:17:57.181+03,12,8,11
9947,2025-07-06 18:17:58.375+03,20,8,12
9947,2025-07-06 18:17:59.385+03,15,8,13
9947,2025-07-06 18:18:59.9+03,11,8,14
9947,2025-07-06 18:19:22.816+03,18,6,6
9947,2025-07-06 18:19:28.878+03,6,18,6
9947,2025-07-06 18:19:30.957+03,1,18,7
9947,2025-07-06 18:19:37.863+03,17,18,8
9947,2025-07-06 18:19:38.254+03,9,18,9
9947,2025-07-06 18:19:39.846+03,12,18,10
9947,2025-07-06 18:19:41+03,20,18,11
9947,2025-07-06 18:19:42.058+03,15,18,12
9947,2025-07-06 18:19:56.928+03,9,17,8
9947,2025-07-06 18:21:02.416+03,11,18,13
9947,2025-07-06 18:23:11.92+03,1,6,6
9947,2025-07-06 18:24:38.508+03,9,6,7
9947,2025-07-06 18:24:38.508+03,9,1,6
9947,2025-07-06 18:24:38.508+03,9,10,5
9947,2025-07-06 18:24:40.551+03,20,12,10
9947,2025-07-06 18:24:46.202+03,12,20,10
9947,2025-07-06 18:24:46.202+03,12,17,9
9947,2025-07-06 18:24:46.202+03,12,6,8
9947,2025-07-06 18:24:46.202+03,12,1,7
9947,2025-07-06 18:24:46.202+03,12,10,6
9947,2025-07-06 18:24:48.027+03,15,20,11
9947,2025-07-06 18:24:48.027+03,15,17,10
9947,2025-07-06 18:24:48.027+03,15,6,9
9947,2025-07-06 18:24:48.027+03,15,1,8
9947,2025-07-06 18:24:59.883+03,9,16,4
9947,2025-07-06 18:25:12.052+03,18,11,13
9947,2025-07-06 18:25:13.855+03,8,11,14
9947,2025-07-06 18:26:20.527+03,12,16,5
9947,2025-07-06 18:26:26.268+03,16,12,5
9947,2025-07-06 18:26:26.268+03,16,9,4
9947,2025-07-06 18:26:33.504+03,10,15,7
9947,2025-07-06 18:26:33.504+03,10,12,6
9947,2025-07-06 18:26:33.504+03,10,9,5
9947,2025-07-06 18:26:40.415+03,1,15,8
9947,2025-07-06 18:26:40.415+03,1,12,7
9947,2025-07-06 18:26:41.727+03,6,15,9
9947,2025-07-06 18:26:41.727+03,6,12,8
9947,2025-07-06 18:26:51.649+03,17,15,10
9947,2025-07-06 18:27:00.924+03,2,19,1
9947,2025-07-06 18:27:06.338+03,17,12,9
9947,2025-07-06 18:27:25.293+03,18,20,12
9947,2025-07-06 18:27:25.293+03,18,15,11
9947,2025-07-06 18:27:25.793+03,8,20,13
9947,2025-07-06 18:27:25.793+03,8,15,12
9947,2025-07-06 18:27:28.09+03,20,15,13
9947,2025-07-06 18:28:09.131+03,8,18,11
9947,2025-07-06 18:28:13.169+03,12,17,9
9947,2025-07-06 18:28:13.169+03,12,9,8
9947,2025-07-06 18:28:14.153+03,8,17,10
9947,2025-07-06 18:28:14.153+03,8,9,9
9947,2025-07-06 18:28:14.771+03,18,17,11
9947,2025-07-06 18:28:14.771+03,18,9,10
9947,2025-07-06 18:28:16.581+03,20,17,12
9947,2025-07-06 18:28:16.581+03,20,9,11
9947,2025-07-06 18:28:17.469+03,17,9,12
9947,2025-07-06 18:28:23.669+03,15,9,13
9947,2025-07-06 18:29:40.552+03,8,12,8
9947,2025-07-06 18:39:14.869+03,1,10,5
9947,2025-07-06 18:41:28.577+03,12,8,8
9947,2025-07-06 18:41:49.439+03,6,10,6
9955,2025-06-29 16:18:09.288+03,19,9,2
9955,2025-06-29 16:18:09.585+03,18,16,4
9955,2025-06-29 16:18:09.757+03,1,14,6
9955,2025-06-29 16:18:11.327+03,11,15,17
9955,2025-06-29 16:18:11.327+03,11,10,16
9955,2025-06-29 16:18:11.53+03,13,17,19
9955,2025-06-29 16:18:15.781+03,20,29,14
9955,2025-06-29 16:18:23.99+03,20,4,13
9955,2025-06-29 16:18:25.251+03,3,14,7
9955,2025-06-29 16:18:31.959+03,6,7,9
9955,2025-06-29 16:18:31.959+03,6,14,8
9955,2025-06-29 16:18:31.959+03,6,3,7
9955,2025-06-29 16:18:31.959+03,6,1,6
9955,2025-06-29 16:18:31.986+03,3,1,7
9955,2025-06-29 16:18:32.037+03,12,8,11
9955,2025-06-29 16:18:32.037+03,12,7,10
9955,2025-06-29 16:18:32.037+03,12,14,9
9955,2025-06-29 16:18:32.037+03,12,1,8
9955,2025-06-29 16:18:32.037+03,12,3,7
9955,2025-06-29 16:18:32.343+03,14,1,9
9955,2025-06-29 16:18:32.711+03,8,7,11
9955,2025-06-29 16:18:32.711+03,8,1,10
9955,2025-06-29 16:18:32.75+03,29,4,14
9955,2025-06-29 16:18:32.75+03,29,20,13
9955,2025-06-29 16:18:32.75+03,29,7,12
9955,2025-06-29 16:18:32.75+03,29,1,11
9955,2025-06-29 16:18:32.821+03,20,7,13
9955,2025-06-29 16:18:32.821+03,20,1,12
9955,2025-06-29 16:18:32.963+03,10,11,16
9955,2025-06-29 16:18:32.963+03,10,4,15
9955,2025-06-29 16:18:32.963+03,10,7,14
9955,2025-06-29 16:18:32.963+03,10,1,13
9955,2025-06-29 16:18:33.221+03,11,4,16
9955,2025-06-29 16:18:33.221+03,11,7,15
9955,2025-06-29 16:18:33.221+03,11,1,14
9955,2025-06-29 16:18:33.719+03,4,7,16
9955,2025-06-29 16:18:33.719+03,4,1,15
9955,2025-06-29 16:18:33.757+03,15,13,18
9955,2025-06-29 16:18:33.757+03,15,7,17
9955,2025-06-29 16:18:33.757+03,15,1,16
9955,2025-06-29 16:18:33.944+03,13,7,18
9955,2025-06-29 16:18:33.944+03,13,1,17
9955,2025-06-29 16:18:47.35+03,8,29,10
9955,2025-06-29 16:18:53.047+03,13,4,16
9955,2025-06-29 16:18:54.305+03,16,18,4
9955,2025-06-29 16:18:58.142+03,15,11,14
9955,2025-06-29 16:18:58.831+03,4,13,16
9955,2025-06-29 16:21:40.685+03,4,11,15
9955,2025-06-29 16:21:47.473+03,11,4,15
9955,2025-06-29 16:21:49.176+03,13,4,16
9955,2025-06-29 16:23:41.923+03,20,29,11
9955,2025-06-29 16:23:47.758+03,29,20,11
9955,2025-06-29 16:24:59.686+03,20,29,11
9955,2025-06-29 16:29:40.92+03,12,6,6
9955,2025-06-29 16:31:42.901+03,19,2,1
9955,2025-06-29 16:31:55.526+03,2,19,1
9955,2025-06-29 16:32:54.57+03,29,20,11
9955,2025-06-29 16:32:54.833+03,10,20,12
9955,2025-06-29 16:32:55.574+03,15,20,13
9955,2025-06-29 16:32:56.261+03,11,20,14
9955,2025-06-29 16:33:00.033+03,13,20,15
9955,2025-06-29 16:33:00.66+03,4,20,16
9955,2025-06-29 16:33:14.336+03,10,29,11
9955,2025-06-29 16:33:20.179+03,29,10,11
9955,2025-06-29 16:33:25.508+03,15,10,12
9955,2025-06-29 16:33:30.695+03,3,6,7
9955,2025-06-29 16:33:34.898+03,10,15,12
9955,2025-06-29 16:33:34.93+03,6,3,7
9955,2025-06-29 16:33:39.133+03,15,10,12
9955,2025-06-29 16:33:40.18+03,3,6,7
9955,2025-06-29 16:34:04.167+03,14,6,8
9955,2025-06-29 16:34:04.573+03,8,6,9
9955,2025-06-29 16:34:06.6+03,29,6,10
9955,2025-06-29 16:34:09.132+03,4,13,15
9955,2025-06-29 16:34:10.366+03,15,6,11
9955,2025-06-29 16:34:10.882+03,10,6,12
9955,2025-06-29 16:34:11.475+03,11,6,13
9955,2025-06-29 16:34:28.038+03,20,13,16
9955,2025-06-29 16:34:39.138+03,15,29,10
9955,2025-06-29 16:34:54.63+03,20,6,15
9955,2025-06-29 16:35:14.31+03,3,12,6
9955,2025-06-29 16:35:19.008+03,14,12,7
9955,2025-06-29 16:35:19.7+03,8,12,8
9955,2025-06-29 16:35:20.811+03,10,29,11
9955,2025-06-29 16:35:21.207+03,11,29,12
9955,2025-06-29 16:35:21.464+03,4,29,13
9955,2025-06-29 16:35:22.398+03,15,12,9
9955,2025-06-29 16:35:38.961+03,20,29,14
9955,2025-06-29 16:35:39.498+03,6,29,15
9955,2025-06-29 16:35:48.496+03,13,29,16
9955,2025-06-29 16:36:58.736+03,11,10,10
9955,2025-06-29 16:37:25.781+03,6,20,14
9955,2025-06-29 16:37:57.392+03,6,12,13
9955,2025-06-29 16:37:58.427+03,20,12,14
9955,2025-06-29 16:38:01.408+03,13,12,15
9955,2025-06-29 16:38:07.101+03,29,12,16
9955,2025-06-29 16:41:11.863+03,3,18,5
9955,2025-06-29 16:41:16.966+03,14,18,6
9955,2025-06-29 16:41:17.724+03,8,18,7
9955,2025-06-29 16:41:21.75+03,15,18,8
9955,2025-06-29 16:41:22.177+03,10,11,10
9955,2025-06-29 16:41:22.586+03,4,11,11
9955,2025-06-29 16:41:34.252+03,6,11,12
9955,2025-06-29 16:41:36.058+03,20,11,13
9955,2025-06-29 16:41:37.456+03,13,11,14
9955,2025-06-29 16:41:39.423+03,29,11,15
9955,2025-06-29 16:41:47.662+03,4,10,9
9955,2025-06-29 16:41:52.399+03,10,4,9
9955,2025-06-29 16:41:54.585+03,4,10,9
9955,2025-06-29 16:42:02.4+03,10,4,9
9955,2025-06-29 16:42:38.009+03,10,15,8
9955,2025-06-29 16:42:38.437+03,4,15,9
9955,2025-06-29 16:42:43.885+03,18,15,10
9955,2025-06-29 16:42:45.556+03,6,15,11
9955,2025-06-29 16:42:47.498+03,20,15,12
9955,2025-06-29 16:42:48.058+03,13,15,13
9955,2025-06-29 16:42:50.426+03,29,15,14
9955,2025-06-29 16:43:01.287+03,11,15,15
9955,2025-06-29 16:43:14.363+03,19,2,1
9955,2025-06-29 16:43:22.126+03,15,11,15
9955,2025-06-29 16:43:23.827+03,9,2,2
9955,2025-06-29 16:43:26.631+03,16,2,3
9955,2025-06-29 16:44:14.822+03,13,20,12
9955,2025-06-29 16:44:20.887+03,20,13,12
9955,2025-06-29 16:44:48.673+03,14,3,5
9955,2025-06-29 16:44:49.536+03,8,3,6
9955,2025-06-29 16:45:02.864+03,10,3,7
9955,2025-06-29 16:45:03.363+03,4,3,8
9955,2025-06-29 16:45:06.287+03,18,3,9
9955,2025-06-29 16:45:08.086+03,6,3,10
9955,2025-06-29 16:45:16.11+03,13,20,12
9955,2025-06-29 16:45:16.11+03,13,3,11
9955,2025-06-29 16:45:19.454+03,20,3,12
9955,2025-06-29 16:46:58.264+03,3,20,12
9955,2025-06-29 16:48:08.734+03,9,19,1
9955,2025-06-29 16:48:11.984+03,16,19,2
9955,2025-06-29 16:48:17.77+03,2,19,3
9955,2025-06-29 16:49:16.002+03,4,10,7
9955,2025-06-29 16:49:16.327+03,18,10,8
9955,2025-06-29 16:49:20.156+03,16,9,1
9955,2025-06-29 16:49:27.453+03,2,9,2
9955,2025-06-29 16:49:33.672+03,19,9,3
9955,2025-06-29 16:49:44.187+03,14,9,4
9955,2025-06-29 16:49:44.89+03,8,9,5
9955,2025-06-29 16:50:13.177+03,18,4,7
9955,2025-06-29 16:50:15.318+03,6,10,9
9955,2025-06-29 16:50:30.036+03,13,10,10
9955,2025-06-29 16:50:33.552+03,2,16,1
9955,2025-06-29 16:50:34.849+03,3,10,11
9955,2025-06-29 16:50:43.569+03,19,16,2
9955,2025-06-29 16:50:49.81+03,14,16,3
9955,2025-06-29 16:50:50.653+03,8,16,4
9955,2025-06-29 16:50:50.966+03,9,16,5
9955,2025-06-29 16:51:05.169+03,20,10,12
9955,2025-06-29 16:51:06.2+03,29,10,13
9955,2025-06-29 16:51:06.607+03,15,10,14
9955,2025-06-29 16:51:11.872+03,11,10,15
9955,2025-06-29 16:51:12.622+03,9,8,4
9955,2025-06-29 16:51:25.857+03,15,29,13
9955,2025-06-29 16:51:31.622+03,29,15,13
9955,2025-06-29 16:51:33.763+03,13,6,9
9955,2025-06-29 16:51:45.968+03,3,6,10
9955,2025-06-29 16:52:17.966+03,9,14,3
9955,2025-06-29 16:52:33.413+03,3,13,9
9955,2025-06-29 16:52:48.357+03,15,29,13
9955,2025-06-29 16:53:21.466+03,16,8,5
9955,2025-06-29 16:53:24.751+03,3,4,8
9955,2025-06-29 16:53:25.77+03,13,4,9
9955,2025-06-29 16:53:30.889+03,6,4,10
9955,2025-06-29 16:53:31.466+03,20,4,11
9955,2025-06-29 16:53:33.089+03,15,4,12
9955,2025-06-29 16:53:34.082+03,29,4,13
9955,2025-06-29 16:53:34.66+03,11,4,14
9955,2025-06-29 16:54:00.514+03,16,14,4
9955,2025-06-29 16:55:01.804+03,11,29,13
9955,2025-06-29 16:55:07.579+03,29,11,13
9955,2025-06-29 16:55:20.212+03,15,20,11
9955,2025-06-29 16:55:22.618+03,11,29,13
9955,2025-06-29 16:55:59.041+03,29,11,13
9955,2025-06-29 16:56:09.487+03,4,11,14
9955,2025-06-29 16:56:12.665+03,10,11,15
9955,2025-06-29 16:58:01.106+03,8,14,5
9955,2025-06-29 16:58:08.584+03,18,14,6
9955,2025-06-29 16:58:10.841+03,3,14,7
9955,2025-06-29 16:58:13.841+03,13,14,8
9955,2025-06-29 16:58:17.155+03,6,14,9
9955,2025-06-29 16:58:17.296+03,15,14,10
9955,2025-06-29 16:58:18.952+03,20,14,11
9955,2025-06-29 16:58:33.468+03,15,6,9
9955,2025-06-29 16:59:15.727+03,18,8,5
9955,2025-06-29 16:59:21.712+03,3,8,6
9955,2025-06-29 16:59:24.837+03,13,8,7
9955,2025-06-29 16:59:28.115+03,15,8,8
9955,2025-06-29 16:59:29.7+03,6,8,9
9955,2025-06-29 16:59:30.249+03,20,8,10
9955,2025-06-29 16:59:41.294+03,14,8,11
9955,2025-06-29 17:01:03.835+03,20,6,9
9955,2025-06-29 17:02:24.43+03,4,29,13
9955,2025-06-29 17:05:19.31+03,14,6,10
9955,2025-06-29 17:05:27.872+03,8,6,11
9955,2025-06-29 17:05:33.951+03,4,6,12
9955,2025-06-29 17:05:38.888+03,29,6,13
9955,2025-06-29 17:05:39.185+03,10,6,14
9955,2025-06-29 17:05:52.911+03,10,29,13
9955,2025-06-29 17:06:36.919+03,14,20,9
9955,2025-06-29 17:06:41.153+03,8,20,10
9955,2025-06-29 17:06:44.294+03,4,20,11
9955,2025-06-29 17:06:50.044+03,10,20,12
9955,2025-06-29 17:07:01.45+03,6,29,14
9955,2025-06-29 17:07:04.341+03,11,29,15
9955,2025-06-29 17:10:01.147+03,15,13,7
9955,2025-06-29 17:10:10.568+03,14,13,8
9955,2025-06-29 17:10:11.333+03,8,13,9
9955,2025-06-29 17:10:15.021+03,4,13,10
9955,2025-06-29 17:13:30.573+03,3,18,5
9955,2025-06-29 17:13:36.981+03,15,18,6
9955,2025-06-29 17:13:41.216+03,14,18,7
9955,2025-06-29 17:13:42.076+03,8,18,8
9955,2025-06-29 17:13:51.779+03,4,18,9
9955,2025-06-29 17:14:21.873+03,18,4,9
9955,2025-06-29 17:16:42.106+03,20,10,12
9955,2025-06-29 17:17:47.521+03,16,9,3
9955,2025-06-29 17:18:19.924+03,15,3,5
9955,2025-06-29 17:18:21.806+03,14,3,6
9955,2025-06-29 17:18:22.635+03,8,3,7
9955,2025-06-29 17:18:24.711+03,18,3,8
9955,2025-06-29 17:18:28.396+03,4,3,9
9955,2025-06-29 17:19:09.423+03,9,16,3
9955,2025-06-29 17:19:28.797+03,14,15,5
9955,2025-06-29 17:19:29.688+03,8,15,6
9955,2025-06-29 17:19:34.717+03,18,15,7
9955,2025-06-29 17:19:39.086+03,4,15,8
9955,2025-06-29 17:19:46.803+03,3,15,9
9955,2025-06-29 17:19:48.235+03,13,15,10
9955,2025-06-29 17:19:57.497+03,20,15,11
9955,2025-06-29 17:20:27.77+03,15,20,11
9955,2025-06-29 17:20:52.27+03,19,2,1
9955,2025-06-29 17:22:21.635+03,2,19,1
9955,2025-06-29 17:22:38.998+03,6,10,13
9955,2025-06-29 17:23:25.541+03,18,8,6
9955,2025-06-29 17:23:36.775+03,11,10,14
9955,2025-06-29 17:23:37.119+03,29,10,15
9955,2025-06-29 17:24:05.659+03,29,11,14
9955,2025-06-29 17:24:35.613+03,18,14,5
9955,2025-06-29 17:25:51.957+03,3,4,8
9955,2025-06-29 17:27:10.031+03,13,4,9
9955,2025-06-29 17:28:21.976+03,15,4,10
9955,2025-06-29 17:31:58.738+03,10,11,15
9955,2025-06-29 17:38:00.661+03,10,29,14
9955,2025-06-29 17:38:01.251+03,20,4,11
9955,2025-06-29 17:39:47.353+03,3,8,7
9955,2025-06-29 17:39:53.2+03,8,3,7
9963,2025-06-15 21:03:18.76+03,2,8,6
9963,2025-06-15 21:03:19.432+03,29,12,9
9963,2025-06-15 21:03:19.885+03,4,13,11
9963,2025-06-15 21:03:20.26+03,13,4,11
9963,2025-06-15 21:03:20.26+03,15,20,13
9963,2025-06-15 21:03:20.651+03,20,15,13
9963,2025-06-15 21:03:21.088+03,17,3,15
9963,2025-06-15 21:03:21.182+03,11,10,17
9963,2025-06-15 21:03:21.354+03,10,11,17
9963,2025-06-15 21:03:21.948+03,7,19,3
9963,2025-06-15 21:03:21.963+03,19,7,3
9963,2025-06-15 21:03:22.682+03,8,2,6
9963,2025-06-15 21:03:25.166+03,7,19,3
9963,2025-06-15 21:03:27.369+03,4,13,11
9963,2025-06-15 21:03:27.541+03,20,13,12
9963,2025-06-15 21:03:27.698+03,13,20,12
9963,2025-06-15 21:03:27.698+03,13,4,11
9963,2025-06-15 21:03:28.698+03,10,3,16
9963,2025-06-15 21:03:28.744+03,11,3,17
9963,2025-06-15 21:03:28.916+03,3,11,17
9963,2025-06-15 21:03:28.916+03,3,10,16
9963,2025-06-15 21:03:32.838+03,11,10,17
9963,2025-06-15 21:03:48.932+03,12,29,9
9963,2025-06-15 21:03:54.042+03,29,12,9
9963,2025-06-15 21:03:54.463+03,13,12,10
9963,2025-06-15 21:03:54.87+03,4,12,11
9963,2025-06-15 21:03:55.401+03,20,12,12
9963,2025-06-15 21:03:55.776+03,15,12,13
9963,2025-06-15 21:03:56.307+03,17,12,14
9963,2025-06-15 21:03:56.588+03,3,12,15
9963,2025-06-15 21:03:56.948+03,11,12,16
9963,2025-06-15 21:03:57.323+03,10,12,17
9963,2025-06-15 21:03:57.885+03,12,10,17
9963,2025-06-15 21:03:57.885+03,12,11,16
9963,2025-06-15 21:03:57.885+03,12,3,15
9963,2025-06-15 21:03:57.885+03,12,17,14
9963,2025-06-15 21:03:57.885+03,12,15,13
9963,2025-06-15 21:03:57.885+03,12,20,12
9963,2025-06-15 21:03:57.885+03,12,4,11
9963,2025-06-15 21:04:01.104+03,4,12,11
9963,2025-06-15 21:04:01.12+03,12,4,11
9963,2025-06-15 21:04:08.401+03,4,12,11
9963,2025-06-15 21:04:27.182+03,3,17,15
9963,2025-06-15 21:17:04.02+03,2,8,6
9963,2025-06-15 21:18:29.42+03,7,1,2
9963,2025-06-15 21:18:32.07+03,19,1,3
9963,2025-06-15 21:18:34.14+03,16,1,4
9963,2025-06-15 21:18:36.921+03,2,1,5
9963,2025-06-15 21:18:39.229+03,8,1,6
9963,2025-06-15 21:18:40.615+03,9,1,7
9963,2025-06-15 21:18:41.429+03,12,4,11
9963,2025-06-15 21:18:44.363+03,13,1,8
9963,2025-06-15 21:18:58.599+03,15,20,13
9963,2025-06-15 21:19:26.505+03,15,4,12
9963,2025-06-15 21:19:45.412+03,9,8,6
9963,2025-06-15 21:19:45.802+03,17,3,15
9963,2025-06-15 21:19:48.021+03,7,18,1
9963,2025-06-15 21:19:49.052+03,19,18,2
9963,2025-06-15 21:19:50.818+03,3,17,15
9963,2025-06-15 21:19:51.318+03,16,18,3
9963,2025-06-15 21:19:53.287+03,2,18,4
9963,2025-06-15 21:19:57.271+03,9,18,5
9963,2025-06-15 21:19:57.802+03,8,18,6
9963,2025-06-15 21:20:10.021+03,20,4,13
9963,2025-06-15 21:20:10.459+03,3,4,14
9963,2025-06-15 21:20:10.849+03,17,4,15
9963,2025-06-15 21:20:11.427+03,11,4,16
9963,2025-06-15 21:20:12.74+03,10,4,17
9963,2025-06-15 21:20:14.146+03,14,4,18
9963,2025-06-15 21:20:16.287+03,6,4,19
9963,2025-06-15 21:21:06.1+03,19,7,1
9963,2025-06-15 21:21:08.85+03,16,7,2
9963,2025-06-15 21:21:09.772+03,2,7,3
9963,2025-06-15 21:21:13.99+03,9,7,4
9963,2025-06-15 21:21:16.553+03,8,7,5
9963,2025-06-15 21:21:17.6+03,18,7,6
9963,2025-06-15 21:21:19.365+03,13,7,7
9963,2025-06-15 21:21:20.1+03,1,7,8
9963,2025-06-15 21:21:25.131+03,12,29,10
9963,2025-06-15 21:21:27.069+03,15,29,11
9963,2025-06-15 21:21:28.428+03,20,29,12
9963,2025-06-15 21:21:28.662+03,3,29,13
9963,2025-06-15 21:21:29.584+03,17,29,14
9963,2025-06-15 21:21:30.303+03,29,4,19
9963,2025-06-15 21:21:30.303+03,29,6,18
9963,2025-06-15 21:21:30.303+03,29,14,17
9963,2025-06-15 21:21:30.303+03,4,29,19
9963,2025-06-15 21:21:30.303+03,29,10,16
9963,2025-06-15 21:21:31.053+03,10,29,16
9963,2025-06-15 21:21:32.428+03,14,29,17
9963,2025-06-15 21:21:34.319+03,6,29,18
9963,2025-06-15 21:21:52.803+03,18,8,5
9963,2025-06-15 21:22:14.913+03,2,16,2
9963,2025-06-15 21:22:24.866+03,1,13,7
9963,2025-06-15 21:22:30.362+03,9,16,3
9963,2025-06-15 21:22:34.354+03,18,16,4
9963,2025-06-15 21:22:36.494+03,1,8,6
9963,2025-06-15 21:22:36.494+03,1,16,5
9963,2025-06-15 21:22:37.291+03,13,8,7
9963,2025-06-15 21:22:37.291+03,13,16,6
9963,2025-06-15 21:22:40.01+03,7,8,8
9963,2025-06-15 21:22:40.01+03,7,16,7
9963,2025-06-15 21:22:43.26+03,12,8,9
9963,2025-06-15 21:22:43.26+03,12,16,8
9963,2025-06-15 21:22:45.088+03,15,8,10
9963,2025-06-15 21:22:46.338+03,20,8,11
9963,2025-06-15 21:22:46.713+03,3,8,12
9963,2025-06-15 21:22:47.479+03,17,8,13
9963,2025-06-15 21:22:48.182+03,11,8,14
9963,2025-06-15 21:22:49.635+03,10,8,15
9963,2025-06-15 21:22:50.791+03,14,8,16
9963,2025-06-15 21:22:52.729+03,15,16,9
9963,2025-06-15 21:23:00.01+03,6,8,17
9963,2025-06-15 21:23:40.901+03,17,3,12
9963,2025-06-15 21:23:43.479+03,2,19,1
9963,2025-06-15 21:23:46.901+03,9,19,2
9963,2025-06-15 21:23:50.198+03,18,19,3
9963,2025-06-15 21:23:52.417+03,1,19,4
9963,2025-06-15 21:23:53.635+03,11,3,13
9963,2025-06-15 21:23:55.432+03,13,19,5
9963,2025-06-15 21:23:56.026+03,7,19,6
9963,2025-06-15 21:24:35.667+03,7,13,5
9963,2025-06-15 21:25:10.902+03,17,20,11
9963,2025-06-15 21:26:19.824+03,19,13,6
9963,2025-06-15 21:26:29.777+03,11,20,12
9963,2025-06-15 21:26:42.824+03,3,20,13
9963,2025-06-15 21:26:43.777+03,10,20,14
9963,2025-06-15 21:26:44.559+03,14,20,15
9963,2025-06-15 21:26:45.121+03,6,20,16
9963,2025-06-15 21:26:45.512+03,8,20,17
9963,2025-06-15 21:26:54.074+03,29,20,18
9963,2025-06-15 21:26:56.496+03,4,20,19
9963,2025-06-15 21:27:38.293+03,8,6,16
9963,2025-06-15 21:27:43.84+03,15,12,8
9963,2025-06-15 21:27:55.778+03,15,13,7
9963,2025-06-15 21:27:56.372+03,12,13,8
9963,2025-06-15 21:27:56.575+03,16,13,9
9963,2025-06-15 21:27:57.028+03,17,13,10
9963,2025-06-15 21:27:59.372+03,11,13,11
9963,2025-06-15 21:28:00.872+03,3,13,12
9963,2025-06-15 21:28:01.591+03,10,13,13
9963,2025-06-15 21:28:02.325+03,14,13,14
9963,2025-06-15 21:28:02.591+03,8,13,15
9963,2025-06-15 21:28:03.356+03,6,13,16
9963,2025-06-15 21:28:04.231+03,16,12,8
9963,2025-06-15 21:28:12.138+03,17,12,9
9963,2025-06-15 21:29:05.6+03,16,15,7
9963,2025-06-15 21:29:12.298+03,8,14,14
9963,2025-06-15 21:29:55.899+03,8,10,13
9963,2025-06-15 21:30:23.021+03,11,12,10
9963,2025-06-15 21:31:46.699+03,3,12,11
9963,2025-06-15 21:32:03.246+03,8,12,12
9963,2025-06-15 21:33:00.309+03,8,3,11
9963,2025-06-15 21:33:03.371+03,10,12,13
9963,2025-06-15 21:33:16.241+03,14,12,14
9963,2025-06-15 21:33:16.616+03,6,12,15
9963,2025-06-15 21:33:19.659+03,13,12,16
9963,2025-06-15 21:33:21.55+03,29,12,17
9963,2025-06-15 21:33:22.925+03,4,12,18
9963,2025-06-15 21:33:25.888+03,20,12,19
9963,2025-06-15 21:34:33.869+03,14,10,13
9963,2025-06-15 21:34:34.572+03,6,10,14
9963,2025-06-15 21:34:36.791+03,13,10,15
9963,2025-06-15 21:34:39.088+03,29,10,16
9963,2025-06-15 21:34:40.354+03,4,10,17
9963,2025-06-15 21:34:42.557+03,20,10,18
9963,2025-06-15 21:36:16.836+03,18,9,2
9963,2025-06-15 21:39:02.037+03,1,9,3
9963,2025-06-15 21:39:08.053+03,7,9,4
9963,2025-06-15 21:39:10.474+03,19,9,5
9963,2025-06-15 21:39:28.943+03,8,11,10
9963,2025-06-15 21:40:16.203+03,18,2,1
9963,2025-06-15 21:40:18.067+03,1,2,2
9963,2025-06-15 21:40:23.781+03,7,2,3
9963,2025-06-15 21:40:26.266+03,19,2,4
9963,2025-06-15 21:45:53.106+03,8,17,9
9963,2025-06-15 21:47:18.928+03,13,6,14
9963,2025-06-15 21:48:39.779+03,13,14,13
9963,2025-06-15 21:48:41.607+03,29,6,15
9963,2025-06-15 21:50:27.42+03,7,1,2
9963,2025-06-15 21:50:29.483+03,19,1,3
9963,2025-06-15 21:50:35.233+03,2,1,4
9963,2025-06-15 21:50:39.546+03,9,1,5
9963,2025-06-15 21:50:59.889+03,8,15,8
9963,2025-06-15 21:51:09.608+03,13,3,12
9963,2025-06-15 21:51:11.64+03,29,14,14
9963,2025-06-15 21:51:44.687+03,19,7,2
9963,2025-06-15 21:51:50.421+03,2,7,3
9963,2025-06-15 21:51:54.687+03,9,7,4
9963,2025-06-15 21:52:12.171+03,1,7,5
9963,2025-06-15 21:52:42.656+03,6,14,15
9963,2025-06-15 21:52:43.25+03,4,14,16
9963,2025-06-15 21:52:43.5+03,20,14,17
9963,2025-06-15 21:52:43.984+03,10,14,18
9963,2025-06-15 21:52:44.359+03,12,14,19
9963,2025-06-15 21:56:46.936+03,19,18,1
9963,2025-06-15 21:56:50.233+03,2,18,2
9963,2025-06-15 21:56:55.405+03,9,18,3
9963,2025-06-15 21:57:43.062+03,4,6,15
9963,2025-06-15 21:59:00.893+03,20,6,16
9963,2025-06-15 22:00:02.472+03,10,6,17
9963,2025-06-15 22:00:36.863+03,2,19,1
9963,2025-06-15 22:00:42.035+03,9,19,2
9963,2025-06-15 22:00:44.613+03,18,19,3
9963,2025-06-15 22:00:47.863+03,1,19,4
9963,2025-06-15 22:00:57.394+03,7,19,5
9963,2025-06-15 22:01:37.161+03,12,6,18
9963,2025-06-15 22:01:51.391+03,20,4,15
9963,2025-06-15 22:01:53.792+03,6,12,18
9963,2025-06-15 22:03:12.727+03,9,2,1
9963,2025-06-15 22:03:15.258+03,18,2,2
9963,2025-06-15 22:03:18.414+03,1,2,3
9963,2025-06-15 22:03:20.352+03,7,2,4
9963,2025-06-15 22:03:22.492+03,19,2,5
9963,2025-06-15 22:04:08.118+03,14,12,19
9963,2025-06-15 22:04:10.477+03,4,20,15
9963,2025-06-15 22:04:18.961+03,20,4,15
9963,2025-06-15 22:05:14.618+03,13,11,11
9963,2025-06-15 22:06:50.213+03,29,3,13
9963,2025-06-15 22:06:52.447+03,20,3,14
9963,2025-06-15 22:06:52.931+03,4,3,15
9963,2025-06-15 22:06:53.666+03,10,3,16
9963,2025-06-15 22:06:54.494+03,6,3,17
9963,2025-06-15 22:07:48.747+03,15,8,8
9963,2025-06-15 22:07:51.451+03,17,8,9
9963,2025-06-15 22:07:53.966+03,13,8,10
9963,2025-06-15 22:07:57.185+03,11,8,11
9963,2025-06-15 22:09:27.42+03,6,10,16
9963,2025-06-15 22:09:42.623+03,3,10,17
9963,2025-06-15 22:09:46.967+03,14,10,18
9963,2025-06-15 22:10:46.827+03,18,9,1
9963,2025-06-15 22:10:49.061+03,1,9,2
9963,2025-06-15 22:10:50.53+03,7,9,3
9963,2025-06-15 22:10:50.874+03,19,9,4
9963,2025-06-15 22:10:54.577+03,2,9,5
9963,2025-06-15 22:11:35.687+03,8,11,11
9963,2025-06-15 22:12:13.89+03,3,6,16
9963,2025-06-15 22:13:26.703+03,10,14,18
9963,2025-06-15 22:14:20.954+03,20,29,13
9963,2025-06-15 22:14:29.141+03,29,20,13
9963,2025-06-15 22:15:24.063+03,13,17,9
9963,2025-06-15 22:15:47.72+03,29,11,12
9963,2025-06-15 22:15:48.376+03,20,11,13
9963,2025-06-15 22:15:54.595+03,4,11,14
9963,2025-06-15 22:16:37.386+03,8,17,10
9963,2025-06-15 22:16:47.636+03,13,15,8
9963,2025-06-15 22:16:48.886+03,8,15,9
9963,2025-06-15 22:17:18.996+03,29,17,11
9963,2025-06-15 22:18:12.433+03,17,29,11
9963,2025-06-15 22:19:34.038+03,20,29,12
9963,2025-06-15 22:21:43.295+03,8,13,8
9963,2025-06-15 22:23:24.437+03,11,4,14
9963,2025-06-15 22:26:00.704+03,11,29,13
9963,2025-06-15 22:26:03.173+03,3,4,15
9963,2025-06-15 22:26:19.423+03,6,4,16
9963,2025-06-15 22:26:38.128+03,2,19,4
9963,2025-06-15 22:26:42.95+03,19,2,4
9963,2025-06-15 22:26:50.31+03,2,19,4
9963,2025-06-15 22:26:54.185+03,19,2,4
9963,2025-06-15 22:27:28.935+03,9,2,5
9963,2025-06-15 22:28:03.607+03,16,2,6
9963,2025-06-15 22:28:42.311+03,8,2,7
9963,2025-06-15 22:28:45.389+03,13,2,8
9963,2025-06-15 22:29:04.014+03,15,2,9
9963,2025-06-15 22:29:05.03+03,17,2,10
9963,2025-06-15 22:29:27.28+03,20,2,11
9963,2025-06-15 22:29:29.292+03,11,2,12
9963,2025-06-15 22:29:33.604+03,29,2,13
9963,2025-06-15 22:29:34.497+03,3,2,14
9963,2025-06-15 22:29:38.318+03,6,2,15
9963,2025-06-15 22:29:43.821+03,4,2,16
9963,2025-06-15 22:29:46.127+03,10,2,17
9971,2025-06-01 16:03:27.858+03,1,2,2
9971,2025-06-01 16:03:28.284+03,9,7,6
9971,2025-06-01 16:03:28.897+03,3,12,11
9971,2025-06-01 16:03:29.093+03,14,12,12
9971,2025-06-01 16:03:29.144+03,13,20,14
9971,2025-06-01 16:03:29.144+03,13,12,13
9971,2025-06-01 16:03:29.363+03,20,12,14
9971,2025-06-01 16:03:29.562+03,29,17,17
9971,2025-06-01 16:03:29.562+03,29,15,16
9971,2025-06-01 16:03:31.767+03,4,6,8
9971,2025-06-01 16:03:31.967+03,8,14,10
9971,2025-06-01 16:03:32.241+03,12,20,14
9971,2025-06-01 16:03:32.241+03,12,13,13
9971,2025-06-01 16:03:32.241+03,12,3,12
9971,2025-06-01 16:03:32.327+03,3,12,12
9971,2025-06-01 16:03:32.327+03,3,14,11
9971,2025-06-01 16:03:32.545+03,17,15,17
9971,2025-06-01 16:03:32.545+03,17,29,16
9971,2025-06-01 16:03:32.545+03,17,20,15
9971,2025-06-01 16:03:32.545+03,17,13,14
9971,2025-06-01 16:03:32.562+03,13,17,14
9971,2025-06-01 16:03:32.562+03,13,12,13
9971,2025-06-01 16:03:32.643+03,20,17,15
9971,2025-06-01 16:03:32.66+03,15,29,17
9971,2025-06-01 16:03:32.745+03,29,15,17
9971,2025-06-01 16:03:32.745+03,29,17,16
9971,2025-06-01 16:03:35.998+03,7,9,6
9971,2025-06-01 16:03:35.998+03,7,16,5
9971,2025-06-01 16:03:35.998+03,7,18,4
9971,2025-06-01 16:03:36.05+03,16,18,5
9971,2025-06-01 16:03:36.05+03,16,7,4
9971,2025-06-01 16:03:36.693+03,6,4,8
9971,2025-06-01 16:03:37.197+03,3,8,10
9971,2025-06-01 16:03:37.227+03,8,3,10
9971,2025-06-01 16:03:37.332+03,13,14,12
9971,2025-06-01 16:03:37.661+03,12,14,13
9971,2025-06-01 16:03:38.303+03,15,17,17
9971,2025-06-01 16:03:38.303+03,15,29,16
9971,2025-06-01 16:03:38.327+03,17,29,17
9971,2025-06-01 16:03:39.427+03,18,7,5
9971,2025-06-01 16:03:41.059+03,14,12,13
9971,2025-06-01 16:03:41.059+03,14,13,12
9971,2025-06-01 16:03:43.298+03,9,7,6
9971,2025-06-01 16:03:44.63+03,13,14,12
9971,2025-06-01 16:03:56.389+03,4,6,8
9971,2025-06-01 16:04:01.428+03,9,18,5
9971,2025-06-01 16:04:12.232+03,13,3,11
9971,2025-06-01 16:04:15.025+03,6,4,8
9971,2025-06-01 16:04:29.125+03,8,4,9
9971,2025-06-01 16:04:34.272+03,4,8,9
9971,2025-06-01 16:04:55.681+03,13,8,10
9971,2025-06-01 16:04:55.681+03,8,13,10
9971,2025-06-01 16:04:55.943+03,13,8,10
9971,2025-06-01 16:05:07.861+03,8,13,10
9971,2025-06-01 16:05:14.805+03,13,8,10
9971,2025-06-01 16:11:42.252+03,20,12,14
9971,2025-06-01 16:11:42.962+03,15,12,15
9971,2025-06-01 16:11:44.051+03,17,12,16
9971,2025-06-01 16:11:44.739+03,29,12,17
9971,2025-06-01 16:11:49.186+03,11,12,18
9971,2025-06-01 16:14:27.883+03,15,20,14
9971,2025-06-01 16:14:30.369+03,17,20,15
9971,2025-06-01 16:14:34.775+03,29,20,16
9971,2025-06-01 16:15:02.86+03,12,11,18
9971,2025-06-01 16:15:45.08+03,8,13,10
9971,2025-06-01 16:15:48.783+03,9,16,4
9971,2025-06-01 16:15:51.972+03,3,13,11
9971,2025-06-01 16:15:52.688+03,14,13,12
9971,2025-06-01 16:15:54.311+03,29,17,15
9971,2025-06-01 16:15:54.423+03,15,13,13
9971,2025-06-01 16:16:11.919+03,20,17,16
9971,2025-06-01 16:16:17.798+03,12,17,17
9971,2025-06-01 16:16:18.132+03,11,17,18
9971,2025-06-01 16:16:23.314+03,11,12,17
9971,2025-06-01 16:17:05.035+03,4,6,8
9971,2025-06-01 16:17:07.388+03,8,6,9
9971,2025-06-01 16:17:14.69+03,3,6,10
9971,2025-06-01 16:17:15.37+03,14,6,11
9971,2025-06-01 16:17:17.231+03,15,6,12
9971,2025-06-01 16:17:20.134+03,29,6,13
9971,2025-06-01 16:19:40.943+03,2,1,2
9971,2025-06-01 16:20:06.061+03,14,3,10
9971,2025-06-01 16:20:36.174+03,14,8,9
9971,2025-06-01 16:20:37.236+03,3,8,10
9971,2025-06-01 16:21:03.085+03,9,1,3
9971,2025-06-01 16:21:05.892+03,16,1,4
9971,2025-06-01 16:21:07.486+03,18,1,5
9971,2025-06-01 16:21:10.016+03,7,1,6
9971,2025-06-01 16:21:14.834+03,4,1,7
9971,2025-06-01 16:22:52.538+03,6,29,13
9971,2025-06-01 16:22:58.667+03,13,29,14
9971,2025-06-01 16:23:01.152+03,20,29,15
9971,2025-06-01 16:23:04.188+03,11,29,16
9971,2025-06-01 16:23:05.857+03,12,29,17
9971,2025-06-01 16:23:16.952+03,17,29,18
9971,2025-06-01 16:23:38.081+03,1,4,7
9971,2025-06-01 16:24:11.235+03,15,8,11
9971,2025-06-01 16:24:14.562+03,6,8,12
9971,2025-06-01 16:24:20.452+03,13,8,13
9971,2025-06-01 16:24:23.27+03,20,8,14
9971,2025-06-01 16:24:25.884+03,11,8,15
9971,2025-06-01 16:24:27.618+03,12,8,16
9971,2025-06-01 16:24:43.254+03,17,8,17
9971,2025-06-01 16:24:43.265+03,29,8,18
9971,2025-06-01 16:25:09.685+03,18,16,4
9971,2025-06-01 16:25:16.415+03,7,16,5
9971,2025-06-01 16:25:17.814+03,1,16,6
9971,2025-06-01 16:25:21.914+03,4,16,7
9971,2025-06-01 16:25:29.264+03,14,16,8
9971,2025-06-01 16:26:22.7+03,1,7,5
9971,2025-06-01 16:26:34.754+03,18,9,3
9971,2025-06-01 16:26:37.86+03,1,9,4
9971,2025-06-01 16:26:38.502+03,7,9,5
9971,2025-06-01 16:26:44.467+03,4,9,6
9971,2025-06-01 16:27:35.761+03,8,29,18
9971,2025-06-01 16:28:12.871+03,16,14,8
9971,2025-06-01 16:28:19.873+03,8,17,17
9971,2025-06-01 16:28:22.076+03,3,14,9
9971,2025-06-01 16:28:23.635+03,15,14,10
9971,2025-06-01 16:28:23.958+03,6,14,11
9971,2025-06-01 16:28:25.944+03,13,14,12
9971,2025-06-01 16:28:29.056+03,20,14,13
9971,2025-06-01 16:28:29.159+03,6,15,10
9971,2025-06-01 16:28:31.396+03,11,14,14
9971,2025-06-01 16:28:33.001+03,12,14,15
9971,2025-06-01 16:28:36.159+03,1,18,3
9971,2025-06-01 16:29:28.855+03,9,4,6
9971,2025-06-01 16:29:37.908+03,16,4,7
9971,2025-06-01 16:29:42.356+03,6,3,9
9971,2025-06-01 16:29:44.257+03,15,3,10
9971,2025-06-01 16:29:44.662+03,13,3,11
9971,2025-06-01 16:29:51.398+03,20,3,12
9971,2025-06-01 16:29:53.576+03,11,3,13
9971,2025-06-01 16:29:55.042+03,12,3,14
9971,2025-06-01 16:29:58.971+03,14,3,15
9971,2025-06-01 16:30:01.324+03,8,3,16
9971,2025-06-01 16:30:02.121+03,20,4,11
9971,2025-06-01 16:30:03.142+03,17,3,17
9971,2025-06-01 16:30:03.841+03,29,3,18
9971,2025-06-01 16:30:11.69+03,4,20,11
9971,2025-06-01 16:30:45.868+03,7,18,4
9971,2025-06-01 16:30:53.273+03,9,18,5
9971,2025-06-01 16:30:58.648+03,16,18,6
9971,2025-06-01 16:31:08.825+03,4,15,10
9971,2025-06-01 16:31:11.521+03,20,15,11
9971,2025-06-01 16:31:16.548+03,11,15,12
9971,2025-06-01 16:31:17.318+03,12,15,13
9971,2025-06-01 16:31:20.307+03,14,15,14
9971,2025-06-01 16:31:22.216+03,8,15,15
9971,2025-06-01 16:31:25.038+03,17,15,16
9971,2025-06-01 16:31:26.304+03,29,15,17
9971,2025-06-01 16:31:31.274+03,3,15,18
9971,2025-06-01 16:31:57.613+03,1,2,2
9971,2025-06-01 16:32:13.384+03,9,7,4
9971,2025-06-01 16:32:19.85+03,16,7,5
9971,2025-06-01 16:32:24.246+03,18,7,6
9971,2025-06-01 16:32:32.59+03,6,7,7
9971,2025-06-01 16:33:17.259+03,1,19,1
9971,2025-06-01 16:35:16.7+03,7,6,7
9971,2025-06-01 16:35:21.116+03,4,13,9
9971,2025-06-01 16:36:44.532+03,12,11,12
9971,2025-06-01 16:36:45.068+03,14,11,13
9971,2025-06-01 16:36:45.52+03,8,11,14
9971,2025-06-01 16:36:52.395+03,17,11,15
9971,2025-06-01 16:36:56.781+03,29,11,16
9971,2025-06-01 16:36:57.289+03,3,11,17
9971,2025-06-01 16:36:58.388+03,15,11,18
9971,2025-06-01 16:36:58.723+03,14,12,12
9971,2025-06-01 16:37:02.307+03,3,29,16
9971,2025-06-01 16:37:05.944+03,8,12,13
9971,2025-06-01 16:37:06.505+03,4,6,8
9971,2025-06-01 16:38:25.945+03,15,29,17
9971,2025-06-01 16:38:53.881+03,17,12,14
9971,2025-06-01 16:39:36.06+03,3,12,15
9971,2025-06-01 16:39:38.488+03,15,12,16
9971,2025-06-01 16:39:44.538+03,29,12,17
9971,2025-06-01 16:39:48.632+03,11,12,18
9971,2025-06-01 16:40:49.417+03,13,6,9
9971,2025-06-01 16:42:32.813+03,11,29,17
9971,2025-06-01 16:42:38.861+03,19,1,1
9971,2025-06-01 16:42:47.13+03,2,1,2
9971,2025-06-01 16:42:51.978+03,9,1,3
9971,2025-06-01 16:46:18.733+03,20,6,10
9971,2025-06-01 16:46:19.152+03,14,6,11
9971,2025-06-01 16:46:20.22+03,8,6,12
9971,2025-06-01 16:46:25.763+03,17,6,13
9971,2025-06-01 16:46:26.337+03,3,6,14
9971,2025-06-01 16:46:28.46+03,15,6,15
9971,2025-06-01 16:46:31.413+03,11,6,16
9971,2025-06-01 16:49:15.491+03,3,17,13
9971,2025-06-01 16:50:29.934+03,14,20,10
9971,2025-06-01 16:50:30.627+03,15,17,14
9971,2025-06-01 16:50:31.51+03,11,17,15
9971,2025-06-01 16:50:40.349+03,6,17,16
9971,2025-06-01 16:50:49.976+03,29,17,17
9971,2025-06-01 16:50:56.051+03,1,9,3
9971,2025-06-01 16:51:45.213+03,8,20,11
9971,2025-06-01 16:51:54.087+03,3,20,12
9971,2025-06-01 16:51:55.779+03,15,20,13
9971,2025-06-01 16:51:56.332+03,11,20,14
9971,2025-06-01 16:52:01.634+03,6,20,15
9971,2025-06-01 16:53:43.004+03,17,29,17
9971,2025-06-01 16:54:49.324+03,11,15,13
9971,2025-06-01 16:57:47.953+03,16,9,4
9971,2025-06-01 16:57:49.817+03,18,9,5
9971,2025-06-01 16:59:21.481+03,9,18,5
9971,2025-06-01 16:59:25.109+03,7,18,6
9971,2025-06-01 17:01:18.394+03,3,8,11
9971,2025-06-01 17:01:27.916+03,11,8,12
9971,2025-06-01 17:01:30.942+03,15,8,13
9971,2025-06-01 17:01:39.012+03,6,8,14
9971,2025-06-01 17:01:39.141+03,20,8,15
9971,2025-06-01 17:01:48.076+03,17,8,16
9971,2025-06-01 17:02:21.367+03,8,17,16
9971,2025-06-01 17:02:50.957+03,6,15,13
9971,2025-06-01 17:02:56.823+03,20,15,14
9971,2025-06-01 17:03:02.988+03,8,15,15
9971,2025-06-01 17:03:03.883+03,17,15,16
9971,2025-06-01 17:03:12.372+03,18,7,6
9971,2025-06-01 17:04:08.536+03,3,14,10
9971,2025-06-01 17:04:12.274+03,6,11,12
9971,2025-06-01 17:04:17.313+03,20,11,13
9971,2025-06-01 17:04:21.588+03,8,11,14
9971,2025-06-01 17:04:24.676+03,17,11,15
9971,2025-06-01 17:04:36.958+03,15,11,16
9971,2025-06-01 17:05:33.095+03,3,13,9
9971,2025-06-01 17:05:58.686+03,9,16,4
9971,2025-06-01 17:06:05.706+03,18,16,5
9971,2025-06-01 17:06:10.25+03,7,16,6
9971,2025-06-01 17:06:24.798+03,13,3,9
9971,2025-06-01 17:07:15.706+03,11,15,16
9971,2025-06-01 17:10:10.903+03,16,7,6
9971,2025-06-01 17:10:55.162+03,6,3,10
9971,2025-06-01 17:10:56.142+03,20,3,11
9971,2025-06-01 17:10:56.675+03,14,3,12
9971,2025-06-01 17:11:02.251+03,8,3,13
9971,2025-06-01 17:11:08.445+03,17,3,14
9971,2025-06-01 17:11:11.836+03,11,3,15
9971,2025-06-01 17:11:12.986+03,15,3,16
9971,2025-06-01 17:13:50.178+03,14,20,11
9971,2025-06-01 17:14:02.363+03,8,20,12
9971,2025-06-01 17:17:01.944+03,4,7,7
9971,2025-06-01 17:17:23.47+03,13,7,8
9971,2025-06-01 17:17:32.929+03,6,7,9
9971,2025-06-01 17:17:35.985+03,14,7,10
9971,2025-06-01 17:17:36.046+03,8,7,11
9971,2025-06-01 17:17:39.982+03,20,7,12
9971,2025-06-01 17:17:41.326+03,17,7,13
9971,2025-06-01 17:17:42.337+03,11,7,14
9971,2025-06-01 17:17:44.514+03,15,7,15
9971,2025-06-01 17:17:48.634+03,3,7,16
9971,2025-06-01 17:18:06.637+03,15,11,14
9971,2025-06-01 17:18:10.396+03,17,20,12
9971,2025-06-01 17:18:10.396+03,17,8,11
9971,2025-06-01 17:18:12.054+03,15,20,13
9971,2025-06-01 17:18:12.054+03,15,8,12
9971,2025-06-01 17:18:15.997+03,3,11,15
9971,2025-06-01 17:18:15.997+03,3,20,14
9971,2025-06-01 17:18:15.997+03,3,8,13
9971,2025-06-01 17:18:16.955+03,29,7,17
9971,2025-06-01 17:20:23.014+03,15,17,11
9971,2025-06-01 17:20:24.242+03,3,17,12
9971,2025-06-01 17:20:24.825+03,8,17,13
9971,2025-06-01 17:20:25.602+03,20,17,14
9971,2025-06-01 17:20:27.336+03,11,17,15
9971,2025-06-01 17:28:41.142+03,9,1,3
9971,2025-06-01 17:28:47.554+03,13,4,7
9971,2025-06-01 17:28:51.172+03,1,9,3
9971,2025-06-01 17:28:54.143+03,9,1,3
9971,2025-06-01 17:28:54.653+03,3,15,11
9971,2025-06-01 17:29:08.572+03,8,15,12
9971,2025-06-01 17:31:36.667+03,20,15,13
9971,2025-06-01 17:32:57.656+03,11,15,14
9971,2025-06-01 17:33:02.831+03,18,1,4
9971,2025-06-01 17:33:08.597+03,1,18,4
9971,2025-06-01 17:33:22.913+03,8,3,11
9971,2025-06-01 17:33:39.105+03,18,1,4
9971,2025-06-01 17:34:00.775+03,13,16,6
9971,2025-06-01 17:34:06.512+03,8,14,10
9971,2025-06-01 17:34:13.767+03,17,15,15
9971,2025-06-01 17:35:35.297+03,29,15,16
9971,2025-06-01 17:36:45.145+03,17,20,14
9971,2025-06-01 17:36:46.648+03,29,20,15
9971,2025-06-01 17:36:47.396+03,15,20,16
9971,2025-06-01 17:37:36.876+03,16,1,9
9979,2025-05-25 16:03:25.35+03,13,11,12
9979,2025-05-25 16:03:53.538+03,3,7,15
9979,2025-05-25 16:04:00.304+03,7,3,15
9979,2025-05-25 16:04:01.054+03,6,3,16
9979,2025-05-25 16:04:01.71+03,29,3,17
9979,2025-05-25 16:04:02.241+03,10,3,18
9979,2025-05-25 16:04:02.96+03,20,3,19
9979,2025-05-25 16:04:39.745+03,18,11,13
9979,2025-05-25 16:04:40.361+03,7,11,14
9979,2025-05-25 16:04:41.774+03,29,6,16
9979,2025-05-25 16:04:41.774+03,29,11,15
9979,2025-05-25 16:04:42.573+03,10,11,16
9979,2025-05-25 16:04:42.573+03,10,6,17
9979,2025-05-25 16:14:55.049+03,6,11,17
9979,2025-05-25 16:15:04.455+03,10,6,16
9979,2025-05-25 16:15:06.861+03,11,6,17
9979,2025-05-25 16:15:23.221+03,20,6,18
9979,2025-05-25 16:15:35.783+03,3,6,19
9979,2025-05-25 16:20:48.196+03,18,13,12
9979,2025-05-25 16:20:48.78+03,7,13,13
9979,2025-05-25 16:20:49.539+03,11,13,19
9979,2025-05-25 16:20:49.574+03,13,3,18
9979,2025-05-25 16:20:49.574+03,13,6,19
9979,2025-05-25 16:20:49.574+03,13,20,17
9979,2025-05-25 16:20:49.574+03,13,11,16
9979,2025-05-25 16:20:49.574+03,13,10,15
9979,2025-05-25 16:20:50.175+03,10,13,15
9979,2025-05-25 16:20:51.156+03,11,13,16
9979,2025-05-25 16:20:51.751+03,20,13,17
9979,2025-05-25 16:20:53.205+03,3,13,18
9979,2025-05-25 16:22:09.567+03,10,29,14
9979,2025-05-25 16:22:10.379+03,11,29,15
9979,2025-05-25 16:22:11.457+03,20,29,16
9979,2025-05-25 16:22:12.348+03,3,29,17
9979,2025-05-25 16:22:22.457+03,13,29,18
9979,2025-05-25 16:23:04.317+03,8,4,5
9979,2025-05-25 16:23:05.661+03,16,4,6
9979,2025-05-25 16:23:07.692+03,15,4,7
9979,2025-05-25 16:25:37.58+03,16,8,5
9979,2025-05-25 16:25:54.783+03,4,15,7
9979,2025-05-25 16:26:00.033+03,4,8,6
9979,2025-05-25 16:27:29.76+03,11,10,14
9979,2025-05-25 16:27:30.708+03,3,20,16
9979,2025-05-25 16:27:30.708+03,3,10,15
9979,2025-05-25 16:27:33.399+03,13,20,17
9979,2025-05-25 16:27:33.399+03,13,10,16
9979,2025-05-25 16:27:34.027+03,29,20,18
9979,2025-05-25 16:27:34.027+03,29,10,17
9979,2025-05-25 16:29:11.138+03,9,2,1
9979,2025-05-25 16:29:13.981+03,19,2,2
9979,2025-05-25 16:29:16.684+03,1,2,3
9979,2025-05-25 16:29:48.372+03,8,4,6
9979,2025-05-25 16:29:50.528+03,15,4,7
9979,2025-05-25 16:30:32.325+03,1,19,2
9979,2025-05-25 16:30:42.887+03,2,19,3
9979,2025-05-25 16:33:02.464+03,1,9,1
9979,2025-05-25 16:33:13.043+03,2,9,2
9979,2025-05-25 16:39:16.528+03,13,3,15
9979,2025-05-25 16:39:21.746+03,10,3,16
9979,2025-05-25 16:39:21.746+03,10,29,17
9979,2025-05-25 16:39:22.559+03,20,29,18
9979,2025-05-25 16:39:22.559+03,20,3,17
9979,2025-05-25 16:40:41.887+03,2,1,1
9979,2025-05-25 16:40:49.294+03,9,1,2
9979,2025-05-25 16:40:53.122+03,19,1,3
9979,2025-05-25 16:41:37.119+03,4,15,7
9979,2025-05-25 16:41:39.478+03,14,15,8
9979,2025-05-25 16:41:40.619+03,12,15,9
9979,2025-05-25 16:45:31.34+03,12,14,8
9979,2025-05-25 16:45:34.809+03,15,14,9
9979,2025-05-25 16:46:50.271+03,15,12,8
9979,2025-05-25 16:47:10.598+03,14,12,9
9979,2025-05-25 16:51:15.538+03,29,3,18
9979,2025-05-25 16:52:55.696+03,4,8,6
9979,2025-05-25 16:53:01.54+03,15,8,7
9979,2025-05-25 16:53:24.228+03,14,8,8
9979,2025-05-25 16:53:27.884+03,12,8,9
9979,2025-05-25 16:53:39.618+03,17,8,10
9979,2025-05-25 16:53:40.181+03,18,8,11
9979,2025-05-25 16:53:40.853+03,7,8,12
9979,2025-05-25 16:53:41.619+03,11,8,13
9979,2025-05-25 16:53:42.103+03,13,8,14
9979,2025-05-25 16:53:42.915+03,10,8,15
9979,2025-05-25 16:53:43.369+03,20,8,16
9979,2025-05-25 16:53:43.962+03,29,8,17
9979,2025-05-25 16:53:56.837+03,3,8,18
9979,2025-05-25 16:59:54.352+03,17,12,9
9979,2025-05-25 17:02:59.399+03,10,13,14
9979,2025-05-25 17:03:01.352+03,20,13,15
9979,2025-05-25 17:03:03.149+03,29,13,16
9979,2025-05-25 17:03:03.181+03,3,13,17
9979,2025-05-25 17:05:55.071+03,1,19,3
9979,2025-05-25 17:07:09.279+03,1,9,2
9979,2025-05-25 17:07:46.388+03,18,12,10
9979,2025-05-25 17:08:23.764+03,1,2,1
9979,2025-05-25 17:11:40.15+03,7,12,11
9979,2025-05-25 17:11:57.946+03,12,7,11
9979,2025-05-25 17:26:20.49+03,12,18,10
9979,2025-05-25 17:28:28.405+03,12,17,9
9979,2025-05-25 17:29:21.359+03,20,10,14
9979,2025-05-25 17:29:22.125+03,29,10,15
9979,2025-05-25 17:29:26.593+03,3,10,16
9979,2025-05-25 17:29:28.562+03,13,10,17
9979,2025-05-25 17:35:46.012+03,11,7,12
9979,2025-05-25 17:35:46.445+03,20,7,13
9979,2025-05-25 17:35:48.748+03,29,7,14
9979,2025-05-25 17:35:54.341+03,3,7,15
9979,2025-05-25 17:35:55.25+03,13,7,16
9979,2025-05-25 17:35:57.864+03,10,7,17
9979,2025-05-25 17:40:49.63+03,20,11,12
9979,2025-05-25 17:40:53.518+03,29,11,13
9979,2025-05-25 17:41:01.375+03,3,11,14
9979,2025-05-25 17:41:02.026+03,13,11,15
9979,2025-05-25 17:41:02.724+03,10,11,16
9979,2025-05-25 17:41:49.41+03,10,13,15
9979,2025-05-25 17:41:53.316+03,13,10,15
9979,2025-05-25 17:42:30.144+03,2,1,1
9979,2025-05-25 17:42:31.222+03,9,1,2
9979,2025-05-25 17:42:32.129+03,19,1,3
9979,2025-05-25 17:43:52.535+03,7,15,7
9979,2025-05-25 17:43:52.535+03,7,4,6
9979,2025-05-25 17:43:52.535+03,7,16,5
9979,2025-05-25 17:43:52.535+03,7,17,10
9979,2025-05-25 17:43:52.535+03,7,1,4
9979,2025-05-25 17:43:52.535+03,7,18,11
9979,2025-05-25 17:43:52.535+03,7,20,12
9979,2025-05-25 17:43:52.535+03,7,29,13
9979,2025-05-25 17:43:52.535+03,7,3,14
9979,2025-05-25 17:43:52.535+03,7,13,15
9979,2025-05-25 17:43:52.535+03,7,10,16
9979,2025-05-25 17:43:52.535+03,7,11,17
9979,2025-05-25 17:43:52.535+03,7,12,9
9979,2025-05-25 17:43:52.535+03,7,14,8
9979,2025-05-25 17:43:55.191+03,12,7,4
9979,2025-05-25 17:43:55.191+03,12,1,5
9979,2025-05-25 17:43:55.191+03,12,16,6
9979,2025-05-25 17:43:55.191+03,12,4,7
9979,2025-05-25 17:43:55.191+03,12,15,8
9979,2025-05-25 17:43:55.191+03,12,14,9
9979,2025-05-25 17:43:58.597+03,17,14,10
9979,2025-05-25 17:43:58.597+03,17,15,9
9979,2025-05-25 17:43:58.597+03,17,16,7
9979,2025-05-25 17:43:58.597+03,17,1,6
9979,2025-05-25 17:43:58.597+03,17,7,5
9979,2025-05-25 17:43:58.597+03,17,4,8
9979,2025-05-25 17:44:03.91+03,1,12,4
9979,2025-05-25 17:44:03.91+03,1,7,6
9979,2025-05-25 17:44:03.91+03,1,17,5
9979,2025-05-25 17:44:17.191+03,18,4,9
9979,2025-05-25 17:44:17.191+03,18,14,11
9979,2025-05-25 17:44:17.191+03,18,15,10
9979,2025-05-25 17:44:17.191+03,18,16,8
9979,2025-05-25 17:44:17.191+03,18,7,7
9979,2025-05-25 17:44:22.816+03,10,13,16
9979,2025-05-25 17:44:34.675+03,16,7,8
9979,2025-05-25 17:44:34.675+03,16,18,7
9979,2025-05-25 17:44:34.675+03,16,17,6
9979,2025-05-25 17:44:34.675+03,16,12,5
9979,2025-05-25 17:44:38.004+03,20,14,12
9979,2025-05-25 17:44:38.004+03,20,15,11
9979,2025-05-25 17:44:38.004+03,20,4,10
9979,2025-05-25 17:44:38.004+03,20,7,9
9979,2025-05-25 17:44:40.441+03,29,4,11
9979,2025-05-25 17:44:40.441+03,29,7,10
9979,2025-05-25 17:44:40.441+03,29,15,12
9979,2025-05-25 17:44:40.441+03,29,14,13
9979,2025-05-25 17:44:48.441+03,4,12,6
9979,2025-05-25 17:44:48.441+03,4,7,11
9979,2025-05-25 17:44:48.441+03,4,29,10
9979,2025-05-25 17:44:48.441+03,4,20,9
9979,2025-05-25 17:44:48.441+03,4,18,8
9979,2025-05-25 17:44:48.441+03,4,17,7
9979,2025-05-25 17:44:49.347+03,15,17,8
9979,2025-05-25 17:44:49.347+03,15,7,12
9979,2025-05-25 17:44:49.347+03,15,29,11
9979,2025-05-25 17:44:49.347+03,15,20,10
9979,2025-05-25 17:44:49.347+03,15,18,9
9979,2025-05-25 17:44:49.347+03,15,12,7
9979,2025-05-25 17:44:50.082+03,14,17,9
9979,2025-05-25 17:44:50.082+03,14,7,13
9979,2025-05-25 17:44:50.082+03,14,29,12
9979,2025-05-25 17:44:50.082+03,14,20,11
9979,2025-05-25 17:44:50.082+03,14,18,10
9979,2025-05-25 17:44:50.082+03,14,12,8
9979,2025-05-25 17:44:51.754+03,3,7,14
9979,2025-05-25 17:44:53.676+03,10,7,15
9979,2025-05-25 17:44:54.832+03,13,7,16
9979,2025-05-25 17:44:55.113+03,11,7,17
9987,2025-05-18 16:03:43.622+03,18,1,2
9987,2025-05-18 16:03:43.747+03,8,2,4
9987,2025-05-18 16:03:44.322+03,6,4,9
9987,2025-05-18 16:03:44.423+03,9,4,10
9987,2025-05-18 16:03:44.551+03,16,4,11
9987,2025-05-18 16:03:44.742+03,7,4,12
9987,2025-05-18 16:03:44.984+03,4,7,12
9987,2025-05-18 16:03:44.984+03,4,16,11
9987,2025-05-18 16:03:45.032+03,29,14,15
9987,2025-05-18 16:03:45.032+03,29,3,14
9987,2025-05-18 16:03:45.153+03,13,14,16
9987,2025-05-18 16:03:45.153+03,13,3,15
9987,2025-05-18 16:03:45.296+03,3,13,15
9987,2025-05-18 16:03:45.296+03,3,29,14
9987,2025-05-18 16:03:45.311+03,14,13,16
9987,2025-05-18 16:03:45.311+03,14,29,15
9987,2025-05-18 16:03:46.298+03,1,18,2
9987,2025-05-18 16:03:46.967+03,2,8,4
9987,2025-05-18 16:03:47.566+03,10,12,7
9987,2025-05-18 16:03:48.269+03,16,9,11
9987,2025-05-18 16:03:48.378+03,9,16,11
9987,2025-05-18 16:03:48.566+03,7,3,13
9987,2025-05-18 16:03:48.566+03,7,16,12
9987,2025-05-18 16:03:48.909+03,13,29,16
9987,2025-05-18 16:03:48.909+03,13,14,15
9987,2025-05-18 16:03:49.066+03,15,29,17
9987,2025-05-18 16:03:49.066+03,15,14,16
9987,2025-05-18 16:03:49.144+03,14,15,16
9987,2025-05-18 16:03:49.144+03,14,13,15
9987,2025-05-18 16:03:49.222+03,29,13,16
9987,2025-05-18 16:03:49.222+03,29,15,17
9987,2025-05-18 16:03:51.831+03,1,19,1
9987,2025-05-18 16:03:53.05+03,12,10,7
9987,2025-05-18 16:03:53.675+03,6,4,9
9987,2025-05-18 16:03:54.862+03,15,13,17
9987,2025-05-18 16:04:00.8+03,20,13,18
9987,2025-05-18 16:04:04.43+03,9,4,10
9987,2025-05-18 16:04:05.279+03,14,3,14
9987,2025-05-18 16:04:06.132+03,13,20,18
9987,2025-05-18 16:04:11.94+03,3,14,14
9987,2025-05-18 16:04:16.867+03,15,29,16
9987,2025-05-18 16:04:20.996+03,13,29,17
9987,2025-05-18 16:05:05.175+03,13,15,16
9987,2025-05-18 16:05:05.586+03,29,15,17
9987,2025-05-18 16:05:06.303+03,20,15,18
9987,2025-05-18 16:05:08.286+03,11,15,19
9987,2025-05-18 16:07:08.376+03,9,6,9
9987,2025-05-18 16:07:08.741+03,4,6,10
9987,2025-05-18 16:07:09.32+03,7,6,11
9987,2025-05-18 16:07:09.942+03,16,6,12
9987,2025-05-18 16:07:13.395+03,3,6,13
9987,2025-05-18 16:16:02.648+03,14,6,14
9987,2025-05-18 16:16:04.292+03,13,6,15
9987,2025-05-18 16:16:04.908+03,29,6,16
9987,2025-05-18 16:16:11.798+03,20,6,17
9987,2025-05-18 16:16:12.266+03,11,6,18
9987,2025-05-18 16:16:31.251+03,15,6,19
9987,2025-05-18 16:17:19.828+03,4,9,9
9987,2025-05-18 16:17:20.312+03,7,9,10
9987,2025-05-18 16:17:21.062+03,16,9,11
9987,2025-05-18 16:17:23.312+03,3,9,12
9987,2025-05-18 16:17:26.328+03,13,14,14
9987,2025-05-18 16:17:27.406+03,29,14,15
9987,2025-05-18 16:17:28.625+03,20,14,16
9987,2025-05-18 16:17:31.734+03,13,9,13
9987,2025-05-18 16:17:32.572+03,29,9,14
9987,2025-05-18 16:17:33.892+03,20,9,15
9987,2025-05-18 16:17:34.771+03,11,9,16
9987,2025-05-18 16:17:34.771+03,11,14,17
9987,2025-05-18 16:17:36.772+03,2,18,3
9987,2025-05-18 16:17:53.458+03,15,14,18
9987,2025-05-18 16:18:02.329+03,6,14,19
9987,2025-05-18 16:18:40.616+03,8,18,4
9987,2025-05-18 16:18:41.588+03,12,17,6
9987,2025-05-18 16:18:41.588+03,12,18,5
9987,2025-05-18 16:18:42.038+03,10,17,7
9987,2025-05-18 16:18:42.038+03,10,18,6
9987,2025-05-18 16:18:42.602+03,4,17,8
9987,2025-05-18 16:18:42.602+03,4,18,7
9987,2025-05-18 16:18:43.126+03,7,17,9
9987,2025-05-18 16:18:43.126+03,7,18,8
9987,2025-05-18 16:18:43.574+03,16,17,10
9987,2025-05-18 16:18:43.574+03,16,18,9
9987,2025-05-18 16:18:51.587+03,3,17,11
9987,2025-05-18 16:18:51.587+03,3,18,10
9987,2025-05-18 16:18:54.149+03,13,17,12
9987,2025-05-18 16:18:54.149+03,13,18,11
9987,2025-05-18 16:18:54.649+03,29,17,13
9987,2025-05-18 16:18:54.649+03,29,18,12
9987,2025-05-18 16:18:55.899+03,20,17,14
9987,2025-05-18 16:18:55.899+03,20,18,13
9987,2025-05-18 16:18:56.712+03,11,17,15
9987,2025-05-18 16:18:56.712+03,11,18,14
9987,2025-05-18 16:19:14.207+03,9,17,16
9987,2025-05-18 16:19:14.207+03,9,18,15
9987,2025-05-18 16:20:03.895+03,12,8,4
9987,2025-05-18 16:20:04.837+03,10,8,5
9987,2025-05-18 16:20:05.602+03,4,8,6
9987,2025-05-18 16:20:06.198+03,7,8,7
9987,2025-05-18 16:20:06.674+03,16,8,8
9987,2025-05-18 16:20:11.47+03,13,3,10
9987,2025-05-18 16:20:12.454+03,29,3,11
9987,2025-05-18 16:20:13.22+03,20,3,12
9987,2025-05-18 16:20:16.876+03,13,8,9
9987,2025-05-18 16:20:17.595+03,29,8,10
9987,2025-05-18 16:20:18.361+03,20,8,11
9987,2025-05-18 16:20:19.142+03,11,3,13
9987,2025-05-18 16:20:19.142+03,11,8,12
9987,2025-05-18 16:20:31.873+03,9,3,14
9987,2025-05-18 16:20:31.873+03,9,8,13
9987,2025-05-18 16:20:33.52+03,18,3,15
9987,2025-05-18 16:20:34.87+03,17,3,16
9987,2025-05-18 16:20:38.214+03,15,3,17
9987,2025-05-18 16:20:39.151+03,6,3,18
9987,2025-05-18 16:20:44.26+03,14,3,19
9987,2025-05-18 16:21:27.502+03,2,19,2
9987,2025-05-18 16:21:31.084+03,12,19,3
9987,2025-05-18 16:21:32.53+03,10,19,4
9987,2025-05-18 16:21:33.266+03,4,19,5
9987,2025-05-18 16:21:34.018+03,7,19,6
9987,2025-05-18 16:21:34.474+03,16,19,7
9987,2025-05-18 16:21:39.394+03,13,19,8
9987,2025-05-18 16:21:40.03+03,29,19,9
9987,2025-05-18 16:21:40.82+03,20,19,10
9987,2025-05-18 16:21:41.739+03,11,19,11
9987,2025-05-18 16:22:02.196+03,17,8,15
9987,2025-05-18 16:22:03.726+03,6,15,17
9987,2025-05-18 16:22:50.555+03,4,10,4
9987,2025-05-18 16:22:51.352+03,7,10,5
9987,2025-05-18 16:22:51.977+03,16,10,6
9987,2025-05-18 16:23:01.977+03,13,10,7
9987,2025-05-18 16:23:03.055+03,29,10,8
9987,2025-05-18 16:23:03.743+03,20,10,9
9987,2025-05-18 16:23:04.649+03,11,10,10
9987,2025-05-18 16:23:09.555+03,19,10,11
9987,2025-05-18 16:23:14.024+03,9,10,12
9987,2025-05-18 16:23:16.243+03,18,10,13
9987,2025-05-18 16:23:18.337+03,17,10,14
9987,2025-05-18 16:23:19.571+03,8,10,15
9987,2025-05-18 16:23:25.571+03,6,10,16
9987,2025-05-18 16:23:27.524+03,14,15,18
9987,2025-05-18 16:24:49.877+03,10,6,16
9987,2025-05-18 16:24:54.567+03,3,15,19
9987,2025-05-18 16:27:18.199+03,19,11,10
9987,2025-05-18 16:28:37.68+03,19,20,9
9987,2025-05-18 16:29:56.756+03,19,29,8
9987,2025-05-18 16:31:25.164+03,9,11,11
9987,2025-05-18 16:32:45.207+03,19,13,7
9987,2025-05-18 16:34:01.773+03,20,29,9
9987,2025-05-18 16:34:02.054+03,9,29,10
9987,2025-05-18 16:34:03.523+03,11,29,11
9987,2025-05-18 16:34:04.195+03,18,29,12
9987,2025-05-18 16:34:10.914+03,17,29,13
9987,2025-05-18 16:34:12.492+03,9,20,9
9987,2025-05-18 16:34:15.101+03,8,29,14
9987,2025-05-18 16:34:18.695+03,10,29,15
9987,2025-05-18 16:34:20.273+03,6,29,16
9987,2025-05-18 16:34:21.805+03,14,29,17
9987,2025-05-18 16:34:24.545+03,3,29,18
9987,2025-05-18 16:34:28.443+03,15,29,19
9987,2025-05-18 16:36:56.666+03,18,11,11
9987,2025-05-18 16:38:06.031+03,19,16,6
9987,2025-05-18 16:39:27.781+03,19,7,5
9987,2025-05-18 16:39:35.721+03,9,13,8
9987,2025-05-18 16:40:48.824+03,19,4,4
9987,2025-05-18 16:41:26.742+03,29,15,19
9987,2025-05-18 16:42:00.881+03,12,2,2
9987,2025-05-18 16:42:07.63+03,19,2,3
9987,2025-05-18 16:42:09.339+03,4,2,4
9987,2025-05-18 16:42:13.06+03,7,2,5
9987,2025-05-18 16:42:13.661+03,16,2,6
9987,2025-05-18 16:43:49.46+03,2,7,5
9987,2025-05-18 16:43:49.46+03,2,16,6
9987,2025-05-18 16:43:49.46+03,2,4,4
9987,2025-05-18 16:43:53.076+03,19,12,2
9987,2025-05-18 16:43:56.77+03,2,12,3
9987,2025-05-18 16:44:20.036+03,8,13,9
9987,2025-05-18 16:44:20.036+03,8,17,13
9987,2025-05-18 16:44:20.036+03,8,11,12
9987,2025-05-18 16:44:20.036+03,8,18,11
9987,2025-05-18 16:44:20.036+03,8,20,10
9987,2025-05-18 16:44:20.036+03,8,9,8
9987,2025-05-18 16:44:24.536+03,10,13,10
9987,2025-05-18 16:44:24.536+03,10,17,14
9987,2025-05-18 16:44:24.536+03,10,11,13
9987,2025-05-18 16:44:24.536+03,10,18,12
9987,2025-05-18 16:44:24.536+03,10,20,11
9987,2025-05-18 16:44:30.021+03,18,20,12
9987,2025-05-18 16:44:39.442+03,29,3,18
9987,2025-05-18 16:44:39.442+03,29,14,17
9987,2025-05-18 16:44:39.442+03,29,6,16
9987,2025-05-18 16:45:49.602+03,2,19,2
9987,2025-05-18 16:45:58.742+03,12,19,3
9987,2025-05-18 16:47:39.862+03,9,10,9
9987,2025-05-18 16:47:42.171+03,11,20,13
9987,2025-05-18 16:47:42.723+03,17,20,14
9987,2025-05-18 16:47:44.737+03,29,20,15
9987,2025-05-18 16:47:53.051+03,17,11,13
9987,2025-05-18 16:47:58.991+03,6,20,16
9987,2025-05-18 16:48:00.866+03,14,20,17
9987,2025-05-18 16:48:02.851+03,3,20,18
9987,2025-05-18 16:49:05.55+03,9,8,8
9987,2025-05-18 16:49:08.618+03,18,13,11
9987,2025-05-18 16:50:21.253+03,16,7,6
9987,2025-05-18 16:51:49.563+03,18,10,10
9987,2025-05-18 16:53:00.98+03,16,4,5
9987,2025-05-18 16:53:08.958+03,18,8,9
9987,2025-05-18 16:53:13.099+03,13,10,11
9987,2025-05-18 16:54:36.499+03,17,10,12
9987,2025-05-18 16:55:43.583+03,9,7,7
9987,2025-05-18 16:55:59.615+03,11,10,13
9987,2025-05-18 16:57:18.311+03,13,8,10
9987,2025-05-18 16:58:12.067+03,19,12,3
9987,2025-05-18 16:58:40.663+03,17,8,11
9987,2025-05-18 16:59:47.128+03,9,4,6
9987,2025-05-18 17:01:25.061+03,17,13,10
9987,2025-05-18 17:01:26.045+03,11,8,12
9987,2025-05-18 17:02:56.837+03,6,29,15
9987,2025-05-18 17:05:42.788+03,18,7,8
9987,2025-05-18 17:05:50.804+03,17,7,9
9987,2025-05-18 17:05:55.429+03,13,7,10
9987,2025-05-18 17:05:57.523+03,11,7,11
9987,2025-05-18 17:05:59.585+03,8,7,12
9987,2025-05-18 17:06:02.752+03,10,7,13
9987,2025-05-18 17:06:05.179+03,6,7,14
9987,2025-05-18 17:06:07.76+03,29,7,15
9987,2025-05-18 17:06:08.573+03,14,7,16
9987,2025-05-18 17:06:10.791+03,3,7,17
9987,2025-05-18 17:06:35.666+03,20,7,18
9987,2025-05-18 17:07:54.752+03,19,2,2
9987,2025-05-18 17:08:04.516+03,9,16,5
9987,2025-05-18 17:08:04.781+03,12,2,3
9987,2025-05-18 17:08:08.657+03,2,12,3
9987,2025-05-18 17:08:28.559+03,18,4,7
9987,2025-05-18 17:08:28.559+03,18,16,6
9987,2025-05-18 17:08:37.335+03,17,4,8
9987,2025-05-18 17:08:52.56+03,6,10,13
9987,2025-05-18 17:08:58.122+03,6,8,12
9987,2025-05-18 17:08:59.403+03,14,29,15
9987,2025-05-18 17:09:07.316+03,14,10,14
9987,2025-05-18 17:09:07.316+03,14,8,13
9987,2025-05-18 17:10:03.385+03,9,12,4
9987,2025-05-18 17:22:51.002+03,11,13,10
9987,2025-05-18 17:24:10.528+03,8,14,13
9987,2025-05-18 17:26:15.626+03,16,18,6
9987,2025-05-18 17:26:51.204+03,8,6,12
9987,2025-05-18 17:27:31.536+03,2,19,2
9987,2025-05-18 17:27:47.623+03,20,3,17
9987,2025-05-18 17:29:27.971+03,8,13,11
9987,2025-05-18 17:30:14.155+03,12,9,4
9987,2025-05-18 17:30:19.421+03,9,12,4
9987,2025-05-18 17:30:25.374+03,16,12,5
9987,2025-05-18 17:31:34.701+03,16,9,4
9987,2025-05-18 17:34:13.809+03,12,9,5
9993,2025-03-22 05:03:52.501+02,11,7,7
9993,2025-03-22 05:03:53.098+02,10,12,9
9993,2025-03-22 05:03:56.08+02,17,20,12
9993,2025-03-22 05:03:56.544+02,6,5,16
9993,2025-03-22 05:04:01.024+02,10,7,8
9993,2025-03-22 05:04:01.398+02,8,12,10
9993,2025-03-22 05:04:01.666+02,20,17,12
9993,2025-03-22 05:04:02.076+02,6,4,15
9993,2025-03-22 05:04:02.702+02,14,15,18
9993,2025-03-22 05:04:07.151+02,7,10,8
9993,2025-03-22 05:04:07.623+02,12,8,10
9993,2025-03-22 05:04:09.153+02,15,14,18
9993,2025-03-22 05:04:21.162+02,11,2,6
9993,2025-03-22 05:04:21.369+02,7,2,7
9993,2025-03-22 05:04:21.697+02,10,2,8
9993,2025-03-22 05:04:23.094+02,6,3,14
9993,2025-03-22 05:04:26.869+02,3,6,14
9993,2025-03-22 05:04:30.097+02,8,12,10
9993,2025-03-22 05:04:31.116+02,6,3,14
9993,2025-03-22 05:04:54.841+02,15,5,17
9993,2025-03-22 05:05:15.417+02,18,9,4
9993,2025-03-22 05:10:16.199+02,14,5,18
9993,2025-03-22 05:13:31.3+02,14,15,17
9993,2025-03-22 05:15:08.101+02,4,3,15
9993,2025-03-22 05:18:24.824+02,4,6,14
9993,2025-03-22 05:18:42.372+02,6,4,14
9993,2025-03-22 05:18:48.197+02,14,3,16
9993,2025-03-22 05:20:03.73+02,6,17,13
9993,2025-03-22 05:21:35.679+02,4,17,14
9993,2025-03-22 05:21:45.186+02,14,17,15
9993,2025-03-22 05:21:55.13+02,3,17,16
9993,2025-03-22 05:21:55.787+02,15,17,17
9993,2025-03-22 05:21:56.06+02,5,17,18
9993,2025-03-22 05:21:56.626+02,13,17,19
9993,2025-03-22 05:27:02.932+02,13,5,18
9993,2025-03-22 05:27:18.714+02,5,13,18
9993,2025-03-22 05:27:29.398+02,13,5,18
9993,2025-03-22 05:27:48.611+02,19,1,2
9993,2025-03-22 05:30:20.534+02,6,20,12
9993,2025-03-22 05:31:21.837+02,2,10,8
9993,2025-03-22 05:33:01.431+02,5,13,18
9993,2025-03-22 05:33:19.262+02,4,20,13
9993,2025-03-22 05:33:48.615+02,14,20,14
9993,2025-03-22 05:34:04.902+02,15,3,16
9993,2025-03-22 05:35:06.557+02,17,13,19
9993,2025-03-22 05:35:06.557+02,17,5,18
9993,2025-03-22 05:35:06.557+02,17,3,17
9993,2025-03-22 05:35:08.737+02,13,5,19
9998,2025-03-23 09:03:47.171+02,8,13,12
9998,2025-03-23 09:03:48.739+02,2,18,2
9998,2025-03-23 09:03:49.33+02,4,9,6
9998,2025-03-23 09:03:50.306+02,10,13,13
9998,2025-03-23 09:03:50.721+02,20,6,16
9998,2025-03-23 09:03:50.925+02,3,5,18
9998,2025-03-23 09:03:54.35+02,16,1,4
9998,2025-03-23 09:03:54.545+02,9,4,6
9998,2025-03-23 09:03:54.545+02,9,1,5
9998,2025-03-23 09:03:56.225+02,13,10,13
9998,2025-03-23 09:03:56.512+02,6,20,16
9998,2025-03-23 09:03:56.512+02,6,17,15
9998,2025-03-23 09:03:56.931+02,5,3,18
9998,2025-03-23 09:04:01.088+02,7,4,7
9998,2025-03-23 09:04:01.873+02,15,12,10
9998,2025-03-23 09:04:02.531+02,10,13,13
9998,2025-03-23 09:04:02.997+02,17,6,15
9998,2025-03-23 09:04:07.216+02,6,13,15
9998,2025-03-23 09:04:07.387+02,20,13,16
9998,2025-03-23 09:04:07.735+02,3,5,18
9998,2025-03-23 09:04:10.832+02,5,13,18
9998,2025-03-23 09:04:18.272+02,3,20,16
9998,2025-03-23 09:04:21.971+02,20,3,16
9998,2025-03-23 09:04:31.187+02,8,12,11
9998,2025-03-23 09:04:31.92+02,6,17,14
9998,2025-03-23 09:04:31.92+02,6,10,13
9998,2025-03-23 09:04:32.371+02,17,10,14
9998,2025-03-23 09:04:33.172+02,5,3,17
9998,2025-03-23 09:04:34.823+02,14,13,19
9998,2025-03-23 09:04:34.823+02,14,3,18
9998,2025-03-23 09:04:35.372+02,11,4,8
9998,2025-03-23 09:04:35.776+02,13,3,19
9998,2025-03-23 09:04:37.665+02,10,17,14
9998,2025-03-23 09:04:47.601+02,12,8,11
9998,2025-03-23 09:05:39.996+02,5,20,16
9998,2025-03-23 09:05:45.618+02,20,5,16
9998,2025-03-23 09:09:09.737+02,6,8,12
9998,2025-03-23 09:09:10.348+02,10,8,13
9998,2025-03-23 09:09:11.177+02,17,8,14
9998,2025-03-23 09:09:19.623+02,20,8,15
9998,2025-03-23 09:09:19.877+02,5,8,16
9998,2025-03-23 09:09:20.565+02,14,8,17
9998,2025-03-23 09:09:26.602+02,13,8,18
9998,2025-03-23 09:10:56.237+02,3,8,19
9998,2025-03-23 09:20:18.279+02,10,6,12
9998,2025-03-23 09:20:19.112+02,17,6,13
9998,2025-03-23 09:20:21.396+02,20,6,14
9998,2025-03-23 09:20:22.279+02,5,6,15
9998,2025-03-23 09:20:27.79+02,14,6,16
9998,2025-03-23 09:20:32.925+02,13,6,17
9998,2025-03-23 09:21:53.946+02,4,11,8
9998,2025-03-23 09:21:55.557+02,12,15,10
9998,2025-03-23 09:21:55.557+02,12,11,9
9998,2025-03-23 09:21:57.375+02,10,15,11
9998,2025-03-23 09:21:57.375+02,10,11,10
9998,2025-03-23 09:21:58.187+02,17,15,12
9998,2025-03-23 09:22:02.608+02,14,5,15
9998,2025-03-23 09:22:04.817+02,20,15,13
9998,2025-03-23 09:22:04.817+02,20,11,12
9998,2025-03-23 09:22:12.475+02,13,11,14
9998,2025-03-23 09:22:12.475+02,13,5,16
9998,2025-03-23 09:22:12.475+02,13,15,15
9998,2025-03-23 09:22:22.108+02,6,5,17
9998,2025-03-23 09:23:34.405+02,12,4,8
9998,2025-03-23 09:23:34.405+02,12,7,7
9998,2025-03-23 09:23:36.637+02,10,4,9
9998,2025-03-23 09:23:37.285+02,15,6,16
9998,2025-03-23 09:23:42.113+02,17,4,10
9998,2025-03-23 09:23:42.113+02,17,7,9
9998,2025-03-23 09:23:44.081+02,20,7,10
9998,2025-03-23 09:23:44.081+02,20,4,11
9998,2025-03-23 09:23:45.853+02,14,4,12
9998,2025-03-23 09:23:45.853+02,14,7,11
9998,2025-03-23 09:23:51.898+02,13,4,13
9998,2025-03-23 09:23:51.898+02,13,7,12
9998,2025-03-23 09:23:58.216+02,11,4,14
9998,2025-03-23 09:24:00.517+02,15,4,15
9998,2025-03-23 09:24:00.923+02,6,4,16
9998,2025-03-23 09:25:00.929+02,9,16,4
9998,2025-03-23 09:25:17.181+02,12,1,6
9998,2025-03-23 09:25:17.181+02,12,16,5
9998,2025-03-23 09:25:19.954+02,10,1,7
9998,2025-03-23 09:25:19.954+02,10,16,6
9998,2025-03-23 09:25:21.402+02,17,1,8
9998,2025-03-23 09:25:21.402+02,17,16,7
9998,2025-03-23 09:25:23.274+02,20,1,9
9998,2025-03-23 09:25:23.274+02,20,16,8
9998,2025-03-23 09:25:25.029+02,14,1,10
9998,2025-03-23 09:25:25.029+02,14,16,9
9998,2025-03-23 09:25:32.982+02,13,1,11
9998,2025-03-23 09:26:14.898+02,1,13,11
9998,2025-03-23 09:26:33.374+02,2,19,1
9998,2025-03-23 09:26:39.011+02,9,18,3
9998,2025-03-23 09:26:54.52+02,4,6,16
9998,2025-03-23 09:26:55.561+02,12,19,3
9998,2025-03-23 09:26:55.561+02,12,18,4
9998,2025-03-23 09:26:59.087+02,10,18,5
9998,2025-03-23 09:27:00.407+02,17,18,6
9998,2025-03-23 09:27:01.745+02,15,7,14
9998,2025-03-23 09:27:03.463+02,20,18,7
9998,2025-03-23 09:27:31.43+02,18,20,7
9998,2025-03-23 09:28:25.447+02,18,17,6
9998,2025-03-23 09:28:29.1+02,16,14,9
9998,2025-03-23 09:28:34.242+02,12,9,2
9998,2025-03-23 09:28:34.242+02,12,2,1
9998,2025-03-23 09:28:37.012+02,19,9,3
9998,2025-03-23 09:28:37.012+02,19,2,2
9998,2025-03-23 09:28:38.782+02,10,9,4
9998,2025-03-23 09:28:38.972+02,18,9,5
9998,2025-03-23 09:28:39.744+02,17,9,6
9998,2025-03-23 09:28:43.411+02,20,9,7
9998,2025-03-23 09:28:43.828+02,16,9,8
9998,2025-03-23 09:28:44.463+02,14,9,9
9998,2025-03-23 09:28:47.537+02,18,2,4
9998,2025-03-23 09:29:07.511+02,18,10,3
9998,2025-03-23 09:29:12.563+02,9,14,9
9998,2025-03-23 09:29:15.98+02,2,10,4
9998,2025-03-23 09:30:07.099+02,16,20,7
9998,2025-03-23 09:30:07.579+02,9,20,8
9998,2025-03-23 09:30:25.38+02,1,14,10
9998,2025-03-23 09:31:37.613+02,19,12,1
9998,2025-03-23 09:31:44.584+02,16,17,6
9998,2025-03-23 09:31:44.936+02,9,17,7
9998,2025-03-23 09:31:50.274+02,11,13,12
9998,2025-03-23 09:31:54.976+02,2,18,3
9998,2025-03-23 09:31:56.373+02,20,17,8
9998,2025-03-23 09:31:57.512+02,1,17,9
9998,2025-03-23 09:31:59.234+02,15,13,13
9998,2025-03-23 09:32:04.149+02,14,17,10
9998,2025-03-23 09:32:12.71+02,11,17,11
9998,2025-03-23 09:32:13.179+02,15,17,12
9998,2025-03-23 09:32:13.627+02,13,17,13
9998,2025-03-23 09:32:13.978+02,7,17,14
9998,2025-03-23 09:32:14.141+02,4,17,15
9998,2025-03-23 09:32:14.829+02,6,17,16
9998,2025-03-23 09:32:17.173+02,5,17,17
9998,2025-03-23 09:33:22.485+02,16,10,5
9998,2025-03-23 09:33:25.846+02,1,20,8
9998,2025-03-23 09:33:32.077+02,7,13,13
9998,2025-03-23 09:33:36.935+02,9,10,6
9998,2025-03-23 09:33:40.774+02,4,13,14
9998,2025-03-23 09:33:50.959+02,11,14,10
9998,2025-03-23 09:33:51.57+02,15,14,11
9998,2025-03-23 09:33:54.359+02,7,14,12
9998,2025-03-23 09:33:54.634+02,4,14,13
9998,2025-03-23 09:33:55.163+02,13,14,14
9998,2025-03-23 09:33:55.524+02,6,14,15
9998,2025-03-23 09:33:56.978+02,5,14,16
9998,2025-03-23 09:34:00.527+02,17,14,17
9998,2025-03-23 09:34:03.978+02,6,13,14
9998,2025-03-23 09:34:55.67+02,2,12,2
9998,2025-03-23 09:35:14.203+02,5,13,15
9998,2025-03-23 09:36:35.346+02,18,12,3
9998,2025-03-23 09:36:41.565+02,1,10,7
9998,2025-03-23 09:36:46.526+02,16,12,4
9998,2025-03-23 09:36:47.081+02,9,12,5
9998,2025-03-23 09:36:54.943+02,17,13,16
9998,2025-03-23 09:36:55.315+02,1,12,6
9998,2025-03-23 09:36:55.821+02,10,12,7
9998,2025-03-23 09:36:57.312+02,20,12,8
9998,2025-03-23 09:36:59.764+02,9,16,4
9998,2025-03-23 09:37:06.372+02,11,12,9
9998,2025-03-23 09:37:07.691+02,15,12,10
9998,2025-03-23 09:37:10.524+02,7,12,11
9998,2025-03-23 09:37:10.912+02,4,12,12
9998,2025-03-23 09:37:13.912+02,6,12,13
9998,2025-03-23 09:37:17.486+02,14,13,17
9998,2025-03-23 09:37:26.686+02,3,13,18
9998,2025-03-23 09:40:16.188+02,12,6,13
9998,2025-03-23 09:42:39.728+02,17,5,15
9998,2025-03-23 09:46:49.017+02,11,20,8
9998,2025-03-23 09:46:55.898+02,15,20,9
9998,2025-03-23 09:46:58.336+02,7,20,10
9998,2025-03-23 09:46:59.194+02,4,20,11
9998,2025-03-23 09:47:01.319+02,12,20,12
9998,2025-03-23 09:47:04.484+02,6,20,13
9998,2025-03-23 09:47:05.732+02,17,20,14
9998,2025-03-23 09:47:06.264+02,5,20,15
9998,2025-03-23 09:47:09.524+02,14,20,16
9998,2025-03-23 09:47:31.308+02,13,3,18
9998,2025-03-23 09:53:27.394+02,20,14,16
9998,2025-03-23 09:54:03.939+02,13,14,17
9998,2025-03-23 09:56:09.121+02,14,13,17
9998,2025-03-23 09:56:42.221+02,20,5,15
9998,2025-03-23 09:58:23.121+02,12,4,11
9998,2025-03-23 09:58:30.122+02,6,4,12
9998,2025-03-23 09:58:31.669+02,17,4,13
9998,2025-03-23 09:58:33.161+02,20,4,14
9998,2025-03-23 09:58:34.803+02,5,4,15
9998,2025-03-23 10:01:31.925+02,15,11,8
9998,2025-03-23 10:01:33.973+02,20,17,13
9998,2025-03-23 10:01:34.457+02,7,11,9
9998,2025-03-23 10:01:42.217+02,12,11,10
9998,2025-03-23 10:01:45.438+02,6,11,11
9998,2025-03-23 10:01:47.982+02,20,11,12
9998,2025-03-23 10:01:48.323+02,17,11,13
9998,2025-03-23 10:01:51.497+02,5,11,14
9998,2025-03-23 10:03:09.497+02,15,10,7
9998,2025-03-23 10:03:16.186+02,7,10,8
9998,2025-03-23 10:03:19.577+02,12,10,9
9998,2025-03-23 10:03:22.815+02,6,10,10
9998,2025-03-23 10:03:24.791+02,20,10,11
9998,2025-03-23 10:03:27.486+02,17,10,12
9998,2025-03-23 10:03:29.327+02,5,10,13
9998,2025-03-23 10:04:24.711+02,1,16,5
9998,2025-03-23 10:06:24.145+02,20,6,10
9998,2025-03-23 10:06:28.156+02,6,20,10
9998,2025-03-23 10:08:08.542+02,10,5,13
9998,2025-03-23 10:08:16.699+02,20,6,10
9998,2025-03-23 10:13:15.762+02,10,17,12
9998,2025-03-23 10:14:30.601+02,11,5,14
9998,2025-03-23 10:18:16.671+02,3,13,18
9998,2025-03-23 10:19:21.03+02,5,11,14
9998,2025-03-23 10:19:33.569+02,4,11,15
9998,2025-03-23 10:19:45.984+02,14,11,16
9998,2025-03-23 10:20:07.804+02,3,11,17
9998,2025-03-23 10:20:10.12+02,13,11,18
9998,2025-03-23 10:28:45.52+02,1,9,4
9998,2025-03-23 10:34:20.432+02,4,5,14
9998,2025-03-23 10:34:27.454+02,5,4,14
9998,2025-03-23 10:35:55.142+02,4,5,14
10006,2025-04-06 08:03:55.877+03,20,12,9
10006,2025-04-06 08:03:56.298+03,11,14,13
10006,2025-04-06 08:03:56.314+03,14,11,13
10006,2025-04-06 08:03:56.83+03,15,3,17
10006,2025-04-06 08:03:57.017+03,5,3,18
10006,2025-04-06 08:03:59.502+03,12,20,9
10006,2025-04-06 08:03:59.752+03,6,20,10
10006,2025-04-06 08:03:59.798+03,20,6,10
10006,2025-04-06 08:04:01.189+03,10,3,19
10006,2025-04-06 08:04:04.298+03,8,6,11
10006,2025-04-06 08:04:09.189+03,13,17,15
10006,2025-04-06 08:04:12.074+03,6,8,11
10006,2025-04-06 08:04:13.664+03,5,10,18
10006,2025-04-06 08:04:18.774+03,8,6,11
10006,2025-04-06 08:04:58.524+03,6,8,11
10006,2025-04-06 08:04:59.368+03,11,14,13
10006,2025-04-06 08:05:04.133+03,8,6,11
10006,2025-04-06 08:06:24.353+03,17,13,15
10006,2025-04-06 08:11:54.573+03,16,4,7
10006,2025-04-06 08:18:18.386+03,3,10,19
10006,2025-04-06 08:27:46.878+03,3,5,18
10006,2025-04-06 08:33:42.307+03,7,18,5
10006,2025-04-06 08:33:44.667+03,16,18,6
10006,2025-04-06 08:33:47.213+03,4,18,7
10006,2025-04-06 08:33:49.682+03,12,18,8
10006,2025-04-06 08:33:53.104+03,20,18,9
10006,2025-04-06 08:33:55.667+03,8,18,10
10006,2025-04-06 08:33:58.26+03,6,18,11
10006,2025-04-06 08:33:58.823+03,11,18,12
10006,2025-04-06 08:35:11.041+03,9,19,3
10006,2025-04-06 08:35:15.928+03,7,19,4
10006,2025-04-06 08:35:18.459+03,16,19,5
10006,2025-04-06 08:35:21.1+03,4,19,6
10006,2025-04-06 08:35:23.678+03,12,19,7
10006,2025-04-06 08:35:29.428+03,20,19,8
10006,2025-04-06 08:36:49.097+03,7,1,1
10006,2025-04-06 08:36:49.097+03,7,9,3
10006,2025-04-06 08:36:49.097+03,7,2,2
10006,2025-04-06 08:36:52.191+03,16,1,2
10006,2025-04-06 08:36:52.191+03,16,9,4
10006,2025-04-06 08:36:52.191+03,16,2,3
10006,2025-04-06 08:36:52.926+03,18,11,12
10006,2025-04-06 08:36:54.785+03,4,2,4
10006,2025-04-06 08:36:54.785+03,4,9,5
10006,2025-04-06 08:36:54.785+03,4,1,3
10006,2025-04-06 08:36:57.754+03,12,2,5
10006,2025-04-06 08:36:57.754+03,12,9,6
10006,2025-04-06 08:37:01.129+03,20,9,7
10006,2025-04-06 08:37:03.019+03,19,9,8
10006,2025-04-06 08:37:07.316+03,8,9,9
10006,2025-04-06 08:38:01.926+03,18,6,11
10006,2025-04-06 08:38:02.004+03,19,20,7
10006,2025-04-06 08:38:45.817+03,15,13,16
10006,2025-04-06 08:38:52.973+03,3,13,17
10006,2025-04-06 08:39:12.552+03,5,13,18
10006,2025-04-06 08:40:07.583+03,1,12,4
10006,2025-04-06 08:40:09.443+03,8,20,8
10006,2025-04-06 08:40:13.818+03,9,20,9
10006,2025-04-06 08:40:13.818+03,9,8,8
10006,2025-04-06 08:40:15.146+03,18,20,10
10006,2025-04-06 08:40:17.662+03,6,20,11
10006,2025-04-06 08:40:21.505+03,14,11,13
10006,2025-04-06 08:40:21.505+03,14,20,12
10006,2025-04-06 08:40:22.099+03,17,11,14
10006,2025-04-06 08:40:22.099+03,17,20,13
10006,2025-04-06 08:40:24.458+03,15,11,15
10006,2025-04-06 08:40:24.458+03,15,20,14
10006,2025-04-06 08:40:27.115+03,3,11,16
10006,2025-04-06 08:40:27.115+03,3,20,15
10006,2025-04-06 08:41:36.006+03,2,12,5
10006,2025-04-06 08:41:37.787+03,19,12,6
10006,2025-04-06 08:41:45.1+03,18,8,9
10006,2025-04-06 08:41:47.131+03,9,12,7
10006,2025-04-06 08:41:55.756+03,14,8,10
10006,2025-04-06 08:41:55.756+03,14,6,11
10006,2025-04-06 08:41:55.756+03,14,12,9
10006,2025-04-06 08:41:56.663+03,17,6,12
10006,2025-04-06 08:41:56.663+03,17,8,11
10006,2025-04-06 08:41:56.663+03,17,12,10
10006,2025-04-06 08:41:58.694+03,15,6,13
10006,2025-04-06 08:41:58.694+03,15,8,12
10006,2025-04-06 08:41:58.694+03,15,12,11
10006,2025-04-06 08:42:00.881+03,3,8,13
10006,2025-04-06 08:42:00.881+03,3,6,14
10006,2025-04-06 08:42:08.719+03,20,8,14
10006,2025-04-06 08:42:08.719+03,20,6,15
10006,2025-04-06 08:42:17.233+03,11,6,16
10006,2025-04-06 08:42:22.456+03,5,6,17
10006,2025-04-06 08:43:05.945+03,1,4,3
10006,2025-04-06 08:43:12.757+03,2,4,4
10006,2025-04-06 08:43:14.632+03,19,4,5
10006,2025-04-06 08:43:19.82+03,9,4,6
10006,2025-04-06 08:43:22.46+03,18,4,7
10006,2025-04-06 08:43:32.132+03,14,4,8
10006,2025-04-06 08:43:33.039+03,17,4,9
10006,2025-04-06 08:46:44.743+03,12,3,12
10006,2025-04-06 08:48:22.578+03,12,15,11
10006,2025-04-06 08:49:53.288+03,4,17,9
10006,2025-04-06 08:50:48.008+03,1,16,2
10006,2025-04-06 08:50:49.492+03,2,16,3
10006,2025-04-06 08:50:55.851+03,19,16,4
10006,2025-04-06 08:51:01.523+03,9,16,5
10006,2025-04-06 08:51:04.82+03,18,16,6
10006,2025-04-06 08:51:08.727+03,12,17,10
10006,2025-04-06 08:52:16.687+03,4,14,8
10006,2025-04-06 08:52:24.258+03,1,7,1
10006,2025-04-06 08:52:25.743+03,2,7,2
10006,2025-04-06 08:52:26.383+03,20,3,13
10006,2025-04-06 08:52:27.883+03,19,7,3
10006,2025-04-06 08:52:33.571+03,9,7,4
10006,2025-04-06 08:52:36.883+03,18,7,5
10006,2025-04-06 08:53:05.649+03,8,3,14
10006,2025-04-06 08:53:07.181+03,11,3,15
10006,2025-04-06 08:53:10.524+03,5,3,16
10006,2025-04-06 08:53:11.727+03,6,3,17
10006,2025-04-06 08:53:13.134+03,13,3,18
10006,2025-04-06 08:54:22.728+03,12,14,9
10006,2025-04-06 08:54:29.956+03,20,15,12
10006,2025-04-06 08:54:38.316+03,8,15,13
10006,2025-04-06 08:54:39.91+03,11,15,14
10006,2025-04-06 08:54:43.519+03,5,15,15
10006,2025-04-06 08:54:44.394+03,6,15,16
10006,2025-04-06 08:54:45.8+03,13,15,17
10006,2025-04-06 08:54:49.66+03,6,5,15
10006,2025-04-06 08:56:03.501+03,20,17,11
10006,2025-04-06 08:56:10.813+03,8,17,12
10006,2025-04-06 08:56:10.813+03,8,14,11
10006,2025-04-06 08:56:12.735+03,11,14,12
10006,2025-04-06 08:56:12.735+03,11,17,13
10006,2025-04-06 08:56:16.985+03,6,17,14
10006,2025-04-06 08:56:16.985+03,6,14,13
10006,2025-04-06 08:56:18.626+03,5,17,15
10006,2025-04-06 08:56:18.626+03,5,14,14
10006,2025-04-06 08:56:18.907+03,13,14,15
10006,2025-04-06 08:56:18.907+03,13,17,16
10006,2025-04-06 08:59:36.021+03,17,14,16
10006,2025-04-06 09:18:04.464+03,17,13,15
10006,2025-04-06 09:21:09.627+03,17,5,14
10014,2025-04-13 18:03:56.492+03,17,9,2
10014,2025-04-13 18:03:56.492+03,17,1,7
10014,2025-04-13 18:03:56.492+03,17,2,6
10014,2025-04-13 18:03:56.492+03,17,7,5
10014,2025-04-13 18:03:56.492+03,17,6,4
10014,2025-04-13 18:03:56.492+03,17,18,3
10014,2025-04-13 18:03:56.492+03,17,19,1
10014,2025-04-13 18:03:56.59+03,1,2,7
10014,2025-04-13 18:03:56.59+03,1,7,6
10014,2025-04-13 18:03:56.59+03,1,6,5
10014,2025-04-13 18:03:56.59+03,1,18,4
10014,2025-04-13 18:03:56.59+03,1,9,3
10014,2025-04-13 18:03:56.59+03,1,19,2
10014,2025-04-13 18:03:56.676+03,16,19,3
10014,2025-04-13 18:03:56.676+03,16,2,8
10014,2025-04-13 18:03:56.676+03,16,7,7
10014,2025-04-13 18:03:56.676+03,16,6,6
10014,2025-04-13 18:03:56.676+03,16,18,5
10014,2025-04-13 18:03:56.676+03,16,9,4
10014,2025-04-13 18:03:56.718+03,11,9,5
10014,2025-04-13 18:03:56.718+03,11,2,9
10014,2025-04-13 18:03:56.718+03,11,7,8
10014,2025-04-13 18:03:56.718+03,11,6,7
10014,2025-04-13 18:03:56.718+03,11,18,6
10014,2025-04-13 18:03:56.718+03,11,19,4
10014,2025-04-13 18:03:57.138+03,5,9,6
10014,2025-04-13 18:03:57.138+03,5,2,10
10014,2025-04-13 18:03:57.138+03,5,7,9
10014,2025-04-13 18:03:57.138+03,5,6,8
10014,2025-04-13 18:03:57.138+03,5,18,7
10014,2025-04-13 18:03:57.138+03,5,19,5
10014,2025-04-13 18:03:57.219+03,19,11,4
10014,2025-04-13 18:03:57.219+03,19,5,5
10014,2025-04-13 18:03:57.219+03,19,16,3
10014,2025-04-13 18:03:57.219+03,19,1,2
10014,2025-04-13 18:03:57.219+03,19,17,1
10014,2025-04-13 18:03:57.256+03,4,7,10
10014,2025-04-13 18:03:57.256+03,4,6,9
10014,2025-04-13 18:03:57.256+03,4,18,8
10014,2025-04-13 18:03:57.256+03,4,9,7
10014,2025-04-13 18:03:57.256+03,4,2,11
10014,2025-04-13 18:03:57.336+03,18,16,4
10014,2025-04-13 18:03:57.336+03,18,17,2
10014,2025-04-13 18:03:57.336+03,18,1,3
10014,2025-04-13 18:03:57.336+03,18,9,8
10014,2025-04-13 18:03:57.336+03,18,4,7
10014,2025-04-13 18:03:57.336+03,18,5,6
10014,2025-04-13 18:03:57.336+03,18,11,5
10014,2025-04-13 18:03:57.364+03,9,11,6
10014,2025-04-13 18:03:57.364+03,9,17,3
10014,2025-04-13 18:03:57.364+03,9,4,8
10014,2025-04-13 18:03:57.364+03,9,1,4
10014,2025-04-13 18:03:57.364+03,9,5,7
10014,2025-04-13 18:03:57.364+03,9,16,5
10014,2025-04-13 18:03:57.389+03,8,2,12
10014,2025-04-13 18:03:57.389+03,8,7,11
10014,2025-04-13 18:03:57.389+03,8,6,10
10014,2025-04-13 18:03:57.389+03,8,4,9
10014,2025-04-13 18:03:57.843+03,12,15,14
10014,2025-04-13 18:03:57.843+03,12,2,13
10014,2025-04-13 18:03:57.843+03,12,7,12
10014,2025-04-13 18:03:57.843+03,12,6,11
10014,2025-04-13 18:03:57.843+03,12,4,10
10014,2025-04-13 18:03:58.111+03,15,2,14
10014,2025-04-13 18:03:58.111+03,15,7,13
10014,2025-04-13 18:03:58.111+03,15,6,12
10014,2025-04-13 18:03:58.245+03,6,17,4
10014,2025-04-13 18:03:58.245+03,6,1,5
10014,2025-04-13 18:03:58.245+03,6,15,12
10014,2025-04-13 18:03:58.245+03,6,4,11
10014,2025-04-13 18:03:58.245+03,6,12,10
10014,2025-04-13 18:03:58.245+03,6,8,9
10014,2025-04-13 18:03:58.245+03,6,5,8
10014,2025-04-13 18:03:58.245+03,6,11,7
10014,2025-04-13 18:03:58.245+03,6,16,6
10014,2025-04-13 18:03:58.279+03,2,1,6
10014,2025-04-13 18:03:58.279+03,2,7,14
10014,2025-04-13 18:03:58.279+03,2,15,13
10014,2025-04-13 18:03:58.279+03,2,4,12
10014,2025-04-13 18:03:58.279+03,2,12,11
10014,2025-04-13 18:03:58.279+03,2,8,10
10014,2025-04-13 18:03:58.279+03,2,5,9
10014,2025-04-13 18:03:58.279+03,2,11,8
10014,2025-04-13 18:03:58.279+03,2,16,7
10014,2025-04-13 18:03:58.279+03,2,17,5
10014,2025-04-13 18:03:58.507+03,7,17,6
10014,2025-04-13 18:03:58.507+03,7,15,14
10014,2025-04-13 18:03:58.507+03,7,4,13
10014,2025-04-13 18:03:58.507+03,7,12,12
10014,2025-04-13 18:03:58.507+03,7,8,11
10014,2025-04-13 18:03:58.507+03,7,5,10
10014,2025-04-13 18:03:58.507+03,7,11,9
10014,2025-04-13 18:03:58.507+03,7,16,8
10014,2025-04-13 18:03:58.507+03,7,1,7
10014,2025-04-13 18:03:58.53+03,14,13,16
10014,2025-04-13 18:03:58.646+03,10,3,18
10014,2025-04-13 18:03:58.646+03,10,13,17
10014,2025-04-13 18:03:58.746+03,20,3,19
10014,2025-04-13 18:03:58.846+03,16,1,8
10014,2025-04-13 18:04:00.619+03,1,16,8
10014,2025-04-13 18:04:01.031+03,5,11,10
10014,2025-04-13 18:04:01.636+03,4,12,13
10014,2025-04-13 18:04:02.158+03,13,10,17
10014,2025-04-13 18:04:05.712+03,16,1,8
10014,2025-04-13 18:04:05.712+03,16,17,7
10014,2025-04-13 18:04:06.37+03,11,5,10
10014,2025-04-13 18:04:06.87+03,12,4,13
10014,2025-04-13 18:04:07.342+03,20,10,18
10014,2025-04-13 18:04:07.342+03,20,13,17
10014,2025-04-13 18:04:09.434+03,2,9,3
10014,2025-04-13 18:04:09.961+03,7,6,5
10014,2025-04-13 18:04:10.424+03,17,16,7
10014,2025-04-13 18:04:10.677+03,1,16,8
10014,2025-04-13 18:04:11.913+03,15,4,14
10014,2025-04-13 18:04:15.554+03,10,13,18
10014,2025-04-13 18:04:15.613+03,3,13,19
10014,2025-04-13 18:04:22.427+03,8,5,11
10014,2025-04-13 18:04:22.851+03,15,12,13
10014,2025-04-13 18:04:25.575+03,5,8,11
10014,2025-04-13 18:04:25.963+03,12,15,13
10014,2025-04-13 18:04:26.937+03,3,10,18
10014,2025-04-13 18:04:28.148+03,6,7,5
10014,2025-04-13 18:04:28.777+03,17,7,6
10014,2025-04-13 18:04:29.003+03,1,7,7
10014,2025-04-13 18:04:29.297+03,16,7,8
10014,2025-04-13 18:04:29.598+03,11,7,9
10014,2025-04-13 18:04:30.223+03,8,7,11
10014,2025-04-13 18:04:30.632+03,15,12,13
10014,2025-04-13 18:04:30.632+03,15,7,12
10014,2025-04-13 18:04:30.683+03,12,7,13
10014,2025-04-13 18:04:31.017+03,4,7,14
10014,2025-04-13 18:04:31.057+03,20,7,15
10014,2025-04-13 18:04:31.437+03,14,7,16
10014,2025-04-13 18:04:32.007+03,10,7,18
10014,2025-04-13 18:04:32.061+03,13,7,19
10014,2025-04-13 18:04:32.273+03,7,15,12
10014,2025-04-13 18:04:32.273+03,7,13,19
10014,2025-04-13 18:04:32.273+03,7,10,18
10014,2025-04-13 18:04:32.273+03,7,3,17
10014,2025-04-13 18:04:32.273+03,7,14,16
10014,2025-04-13 18:04:32.273+03,7,20,15
10014,2025-04-13 18:04:32.273+03,7,4,14
10014,2025-04-13 18:04:32.273+03,7,12,13
10014,2025-04-13 18:04:32.273+03,7,8,11
10014,2025-04-13 18:04:32.273+03,7,5,10
10014,2025-04-13 18:04:32.273+03,7,11,9
10014,2025-04-13 18:04:32.273+03,7,16,8
10014,2025-04-13 18:04:32.273+03,7,1,7
10014,2025-04-13 18:04:32.273+03,7,17,6
10014,2025-04-13 18:04:38.743+03,17,7,6
10014,2025-04-13 18:04:41.781+03,20,4,15
10014,2025-04-13 18:04:55.951+03,14,4,16
10014,2025-04-13 18:05:06.45+03,4,14,16
10014,2025-04-13 18:05:09.647+03,14,4,16
10014,2025-04-13 18:05:09.991+03,10,3,18
10014,2025-04-13 18:05:18.373+03,4,14,16
10014,2025-04-13 18:05:44.536+03,20,12,14
10014,2025-04-13 18:05:45.058+03,13,3,19
10014,2025-04-13 18:05:47.213+03,3,13,19
10014,2025-04-13 18:05:48.98+03,15,8,12
10014,2025-04-13 18:05:49.76+03,12,20,14
10014,2025-04-13 18:07:21.876+03,12,8,13
10014,2025-04-13 18:10:41.03+03,7,17,6
10014,2025-04-13 18:10:41.432+03,20,8,14
10014,2025-04-13 18:10:43.855+03,13,3,19
10014,2025-04-13 18:10:59.426+03,1,17,7
10014,2025-04-13 18:12:19.84+03,3,13,19
10014,2025-04-13 18:13:56.993+03,14,4,16
10014,2025-04-13 18:13:57.802+03,10,4,17
10014,2025-04-13 18:14:04.609+03,3,4,18
10014,2025-04-13 18:14:25.473+03,13,4,19
10014,2025-04-13 18:16:05.207+03,4,13,19
10014,2025-04-13 18:17:11.737+03,12,15,12
10014,2025-04-13 18:17:17.975+03,20,15,13
10014,2025-04-13 18:17:20.171+03,8,15,14
10014,2025-04-13 18:17:21.359+03,14,15,15
10014,2025-04-13 18:17:23.089+03,10,15,16
10014,2025-04-13 18:17:24.494+03,3,15,17
10014,2025-04-13 18:17:35.176+03,16,17,8
10014,2025-04-13 18:17:38.379+03,17,16,8
10014,2025-04-13 18:18:12.316+03,16,17,8
10014,2025-04-13 18:18:21.08+03,11,17,9
10014,2025-04-13 18:18:51.379+03,12,5,11
10014,2025-04-13 18:18:58.271+03,20,5,12
10014,2025-04-13 18:19:00.506+03,8,5,13
10014,2025-04-13 18:19:01.441+03,14,5,14
10014,2025-04-13 18:19:03.066+03,10,5,15
10014,2025-04-13 18:19:04.842+03,3,5,16
10014,2025-04-13 18:19:10.734+03,7,6,5
10014,2025-04-13 18:19:15.139+03,15,5,17
10014,2025-04-13 18:19:21.645+03,4,5,18
10014,2025-04-13 18:19:26.626+03,5,4,18
10014,2025-04-13 18:20:18.54+03,9,2,3
10014,2025-04-13 18:20:27.158+03,7,2,4
10014,2025-04-13 18:20:32.25+03,16,6,6
10014,2025-04-13 18:20:32.25+03,16,1,7
10014,2025-04-13 18:20:32.25+03,16,2,5
10014,2025-04-13 18:20:33.354+03,11,6,7
10014,2025-04-13 18:20:33.354+03,11,1,8
10014,2025-04-13 18:20:33.354+03,11,2,6
10014,2025-04-13 18:20:34.574+03,17,6,8
10014,2025-04-13 18:20:34.574+03,17,1,9
10014,2025-04-13 18:20:34.574+03,17,2,7
10014,2025-04-13 18:20:36.312+03,12,6,9
10014,2025-04-13 18:20:36.312+03,12,1,10
10014,2025-04-13 18:20:36.312+03,12,2,8
10014,2025-04-13 18:20:38.062+03,20,6,10
10014,2025-04-13 18:20:38.062+03,20,1,11
10014,2025-04-13 18:20:38.062+03,20,2,9
10014,2025-04-13 18:20:40.784+03,8,6,11
10014,2025-04-13 18:20:40.784+03,8,1,12
10014,2025-04-13 18:20:40.784+03,8,2,10
10014,2025-04-13 18:20:41.719+03,14,6,12
10014,2025-04-13 18:20:41.719+03,14,1,13
10014,2025-04-13 18:20:41.719+03,14,2,11
10014,2025-04-13 18:20:43.63+03,10,6,13
10014,2025-04-13 18:20:43.63+03,10,1,14
10014,2025-04-13 18:20:43.63+03,10,2,12
10014,2025-04-13 18:20:45.14+03,3,2,13
10014,2025-04-13 18:20:45.14+03,3,1,15
10014,2025-04-13 18:20:45.14+03,3,6,14
10014,2025-04-13 18:20:54.245+03,15,1,16
10014,2025-04-13 18:22:09.767+03,17,11,6
10014,2025-04-13 18:22:16.147+03,12,11,7
10014,2025-04-13 18:22:18.007+03,20,11,8
10014,2025-04-13 18:22:20.787+03,8,11,9
10014,2025-04-13 18:22:21.978+03,14,11,10
10014,2025-04-13 18:22:24.084+03,10,11,11
10014,2025-04-13 18:22:25.396+03,3,11,12
10014,2025-04-13 18:22:27.32+03,2,11,13
10014,2025-04-13 18:22:29.221+03,6,11,14
10014,2025-04-13 18:22:30.918+03,15,11,15
10014,2025-04-13 18:22:32.079+03,1,11,16
10014,2025-04-13 18:22:33.209+03,5,11,17
10014,2025-04-13 18:22:37.708+03,4,11,18
10014,2025-04-13 18:23:25.145+03,2,3,12
10014,2025-04-13 18:23:50.331+03,16,7,4
10014,2025-04-13 18:23:54.808+03,17,7,5
10014,2025-04-13 18:23:56.1+03,12,7,6
10014,2025-04-13 18:23:57.737+03,20,7,7
10014,2025-04-13 18:24:00.394+03,2,10,11
10014,2025-04-13 18:24:00.759+03,8,7,8
10014,2025-04-13 18:24:01.489+03,3,10,12
10014,2025-04-13 18:24:01.757+03,6,10,13
10014,2025-04-13 18:24:02.219+03,14,7,9
10014,2025-04-13 18:24:08.683+03,15,10,14
10014,2025-04-13 18:24:09.062+03,1,10,15
10014,2025-04-13 18:24:11.218+03,5,10,16
10014,2025-04-13 18:24:14.486+03,6,3,11
10014,2025-04-13 18:24:14.857+03,4,10,17
10014,2025-04-13 18:24:16.358+03,11,10,18
10014,2025-04-13 18:24:17.988+03,13,10,19
10014,2025-04-13 18:25:15.473+03,9,18,2
10014,2025-04-13 18:25:29.223+03,16,18,3
10014,2025-04-13 18:25:35.105+03,17,18,4
10014,2025-04-13 18:25:36.511+03,12,18,5
10014,2025-04-13 18:25:38.079+03,20,18,6
10014,2025-04-13 18:25:42.306+03,15,3,12
10014,2025-04-13 18:25:42.801+03,1,3,13
10014,2025-04-13 18:25:43.578+03,7,3,14
10014,2025-04-13 18:25:44.136+03,8,18,7
10014,2025-04-13 18:25:45.789+03,2,14,9
10014,2025-04-13 18:25:49.627+03,5,3,15
10014,2025-04-13 18:25:53.69+03,4,3,16
10014,2025-04-13 18:25:54.122+03,11,3,17
10014,2025-04-13 18:25:57.027+03,13,3,18
10014,2025-04-13 18:25:59.128+03,18,8,7
10014,2025-04-13 18:26:04.668+03,10,3,19
10014,2025-04-13 18:26:11.741+03,11,4,16
10014,2025-04-13 18:26:59.234+03,9,19,1
10014,2025-04-13 18:27:08.4+03,16,19,2
10014,2025-04-13 18:27:11.689+03,12,17,4
10014,2025-04-13 18:27:13.419+03,18,20,6
10014,2025-04-13 18:27:19.075+03,6,14,10
10014,2025-04-13 18:27:20.181+03,15,14,11
10014,2025-04-13 18:27:20.918+03,1,14,12
10014,2025-04-13 18:27:21.184+03,8,17,6
10014,2025-04-13 18:27:21.184+03,8,20,7
10014,2025-04-13 18:27:21.23+03,2,17,7
10014,2025-04-13 18:27:21.23+03,2,20,8
10014,2025-04-13 18:27:21.38+03,7,14,13
10014,2025-04-13 18:27:27.868+03,5,20,13
10014,2025-04-13 18:27:27.868+03,5,14,14
10014,2025-04-13 18:27:27.868+03,5,17,12
10014,2025-04-13 18:27:32.458+03,11,20,14
10014,2025-04-13 18:27:32.458+03,11,14,15
10014,2025-04-13 18:27:32.458+03,11,17,13
10014,2025-04-13 18:27:33.697+03,4,20,15
10014,2025-04-13 18:27:33.697+03,4,14,16
10014,2025-04-13 18:27:33.697+03,4,17,14
10014,2025-04-13 18:27:36.59+03,13,20,16
10014,2025-04-13 18:27:36.59+03,13,14,17
10014,2025-04-13 18:27:43.8+03,10,14,18
10014,2025-04-13 18:28:16.343+03,18,12,4
10014,2025-04-13 18:29:03.199+03,6,8,7
10014,2025-04-13 18:29:17.519+03,17,13,15
10014,2025-04-13 18:30:32.812+03,2,12,5
10014,2025-04-13 18:30:37.743+03,15,8,8
10014,2025-04-13 18:30:38.509+03,1,8,9
10014,2025-04-13 18:30:38.771+03,7,8,10
10014,2025-04-13 18:30:40.061+03,5,8,11
10014,2025-04-13 18:30:40.237+03,6,12,6
10014,2025-04-13 18:30:49.311+03,11,8,12
10014,2025-04-13 18:30:49.311+03,11,12,11
10014,2025-04-13 18:30:51.782+03,4,8,13
10014,2025-04-13 18:30:51.782+03,4,12,12
10014,2025-04-13 18:30:53.235+03,17,8,14
10014,2025-04-13 18:30:53.235+03,17,12,13
10014,2025-04-13 18:30:56.077+03,13,8,15
10014,2025-04-13 18:30:56.077+03,13,12,14
10014,2025-04-13 18:30:56.098+03,20,12,15
10014,2025-04-13 18:30:56.098+03,20,8,16
10014,2025-04-13 18:31:02.175+03,10,8,17
10014,2025-04-13 18:31:06.334+03,14,8,18
10014,2025-04-13 18:32:09.95+03,19,9,1
10014,2025-04-13 18:32:09.95+03,19,16,2
10014,2025-04-13 18:32:12.486+03,18,16,3
10014,2025-04-13 18:32:12.486+03,18,9,2
10014,2025-04-13 18:32:15.154+03,2,9,3
10014,2025-04-13 18:32:15.154+03,2,16,4
10014,2025-04-13 18:32:18.396+03,6,16,5
10014,2025-04-13 18:32:20.831+03,15,16,6
10014,2025-04-13 18:32:21.481+03,1,16,7
10014,2025-04-13 18:32:22.296+03,7,16,8
10014,2025-04-13 18:32:23.842+03,5,16,9
10014,2025-04-13 18:32:29.483+03,11,16,10
10014,2025-04-13 18:32:39.113+03,17,4,12
10014,2025-04-13 18:33:09.174+03,8,14,18
10014,2025-04-13 18:33:21.716+03,9,6,4
10014,2025-04-13 18:34:06.39+03,16,11,10
10014,2025-04-13 18:34:29.664+03,8,10,17
10014,2025-04-13 18:35:55.929+03,12,13,15
10014,2025-04-13 18:36:05.398+03,7,1,7
10014,2025-04-13 18:37:51.635+03,20,4,13
10014,2025-04-13 18:39:07.346+03,16,5,9
10014,2025-04-13 18:39:57.342+03,16,1,8
10014,2025-04-13 18:40:52.003+03,12,4,14
10014,2025-04-13 18:43:58.729+03,9,2,3
10014,2025-04-13 18:44:01.717+03,16,7,7
10014,2025-04-13 18:45:34.635+03,16,15,6
10014,2025-04-13 18:45:53.261+03,8,13,16
10014,2025-04-13 18:47:11.302+03,5,1,9
10014,2025-04-13 18:47:12.538+03,11,1,10
10014,2025-04-13 18:47:18.537+03,17,1,11
10014,2025-04-13 18:47:20.98+03,20,1,12
10014,2025-04-13 18:47:22.073+03,12,1,13
10014,2025-04-13 18:47:27.86+03,4,1,14
10014,2025-04-13 18:47:30.316+03,8,1,15
10014,2025-04-13 18:47:32.151+03,13,1,16
10014,2025-04-13 18:47:34.418+03,10,1,17
10014,2025-04-13 18:47:35.142+03,14,1,18
10014,2025-04-13 18:47:40.518+03,3,1,19
10014,2025-04-13 18:48:42.987+03,1,3,19
10014,2025-04-13 18:48:55.717+03,5,7,8
10014,2025-04-13 18:48:55.717+03,5,15,7
10014,2025-04-13 18:48:57.003+03,11,15,8
10014,2025-04-13 18:48:57.003+03,11,7,9
10014,2025-04-13 18:48:57.754+03,17,7,10
10014,2025-04-13 18:48:57.754+03,17,15,9
10014,2025-04-13 18:49:00.104+03,20,7,11
10014,2025-04-13 18:49:00.104+03,20,15,10
10014,2025-04-13 18:49:00.59+03,12,15,11
10014,2025-04-13 18:49:00.59+03,12,7,12
10014,2025-04-13 18:49:07.245+03,4,15,12
10014,2025-04-13 18:49:07.245+03,4,7,13
10014,2025-04-13 18:49:09.086+03,10,13,16
10014,2025-04-13 18:49:09.178+03,8,15,13
10014,2025-04-13 18:49:09.178+03,8,7,14
10014,2025-04-13 18:49:14.615+03,14,13,17
10014,2025-04-13 18:49:17.567+03,10,7,15
10014,2025-04-13 18:49:17.614+03,1,13,18
10014,2025-04-13 18:49:19.252+03,3,13,19
10014,2025-04-13 18:49:23.252+03,14,7,16
10014,2025-04-13 18:49:37.844+03,7,14,16
10014,2025-04-13 18:50:10.987+03,7,10,15
10014,2025-04-13 18:50:19.265+03,16,6,5
10014,2025-04-13 18:50:31.334+03,1,14,17
10014,2025-04-13 18:50:31.544+03,11,5,7
10014,2025-04-13 18:50:32.272+03,17,5,8
10014,2025-04-13 18:50:39.035+03,20,5,9
10014,2025-04-13 18:50:39.035+03,20,6,8
10014,2025-04-13 18:50:39.424+03,12,5,10
10014,2025-04-13 18:50:39.424+03,12,6,9
10014,2025-04-13 18:50:43.029+03,8,4,12
10014,2025-04-13 18:50:47.635+03,12,20,8
10014,2025-04-13 18:50:48.073+03,8,5,11
10014,2025-04-13 18:50:51.2+03,15,4,13
10014,2025-04-13 18:50:51.2+03,15,5,12
10014,2025-04-13 18:50:52.663+03,7,4,14
10014,2025-04-13 18:50:52.663+03,7,5,13
10014,2025-04-13 18:50:53.912+03,10,4,15
10014,2025-04-13 18:50:53.912+03,10,5,14
10014,2025-04-13 18:50:54.292+03,1,4,16
10014,2025-04-13 18:50:54.292+03,1,5,15
10014,2025-04-13 18:50:55.21+03,14,4,17
10014,2025-04-13 18:50:55.21+03,14,5,16
10014,2025-04-13 18:50:59.091+03,3,4,18
10014,2025-04-13 18:51:12.012+03,1,10,14
10014,2025-04-13 18:52:28.665+03,17,11,6
10014,2025-04-13 18:53:15.177+03,5,14,16
10014,2025-04-13 18:53:49.868+03,5,10,15
10014,2025-04-13 18:54:06.684+03,15,8,11
10014,2025-04-13 18:54:28.557+03,7,8,12
10014,2025-04-13 18:55:41.352+03,6,20,9
10014,2025-04-13 18:55:45.272+03,1,8,13
10014,2025-04-13 18:55:51.698+03,7,15,11
10014,2025-04-13 18:56:13.07+03,14,10,16
10014,2025-04-13 18:57:37.211+03,6,12,8
10014,2025-04-13 18:57:42.541+03,15,7,11
10014,2025-04-13 18:57:42.658+03,8,1,13
10014,2025-04-13 18:57:42.97+03,6,17,6
10014,2025-04-13 18:57:42.97+03,6,11,7
10014,2025-04-13 18:57:44.982+03,1,8,13
10014,2025-04-13 18:57:48.623+03,15,11,8
10014,2025-04-13 18:57:48.623+03,15,20,10
10014,2025-04-13 18:57:48.623+03,15,12,9
10014,2025-04-13 18:57:48.623+03,15,17,7
10014,2025-04-13 18:57:50.522+03,1,11,9
10014,2025-04-13 18:57:50.522+03,1,7,12
10014,2025-04-13 18:57:50.522+03,1,20,11
10014,2025-04-13 18:57:50.522+03,1,12,10
10014,2025-04-13 18:57:50.522+03,1,17,8
10014,2025-04-13 18:57:57.695+03,5,11,10
10014,2025-04-13 18:57:57.695+03,5,8,14
10014,2025-04-13 18:57:57.695+03,5,7,13
10014,2025-04-13 18:57:57.695+03,5,20,12
10014,2025-04-13 18:57:57.695+03,5,12,11
10014,2025-04-13 18:58:03.088+03,20,12,12
10014,2025-04-13 18:58:13.356+03,4,10,17
10014,2025-04-13 18:58:13.356+03,4,3,18
10014,2025-04-13 18:58:13.356+03,4,14,16
10014,2025-04-13 18:58:18.886+03,13,10,18
10014,2025-04-13 18:58:18.886+03,13,3,19
10014,2025-04-13 18:58:18.886+03,13,14,17
10014,2025-04-13 19:03:14.607+03,9,18,2
10014,2025-04-13 19:03:15.898+03,2,18,3
10014,2025-04-13 19:03:17.446+03,16,18,4
10014,2025-04-13 19:03:19.087+03,6,18,5
10014,2025-04-13 19:03:20.639+03,15,18,6
10014,2025-04-13 19:03:21.449+03,1,18,7
10014,2025-04-13 19:03:22.759+03,18,1,7
10014,2025-04-13 19:03:22.759+03,18,15,6
10014,2025-04-13 19:03:22.759+03,18,6,5
10014,2025-04-13 19:03:22.759+03,18,16,4
10014,2025-04-13 19:03:22.759+03,18,2,3
10014,2025-04-13 19:03:22.759+03,18,9,2
10014,2025-04-13 19:04:19.021+03,4,8,15
10014,2025-04-13 19:04:20.638+03,8,4,15
10014,2025-04-13 19:04:26.64+03,3,10,19
10014,2025-04-13 19:04:27.008+03,13,4,16
10014,2025-04-13 19:04:28.428+03,16,2,4
10014,2025-04-13 19:04:31.498+03,11,17,10
10014,2025-04-13 19:04:33.842+03,13,8,15
10014,2025-04-13 19:04:34.339+03,4,8,16
10014,2025-04-13 19:04:34.393+03,14,8,17
10014,2025-04-13 19:04:35.088+03,10,3,19
10014,2025-04-13 19:04:35.294+03,9,18,2
10014,2025-04-13 19:04:35.586+03,16,18,3
10014,2025-04-13 19:04:35.679+03,2,18,4
10014,2025-04-13 19:04:36.499+03,18,9,2
10014,2025-04-13 19:04:36.499+03,18,2,4
10014,2025-04-13 19:04:36.499+03,18,16,3
10014,2025-04-13 19:04:42.075+03,7,12,13
10014,2025-04-13 19:04:42.833+03,2,16,4
10014,2025-04-13 19:04:46.73+03,20,17,11
10014,2025-04-13 19:04:49.121+03,14,4,16
10014,2025-04-13 19:05:04.468+03,7,17,12
10014,2025-04-13 19:05:14.361+03,12,17,13
10014,2025-04-13 19:05:14.361+03,12,7,12
10014,2025-04-13 19:05:14.389+03,17,12,12
10014,2025-04-13 19:05:14.389+03,17,7,13
10014,2025-04-13 19:05:23.199+03,12,17,12
10014,2025-04-13 19:05:23.223+03,17,12,12
10014,2025-04-13 19:05:27.971+03,12,17,12
10014,2025-04-13 19:05:38.148+03,9,18,2
10014,2025-04-13 19:05:38.616+03,2,18,3
10014,2025-04-13 19:05:39.78+03,16,18,4
10014,2025-04-13 19:05:40.578+03,6,18,5
10014,2025-04-13 19:05:41.698+03,15,18,6
10014,2025-04-13 19:05:42.204+03,1,18,7
10014,2025-04-13 19:05:42.797+03,5,18,8
10014,2025-04-13 19:05:43.246+03,11,18,9
10014,2025-04-13 19:05:43.361+03,18,15,6
10014,2025-04-13 19:05:43.361+03,18,11,9
10014,2025-04-13 19:05:43.361+03,18,5,8
10014,2025-04-13 19:05:43.361+03,18,1,7
10014,2025-04-13 19:05:43.361+03,18,6,5
10014,2025-04-13 19:05:43.361+03,18,16,4
10014,2025-04-13 19:05:43.361+03,18,2,3
10014,2025-04-13 19:05:43.361+03,18,9,2
10014,2025-04-13 19:06:20.32+03,16,2,4
10014,2025-04-13 19:07:26.068+03,9,18,2
10014,2025-04-13 19:07:27.761+03,16,18,3
10014,2025-04-13 19:07:28.182+03,2,18,4
10014,2025-04-13 19:07:29.489+03,6,18,5
10014,2025-04-13 19:07:31.092+03,15,18,6
10014,2025-04-13 19:07:31.475+03,1,18,7
10014,2025-04-13 19:07:32.156+03,5,18,8
10014,2025-04-13 19:07:32.712+03,11,18,9
10014,2025-04-13 19:07:33.244+03,20,18,10
10014,2025-04-13 19:07:34.044+03,12,18,11
10014,2025-04-13 19:07:35.15+03,17,18,12
10014,2025-04-13 19:07:35.574+03,7,18,13
10014,2025-04-13 19:07:36.7+03,13,18,14
10014,2025-04-13 19:07:37.244+03,14,18,15
10014,2025-04-13 19:07:37.984+03,4,18,16
10014,2025-04-13 19:07:38.566+03,8,18,17
10014,2025-04-13 19:07:39.081+03,10,18,18
10014,2025-04-13 19:07:39.686+03,3,18,19
10014,2025-04-13 19:07:41.518+03,7,17,12
10014,2025-04-13 19:07:41.535+03,17,7,12
10014,2025-04-13 19:07:42.773+03,7,17,12
10014,2025-04-13 19:07:45.715+03,1,15,6
10014,2025-04-13 19:07:51.911+03,2,16,3
10014,2025-04-13 19:09:02.222+03,18,17,13
10014,2025-04-13 19:09:02.222+03,18,3,19
10014,2025-04-13 19:09:02.222+03,18,10,18
10014,2025-04-13 19:09:02.222+03,18,8,17
10014,2025-04-13 19:09:02.222+03,18,4,16
10014,2025-04-13 19:09:02.222+03,18,14,15
10014,2025-04-13 19:09:02.222+03,18,13,14
10014,2025-04-13 19:09:02.222+03,18,7,12
10014,2025-04-13 19:09:02.222+03,18,12,11
10014,2025-04-13 19:09:02.222+03,18,20,10
10014,2025-04-13 19:09:02.222+03,18,11,9
10014,2025-04-13 19:09:02.222+03,18,5,8
10014,2025-04-13 19:09:02.222+03,18,15,7
10014,2025-04-13 19:09:02.222+03,18,1,6
10014,2025-04-13 19:09:02.222+03,18,6,5
10014,2025-04-13 19:09:02.222+03,18,16,4
10014,2025-04-13 19:09:02.222+03,18,2,3
10014,2025-04-13 19:09:02.222+03,18,9,2
10014,2025-04-13 19:09:08.46+03,9,18,2
10014,2025-04-13 19:09:10.149+03,2,18,3
10014,2025-04-13 19:09:11.052+03,16,18,4
10014,2025-04-13 19:09:12.586+03,6,18,5
10014,2025-04-13 19:09:14.036+03,1,18,6
10014,2025-04-13 19:09:15.316+03,15,18,7
10014,2025-04-13 19:09:16.625+03,5,18,8
10014,2025-04-13 19:09:17.125+03,11,18,9
10014,2025-04-13 19:09:17.758+03,20,18,10
10014,2025-04-13 19:09:18.006+03,12,18,11
10014,2025-04-13 19:09:18.324+03,7,18,12
10014,2025-04-13 19:09:19.949+03,17,18,13
10014,2025-04-13 19:09:20.285+03,13,18,14
10014,2025-04-13 19:09:20.801+03,14,18,15
10014,2025-04-13 19:09:21.736+03,4,18,16
10014,2025-04-13 19:09:22.327+03,8,18,17
10014,2025-04-13 19:09:23.091+03,10,18,18
10014,2025-04-13 19:09:23.56+03,3,18,19
10014,2025-04-13 19:09:48.457+03,7,12,11
10014,2025-04-13 19:10:39.547+03,18,9,2
10014,2025-04-13 19:10:39.547+03,18,3,19
10014,2025-04-13 19:10:39.547+03,18,10,18
10014,2025-04-13 19:10:39.547+03,18,8,17
10014,2025-04-13 19:10:39.547+03,18,4,16
10014,2025-04-13 19:10:39.547+03,18,14,15
10014,2025-04-13 19:10:39.547+03,18,13,14
10014,2025-04-13 19:10:39.547+03,18,17,13
10014,2025-04-13 19:10:39.547+03,18,12,12
10014,2025-04-13 19:10:39.547+03,18,7,11
10014,2025-04-13 19:10:39.547+03,18,6,5
10014,2025-04-13 19:10:39.547+03,18,16,4
10014,2025-04-13 19:10:39.547+03,18,2,3
10014,2025-04-13 19:10:39.547+03,18,20,10
10014,2025-04-13 19:10:39.547+03,18,11,9
10014,2025-04-13 19:10:39.547+03,18,5,8
10014,2025-04-13 19:10:39.547+03,18,15,7
10014,2025-04-13 19:10:39.547+03,18,1,6
10014,2025-04-13 19:10:44.674+03,9,18,2
10014,2025-04-13 19:10:46.426+03,2,18,3
10014,2025-04-13 19:10:47.451+03,16,18,4
10014,2025-04-13 19:10:48.936+03,6,18,5
10014,2025-04-13 19:10:50.518+03,1,18,6
10014,2025-04-13 19:10:53.113+03,15,18,7
10014,2025-04-13 19:10:54.246+03,5,18,8
10014,2025-04-13 19:10:54.935+03,11,18,9
10014,2025-04-13 19:10:55.369+03,20,18,10
10014,2025-04-13 19:10:55.946+03,7,18,11
10014,2025-04-13 19:10:56.782+03,12,18,12
10014,2025-04-13 19:10:58.232+03,17,18,13
10014,2025-04-13 19:10:58.553+03,13,18,14
10014,2025-04-13 19:10:59.207+03,14,18,15
10014,2025-04-13 19:11:00.03+03,4,18,16
10014,2025-04-13 19:11:00.714+03,8,18,17
10014,2025-04-13 19:11:01.441+03,10,18,18
10014,2025-04-13 19:11:02.004+03,3,18,19
10014,2025-04-13 19:12:15.079+03,18,11,9
10014,2025-04-13 19:12:15.079+03,18,3,19
10014,2025-04-13 19:12:15.079+03,18,10,18
10014,2025-04-13 19:12:15.079+03,18,8,17
10014,2025-04-13 19:12:15.079+03,18,4,16
10014,2025-04-13 19:12:15.079+03,18,14,15
10014,2025-04-13 19:12:15.079+03,18,13,14
10014,2025-04-13 19:12:15.079+03,18,17,13
10014,2025-04-13 19:12:15.079+03,18,12,12
10014,2025-04-13 19:12:15.079+03,18,7,11
10014,2025-04-13 19:12:15.079+03,18,20,10
10014,2025-04-13 19:12:15.079+03,18,5,8
10014,2025-04-13 19:12:15.079+03,18,15,7
10014,2025-04-13 19:12:15.079+03,18,1,6
10014,2025-04-13 19:12:15.079+03,18,6,5
10014,2025-04-13 19:12:15.079+03,18,16,4
10014,2025-04-13 19:12:15.079+03,18,2,3
10014,2025-04-13 19:12:15.079+03,18,9,2
10014,2025-04-13 19:12:20.9+03,9,18,2
10014,2025-04-13 19:12:22.488+03,2,18,3
10014,2025-04-13 19:12:24.119+03,16,18,4
10014,2025-04-13 19:12:25.957+03,6,18,5
10014,2025-04-13 19:12:27.741+03,1,18,6
10014,2025-04-13 19:12:30.234+03,15,18,7
10014,2025-04-13 19:12:31.548+03,5,18,8
10014,2025-04-13 19:12:32.226+03,11,18,9
10014,2025-04-13 19:12:32.83+03,20,18,10
10014,2025-04-13 19:12:33.304+03,7,18,11
10014,2025-04-13 19:12:34.683+03,12,18,12
10014,2025-04-13 19:12:36.718+03,17,18,13
10014,2025-04-13 19:12:37.297+03,13,18,14
10014,2025-04-13 19:12:37.516+03,14,18,15
10014,2025-04-13 19:12:38.362+03,4,18,16
10014,2025-04-13 19:12:39.134+03,8,18,17
10014,2025-04-13 19:12:39.857+03,10,18,18
10014,2025-04-13 19:12:40.273+03,3,18,19
10014,2025-04-13 19:12:45.905+03,14,13,14
10014,2025-04-13 19:13:51.826+03,18,3,19
10014,2025-04-13 19:13:51.826+03,18,4,16
10014,2025-04-13 19:13:51.826+03,18,13,15
10014,2025-04-13 19:13:51.826+03,18,14,14
10014,2025-04-13 19:13:51.826+03,18,17,13
10014,2025-04-13 19:13:51.826+03,18,12,12
10014,2025-04-13 19:13:51.826+03,18,7,11
10014,2025-04-13 19:13:51.826+03,18,20,10
10014,2025-04-13 19:13:51.826+03,18,11,9
10014,2025-04-13 19:13:51.826+03,18,5,8
10014,2025-04-13 19:13:51.826+03,18,15,7
10014,2025-04-13 19:13:51.826+03,18,1,6
10014,2025-04-13 19:13:51.826+03,18,6,5
10014,2025-04-13 19:13:51.826+03,18,16,4
10014,2025-04-13 19:13:51.826+03,18,2,3
10014,2025-04-13 19:13:51.826+03,18,9,2
10014,2025-04-13 19:13:51.826+03,18,10,18
10014,2025-04-13 19:13:51.826+03,18,8,17
10022,2025-04-20 20:04:02.325+03,19,1,1
10022,2025-04-20 20:04:03.486+03,16,17,6
10022,2025-04-20 20:04:04.047+03,12,2,10
10022,2025-04-20 20:04:04.296+03,8,14,12
10022,2025-04-20 20:04:04.561+03,20,4,14
10022,2025-04-20 20:04:05.077+03,1,19,1
10022,2025-04-20 20:04:06.311+03,7,9,4
10022,2025-04-20 20:04:07.921+03,2,12,10
10022,2025-04-20 20:04:08.671+03,4,20,14
10022,2025-04-20 20:04:11.421+03,9,7,4
10022,2025-04-20 20:04:16.577+03,6,11,8
10022,2025-04-20 20:04:22.852+03,2,6,8
10022,2025-04-20 20:04:22.852+03,2,11,9
10022,2025-04-20 20:04:23.087+03,12,11,10
10022,2025-04-20 20:04:23.087+03,12,6,9
10022,2025-04-20 20:04:23.344+03,8,6,10
10022,2025-04-20 20:04:23.344+03,8,11,11
10022,2025-04-20 20:04:23.673+03,4,6,11
10022,2025-04-20 20:04:23.673+03,4,14,13
10022,2025-04-20 20:04:23.673+03,4,11,12
10022,2025-04-20 20:04:23.917+03,14,11,13
10022,2025-04-20 20:04:23.917+03,14,6,12
10022,2025-04-20 20:04:24.011+03,20,6,13
10022,2025-04-20 20:04:24.011+03,20,11,14
10022,2025-04-20 20:04:24.366+03,10,11,15
10022,2025-04-20 20:04:24.366+03,10,6,14
10022,2025-04-20 20:04:24.549+03,5,11,16
10022,2025-04-20 20:04:24.549+03,5,6,15
10022,2025-04-20 20:04:25.065+03,13,11,17
10022,2025-04-20 20:04:25.065+03,13,6,16
10022,2025-04-20 20:04:25.308+03,15,11,18
10022,2025-04-20 20:04:25.308+03,15,6,17
10022,2025-04-20 20:04:25.78+03,3,6,18
10022,2025-04-20 20:04:25.78+03,3,11,19
10022,2025-04-20 20:05:13.927+03,11,6,19
10022,2025-04-20 20:06:21.612+03,13,5,15
10022,2025-04-20 20:13:12.846+03,4,8,10
10022,2025-04-20 20:16:37.45+03,2,17,7
10022,2025-04-20 20:25:47.679+03,2,16,6
10022,2025-04-20 20:26:03.713+03,16,2,6
10022,2025-04-20 20:27:23.544+03,2,16,6
10022,2025-04-20 20:27:33.982+03,16,2,6
10022,2025-04-20 20:29:09.012+03,2,16,6
10022,2025-04-20 20:29:19.473+03,14,8,11
10022,2025-04-20 20:35:30.478+03,2,7,5
10022,2025-04-20 20:35:43.495+03,10,20,13
10022,2025-04-20 20:35:49.091+03,13,20,14
10022,2025-04-20 20:35:49.311+03,5,20,15
10022,2025-04-20 20:35:50.876+03,15,20,16
10022,2025-04-20 20:35:53.153+03,3,20,17
10022,2025-04-20 20:36:52.535+03,18,19,2
10022,2025-04-20 20:36:54.613+03,9,19,3
10022,2025-04-20 20:36:59.348+03,2,19,4
10022,2025-04-20 20:36:59.863+03,16,7,6
10022,2025-04-20 20:37:08.623+03,17,7,7
10022,2025-04-20 20:37:10.776+03,12,7,8
10022,2025-04-20 20:37:11.355+03,4,7,9
10022,2025-04-20 20:37:16.143+03,14,7,10
10022,2025-04-20 20:37:23.379+03,10,8,12
10022,2025-04-20 20:37:25.473+03,13,8,13
10022,2025-04-20 20:37:25.785+03,5,8,14
10022,2025-04-20 20:37:26.395+03,15,8,15
10022,2025-04-20 20:37:29.238+03,3,8,16
10022,2025-04-20 20:38:24.96+03,9,18,2
10022,2025-04-20 20:38:33.031+03,2,18,3
10022,2025-04-20 20:38:38.685+03,16,18,4
10022,2025-04-20 20:38:39.529+03,19,18,5
10022,2025-04-20 20:38:44.139+03,17,18,6
10022,2025-04-20 20:38:56.054+03,7,14,10
10022,2025-04-20 20:38:59.139+03,10,14,11
10022,2025-04-20 20:39:01.748+03,13,14,12
10022,2025-04-20 20:39:02.386+03,5,14,13
10022,2025-04-20 20:39:02.589+03,15,14,14
10022,2025-04-20 20:39:05.236+03,3,14,15
10022,2025-04-20 20:39:13.165+03,15,5,13
10022,2025-04-20 20:39:41.795+03,19,16,4
10022,2025-04-20 20:39:58.961+03,16,19,4
10022,2025-04-20 20:40:02.93+03,19,16,4
10022,2025-04-20 20:40:03.243+03,9,1,1
10022,2025-04-20 20:40:06.893+03,2,1,2
10022,2025-04-20 20:40:13.378+03,19,1,3
10022,2025-04-20 20:40:13.69+03,16,1,4
10022,2025-04-20 20:40:15.534+03,18,17,6
10022,2025-04-20 20:40:23.077+03,12,17,7
10022,2025-04-20 20:40:23.374+03,4,17,8
10022,2025-04-20 20:40:29.589+03,7,17,9
10022,2025-04-20 20:40:34.743+03,10,17,10
10022,2025-04-20 20:40:37.593+03,13,17,11
10022,2025-04-20 20:40:38.671+03,15,17,12
10022,2025-04-20 20:40:40.03+03,5,17,13
10022,2025-04-20 20:40:41.592+03,3,17,14
10022,2025-04-20 20:41:55.516+03,4,12,7
10022,2025-04-20 20:42:03.4+03,7,12,8
10022,2025-04-20 20:42:03.479+03,17,3,14
10022,2025-04-20 20:42:10.51+03,10,12,9
10022,2025-04-20 20:42:13.374+03,13,12,10
10022,2025-04-20 20:42:14.478+03,15,12,11
10022,2025-04-20 20:42:16.116+03,5,12,12
10022,2025-04-20 20:42:17.712+03,17,12,13
10022,2025-04-20 20:42:18.071+03,3,12,14
10022,2025-04-20 20:43:09.823+03,1,16,4
10022,2025-04-20 20:43:23.004+03,18,16,5
10022,2025-04-20 20:43:34.495+03,4,16,6
10022,2025-04-20 20:43:37.159+03,7,16,7
10022,2025-04-20 20:43:51.498+03,12,3,14
10022,2025-04-20 20:43:52.051+03,17,5,12
10022,2025-04-20 20:45:31.828+03,14,3,15
10022,2025-04-20 20:45:37.656+03,8,3,16
10022,2025-04-20 20:45:47.107+03,3,8,16
10022,2025-04-20 20:46:49.836+03,12,5,13
10022,2025-04-20 20:47:00.57+03,17,15,11
10022,2025-04-20 20:47:09.164+03,8,3,16
10022,2025-04-20 20:48:46.108+03,20,3,17
10022,2025-04-20 20:50:12.458+03,12,15,12
10022,2025-04-20 20:50:15.646+03,17,13,10
10022,2025-04-20 20:50:16.599+03,14,5,14
10022,2025-04-20 20:51:46.977+03,12,13,11
10022,2025-04-20 20:51:53.556+03,8,5,15
10022,2025-04-20 20:52:30.368+03,2,9,1
10022,2025-04-20 20:52:30.618+03,9,2,1
10022,2025-04-20 20:52:34.543+03,2,9,1
10022,2025-04-20 20:52:37.781+03,19,9,2
10022,2025-04-20 20:52:42.864+03,1,9,3
10022,2025-04-20 20:52:47.553+03,18,9,4
10022,2025-04-20 20:53:05.348+03,7,4,6
10022,2025-04-20 20:54:53.317+03,17,10,9
10022,2025-04-20 20:55:11.307+03,20,5,16
10022,2025-04-20 20:56:11.961+03,12,10,10
10022,2025-04-20 20:58:10.468+03,14,15,13
10022,2025-04-20 20:58:15.323+03,3,5,17
10022,2025-04-20 20:59:41.009+03,14,13,12
10022,2025-04-20 20:59:42.244+03,15,13,13
10022,2025-04-20 20:59:42.603+03,8,13,14
10022,2025-04-20 20:59:50.384+03,20,13,15
10022,2025-04-20 20:59:51.884+03,8,15,13
10022,2025-04-20 20:59:54.447+03,3,13,16
10022,2025-04-20 21:00:18.019+03,19,2,1
10022,2025-04-20 21:00:26.522+03,1,2,2
10022,2025-04-20 21:00:32.741+03,18,2,3
10022,2025-04-20 21:00:34.459+03,9,2,4
10022,2025-04-20 21:00:52.434+03,16,4,7
10022,2025-04-20 21:01:09.13+03,17,4,8
10022,2025-04-20 21:01:10.993+03,12,4,9
10022,2025-04-20 21:04:26.663+03,14,10,11
10022,2025-04-20 21:05:17.058+03,9,18,3
10022,2025-04-20 21:07:43.639+03,8,10,12
10022,2025-04-20 21:09:11.422+03,15,10,13
10022,2025-04-20 21:09:11.968+03,20,10,14
10022,2025-04-20 21:09:23.157+03,3,10,15
10022,2025-04-20 21:09:25.93+03,13,10,16
10022,2025-04-20 21:09:53.775+03,2,18,4
10022,2025-04-20 21:13:36.853+03,13,3,15
10022,2025-04-20 21:19:01.135+03,10,3,16
10022,2025-04-20 21:25:20.972+03,5,3,17
10022,2025-04-20 21:26:18.942+03,8,14,11
10028,2025-05-03 19:28:40.399+03,16,9,6
10028,2025-05-03 19:28:43.949+03,12,9,7
10028,2025-05-03 19:28:47.781+03,4,9,8
10028,2025-05-03 19:28:50.633+03,8,9,9
10028,2025-05-03 19:28:53.088+03,13,9,10
10028,2025-05-03 19:28:56.915+03,15,9,11
10028,2025-05-03 19:28:59.145+03,6,9,12
10028,2025-05-03 19:29:01.473+03,14,9,13
10028,2025-05-03 19:29:04.656+03,17,9,14
10028,2025-05-03 19:29:07.604+03,10,9,15
10028,2025-05-03 19:29:11.35+03,5,9,16
10028,2025-05-03 19:29:14.855+03,3,9,17
10028,2025-05-03 19:29:19.272+03,20,9,18
10028,2025-05-03 19:29:24.189+03,11,9,19
10028,2025-05-03 19:34:25.548+03,8,4,8
10028,2025-05-03 19:34:25.857+03,6,13,10
10028,2025-05-03 19:34:25.857+03,6,15,11
10028,2025-05-03 19:34:25.957+03,15,6,10
10028,2025-05-03 19:34:25.957+03,15,13,11
10028,2025-05-03 19:34:25.981+03,14,13,12
10028,2025-05-03 19:34:26.318+03,13,14,12
10028,2025-05-03 19:34:26.547+03,3,5,16
10028,2025-05-03 19:34:26.636+03,11,20,18
10028,2025-05-03 19:34:26.636+03,11,5,17
10028,2025-05-03 19:34:26.816+03,5,3,16
10028,2025-05-03 19:34:26.816+03,5,11,17
10028,2025-05-03 19:34:32.071+03,19,7,1
10028,2025-05-03 19:34:32.403+03,2,7,2
10028,2025-05-03 19:34:32.914+03,1,7,3
10028,2025-05-03 19:34:35.265+03,14,6,11
10028,2025-05-03 19:34:35.265+03,14,13,12
10028,2025-05-03 19:34:35.265+03,14,15,10
10028,2025-05-03 19:34:35.992+03,10,17,14
10028,2025-05-03 19:34:35.992+03,10,13,13
10028,2025-05-03 19:34:35.992+03,10,6,12
10028,2025-05-03 19:34:36.232+03,3,5,16
10028,2025-05-03 19:34:36.232+03,3,17,15
10028,2025-05-03 19:34:36.232+03,3,13,14
10028,2025-05-03 19:34:36.271+03,13,3,14
10028,2025-05-03 19:34:36.403+03,17,3,15
10028,2025-05-03 19:34:36.464+03,20,5,17
10028,2025-05-03 19:34:36.464+03,20,11,18
10028,2025-05-03 19:34:36.464+03,20,3,16
10028,2025-05-03 19:34:36.608+03,11,3,17
10028,2025-05-03 19:34:36.608+03,11,5,18
10028,2025-05-03 19:34:36.689+03,5,3,18
10028,2025-05-03 19:34:41.477+03,5,11,17
10028,2025-05-03 19:34:48.18+03,14,4,9
10028,2025-05-03 19:34:49.289+03,6,10,12
10028,2025-05-03 19:34:49.68+03,17,13,14
10028,2025-05-03 19:34:52.446+03,10,6,12
10028,2025-05-03 19:34:52.914+03,13,17,14
10028,2025-05-03 19:35:20.071+03,10,15,11
10028,2025-05-03 19:35:22.399+03,11,5,17
10028,2025-05-03 19:35:27.93+03,17,13,14
10028,2025-05-03 19:35:59.938+03,17,6,13
10028,2025-05-03 19:37:48.988+03,17,15,12
10028,2025-05-03 19:37:52.21+03,15,17,12
10028,2025-05-03 19:39:26.218+03,17,15,12
10028,2025-05-03 19:39:34.82+03,15,17,12
10028,2025-05-03 19:42:49.161+03,17,15,12
10028,2025-05-03 19:42:57.034+03,15,17,12
10028,2025-05-03 19:46:26.836+03,20,13,15
10028,2025-05-03 19:48:00.376+03,17,15,12
10028,2025-05-03 19:48:09.833+03,20,6,14
10028,2025-05-03 19:48:21.922+03,5,11,17
10028,2025-05-03 19:48:22.883+03,3,11,18
10028,2025-05-03 19:49:48.329+03,20,15,13
10028,2025-05-03 19:49:48.676+03,12,16,6
10028,2025-05-03 19:49:50.594+03,8,16,7
10028,2025-05-03 19:49:53.344+03,14,16,8
10028,2025-05-03 19:49:59.797+03,4,16,9
10028,2025-05-03 19:50:00.739+03,20,17,12
10028,2025-05-03 19:50:00.739+03,20,10,11
10028,2025-05-03 19:50:01.283+03,15,10,12
10028,2025-05-03 19:50:01.283+03,15,17,13
10028,2025-05-03 19:50:02.267+03,6,10,13
10028,2025-05-03 19:50:02.267+03,6,17,14
10028,2025-05-03 19:50:03.142+03,13,17,15
10028,2025-05-03 19:50:03.142+03,13,10,14
10028,2025-05-03 19:50:08.345+03,5,10,15
10028,2025-05-03 19:50:08.345+03,5,17,16
10028,2025-05-03 19:50:08.345+03,5,16,14
10028,2025-05-03 19:50:10.752+03,3,17,17
10028,2025-05-03 19:50:10.752+03,3,10,16
10028,2025-05-03 19:50:23.924+03,3,16,15
10028,2025-05-03 19:50:51.299+03,16,3,15
10028,2025-05-03 19:51:26.666+03,18,7,4
10028,2025-05-03 19:51:30.094+03,11,17,18
10028,2025-05-03 19:51:34.156+03,8,12,6
10028,2025-05-03 19:51:40.877+03,4,14,8
10028,2025-05-03 19:51:41.365+03,7,1,5
10028,2025-05-03 19:51:46.168+03,15,20,10
10028,2025-05-03 19:51:49.58+03,16,6,12
10028,2025-05-03 19:51:49.58+03,16,5,14
10028,2025-05-03 19:51:49.58+03,16,13,13
10028,2025-05-03 19:51:58.762+03,10,3,16
10028,2025-05-03 19:52:06.603+03,11,3,17
10028,2025-05-03 19:52:06.603+03,11,5,16
10028,2025-05-03 19:52:06.603+03,11,13,15
10028,2025-05-03 19:52:06.603+03,11,6,14
10028,2025-05-03 19:52:08.457+03,10,14,11
10028,2025-05-03 19:52:19.199+03,3,5,17
10028,2025-05-03 19:52:29.039+03,16,15,8
10028,2025-05-03 19:52:55.785+03,2,19,1
10028,2025-05-03 19:53:10.395+03,1,4,6
10028,2025-05-03 19:53:22.047+03,16,4,7
10028,2025-05-03 19:53:25.172+03,1,7,5
10028,2025-05-03 19:53:31.328+03,12,4,8
10028,2025-05-03 19:53:31.328+03,12,15,9
10028,2025-05-03 19:53:35.61+03,10,15,10
10028,2025-05-03 19:53:41.525+03,14,4,10
10028,2025-05-03 19:53:41.525+03,14,15,11
10028,2025-05-03 19:53:41.525+03,14,7,9
10028,2025-05-03 19:53:43.969+03,20,15,12
10028,2025-05-03 19:53:43.969+03,20,7,10
10028,2025-05-03 19:53:43.969+03,20,4,11
10028,2025-05-03 19:53:44.595+03,11,4,12
10028,2025-05-03 19:53:44.595+03,11,15,13
10028,2025-05-03 19:53:44.595+03,11,7,11
10028,2025-05-03 19:53:49.447+03,12,18,5
10028,2025-05-03 19:53:51.045+03,6,15,14
10028,2025-05-03 19:53:53.596+03,13,15,15
10028,2025-05-03 19:54:03.285+03,6,4,13
10028,2025-05-03 19:54:13.758+03,16,1,3
10028,2025-05-03 19:54:28.578+03,14,8,8
10028,2025-05-03 19:54:31.067+03,13,4,14
10028,2025-05-03 19:54:35.878+03,20,8,9
10028,2025-05-03 19:54:36.362+03,11,8,10
10028,2025-05-03 19:54:43.026+03,7,8,11
10028,2025-05-03 19:54:44.552+03,6,8,12
10028,2025-05-03 19:54:46.868+03,13,8,13
10028,2025-05-03 19:54:48.48+03,4,8,14
10028,2025-05-03 19:54:54.521+03,15,8,15
10028,2025-05-03 19:54:55.44+03,3,8,16
10028,2025-05-03 19:54:56.779+03,5,8,17
10028,2025-05-03 20:04:41.604+03,18,1,6
10028,2025-05-03 20:04:42.339+03,14,1,7
10028,2025-05-03 20:04:42.83+03,20,1,8
10028,2025-05-03 20:04:43.571+03,11,1,9
10028,2025-05-03 20:04:43.83+03,7,1,10
10028,2025-05-03 20:04:44.306+03,6,1,11
10028,2025-05-03 20:04:45.577+03,13,1,12
10028,2025-05-03 20:04:47.066+03,4,1,13
10028,2025-05-03 20:04:47.765+03,15,1,14
10028,2025-05-03 20:04:48.051+03,3,1,15
10033,2025-05-04 23:03:50.503+03,12,17,6
10033,2025-05-04 23:03:52.021+03,14,5,14
10033,2025-05-04 23:03:54.65+03,19,7,3
10033,2025-05-04 23:03:55.374+03,17,12,6
10033,2025-05-04 23:03:57.337+03,13,14,14
10033,2025-05-04 23:03:57.337+03,13,5,15
10033,2025-05-04 23:03:57.366+03,5,14,15
10033,2025-05-04 23:03:57.636+03,10,14,16
10033,2025-05-04 23:03:57.636+03,10,8,17
10033,2025-05-04 23:03:57.854+03,8,14,17
10033,2025-05-04 23:03:57.889+03,20,14,18
10033,2025-05-04 23:03:58.671+03,6,14,19
10033,2025-05-04 23:03:59.033+03,7,19,3
10033,2025-05-04 23:03:59.033+03,7,2,2
10033,2025-05-04 23:03:59.276+03,19,2,3
10033,2025-05-04 23:03:59.59+03,18,2,4
10033,2025-05-04 23:04:00.023+03,12,17,6
10033,2025-05-04 23:04:00.023+03,12,2,5
10033,2025-05-04 23:04:02.711+03,10,5,15
10033,2025-05-04 23:04:03.349+03,20,5,16
10033,2025-05-04 23:04:03.349+03,20,8,17
10033,2025-05-04 23:04:03.707+03,8,5,17
10033,2025-05-04 23:04:03.917+03,6,5,18
10033,2025-05-04 23:04:04.336+03,17,2,6
10033,2025-05-04 23:04:04.554+03,11,15,9
10033,2025-05-04 23:04:08.075+03,2,17,6
10033,2025-05-04 23:04:12.035+03,3,16,12
10033,2025-05-04 23:04:15.234+03,15,11,9
10033,2025-05-04 23:04:20.559+03,11,15,9
10033,2025-05-04 23:04:31.438+03,14,5,19
10033,2025-05-04 23:04:38.46+03,16,3,12
10033,2025-05-04 23:09:34.196+03,16,4,11
10033,2025-05-04 23:10:00.293+03,19,7,2
10033,2025-05-04 23:10:05.863+03,2,12,5
10033,2025-05-04 23:11:35.951+03,17,12,6
10033,2025-05-04 23:14:16.59+03,2,18,4
10033,2025-05-04 23:17:48.92+03,2,7,3
10033,2025-05-04 23:18:13.916+03,6,8,17
10033,2025-05-04 23:24:41.345+03,19,1,1
10033,2025-05-04 23:25:37.859+03,12,17,6
10033,2025-05-04 23:26:16.07+03,2,1,2
10033,2025-05-04 23:26:22.844+03,1,2,2
10033,2025-05-04 23:30:14.119+03,2,1,2
10033,2025-05-04 23:30:43.411+03,1,2,2
10033,2025-05-04 23:31:42.639+03,2,1,2
10033,2025-05-04 23:34:23.51+03,13,3,13
10033,2025-05-04 23:34:26.322+03,10,3,14
10033,2025-05-04 23:34:26.974+03,20,3,15
10033,2025-05-04 23:34:30.47+03,6,3,16
10033,2025-05-04 23:34:31.943+03,8,3,17
10033,2025-05-04 23:36:00.585+03,20,10,14
10033,2025-05-04 23:36:01.146+03,6,10,15
10033,2025-05-04 23:36:02.33+03,8,10,16
10033,2025-05-04 23:36:16.487+03,3,10,17
10033,2025-05-04 23:38:09.774+03,16,15,10
10033,2025-05-04 23:38:15.848+03,15,16,10
10033,2025-05-04 23:38:42.751+03,16,15,10
10033,2025-05-04 23:39:03.292+03,13,4,12
10033,2025-05-04 23:39:09.49+03,20,4,13
10033,2025-05-04 23:39:10.088+03,6,4,14
10033,2025-05-04 23:39:12.113+03,8,4,15
10033,2025-05-04 23:40:38.986+03,13,15,11
10033,2025-05-04 23:40:42.551+03,20,15,12
10033,2025-05-04 23:40:42.917+03,6,15,13
10033,2025-05-04 23:40:45.557+03,8,15,14
10033,2025-05-04 23:40:52.025+03,4,15,15
10033,2025-05-04 23:43:20.396+03,18,7,4
10033,2025-05-04 23:43:21.189+03,12,7,5
10033,2025-05-04 23:43:26.704+03,9,17,7
10033,2025-05-04 23:43:29.838+03,11,17,8
10033,2025-05-04 23:43:37.764+03,16,17,9
10033,2025-05-04 23:43:37.764+03,16,7,8
10033,2025-05-04 23:43:44.162+03,13,17,10
10033,2025-05-04 23:44:52.435+03,18,1,3
10033,2025-05-04 23:45:02.615+03,9,12,5
10033,2025-05-04 23:45:02.615+03,9,1,4
10033,2025-05-04 23:45:05.314+03,11,1,5
10033,2025-05-04 23:45:05.314+03,11,12,6
10033,2025-05-04 23:45:10.292+03,16,1,6
10033,2025-05-04 23:45:10.292+03,16,12,7
10033,2025-05-04 23:45:21.135+03,7,12,8
10033,2025-05-04 23:46:26.535+03,1,16,6
10033,2025-05-04 23:46:33.852+03,17,13,10
10033,2025-05-04 23:46:39.611+03,1,11,5
10033,2025-05-04 23:46:43.088+03,16,11,6
10033,2025-05-04 23:46:45.735+03,7,11,7
10033,2025-05-04 23:46:45.825+03,6,20,12
10033,2025-05-04 23:46:46.5+03,12,11,8
10033,2025-05-04 23:46:49.988+03,17,11,9
10033,2025-05-04 23:46:50.611+03,13,11,10
10033,2025-05-04 23:46:55.73+03,6,11,11
10033,2025-05-04 23:46:55.954+03,20,11,12
10033,2025-05-04 23:47:02.725+03,11,20,12
10033,2025-05-04 23:47:06.588+03,20,11,12
10033,2025-05-04 23:47:16.937+03,11,20,12
10033,2025-05-04 23:47:18.036+03,8,20,13
10033,2025-05-04 23:47:18.993+03,4,20,14
10033,2025-05-04 23:47:19.511+03,15,20,15
10033,2025-05-04 23:47:24.765+03,3,20,16
10033,2025-05-04 23:47:30.053+03,10,20,17
10033,2025-05-04 23:47:53.337+03,14,20,18
10033,2025-05-04 23:48:25.452+03,7,16,6
10033,2025-05-04 23:48:26.575+03,12,16,7
10033,2025-05-04 23:48:29.151+03,17,16,8
10033,2025-05-04 23:48:32.232+03,13,16,9
10033,2025-05-04 23:48:37.553+03,6,16,10
10033,2025-05-04 23:48:40.41+03,4,8,13
10033,2025-05-04 23:48:40.864+03,15,8,14
10033,2025-05-04 23:48:43.825+03,16,6,10
10033,2025-05-04 23:48:51.125+03,3,8,15
10033,2025-05-04 23:48:57.516+03,10,8,16
10033,2025-05-04 23:50:24.829+03,1,9,4
10033,2025-05-04 23:50:28.965+03,7,9,5
10033,2025-05-04 23:50:29.627+03,12,9,6
10033,2025-05-04 23:50:35.176+03,8,10,16
10033,2025-05-04 23:51:18.864+03,8,3,15
10033,2025-05-04 23:51:20.09+03,10,3,16
10033,2025-05-04 23:51:24.363+03,11,6,11
10033,2025-05-04 23:51:52.642+03,16,13,9
10033,2025-05-04 23:52:06.464+03,12,7,5
10033,2025-05-04 23:52:11.949+03,17,9,7
10033,2025-05-04 23:53:03.376+03,14,3,17
10033,2025-05-04 23:55:20.068+03,4,6,12
10033,2025-05-04 23:55:25.338+03,15,6,13
10033,2025-05-04 23:56:54.554+03,9,17,7
10033,2025-05-04 23:56:54.58+03,17,9,7
10033,2025-05-04 23:56:56.697+03,9,17,7
10033,2025-05-04 23:57:01.017+03,17,9,7
10033,2025-05-04 23:57:17.261+03,9,17,7
10033,2025-05-04 23:57:17.878+03,16,17,8
10033,2025-05-04 23:57:58.986+03,11,13,10
10033,2025-05-05 00:01:50.073+03,4,13,11
10033,2025-05-05 00:01:50.589+03,15,13,12
10033,2025-05-05 00:02:01.555+03,6,13,13
10033,2025-05-05 00:02:10.641+03,8,13,14
10033,2025-05-05 00:02:54.92+03,13,8,14
10033,2025-05-05 00:04:29.179+03,16,9,7
10033,2025-05-05 00:25:13.188+03,9,16,7
11234,2026-03-08 06:03:36.13+02,9,7,2
11234,2026-03-08 06:03:36.13+02,9,4,3
11234,2026-03-08 06:03:36.469+02,4,7,3
11234,2026-03-08 06:03:36.668+02,2,7,4
11234,2026-03-08 06:03:36.668+02,2,19,5
11234,2026-03-08 06:03:36.901+02,16,4,3
11234,2026-03-08 06:03:36.901+02,16,19,6
11234,2026-03-08 06:03:36.901+02,16,7,5
11234,2026-03-08 06:03:36.901+02,16,2,4
11234,2026-03-08 06:03:37.285+02,15,7,6
11234,2026-03-08 06:03:37.285+02,15,20,12
11234,2026-03-08 06:03:37.285+02,15,13,11
11234,2026-03-08 06:03:37.285+02,15,3,10
11234,2026-03-08 06:03:37.285+02,15,28,9
11234,2026-03-08 06:03:37.285+02,15,14,8
11234,2026-03-08 06:03:37.285+02,15,19,7
11234,2026-03-08 06:03:37.607+02,7,15,6
11234,2026-03-08 06:03:37.922+02,28,19,9
11234,2026-03-08 06:03:37.922+02,28,14,10
11234,2026-03-08 06:03:37.922+02,28,15,7
11234,2026-03-08 06:03:38.25+02,17,14,11
11234,2026-03-08 06:03:38.25+02,17,1,20
11234,2026-03-08 06:03:38.25+02,17,30,19
11234,2026-03-08 06:03:38.25+02,17,27,18
11234,2026-03-08 06:03:38.25+02,17,8,17
11234,2026-03-08 06:03:38.25+02,17,29,16
11234,2026-03-08 06:03:38.25+02,17,12,15
11234,2026-03-08 06:03:38.25+02,17,6,14
11234,2026-03-08 06:03:38.25+02,17,20,13
11234,2026-03-08 06:03:38.25+02,17,13,12
11234,2026-03-08 06:03:38.25+02,17,19,10
11234,2026-03-08 06:03:38.456+02,20,14,12
11234,2026-03-08 06:03:38.456+02,20,13,13
11234,2026-03-08 06:03:38.456+02,20,19,11
11234,2026-03-08 06:03:38.505+02,6,17,10
11234,2026-03-08 06:03:38.505+02,6,13,14
11234,2026-03-08 06:03:38.505+02,6,14,13
11234,2026-03-08 06:03:38.505+02,6,19,12
11234,2026-03-08 06:03:38.505+02,6,20,11
11234,2026-03-08 06:03:38.505+02,6,3,9
11234,2026-03-08 06:03:38.926+02,12,17,11
11234,2026-03-08 06:03:38.926+02,12,13,15
11234,2026-03-08 06:03:38.926+02,12,14,14
11234,2026-03-08 06:03:38.926+02,12,19,13
11234,2026-03-08 06:03:38.926+02,12,20,12
11234,2026-03-08 06:03:38.926+02,12,3,10
11234,2026-03-08 06:03:39.146+02,8,20,13
11234,2026-03-08 06:03:39.146+02,8,29,17
11234,2026-03-08 06:03:39.146+02,8,13,16
11234,2026-03-08 06:03:39.146+02,8,14,15
11234,2026-03-08 06:03:39.146+02,8,19,14
11234,2026-03-08 06:03:39.146+02,8,17,12
11234,2026-03-08 06:03:39.221+02,27,19,16
11234,2026-03-08 06:03:39.221+02,27,30,20
11234,2026-03-08 06:03:39.221+02,27,29,19
11234,2026-03-08 06:03:39.221+02,27,13,18
11234,2026-03-08 06:03:39.221+02,27,14,17
11234,2026-03-08 06:03:39.513+02,29,1,16
11234,2026-03-08 06:03:39.513+02,29,13,19
11234,2026-03-08 06:03:39.513+02,29,14,18
11234,2026-03-08 06:03:39.513+02,29,19,17
11234,2026-03-08 06:03:39.513+02,29,27,15
11234,2026-03-08 06:03:40.081+02,10,14,19
11234,2026-03-08 06:03:40.081+02,10,30,21
11234,2026-03-08 06:03:40.081+02,10,13,20
11234,2026-03-08 06:03:40.081+02,10,19,18
11234,2026-03-08 06:03:40.52+02,30,13,21
11234,2026-03-08 06:03:40.52+02,30,14,20
11234,2026-03-08 06:03:40.52+02,30,19,19
11234,2026-03-08 06:03:40.52+02,30,10,18
11234,2026-03-08 06:03:40.52+02,30,1,17
11234,2026-03-08 06:03:40.52+02,30,27,16
11234,2026-03-08 06:03:40.52+02,30,29,15
11234,2026-03-08 06:03:40.52+02,30,20,14
11234,2026-03-08 06:03:41.592+02,9,18,1
11234,2026-03-08 06:03:41.898+02,14,19,20
11234,2026-03-08 06:03:42.595+02,4,16,3
11234,2026-03-08 06:03:43.796+02,28,7,6
11234,2026-03-08 06:03:44.157+02,12,6,9
11234,2026-03-08 06:03:44.157+02,12,15,8
11234,2026-03-08 06:03:44.31+02,15,12,8
11234,2026-03-08 06:03:44.321+02,8,3,11
11234,2026-03-08 06:03:44.321+02,8,6,10
11234,2026-03-08 06:03:44.654+02,17,3,12
11234,2026-03-08 06:03:44.654+02,17,6,11
11234,2026-03-08 06:03:44.892+02,6,17,11
11234,2026-03-08 06:03:44.892+02,6,12,9
11234,2026-03-08 06:03:44.892+02,6,8,10
11234,2026-03-08 06:03:45.233+02,3,8,11
11234,2026-03-08 06:03:45.233+02,3,30,13
11234,2026-03-08 06:03:45.233+02,3,17,12
11234,2026-03-08 06:03:45.452+02,29,20,15
11234,2026-03-08 06:03:45.856+02,20,29,15
11234,2026-03-08 06:03:46.604+02,1,27,17
11234,2026-03-08 06:03:46.786+02,2,16,4
11234,2026-03-08 06:03:47.191+02,7,15,7
11234,2026-03-08 06:03:47.806+02,8,12,11
11234,2026-03-08 06:03:48.773+02,30,17,14
11234,2026-03-08 06:03:48.876+02,17,20,13
11234,2026-03-08 06:03:48.876+02,17,30,14
11234,2026-03-08 06:03:50.815+02,16,2,5
11234,2026-03-08 06:03:51.318+02,6,15,8
11234,2026-03-08 06:03:51.491+02,15,6,8
11234,2026-03-08 06:03:51.491+02,15,7,7
11234,2026-03-08 06:03:51.781+02,12,8,11
11234,2026-03-08 06:03:52.14+02,17,8,12
11234,2026-03-08 06:03:52.695+02,8,12,11
11234,2026-03-08 06:03:52.695+02,8,17,12
11234,2026-03-08 06:03:52.695+02,8,3,10
11234,2026-03-08 06:03:52.922+02,29,30,15
11234,2026-03-08 06:03:52.922+02,29,20,14
11234,2026-03-08 06:03:53.649+02,27,30,16
11234,2026-03-08 06:03:53.649+02,27,1,17
11234,2026-03-08 06:03:53.649+02,27,20,15
11234,2026-03-08 06:03:53.906+02,10,30,17
11234,2026-03-08 06:03:53.906+02,10,1,18
11234,2026-03-08 06:03:53.906+02,10,20,16
11234,2026-03-08 06:03:54.019+02,20,27,15
11234,2026-03-08 06:03:54.019+02,20,10,16
11234,2026-03-08 06:03:54.019+02,20,29,14
11234,2026-03-08 06:03:54.157+02,30,27,16
11234,2026-03-08 06:03:54.157+02,30,10,17
11234,2026-03-08 06:03:54.157+02,30,29,15
11234,2026-03-08 06:03:54.913+02,1,27,17
11234,2026-03-08 06:03:54.913+02,1,10,18
11234,2026-03-08 06:03:55.472+02,7,15,7
11234,2026-03-08 06:04:01.674+02,3,8,10
11234,2026-03-08 06:04:01.674+02,3,6,9
11234,2026-03-08 06:04:02.32+02,17,8,11
11234,2026-03-08 06:04:02.32+02,17,12,12
11234,2026-03-08 06:04:02.32+02,17,6,10
11234,2026-03-08 06:04:02.511+02,20,8,12
11234,2026-03-08 06:04:02.511+02,20,12,13
11234,2026-03-08 06:04:02.511+02,20,6,11
11234,2026-03-08 06:04:02.609+02,6,3,9
11234,2026-03-08 06:04:02.609+02,6,20,11
11234,2026-03-08 06:04:02.609+02,6,17,10
11234,2026-03-08 06:04:02.811+02,30,12,14
11234,2026-03-08 06:04:02.811+02,30,8,13
11234,2026-03-08 06:04:02.822+02,8,3,10
11234,2026-03-08 06:04:02.822+02,8,30,13
11234,2026-03-08 06:04:02.822+02,8,20,12
11234,2026-03-08 06:04:02.822+02,8,17,11
11234,2026-03-08 06:04:03.066+02,12,20,13
11234,2026-03-08 06:04:03.066+02,12,30,14
11234,2026-03-08 06:04:03.066+02,12,17,12
11234,2026-03-08 06:04:03.225+02,1,29,16
11234,2026-03-08 06:04:03.23+02,29,1,16
11234,2026-03-08 06:04:06.68+02,1,29,16
11234,2026-03-08 06:04:06.68+02,1,30,15
11234,2026-03-08 06:04:06.85+02,30,1,15
11234,2026-03-08 06:04:06.972+02,27,29,17
11234,2026-03-08 06:04:07.289+02,29,27,17
11234,2026-03-08 06:04:07.289+02,29,1,16
11234,2026-03-08 06:04:16.061+02,17,3,11
11234,2026-03-08 06:04:16.061+02,17,12,12
11234,2026-03-08 06:04:16.337+02,3,17,11
11234,2026-03-08 06:04:16.828+02,12,17,12
11234,2026-03-08 06:04:28.593+02,28,4,3
11234,2026-03-08 06:04:29.042+02,14,10,19
11234,2026-03-08 06:04:33.935+02,1,29,16
11234,2026-03-08 06:04:38.146+02,16,4,4
11234,2026-03-08 06:04:44.252+02,14,27,18
11234,2026-03-08 06:04:44.312+02,16,28,3
11234,2026-03-08 06:04:51.031+02,27,14,18
11234,2026-03-08 06:04:51.675+02,14,27,18
11234,2026-03-08 06:04:54.05+02,29,1,16
11234,2026-03-08 06:04:54.658+02,1,29,16
11234,2026-03-08 06:05:01.318+02,27,14,18
11234,2026-03-08 06:05:01.826+02,10,14,19
11234,2026-03-08 06:05:02.665+02,4,28,4
11234,2026-03-08 06:05:02.724+02,14,27,18
11234,2026-03-08 06:05:02.724+02,14,10,19
11234,2026-03-08 06:05:06.391+02,20,17,13
11234,2026-03-08 06:05:56.433+02,28,4,4
11234,2026-03-08 06:05:56.81+02,1,30,15
11234,2026-03-08 06:05:57.047+02,18,9,1
11234,2026-03-08 06:06:05.639+02,4,28,4
11234,2026-03-08 06:06:13.942+02,29,30,16
11234,2026-03-08 06:06:26.767+02,14,30,17
11234,2026-03-08 06:06:33.782+02,20,12,12
11234,2026-03-08 06:07:17.556+02,9,18,1
11234,2026-03-08 06:07:26.495+02,3,8,10
11234,2026-03-08 06:07:27.333+02,27,30,18
11234,2026-03-08 06:07:33.249+02,7,2,6
11234,2026-03-08 06:07:36.544+02,20,8,11
11234,2026-03-08 06:07:51.742+02,1,17,14
11234,2026-03-08 06:08:55.539+02,1,12,13
11234,2026-03-08 06:09:24.073+02,7,28,5
11234,2026-03-08 06:09:40.937+02,1,8,12
11234,2026-03-08 06:10:22.779+02,12,8,13
11234,2026-03-08 06:11:12.067+02,20,3,10
11234,2026-03-08 06:11:33.106+02,7,4,4
11234,2026-03-08 06:11:45.808+02,1,3,11
11234,2026-03-08 06:11:51.268+02,17,8,14
11234,2026-03-08 06:12:00.976+02,29,8,15
11234,2026-03-08 06:13:28.995+02,14,8,16
11234,2026-03-08 06:13:47.616+02,18,9,1
11234,2026-03-08 06:13:59.415+02,1,20,10
11234,2026-03-08 06:14:15.724+02,9,18,1
11234,2026-03-08 06:14:56.186+02,18,9,1
11234,2026-03-08 06:15:02.777+02,9,18,1
11234,2026-03-08 06:16:44.588+02,14,29,15
11234,2026-03-08 06:16:47.281+02,8,29,16
11234,2026-03-08 06:16:50.744+02,27,29,17
11234,2026-03-08 06:16:52.945+02,30,29,18
11234,2026-03-08 06:16:55.522+02,10,29,19
11234,2026-03-08 06:17:41.167+02,1,6,9
11234,2026-03-08 06:18:38.877+02,28,4,5
11234,2026-03-08 06:18:39.421+02,2,4,6
11234,2026-03-08 06:18:45.667+02,15,4,7
11234,2026-03-08 06:18:46.045+02,1,4,8
11234,2026-03-08 06:18:46.821+02,6,4,9
11234,2026-03-08 06:18:47.963+02,20,4,10
11234,2026-03-08 06:18:48.74+02,3,4,11
11234,2026-03-08 06:18:58.986+02,12,4,12
11234,2026-03-08 06:19:00.322+02,1,15,7
11234,2026-03-08 06:19:00.498+02,17,4,13
11234,2026-03-08 06:19:04.079+02,14,4,14
11234,2026-03-08 06:19:10.513+02,8,4,15
11234,2026-03-08 06:19:12.96+02,27,4,16
11234,2026-03-08 06:19:18.21+02,30,4,17
11234,2026-03-08 06:19:22.352+02,10,4,18
11234,2026-03-08 06:19:29.627+02,1,2,6
11234,2026-03-08 06:19:31.738+02,20,6,9
11234,2026-03-08 06:19:31.738+02,20,15,8
11234,2026-03-08 06:19:31.738+02,20,2,7
11234,2026-03-08 06:19:32.969+02,3,15,9
11234,2026-03-08 06:19:32.969+02,3,6,10
11234,2026-03-08 06:19:32.969+02,3,2,8
11234,2026-03-08 06:19:39.771+02,12,15,10
11234,2026-03-08 06:19:39.771+02,12,6,11
11234,2026-03-08 06:19:45.51+02,29,4,19
11234,2026-03-08 06:19:56.199+02,27,8,15
11234,2026-03-08 06:19:56.199+02,27,14,14
11234,2026-03-08 06:19:59.626+02,30,8,16
11234,2026-03-08 06:19:59.626+02,30,14,15
11234,2026-03-08 06:20:25.527+02,29,10,18
11234,2026-03-08 06:21:03.563+02,16,18,2
11234,2026-03-08 06:21:18.724+02,28,7,4
11234,2026-03-08 06:21:21.313+02,14,30,15
11234,2026-03-08 06:21:36.398+02,2,12,9
11234,2026-03-08 06:21:39.921+02,15,12,10
11234,2026-03-08 06:21:42.229+02,6,12,11
11234,2026-03-08 06:21:48.642+02,8,30,16
11234,2026-03-08 06:22:10.279+02,29,30,17
11234,2026-03-08 06:22:18.311+02,10,30,18
11234,2026-03-08 06:24:03.125+02,29,8,16
11234,2026-03-08 06:24:12.551+02,10,8,17
11234,2026-03-08 06:24:55.814+02,30,8,18
11234,2026-03-08 06:26:09.498+02,7,28,4
11234,2026-03-08 06:26:48.669+02,17,12,12
11234,2026-03-08 06:27:43.533+02,14,27,14
11234,2026-03-08 06:30:39.735+02,3,19,21
11234,2026-03-08 06:30:39.735+02,3,13,22
11234,2026-03-08 06:30:39.735+02,3,28,20
11234,2026-03-08 06:30:39.772+02,4,1,6
11234,2026-03-08 06:30:39.772+02,4,3,8
11234,2026-03-08 06:30:39.772+02,4,20,7
11234,2026-03-08 06:30:59.1+02,15,3,9
11234,2026-03-08 06:30:59.552+02,6,3,10
11234,2026-03-08 06:31:39.925+02,29,27,15
11234,2026-03-08 06:32:52.548+02,3,6,10
11234,2026-03-08 06:33:04.604+02,3,15,9
11234,2026-03-08 06:33:35.157+02,1,28,6
11234,2026-03-08 06:33:36.671+02,15,3,9
11234,2026-03-08 06:33:50.868+02,3,15,9
11234,2026-03-08 06:34:35.191+02,6,15,10
11234,2026-03-08 06:40:34.194+02,16,9,1
11234,2026-03-08 06:40:36.727+02,18,9,2
11234,2026-03-08 06:40:44.471+02,7,9,3
11234,2026-03-08 06:44:14.144+02,18,16,1
11234,2026-03-08 06:44:29.101+02,8,30,18
11234,2026-03-08 06:44:53.723+02,7,16,2
11234,2026-03-08 06:45:01.506+02,9,16,3
11234,2026-03-08 06:46:48.17+02,12,17,12
11234,2026-03-08 06:52:46.526+02,6,3,9
11234,2026-03-08 06:52:48.108+02,15,3,10
11234,2026-03-08 06:53:33.019+02,14,17,13
11234,2026-03-08 06:53:38.018+02,29,17,14
11234,2026-03-08 06:53:38.018+02,29,14,13
11234,2026-03-08 06:53:50.962+02,1,2,5
11234,2026-03-08 06:54:08.278+02,28,2,6
11234,2026-03-08 06:54:09.192+02,20,2,7
11234,2026-03-08 06:58:10.182+02,15,6,9
11234,2026-03-08 06:58:33.205+02,2,20,7
11234,2026-03-08 06:58:42.733+02,14,29,13
11234,2026-03-08 06:59:22.254+02,6,15,9
11234,2026-03-08 06:59:22.308+02,15,6,9
11234,2026-03-08 06:59:27.333+02,6,15,9
11234,2026-03-08 06:59:46.89+02,2,28,6
11234,2026-03-08 07:00:03.456+02,3,15,10
11234,2026-03-08 07:01:12.84+02,20,28,7
11234,2026-03-08 07:01:23.49+02,28,20,7
11234,2026-03-08 07:01:28.304+02,3,6,9
11234,2026-03-08 07:01:30.827+02,20,28,7
11234,2026-03-08 07:01:59.45+02,28,20,7
11234,2026-03-08 07:01:59.482+02,20,28,7
11234,2026-03-08 07:03:58.227+02,2,1,5
11240,2026-03-14 05:04:01.441+02,2,7,2
11240,2026-03-14 05:04:01.535+02,16,7,3
11240,2026-03-14 05:04:01.738+02,9,19,5
11240,2026-03-14 05:04:01.738+02,9,7,4
11240,2026-03-14 05:04:01.801+02,19,7,5
11240,2026-03-14 05:04:01.942+02,6,7,6
11240,2026-03-14 05:04:02.16+02,20,1,8
11240,2026-03-14 05:04:02.16+02,20,7,7
11240,2026-03-14 05:04:03.363+02,15,1,9
11240,2026-03-14 05:04:03.363+02,15,13,11
11240,2026-03-14 05:04:03.363+02,15,4,10
11240,2026-03-14 05:04:03.535+02,4,1,10
11240,2026-03-14 05:04:03.613+02,14,13,12
11240,2026-03-14 05:04:03.613+02,14,1,11
11240,2026-03-14 05:04:03.738+02,29,1,12
11240,2026-03-14 05:04:03.738+02,29,28,15
11240,2026-03-14 05:04:03.738+02,29,3,14
11240,2026-03-14 05:04:03.738+02,29,13,13
11240,2026-03-14 05:04:03.754+02,13,1,13
11240,2026-03-14 05:04:03.754+02,13,29,12
11240,2026-03-14 05:04:03.769+02,28,3,15
11240,2026-03-14 05:04:03.769+02,28,1,14
11240,2026-03-14 05:04:03.816+02,17,1,15
11240,2026-03-14 05:04:03.816+02,17,3,16
11240,2026-03-14 05:04:03.879+02,3,1,16
11240,2026-03-14 05:04:03.988+02,8,1,17
11240,2026-03-14 05:04:03.988+02,10,1,18
11240,2026-03-14 05:04:04.035+02,27,1,19
11240,2026-03-14 05:04:04.035+02,27,30,20
11240,2026-03-14 05:04:06.113+02,4,13,11
11240,2026-03-14 05:04:06.832+02,29,17,14
11240,2026-03-14 05:04:07.894+02,1,27,19
11240,2026-03-14 05:04:09.285+02,16,2,2
11240,2026-03-14 05:04:11.327+02,4,14,10
11240,2026-03-14 05:04:11.327+02,4,15,9
11240,2026-03-14 05:04:11.673+02,14,15,10
11240,2026-03-14 05:04:12.137+02,29,28,13
11240,2026-03-14 05:04:12.137+02,29,13,12
11240,2026-03-14 05:04:13.04+02,10,8,17
11240,2026-03-14 05:04:13.137+02,27,1,19
11240,2026-03-14 05:04:19.237+02,3,17,15
11240,2026-03-14 05:04:30.724+02,9,2,3
11240,2026-03-14 05:04:32.568+02,4,7,8
11240,2026-03-14 05:04:33.569+02,28,29,12
11240,2026-03-14 05:04:33.569+02,28,13,13
11240,2026-03-14 05:04:34.117+02,3,13,14
11240,2026-03-14 05:04:34.407+02,17,13,15
11240,2026-03-14 05:04:34.437+02,10,13,16
11240,2026-03-14 05:04:36.005+02,7,4,8
11240,2026-03-14 05:04:37.146+02,29,28,12
11240,2026-03-14 05:04:38.255+02,8,13,17
11240,2026-03-14 05:04:42.818+02,16,18,1
11240,2026-03-14 05:04:52.177+02,1,27,19
11240,2026-03-14 05:05:05.382+02,3,28,13
11240,2026-03-14 05:05:06.102+02,17,28,14
11240,2026-03-14 05:05:07.383+02,10,28,15
11240,2026-03-14 05:05:07.8+02,1,28,16
11240,2026-03-14 05:05:07.8+02,1,13,18
11240,2026-03-14 05:05:07.8+02,1,8,17
11240,2026-03-14 05:05:08.474+02,27,13,19
11240,2026-03-14 05:05:08.474+02,27,8,18
11240,2026-03-14 05:05:08.474+02,27,28,17
11240,2026-03-14 05:05:09.003+02,8,28,18
11240,2026-03-14 05:05:09.17+02,12,13,20
11240,2026-03-14 05:05:09.17+02,12,30,21
11240,2026-03-14 05:05:09.17+02,12,28,19
11240,2026-03-14 05:05:10.245+02,13,28,20
11240,2026-03-14 05:05:10.459+02,30,28,21
11240,2026-03-14 05:05:16.617+02,18,16,1
11240,2026-03-14 05:05:35.802+02,12,27,17
11240,2026-03-14 05:05:40.48+02,16,18,1
11240,2026-03-14 05:05:40.869+02,18,16,1
11240,2026-03-14 05:05:42.73+02,16,18,1
11240,2026-03-14 05:05:50.539+02,12,10,16
11240,2026-03-14 05:05:59.093+02,8,27,18
11240,2026-03-14 05:06:11.735+02,7,20,7
11240,2026-03-14 05:06:16.729+02,1,17,14
11240,2026-03-14 05:06:20.267+02,13,27,19
11240,2026-03-14 05:06:24.09+02,27,13,19
11240,2026-03-14 05:06:28.57+02,13,27,19
11240,2026-03-14 05:06:30.307+02,7,6,6
11240,2026-03-14 05:07:08.169+02,20,6,7
11240,2026-03-14 05:07:12.934+02,17,1,14
11240,2026-03-14 05:07:15.919+02,3,29,12
11240,2026-03-14 05:07:16.825+02,13,8,18
11240,2026-03-14 05:07:17.012+02,1,17,14
11240,2026-03-14 05:07:18.903+02,9,18,2
11240,2026-03-14 05:07:18.997+02,18,9,2
11240,2026-03-14 05:07:23.071+02,4,6,8
11240,2026-03-14 05:08:32.07+02,18,16,1
11240,2026-03-14 05:08:47.242+02,13,10,17
11240,2026-03-14 05:08:58.016+02,16,18,1
11240,2026-03-14 05:09:06.17+02,1,29,13
11240,2026-03-14 05:10:18.136+02,6,4,8
11240,2026-03-14 05:10:25.964+02,13,12,16
11240,2026-03-14 05:10:26.97+02,7,19,5
11240,2026-03-14 05:10:36.001+02,18,16,1
11240,2026-03-14 05:10:36.553+02,19,7,5
11240,2026-03-14 05:10:40.95+02,16,18,1
11240,2026-03-14 05:10:41.318+02,4,6,8
11240,2026-03-14 05:10:50.456+02,14,6,9
11240,2026-03-14 05:11:55.895+02,18,16,1
11240,2026-03-14 05:13:37.895+02,7,19,5
11240,2026-03-14 05:15:14.454+02,7,2,4
11240,2026-03-14 05:15:26.358+02,9,16,2
11240,2026-03-14 05:15:53.137+02,8,10,18
11240,2026-03-14 05:17:11.454+02,16,9,2
11240,2026-03-14 05:17:17.093+02,30,27,20
11240,2026-03-14 05:17:17.125+02,9,16,2
11240,2026-03-14 05:18:47.544+02,14,4,8
11240,2026-03-14 05:19:04.896+02,13,17,15
11240,2026-03-14 05:19:10.153+02,17,13,15
11240,2026-03-14 05:20:22.155+02,14,20,7
11240,2026-03-14 05:20:25.556+02,27,30,20
11240,2026-03-14 05:21:14.264+02,28,30,21
11240,2026-03-14 05:21:43.138+02,7,16,3
11240,2026-03-14 05:22:07.234+02,17,29,14
11240,2026-03-14 05:22:09.138+02,3,15,11
11240,2026-03-14 05:22:18.69+02,30,28,21
11240,2026-03-14 05:22:20.752+02,1,15,12
11240,2026-03-14 05:22:20.752+02,1,3,11
11240,2026-03-14 05:22:23.252+02,15,3,12
11240,2026-03-14 05:22:55.416+02,6,4,9
11240,2026-03-14 05:23:46.635+02,17,3,13
11240,2026-03-14 05:24:04.038+02,12,13,16
11240,2026-03-14 05:24:11.339+02,8,13,17
11240,2026-03-14 05:24:15.156+02,10,13,18
11240,2026-03-14 05:24:19.274+02,27,13,19
11240,2026-03-14 05:24:29.347+02,15,4,10
11240,2026-03-14 05:24:29.347+02,15,1,11
11240,2026-03-14 05:24:37.644+02,1,4,11
11240,2026-03-14 05:24:59.331+02,7,9,2
11240,2026-03-14 05:25:41.295+02,9,7,2
11240,2026-03-14 05:25:43.479+02,2,7,3
11240,2026-03-14 05:25:43.479+02,2,16,4
11240,2026-03-14 05:25:46.87+02,16,7,4
11240,2026-03-14 05:25:48.698+02,14,19,6
11240,2026-03-14 05:25:48.698+02,14,7,5
11240,2026-03-14 05:25:50.01+02,17,4,12
11240,2026-03-14 05:25:50.01+02,17,1,11
11240,2026-03-14 05:25:50.885+02,3,4,13
11240,2026-03-14 05:25:50.885+02,3,1,12
11240,2026-03-14 05:25:52.979+02,20,19,7
11240,2026-03-14 05:25:52.979+02,20,7,6
11240,2026-03-14 05:25:58.439+02,6,19,8
11240,2026-03-14 05:25:58.905+02,8,29,15
11240,2026-03-14 05:25:58.905+02,8,12,16
11240,2026-03-14 05:25:59.806+02,29,8,15
11240,2026-03-14 05:26:00.468+02,12,8,16
11240,2026-03-14 05:26:05.419+02,19,6,8
11240,2026-03-14 05:26:08.364+02,8,1,13
11240,2026-03-14 05:26:08.364+02,8,12,16
11240,2026-03-14 05:26:08.364+02,8,29,15
11240,2026-03-14 05:26:08.364+02,8,4,14
11240,2026-03-14 05:26:21.539+02,29,4,15
11240,2026-03-14 05:26:22.995+02,12,4,16
11240,2026-03-14 05:32:49.32+02,19,7,7
11240,2026-03-14 05:32:59.181+02,1,8,13
11240,2026-03-14 05:33:02.025+02,4,12,16
11240,2026-03-14 05:33:32.158+02,29,8,14
11240,2026-03-14 05:33:36.471+02,19,20,6
11240,2026-03-14 05:33:58.624+02,4,8,15
11240,2026-03-14 05:34:01.5+02,1,3,12
11240,2026-03-14 05:34:10.636+02,7,20,7
11240,2026-03-14 05:34:17.775+02,19,14,5
11240,2026-03-14 05:34:30.643+02,16,2,3
11240,2026-03-14 05:34:35.924+02,1,17,11
11240,2026-03-14 05:35:00.796+02,7,14,6
11240,2026-03-14 05:35:16.812+02,12,8,16
11240,2026-03-14 05:35:53.956+02,7,19,5
11240,2026-03-14 05:35:58.899+02,15,6,9
11240,2026-03-14 05:35:59.121+02,1,6,10
11240,2026-03-14 05:36:05.82+02,10,8,17
11240,2026-03-14 05:36:14.02+02,1,15,9
11240,2026-03-14 05:36:20.166+02,8,10,17
11245,2026-03-15 09:04:07.595+02,16,7,1
11245,2026-03-15 09:04:07.595+02,16,18,2
11245,2026-03-15 09:04:07.634+02,9,18,3
11245,2026-03-15 09:04:08.011+02,6,2,6
11245,2026-03-15 09:04:08.011+02,6,19,5
11245,2026-03-15 09:04:08.314+02,4,1,8
11245,2026-03-15 09:04:08.314+02,4,2,7
11245,2026-03-15 09:04:08.314+02,4,19,6
11245,2026-03-15 09:04:08.546+02,20,19,7
11245,2026-03-15 09:04:08.546+02,20,1,9
11245,2026-03-15 09:04:08.546+02,20,2,8
11245,2026-03-15 09:04:08.636+02,29,19,8
11245,2026-03-15 09:04:08.636+02,29,13,11
11245,2026-03-15 09:04:08.636+02,29,1,10
11245,2026-03-15 09:04:08.636+02,29,2,9
11245,2026-03-15 09:04:08.846+02,15,2,10
11245,2026-03-15 09:04:08.846+02,15,13,12
11245,2026-03-15 09:04:08.846+02,15,1,11
11245,2026-03-15 09:04:08.846+02,15,19,9
11245,2026-03-15 09:04:08.974+02,14,2,11
11245,2026-03-15 09:04:08.974+02,14,13,13
11245,2026-03-15 09:04:08.974+02,14,1,12
11245,2026-03-15 09:04:08.974+02,14,19,10
11245,2026-03-15 09:04:09.034+02,28,2,12
11245,2026-03-15 09:04:09.034+02,28,13,14
11245,2026-03-15 09:04:09.034+02,28,1,13
11245,2026-03-15 09:04:09.034+02,28,19,11
11245,2026-03-15 09:04:09.276+02,8,2,13
11245,2026-03-15 09:04:09.276+02,8,17,17
11245,2026-03-15 09:04:09.276+02,8,3,16
11245,2026-03-15 09:04:09.276+02,8,13,15
11245,2026-03-15 09:04:09.276+02,8,1,14
11245,2026-03-15 09:04:09.276+02,8,19,12
11245,2026-03-15 09:04:09.321+02,13,2,14
11245,2026-03-15 09:04:09.321+02,13,1,15
11245,2026-03-15 09:04:09.321+02,13,19,13
11245,2026-03-15 09:04:09.357+02,30,2,15
11245,2026-03-15 09:04:09.357+02,30,17,18
11245,2026-03-15 09:04:09.357+02,30,3,17
11245,2026-03-15 09:04:09.357+02,30,1,16
11245,2026-03-15 09:04:09.357+02,30,19,14
11245,2026-03-15 09:04:09.376+02,17,30,14
11245,2026-03-15 09:04:09.376+02,17,3,18
11245,2026-03-15 09:04:09.376+02,17,1,17
11245,2026-03-15 09:04:09.376+02,17,2,16
11245,2026-03-15 09:04:09.376+02,17,19,15
11245,2026-03-15 09:04:09.376+02,17,13,13
11245,2026-03-15 09:04:09.376+02,17,8,12
11245,2026-03-15 09:04:09.576+02,27,2,17
11245,2026-03-15 09:04:09.576+02,27,10,20
11245,2026-03-15 09:04:09.576+02,27,3,19
11245,2026-03-15 09:04:09.576+02,27,1,18
11245,2026-03-15 09:04:09.576+02,27,19,16
11245,2026-03-15 09:04:09.597+02,1,19,17
11245,2026-03-15 09:04:09.597+02,1,2,18
11245,2026-03-15 09:04:09.804+02,10,3,20
11245,2026-03-15 09:04:09.804+02,10,2,19
11245,2026-03-15 09:04:09.804+02,10,19,18
11245,2026-03-15 09:04:12.27+02,30,8,13
11245,2026-03-15 09:04:12.27+02,30,13,14
11245,2026-03-15 09:04:15.234+02,7,9,2
11245,2026-03-15 09:04:16.472+02,20,29,7
11245,2026-03-15 09:04:17.213+02,28,14,10
11245,2026-03-15 09:04:17.982+02,8,30,13
11245,2026-03-15 09:04:18.076+02,27,13,15
11245,2026-03-15 09:04:22.546+02,20,4,6
11245,2026-03-15 09:04:24.016+02,28,15,9
11245,2026-03-15 09:04:24.063+02,15,28,9
11245,2026-03-15 09:04:25.016+02,13,27,15
11245,2026-03-15 09:04:25.204+02,1,27,16
11245,2026-03-15 09:04:26.435+02,10,27,17
11245,2026-03-15 09:04:26.932+02,28,15,9
11245,2026-03-15 09:04:37.356+02,4,20,6
11245,2026-03-15 09:04:38.857+02,14,15,10
11245,2026-03-15 09:04:39.176+02,8,17,12
11245,2026-03-15 09:04:39.176+02,8,15,11
11245,2026-03-15 09:04:39.477+02,17,15,12
11245,2026-03-15 09:04:39.606+02,15,17,12
11245,2026-03-15 09:04:40.271+02,1,13,15
11245,2026-03-15 09:04:40.818+02,20,4,6
11245,2026-03-15 09:04:48.359+02,1,30,14
11245,2026-03-15 09:05:13.14+02,4,20,6
11245,2026-03-15 09:05:18.493+02,29,20,7
11245,2026-03-15 09:05:18.493+02,29,4,6
11245,2026-03-15 09:05:18.81+02,28,20,8
11245,2026-03-15 09:05:18.81+02,28,4,7
11245,2026-03-15 09:05:18.922+02,14,20,9
11245,2026-03-15 09:05:18.922+02,14,4,8
11245,2026-03-15 09:05:19.542+02,8,20,10
11245,2026-03-15 09:05:19.542+02,8,4,9
11245,2026-03-15 09:05:19.847+02,15,20,11
11245,2026-03-15 09:05:19.847+02,15,4,10
11245,2026-03-15 09:05:19.884+02,20,4,11
11245,2026-03-15 09:05:20.256+02,17,4,12
11245,2026-03-15 09:05:20.635+02,1,4,13
11245,2026-03-15 09:05:21.093+02,30,4,14
11245,2026-03-15 09:05:21.476+02,13,4,15
11245,2026-03-15 09:05:22.046+02,10,4,16
11245,2026-03-15 09:05:28.425+02,27,4,17
11245,2026-03-15 09:05:35.722+02,14,28,7
11245,2026-03-15 09:05:36.253+02,15,8,9
11245,2026-03-15 09:05:36.925+02,17,20,11
11245,2026-03-15 09:05:51.653+02,17,8,10
11245,2026-03-15 09:05:51.999+02,1,20,12
11245,2026-03-15 09:06:28.531+02,15,28,8
11245,2026-03-15 09:06:35.822+02,1,8,11
11245,2026-03-15 09:07:00.335+02,7,16,1
11245,2026-03-15 09:07:06.778+02,20,8,12
11245,2026-03-15 09:07:23.873+02,18,9,3
11245,2026-03-15 09:07:28.321+02,1,17,10
11245,2026-03-15 09:08:03.993+02,13,30,14
11245,2026-03-15 09:08:51.857+02,13,8,13
11245,2026-03-15 09:09:02.147+02,18,16,2
11245,2026-03-15 09:10:53.621+02,1,28,9
11245,2026-03-15 09:10:59.077+02,28,1,9
11245,2026-03-15 09:12:13.611+02,15,14,7
11245,2026-03-15 09:12:35.099+02,20,17,11
11245,2026-03-15 09:14:04.359+02,30,8,14
11245,2026-03-15 09:15:25.277+02,13,17,12
11245,2026-03-15 09:18:45.107+02,28,14,8
11245,2026-03-15 09:18:54.598+02,20,1,10
11245,2026-03-15 09:19:02.145+02,20,14,9
11245,2026-03-15 09:19:03.192+02,13,1,11
11245,2026-03-15 09:19:03.192+02,13,14,10
11245,2026-03-15 09:19:22.13+02,30,1,12
11245,2026-03-15 09:19:22.13+02,30,17,13
11245,2026-03-15 09:19:22.13+02,30,14,11
11245,2026-03-15 09:19:23.81+02,8,1,13
11245,2026-03-15 09:19:23.81+02,8,17,14
11245,2026-03-15 09:19:23.81+02,8,14,12
11245,2026-03-15 09:19:24.352+02,10,1,14
11245,2026-03-15 09:19:24.352+02,10,17,15
11245,2026-03-15 09:19:24.352+02,10,14,13
11245,2026-03-15 09:19:27.902+02,27,14,14
11245,2026-03-15 09:19:27.902+02,27,17,16
11245,2026-03-15 09:19:27.902+02,27,1,15
11245,2026-03-15 09:19:36.942+02,27,10,13
11245,2026-03-15 09:19:41.279+02,14,10,14
11245,2026-03-15 09:19:42.851+02,1,10,15
11245,2026-03-15 09:19:45.45+02,17,10,16
11245,2026-03-15 09:19:47.656+02,4,10,17
11245,2026-03-15 09:20:54.311+02,29,16,3
11245,2026-03-15 09:20:54.311+02,29,18,2
11245,2026-03-15 09:20:54.311+02,29,6,5
11245,2026-03-15 09:20:54.311+02,29,9,4
11245,2026-03-15 09:20:56.362+02,13,20,9
11245,2026-03-15 09:20:56.72+02,15,6,6
11245,2026-03-15 09:20:56.72+02,15,9,5
11245,2026-03-15 09:21:02.486+02,28,6,7
11245,2026-03-15 09:21:02.486+02,28,9,6
11245,2026-03-15 09:21:05.142+02,13,6,8
11245,2026-03-15 09:21:16.345+02,8,30,11
11245,2026-03-15 09:21:22.408+02,27,30,12
11245,2026-03-15 09:21:23.002+02,30,27,12
11245,2026-03-15 09:21:31.804+02,27,30,12
11245,2026-03-15 09:21:37.195+02,14,30,13
11245,2026-03-15 09:21:38.258+02,1,30,14
11245,2026-03-15 09:21:41.641+02,17,30,15
11245,2026-03-15 09:23:43.574+02,14,27,12
11245,2026-03-15 09:23:44.029+02,27,14,12
11245,2026-03-15 09:23:52.077+02,14,27,12
11245,2026-03-15 09:23:53.272+02,1,27,13
11245,2026-03-15 09:23:56.078+02,17,27,14
11245,2026-03-15 09:24:04.729+02,30,27,15
11245,2026-03-15 09:28:23.042+02,20,6,9
11245,2026-03-15 09:28:23.623+02,14,8,11
11245,2026-03-15 09:28:34.823+02,4,27,16
11245,2026-03-15 09:28:42.525+02,1,8,12
11245,2026-03-15 09:28:47.421+02,4,30,15
11245,2026-03-15 09:28:50.31+02,16,18,4
11245,2026-03-15 09:28:53.661+02,1,14,11
11245,2026-03-15 09:28:54.138+02,17,8,13
11245,2026-03-15 09:29:25.078+02,4,8,14
11245,2026-03-15 09:29:45.778+02,16,15,3
11245,2026-03-15 09:29:47.579+02,9,28,6
11245,2026-03-15 09:29:52.368+02,30,8,15
11245,2026-03-15 09:29:52.39+02,20,13,8
11245,2026-03-15 09:30:02.321+02,9,18,5
11245,2026-03-15 09:30:41.712+02,16,29,2
11245,2026-03-15 09:31:16.266+02,9,15,4
11245,2026-03-15 09:31:24.643+02,27,8,16
11245,2026-03-15 09:31:56.036+02,9,29,3
11245,2026-03-15 09:32:08.38+02,18,15,5
11245,2026-03-15 09:32:57.342+02,20,28,7
11245,2026-03-15 09:33:03.668+02,18,29,4
11245,2026-03-15 09:33:06.984+02,6,13,9
11245,2026-03-15 09:33:21.634+02,1,13,10
11245,2026-03-15 09:34:36.709+02,6,28,8
11245,2026-03-15 09:34:46.084+02,8,27,16
11245,2026-03-15 09:35:00.913+02,1,28,9
11245,2026-03-15 09:35:10.313+02,27,8,16
11245,2026-03-15 09:37:06.143+02,1,6,8
11245,2026-03-15 09:37:09.862+02,6,1,8
11245,2026-03-15 09:37:52.467+02,20,15,6
11245,2026-03-15 09:37:55.607+02,13,28,10
11245,2026-03-15 09:38:01.159+02,15,20,6
11245,2026-03-15 09:38:05.441+02,20,15,6
11245,2026-03-15 09:38:25.36+02,1,6,8
11245,2026-03-15 09:39:55.945+02,1,15,7
11245,2026-03-15 09:39:58.365+02,15,1,7
11245,2026-03-15 09:40:03.412+02,4,17,13
11245,2026-03-15 09:40:08.662+02,17,4,13
11245,2026-03-15 09:40:16.428+02,1,15,7
11245,2026-03-15 09:41:10.26+02,20,29,5
11245,2026-03-15 09:41:23.38+02,14,28,11
11245,2026-03-15 09:41:35.218+02,13,6,9
11245,2026-03-15 09:41:42.75+02,4,17,13
11245,2026-03-15 09:42:02.124+02,1,29,6
11245,2026-03-15 09:43:50.629+02,6,13,9
11245,2026-03-15 09:45:56.431+02,9,16,2
11245,2026-03-15 09:46:14.243+02,16,9,2
11245,2026-03-15 09:46:19.103+02,9,16,2
11245,2026-03-15 09:46:31.884+02,6,15,8
11245,2026-03-15 09:46:39.29+02,15,6,8
11245,2026-03-15 09:47:59.671+02,4,28,12
11245,2026-03-15 09:49:11.494+02,16,9,2
11245,2026-03-15 09:49:25.714+02,9,16,2
11245,2026-03-15 09:50:07.736+02,16,9,2
11245,2026-03-15 09:50:12.627+02,9,16,2
11245,2026-03-15 09:50:41.64+02,18,16,3
11245,2026-03-15 09:51:20.364+02,17,28,13
11245,2026-03-15 09:52:48.989+02,15,29,7
11245,2026-03-15 09:52:58.499+02,6,29,8
11245,2026-03-15 09:53:03.543+02,6,15,7
11245,2026-03-15 09:53:05.153+02,29,15,8
11245,2026-03-15 09:54:03.604+02,18,9,2
11245,2026-03-15 09:54:37.235+02,13,15,9
11245,2026-03-15 09:54:38.97+02,14,15,10
11245,2026-03-15 09:54:40.298+02,4,15,11
11245,2026-03-15 09:54:51.954+02,17,15,12
11245,2026-03-15 09:55:01.961+02,28,15,13
11245,2026-03-15 09:55:06.039+02,30,15,14
11245,2026-03-15 09:55:09.383+02,27,15,15
11245,2026-03-15 09:55:10.789+02,8,15,16
11245,2026-03-15 09:55:31.114+02,15,8,16
11245,2026-03-15 09:56:07.157+02,15,27,15
11245,2026-03-15 09:57:18.382+02,15,30,14
11245,2026-03-15 09:59:31.171+02,13,29,8
11245,2026-03-15 09:59:32.906+02,14,29,9
11245,2026-03-15 09:59:34.203+02,4,29,10
11245,2026-03-15 09:59:47.312+02,17,29,11
11245,2026-03-15 09:59:57.374+02,28,29,12
11245,2026-03-15 10:00:20.062+02,30,15,14
11245,2026-03-15 10:00:23.145+02,27,15,15
11245,2026-03-15 10:03:13.752+02,15,27,15
11245,2026-03-15 10:03:44.554+02,16,9,3
11245,2026-03-15 10:04:19.44+02,14,13,8
11245,2026-03-15 10:04:27.987+02,4,13,9
11245,2026-03-15 10:04:43.252+02,17,13,10
11245,2026-03-15 10:04:52.414+02,28,13,11
11245,2026-03-15 10:04:59.431+02,29,13,12
11245,2026-03-15 10:05:05.462+02,30,13,13
11245,2026-03-15 10:05:05.806+02,15,13,14
11245,2026-03-15 10:05:07.884+02,27,13,15
11245,2026-03-15 10:05:42.742+02,15,30,13
11245,2026-03-15 10:08:55.942+02,13,27,15
11245,2026-03-15 10:09:50.847+02,13,30,14
11245,2026-03-15 10:10:13.114+02,9,16,3
11245,2026-03-15 10:10:35.837+02,16,9,3
11245,2026-03-15 10:14:19.183+02,29,28,11
11245,2026-03-15 10:16:32.763+02,15,28,12
11245,2026-03-15 10:16:33.853+02,13,28,13
11245,2026-03-15 10:16:46.088+02,30,28,14
11245,2026-03-15 10:17:01.928+02,13,15,12
11245,2026-03-15 10:18:01.063+02,28,30,14
11245,2026-03-15 10:19:29.362+02,6,1,6
11245,2026-03-15 10:19:59.158+02,14,1,7
11245,2026-03-15 10:20:00.376+02,4,1,8
11245,2026-03-15 10:20:41.023+02,17,1,9
11245,2026-03-15 10:20:48.804+02,29,1,10
11245,2026-03-15 10:21:18.023+02,13,1,11
11245,2026-03-15 10:21:22.617+02,15,1,12
11245,2026-03-15 10:21:35.683+02,28,1,13
11245,2026-03-15 10:21:43.536+02,30,1,14
11245,2026-03-15 10:22:00.692+02,27,1,15
11245,2026-03-15 10:23:05.489+02,28,15,12
11245,2026-03-15 10:23:23.224+02,30,15,13
11245,2026-03-15 10:23:41.083+02,27,15,14
11245,2026-03-15 10:33:23.023+02,15,27,14
11253,2026-03-29 08:14:09.752+03,19,7,1
11253,2026-03-29 08:14:09.752+03,19,18,2
11253,2026-03-29 08:14:09.818+03,18,7,2
11253,2026-03-29 08:14:09.834+03,9,7,3
11253,2026-03-29 08:14:09.921+03,2,7,4
11253,2026-03-29 08:14:10.061+03,16,7,5
11253,2026-03-29 08:14:10.873+03,28,3,9
11253,2026-03-29 08:14:10.879+03,15,3,10
11253,2026-03-29 08:14:10.879+03,15,1,11
11253,2026-03-29 08:14:11.169+03,1,3,11
11253,2026-03-29 08:14:11.234+03,14,13,13
11253,2026-03-29 08:14:11.234+03,14,3,12
11253,2026-03-29 08:14:11.464+03,17,3,13
11253,2026-03-29 08:14:11.464+03,17,29,15
11253,2026-03-29 08:14:11.464+03,17,13,14
11253,2026-03-29 08:14:11.546+03,12,13,15
11253,2026-03-29 08:14:11.546+03,12,29,16
11253,2026-03-29 08:14:11.78+03,29,13,16
11253,2026-03-29 08:14:11.787+03,20,13,17
11253,2026-03-29 08:14:11.916+03,30,27,19
11253,2026-03-29 08:14:11.964+03,27,30,19
11253,2026-03-29 08:14:15.119+03,3,17,13
11253,2026-03-29 08:14:17.648+03,2,18,3
11253,2026-03-29 08:14:18.529+03,4,6,7
11253,2026-03-29 08:14:19.043+03,1,15,10
11253,2026-03-29 08:14:22.263+03,6,4,7
11253,2026-03-29 08:14:24.627+03,8,30,20
11253,2026-03-29 08:14:28.301+03,20,27,17
11253,2026-03-29 08:14:35.399+03,29,17,14
11253,2026-03-29 08:14:36.808+03,10,30,21
11253,2026-03-29 08:14:40.283+03,20,12,16
11253,2026-03-29 08:15:15.772+03,30,10,21
11253,2026-03-29 08:15:47.243+03,28,4,8
11253,2026-03-29 08:15:47.432+03,7,16,5
11253,2026-03-29 08:15:52.901+03,20,17,15
11253,2026-03-29 08:16:00.035+03,10,30,21
11253,2026-03-29 08:16:43.473+03,1,4,9
11253,2026-03-29 08:16:51.689+03,3,14,12
11253,2026-03-29 08:17:07.934+03,14,3,12
11253,2026-03-29 08:17:09.568+03,4,1,9
11253,2026-03-29 08:17:14.499+03,1,4,9
11253,2026-03-29 08:17:24.536+03,18,2,3
11253,2026-03-29 08:17:25.241+03,15,4,10
11253,2026-03-29 08:17:32.676+03,29,3,13
11253,2026-03-29 08:17:32.876+03,13,27,18
11253,2026-03-29 08:18:02.293+03,20,3,14
11253,2026-03-29 08:18:55.889+03,18,9,2
11253,2026-03-29 08:19:12.564+03,13,12,17
11253,2026-03-29 08:21:24.818+03,1,28,8
11253,2026-03-29 08:22:14.132+03,15,28,9
11253,2026-03-29 08:23:57.797+03,3,20,14
11253,2026-03-29 08:25:47.63+03,10,8,20
11253,2026-03-29 08:26:37.904+03,18,19,1
11253,2026-03-29 08:26:47.966+03,19,18,1
11253,2026-03-29 08:31:23.022+03,7,2,4
11253,2026-03-29 08:35:07.095+03,29,14,12
11253,2026-03-29 08:35:07.806+03,3,14,13
11253,2026-03-29 08:35:09.634+03,20,14,14
11253,2026-03-29 08:35:10.383+03,13,14,21
11253,2026-03-29 08:36:06.094+03,14,17,15
11253,2026-03-29 08:36:06.094+03,14,20,14
11253,2026-03-29 08:36:06.094+03,14,29,12
11253,2026-03-29 08:36:06.094+03,14,3,13
11253,2026-03-29 08:36:06.094+03,14,30,21
11253,2026-03-29 08:36:06.094+03,14,8,20
11253,2026-03-29 08:36:06.094+03,14,10,19
11253,2026-03-29 08:36:06.094+03,14,27,18
11253,2026-03-29 08:36:06.094+03,14,12,17
11253,2026-03-29 08:36:06.094+03,14,13,16
11253,2026-03-29 08:36:53.61+03,13,17,16
11253,2026-03-29 08:37:43.351+03,7,9,3
11253,2026-03-29 08:37:58.378+03,9,7,3
11253,2026-03-29 08:38:07.386+03,4,28,10
11253,2026-03-29 08:38:12.489+03,28,4,10
11253,2026-03-29 08:39:31.684+03,16,2,5
11253,2026-03-29 08:39:43.474+03,6,2,6
11253,2026-03-29 08:39:47.261+03,1,2,7
11253,2026-03-29 08:39:57.475+03,29,14,12
11253,2026-03-29 08:39:57.825+03,15,2,8
11253,2026-03-29 08:39:58.472+03,3,14,13
11253,2026-03-29 08:40:00.987+03,13,14,21
11253,2026-03-29 08:40:07.876+03,17,20,15
11253,2026-03-29 08:40:10.089+03,12,20,16
11253,2026-03-29 08:40:22.394+03,27,20,17
11253,2026-03-29 08:40:24.854+03,14,3,13
11253,2026-03-29 08:40:24.854+03,14,30,21
11253,2026-03-29 08:40:24.854+03,14,8,20
11253,2026-03-29 08:40:24.854+03,14,10,19
11253,2026-03-29 08:40:24.854+03,14,20,18
11253,2026-03-29 08:40:24.854+03,14,27,17
11253,2026-03-29 08:40:24.854+03,14,12,16
11253,2026-03-29 08:40:24.854+03,14,17,15
11253,2026-03-29 08:40:24.854+03,14,13,14
11253,2026-03-29 08:40:24.854+03,14,29,12
11253,2026-03-29 08:41:04.644+03,7,9,3
11253,2026-03-29 08:41:06.519+03,16,9,4
11253,2026-03-29 08:41:17.764+03,2,15,8
11253,2026-03-29 08:41:19.389+03,6,9,5
11253,2026-03-29 08:41:22.837+03,1,9,6
11253,2026-03-29 08:41:35.321+03,3,29,13
11253,2026-03-29 08:41:42.047+03,13,29,14
11253,2026-03-29 08:41:44.841+03,17,29,15
11253,2026-03-29 08:41:46.876+03,12,29,16
11253,2026-03-29 08:42:02.694+03,27,29,17
11253,2026-03-29 08:42:35.598+03,18,19,1
11253,2026-03-29 08:42:43.002+03,7,19,2
11253,2026-03-29 08:42:45.837+03,16,19,3
11253,2026-03-29 08:42:50.528+03,29,27,17
11253,2026-03-29 08:42:55.213+03,6,19,4
11253,2026-03-29 08:43:00.667+03,1,19,5
11253,2026-03-29 08:43:08.908+03,4,28,10
11253,2026-03-29 08:43:10.326+03,14,28,11
11253,2026-03-29 08:43:16.257+03,3,28,12
11253,2026-03-29 08:43:18.029+03,13,28,13
11253,2026-03-29 08:43:21.556+03,17,28,14
11253,2026-03-29 08:43:23.824+03,12,28,15
11253,2026-03-29 08:43:39.336+03,20,27,18
11253,2026-03-29 08:44:51.096+03,14,4,10
11253,2026-03-29 08:44:51.096+03,14,15,9
11253,2026-03-29 08:44:52.817+03,3,4,11
11253,2026-03-29 08:44:52.817+03,3,15,10
11253,2026-03-29 08:44:53.557+03,13,4,12
11253,2026-03-29 08:44:53.557+03,13,15,11
11253,2026-03-29 08:44:58.158+03,17,15,12
11253,2026-03-29 08:44:58.158+03,17,4,13
11253,2026-03-29 08:45:00.512+03,12,4,14
11253,2026-03-29 08:45:00.512+03,12,15,13
11253,2026-03-29 08:46:11.817+03,19,1,5
11253,2026-03-29 08:47:21.313+03,7,18,1
11253,2026-03-29 08:47:31.089+03,16,18,2
11253,2026-03-29 08:47:42.129+03,6,18,3
11253,2026-03-29 08:47:45.852+03,19,18,4
11253,2026-03-29 08:47:55.282+03,27,20,18
11253,2026-03-29 08:48:04.494+03,10,20,19
11253,2026-03-29 08:48:05.126+03,8,20,20
11253,2026-03-29 08:48:51.126+03,30,20,21
11253,2026-03-29 08:49:38.481+03,19,6,3
11253,2026-03-29 08:49:44.657+03,19,16,2
11253,2026-03-29 08:49:46.512+03,18,6,4
11253,2026-03-29 08:49:50.631+03,9,1,6
11253,2026-03-29 08:49:50.631+03,9,6,5
11253,2026-03-29 08:49:51.585+03,2,1,7
11253,2026-03-29 08:49:51.585+03,2,6,6
11253,2026-03-29 08:50:05.517+03,13,3,10
11253,2026-03-29 08:50:05.517+03,13,14,9
11253,2026-03-29 08:50:31.394+03,15,12,13
11253,2026-03-29 08:50:31.394+03,15,17,12
11253,2026-03-29 08:50:33.229+03,4,12,14
11253,2026-03-29 08:50:33.229+03,4,17,13
11253,2026-03-29 08:50:37.705+03,28,12,15
11253,2026-03-29 08:50:40.252+03,29,12,16
11253,2026-03-29 08:52:36.059+03,14,13,9
11253,2026-03-29 08:52:36.971+03,3,13,10
11253,2026-03-29 08:52:40.363+03,15,13,11
11253,2026-03-29 09:01:55.646+03,16,18,3
11253,2026-03-29 09:02:52.579+03,15,3,10
11253,2026-03-29 09:03:18.651+03,3,15,10
11253,2026-03-29 09:03:35.428+03,15,3,10
11253,2026-03-29 09:04:07.645+03,13,3,11
11253,2026-03-29 09:04:32.197+03,3,13,11
11253,2026-03-29 09:05:00.382+03,4,13,12
11253,2026-03-29 09:05:13.035+03,28,13,13
11253,2026-03-29 09:06:37.166+03,13,28,13
11253,2026-03-29 09:06:38.094+03,17,28,14
11253,2026-03-29 09:06:38.71+03,29,28,15
11253,2026-03-29 09:06:39.4+03,28,17,14
11253,2026-03-29 09:06:39.4+03,28,29,15
11253,2026-03-29 09:06:39.4+03,28,13,13
11253,2026-03-29 09:06:48.932+03,13,28,13
11253,2026-03-29 09:06:49.396+03,8,10,19
11253,2026-03-29 09:07:06.383+03,30,10,20
11253,2026-03-29 09:14:32.283+03,15,14,9
11253,2026-03-29 09:14:35.982+03,4,14,19
11253,2026-03-29 09:14:43.425+03,4,3,10
11253,2026-03-29 09:14:53.986+03,14,15,9
11253,2026-03-29 09:14:53.986+03,14,30,19
11253,2026-03-29 09:14:53.986+03,14,8,18
11253,2026-03-29 09:14:53.986+03,14,27,17
11253,2026-03-29 09:14:53.986+03,14,12,16
11253,2026-03-29 09:14:53.986+03,14,29,15
11253,2026-03-29 09:14:53.986+03,14,17,14
11253,2026-03-29 09:14:53.986+03,14,28,13
11253,2026-03-29 09:14:53.986+03,14,13,12
11253,2026-03-29 09:14:53.986+03,14,3,11
11253,2026-03-29 09:14:53.986+03,14,4,10
11253,2026-03-29 09:16:54.686+03,9,18,4
11253,2026-03-29 09:19:17.135+03,13,3,12
11253,2026-03-29 09:23:51.026+03,9,16,3
11253,2026-03-29 09:25:25.646+03,18,16,4
11253,2026-03-29 09:29:49.627+03,13,4,11
11253,2026-03-29 09:30:12.852+03,4,13,11
11253,2026-03-29 09:30:20.168+03,15,14,9
11253,2026-03-29 09:30:23.419+03,4,14,10
11253,2026-03-29 09:30:23.624+03,3,14,19
11253,2026-03-29 09:30:39.858+03,14,4,10
11253,2026-03-29 09:30:39.858+03,14,30,19
11253,2026-03-29 09:30:39.858+03,14,8,18
11253,2026-03-29 09:30:39.858+03,14,27,17
11253,2026-03-29 09:30:39.858+03,14,12,16
11253,2026-03-29 09:30:39.858+03,14,29,15
11253,2026-03-29 09:30:39.858+03,14,17,14
11253,2026-03-29 09:30:39.858+03,14,28,13
11253,2026-03-29 09:30:39.858+03,14,3,12
11253,2026-03-29 09:30:39.858+03,14,13,11
11253,2026-03-29 09:30:39.858+03,14,15,9
11253,2026-03-29 09:30:54.813+03,27,12,17
11253,2026-03-29 09:32:09.115+03,13,4,11
11253,2026-03-29 09:32:51.793+03,8,12,18
11253,2026-03-29 09:32:54.823+03,2,16,5
11253,2026-03-29 09:33:09.709+03,16,2,5
11253,2026-03-29 09:34:37.157+03,1,6,7
11253,2026-03-29 09:34:45.999+03,30,12,19
11253,2026-03-29 09:34:52.03+03,6,1,7
11253,2026-03-29 09:37:31.66+03,18,9,3
11253,2026-03-29 09:37:37.341+03,2,16,5
11253,2026-03-29 09:37:51.391+03,9,18,3
11253,2026-03-29 09:37:57.092+03,16,2,5
11253,2026-03-29 09:39:17.088+03,2,16,5
11275,2026-05-02 19:03:58.252+03,19,7,2
11275,2026-05-02 19:03:58.358+03,9,7,3
11275,2026-05-02 19:03:58.768+03,18,1,5
11275,2026-05-02 19:03:58.768+03,18,7,4
11275,2026-05-02 19:03:59.177+03,16,1,6
11275,2026-05-02 19:03:59.666+03,6,4,9
11275,2026-05-02 19:04:00.113+03,20,13,12
11275,2026-05-02 19:04:00.113+03,20,3,11
11275,2026-05-02 19:04:00.708+03,14,13,14
11275,2026-05-02 19:04:00.708+03,17,13,13
11275,2026-05-02 19:04:00.921+03,15,13,15
11275,2026-05-02 19:04:00.966+03,27,13,16
11275,2026-05-02 19:04:00.969+03,30,12,18
11275,2026-05-02 19:04:00.969+03,30,13,17
11275,2026-05-02 19:04:01.125+03,12,13,18
11275,2026-05-02 19:04:01.519+03,8,13,19
11275,2026-05-02 19:04:01.638+03,10,13,20
11275,2026-05-02 19:04:03.486+03,7,18,4
11275,2026-05-02 19:04:05.824+03,14,17,13
11275,2026-05-02 19:04:07.021+03,10,8,19
11275,2026-05-02 19:04:08.951+03,1,16,6
11275,2026-05-02 19:04:09.344+03,6,29,8
11275,2026-05-02 19:04:09.893+03,3,20,11
11275,2026-05-02 19:04:15.054+03,27,15,15
11275,2026-05-02 19:04:15.054+03,27,17,14
11275,2026-05-02 19:04:15.103+03,15,27,14
11275,2026-05-02 19:04:15.103+03,15,17,15
11275,2026-05-02 19:04:15.129+03,17,27,15
11275,2026-05-02 19:04:15.45+03,12,10,18
11275,2026-05-02 19:04:20.486+03,3,4,10
11275,2026-05-02 19:05:11.275+03,15,14,13
11275,2026-05-02 19:05:22.768+03,27,17,15
11275,2026-05-02 19:05:28.118+03,12,30,17
11275,2026-05-02 19:05:29.07+03,16,1,6
11275,2026-05-02 19:05:35.428+03,20,4,11
11275,2026-05-02 19:05:54.579+03,4,20,11
11275,2026-05-02 19:06:22.942+03,14,15,13
11275,2026-05-02 19:06:24.169+03,17,27,15
11275,2026-05-02 19:06:29.086+03,15,14,13
11275,2026-05-02 19:06:30.22+03,27,17,15
11275,2026-05-02 19:06:34.119+03,17,27,15
11275,2026-05-02 19:06:52.368+03,17,14,14
11275,2026-05-02 19:06:59.218+03,27,14,15
11275,2026-05-02 19:06:59.396+03,8,10,19
11275,2026-05-02 19:08:25.398+03,12,14,16
11275,2026-05-02 19:09:40.153+03,10,8,19
11275,2026-05-02 19:10:03.603+03,4,3,10
11275,2026-05-02 19:10:19.504+03,8,10,19
11275,2026-05-02 19:10:22.686+03,10,8,19
11275,2026-05-02 19:11:11.646+03,12,27,15
11275,2026-05-02 19:14:33.835+03,10,30,18
11275,2026-05-02 19:14:37.362+03,18,7,4
11275,2026-05-02 19:15:00.725+03,8,30,19
11275,2026-05-02 19:15:32.586+03,7,18,4
11275,2026-05-02 19:15:39.953+03,1,16,6
11275,2026-05-02 19:16:14.484+03,16,1,6
11275,2026-05-02 19:17:33.918+03,14,27,16
11275,2026-05-02 19:17:47.848+03,1,16,6
11275,2026-05-02 19:22:16.64+03,15,20,12
11275,2026-05-02 19:24:37.603+03,14,12,15
11275,2026-05-02 19:24:48.014+03,27,12,16
11275,2026-05-02 19:24:49.186+03,8,12,17
11275,2026-05-02 19:24:49.186+03,8,10,18
11275,2026-05-02 19:24:49.217+03,10,12,18
11275,2026-05-02 19:24:57.577+03,30,12,19
11275,2026-05-02 19:25:35.835+03,10,8,17
11275,2026-05-02 19:26:22.523+03,8,10,17
11275,2026-05-02 19:26:22.718+03,10,8,17
11275,2026-05-02 19:29:20.22+03,4,29,9
11275,2026-05-02 19:29:36.907+03,8,10,17
11275,2026-05-02 19:33:54.736+03,12,30,19
11275,2026-05-02 19:34:08.078+03,8,27,16
11280,2026-05-03 20:04:10.32+03,9,1,2
11280,2026-05-03 20:04:10.32+03,9,7,1
11280,2026-05-03 20:04:10.338+03,1,7,2
11280,2026-05-03 20:04:11.035+03,19,16,6
11280,2026-05-03 20:04:11.414+03,6,29,8
11280,2026-05-03 20:04:11.957+03,13,29,9
11280,2026-05-03 20:04:12.201+03,17,29,10
11280,2026-05-03 20:04:12.201+03,17,20,12
11280,2026-05-03 20:04:12.201+03,17,14,11
11280,2026-05-03 20:04:12.201+03,17,13,9
11280,2026-05-03 20:04:12.421+03,14,29,11
11280,2026-05-03 20:04:12.421+03,14,13,10
11280,2026-05-03 20:04:12.436+03,29,13,11
11280,2026-05-03 20:04:12.445+03,15,20,13
11280,2026-05-03 20:04:12.452+03,28,12,15
11280,2026-05-03 20:04:12.452+03,28,20,14
11280,2026-05-03 20:04:12.884+03,20,28,14
11280,2026-05-03 20:04:12.884+03,20,15,13
11280,2026-05-03 20:04:12.898+03,12,28,15
11280,2026-05-03 20:04:12.898+03,12,15,14
11280,2026-05-03 20:04:12.971+03,10,8,17
11280,2026-05-03 20:04:13.486+03,8,10,17
11280,2026-05-03 20:04:13.535+03,3,27,20
11280,2026-05-03 20:04:13.535+03,3,30,19
11280,2026-05-03 20:04:13.57+03,27,3,19
11280,2026-05-03 20:04:13.57+03,27,30,20
11280,2026-05-03 20:04:13.57+03,27,10,18
11280,2026-05-03 20:04:13.639+03,30,3,20
11280,2026-05-03 20:04:13.639+03,30,10,19
11280,2026-05-03 20:04:16.201+03,16,18,5
11280,2026-05-03 20:04:16.201+03,16,19,6
11280,2026-05-03 20:04:16.557+03,19,18,6
11280,2026-05-03 20:04:16.599+03,6,18,7
11280,2026-05-03 20:04:17.483+03,29,14,10
11280,2026-05-03 20:04:18.019+03,20,13,13
11280,2026-05-03 20:04:18.019+03,20,12,12
11280,2026-05-03 20:04:18.553+03,13,12,13
11280,2026-05-03 20:04:18.986+03,28,15,15
11280,2026-05-03 20:04:19.287+03,27,8,17
11280,2026-05-03 20:04:19.568+03,10,30,19
11280,2026-05-03 20:04:21.019+03,7,1,2
11280,2026-05-03 20:04:21.45+03,2,1,3
11280,2026-05-03 20:04:21.717+03,19,1,4
11280,2026-05-03 20:04:21.717+03,19,16,5
11280,2026-05-03 20:04:22.202+03,18,6,7
11280,2026-05-03 20:04:22.202+03,18,16,6
11280,2026-05-03 20:04:22.202+03,18,1,5
11280,2026-05-03 20:04:22.388+03,16,1,6
11280,2026-05-03 20:04:22.483+03,29,1,7
11280,2026-05-03 20:04:22.483+03,29,17,9
11280,2026-05-03 20:04:22.483+03,29,6,8
11280,2026-05-03 20:04:22.822+03,17,6,9
11280,2026-05-03 20:04:23.051+03,12,13,13
11280,2026-05-03 20:04:23.051+03,12,20,12
11280,2026-05-03 20:04:23.39+03,15,20,13
11280,2026-05-03 20:04:23.39+03,15,28,15
11280,2026-05-03 20:04:23.39+03,15,13,14
11280,2026-05-03 20:04:24.06+03,28,13,15
11280,2026-05-03 20:04:24.42+03,3,8,19
11280,2026-05-03 20:04:24.42+03,3,30,20
11280,2026-05-03 20:04:24.517+03,30,8,20
11280,2026-05-03 20:04:24.587+03,8,30,20
11280,2026-05-03 20:04:24.587+03,8,3,19
11280,2026-05-03 20:04:27.024+03,14,1,9
11280,2026-05-03 20:04:27.024+03,14,6,10
11280,2026-05-03 20:04:28.68+03,3,27,18
11280,2026-05-03 20:04:28.68+03,3,8,19
11280,2026-05-03 20:04:31.576+03,6,12,11
11280,2026-05-03 20:04:34.003+03,14,17,8
11280,2026-05-03 20:04:36.21+03,27,3,18
11280,2026-05-03 20:04:36.21+03,27,13,17
11280,2026-05-03 20:04:36.82+03,4,30,21
11280,2026-05-03 20:04:40.907+03,8,3,19
11280,2026-05-03 20:04:43.39+03,1,17,9
11280,2026-05-03 20:05:03.363+03,3,8,19
11280,2026-05-03 20:05:06.537+03,12,6,11
11280,2026-05-03 20:05:29.817+03,16,29,6
11280,2026-05-03 20:05:32.595+03,17,1,9
11280,2026-05-03 20:05:38.677+03,27,10,16
11280,2026-05-03 20:05:40.24+03,1,17,9
11280,2026-05-03 20:05:40.302+03,12,17,10
11280,2026-05-03 20:05:43.219+03,10,27,16
11280,2026-05-03 20:05:45.284+03,4,8,20
11280,2026-05-03 20:05:50.723+03,12,1,9
11280,2026-05-03 20:05:50.952+03,6,17,11
11280,2026-05-03 20:05:51.078+03,15,17,12
11280,2026-05-03 20:05:51.096+03,3,13,18
11280,2026-05-03 20:05:51.503+03,4,13,19
11280,2026-05-03 20:05:51.834+03,8,13,20
11280,2026-05-03 20:05:52.434+03,30,13,21
11280,2026-05-03 20:05:57.502+03,1,12,9
11280,2026-05-03 20:05:58.395+03,17,15,12
11280,2026-05-03 20:06:07.415+03,20,15,13
11280,2026-05-03 20:06:36.51+03,1,14,8
11280,2026-05-03 20:07:21.333+03,4,3,18
11280,2026-05-03 20:07:24.813+03,18,19,4
11280,2026-05-03 20:08:18.055+03,4,27,17
11280,2026-05-03 20:08:51.919+03,4,10,16
11280,2026-05-03 20:10:12.718+03,7,9,1
11280,2026-05-03 20:10:42.886+03,12,14,9
11280,2026-05-03 20:11:04.851+03,9,7,1
11280,2026-05-03 20:11:27.622+03,4,28,15
11280,2026-05-03 20:11:30.769+03,27,10,17
11280,2026-05-03 20:11:42.401+03,28,4,15
11280,2026-05-03 20:11:45.254+03,27,4,16
11280,2026-05-03 20:11:45.695+03,10,4,17
11280,2026-05-03 20:11:46.001+03,3,4,18
11280,2026-05-03 20:11:46.818+03,8,4,19
11280,2026-05-03 20:11:47.653+03,1,29,7
11280,2026-05-03 20:11:48.775+03,30,4,20
11280,2026-05-03 20:11:57.383+03,2,7,2
11280,2026-05-03 20:11:57.619+03,6,14,10
11280,2026-05-03 20:12:01.919+03,29,1,7
11280,2026-05-03 20:12:03.455+03,17,14,11
11280,2026-05-03 20:12:03.455+03,17,6,10
11280,2026-05-03 20:12:03.835+03,20,14,12
11280,2026-05-03 20:12:03.835+03,20,6,11
11280,2026-05-03 20:12:04.464+03,15,6,12
11280,2026-05-03 20:12:04.464+03,15,14,13
11280,2026-05-03 20:12:06.44+03,3,10,17
11280,2026-05-03 20:12:07.455+03,28,14,14
11280,2026-05-03 20:12:07.455+03,28,6,13
11280,2026-05-03 20:12:09.255+03,14,6,14
11280,2026-05-03 20:12:10.165+03,27,6,15
11280,2026-05-03 20:12:10.783+03,13,4,21
11280,2026-05-03 20:12:11.501+03,10,6,17
11280,2026-05-03 20:12:12.303+03,8,6,18
11280,2026-05-03 20:12:14.341+03,30,6,19
11280,2026-05-03 20:12:47.991+03,13,6,20
11280,2026-05-03 20:14:27.74+03,12,1,8
11280,2026-05-03 20:14:28.475+03,17,1,9
11280,2026-05-03 20:14:29.584+03,20,1,10
11280,2026-05-03 20:14:30.944+03,15,1,11
11280,2026-05-03 20:14:32.74+03,28,1,12
11280,2026-05-03 20:14:35.087+03,27,1,13
11280,2026-05-03 20:14:37.874+03,3,1,14
11280,2026-05-03 20:14:39.437+03,10,1,15
11280,2026-05-03 20:14:46.61+03,1,10,15
11280,2026-05-03 20:14:51.845+03,10,1,15
11280,2026-05-03 20:15:11.372+03,13,14,19
11280,2026-05-03 20:26:13.427+03,19,18,4
11280,2026-05-03 20:26:42.681+03,1,10,15
11280,2026-05-03 20:26:58.022+03,27,28,12
11280,2026-05-03 20:27:04.087+03,28,27,12
11280,2026-05-03 20:27:34.041+03,1,3,14
11280,2026-05-03 20:27:55.166+03,1,27,13
11280,2026-05-03 20:28:19.765+03,2,9,1
11280,2026-05-03 20:28:26.969+03,1,28,12
11280,2026-05-03 20:28:28.538+03,3,27,14
11280,2026-05-03 20:29:02.151+03,7,9,2
11280,2026-05-03 20:29:12.154+03,9,7,2
11280,2026-05-03 20:29:57.51+03,7,9,2
11280,2026-05-03 20:30:09.448+03,8,10,16
11280,2026-05-03 20:30:09.479+03,10,8,16
11280,2026-05-03 20:31:10.256+03,30,8,17
11280,2026-05-03 20:31:13.817+03,1,15,11
11280,2026-05-03 20:31:38.739+03,17,12,8
11280,2026-05-03 20:32:19.164+03,1,20,10
11280,2026-05-03 20:32:29.51+03,30,10,16
11280,2026-05-03 20:32:30.213+03,8,10,17
11280,2026-05-03 20:34:10.201+03,1,12,9
11280,2026-05-03 20:34:27.026+03,19,9,3
11280,2026-05-03 20:34:33.166+03,9,19,3
11280,2026-05-03 20:35:43.64+03,1,17,8
11280,2026-05-03 20:38:09.337+03,3,28,13
11280,2026-05-03 20:39:49.802+03,8,30,16
11280,2026-05-03 20:40:10.403+03,16,18,5
11280,2026-05-03 20:40:17.658+03,29,18,6
11280,2026-05-03 20:40:17.81+03,1,18,7
11280,2026-05-03 20:40:21.687+03,17,18,8
11280,2026-05-03 20:40:24.241+03,12,18,9
11280,2026-05-03 20:40:24.52+03,1,29,6
11280,2026-05-03 20:40:24.81+03,20,18,10
11280,2026-05-03 20:40:26.448+03,15,18,11
11280,2026-05-03 20:41:40.897+03,19,9,3
11280,2026-05-03 20:41:44.602+03,16,9,4
11280,2026-05-03 20:41:51.396+03,1,9,5
11280,2026-05-03 20:41:52.583+03,29,9,6
11280,2026-05-03 20:41:56.799+03,17,9,7
11280,2026-05-03 20:41:59.072+03,12,9,8
11280,2026-05-03 20:42:00.279+03,20,9,9
11280,2026-05-03 20:42:01.529+03,15,9,10
11280,2026-05-03 20:42:09.619+03,18,9,11
11280,2026-05-03 20:42:44.344+03,18,15,10
11280,2026-05-03 20:43:20.611+03,9,15,11
11280,2026-05-03 20:43:53.886+03,18,20,9
11280,2026-05-03 20:44:22.394+03,9,20,10
11280,2026-05-03 20:45:39.845+03,10,30,17
11280,2026-05-03 20:45:55.736+03,18,12,8
11280,2026-05-03 20:46:30.114+03,9,12,9
11280,2026-05-03 20:48:58.352+03,18,17,7
11280,2026-05-03 20:49:28.488+03,1,16,4
11280,2026-05-03 20:49:33.751+03,19,7,2
11280,2026-05-03 20:49:34.803+03,9,17,8
11280,2026-05-03 20:49:38.519+03,1,7,3
11280,2026-05-03 20:49:38.759+03,16,7,4
11280,2026-05-03 20:49:55.518+03,15,20,11
11280,2026-05-03 20:50:04.377+03,3,20,12
11280,2026-05-03 20:50:11.158+03,28,20,13
11280,2026-05-03 20:51:07.677+03,19,2,1
11280,2026-05-03 20:51:10.271+03,7,16,4
11280,2026-05-03 20:51:12.036+03,1,2,2
11280,2026-05-03 20:51:14.708+03,29,16,5
11280,2026-05-03 20:51:23.447+03,18,16,6
11280,2026-05-03 20:51:24.196+03,9,16,7
11280,2026-05-03 20:51:26.803+03,17,16,8
11280,2026-05-03 20:51:27.973+03,7,2,3
11280,2026-05-03 20:51:30.985+03,15,12,10
11280,2026-05-03 20:51:39.651+03,3,12,11
11280,2026-05-03 20:51:47.312+03,28,12,12
11280,2026-05-03 20:52:42.817+03,1,19,1
11280,2026-05-03 20:52:43.223+03,7,19,2
11280,2026-05-03 20:52:43.442+03,2,19,3
11280,2026-05-03 20:52:51.973+03,29,19,4
11280,2026-05-03 20:52:56.458+03,18,19,5
11280,2026-05-03 20:52:56.817+03,9,19,6
11280,2026-05-03 20:53:03.172+03,16,17,8
11280,2026-05-03 20:53:08.047+03,12,28,12
11280,2026-05-03 20:53:09.281+03,15,17,9
11280,2026-05-03 20:53:14.64+03,3,17,10
11280,2026-05-03 20:53:20.906+03,20,28,13
11280,2026-05-03 20:53:27.375+03,7,1,1
11280,2026-05-03 20:53:31.846+03,27,28,14
11280,2026-05-03 20:53:34.583+03,8,28,15
11280,2026-05-03 20:54:02.952+03,2,1,2
11280,2026-05-03 20:54:10.033+03,1,2,2
11280,2026-05-03 20:54:10.053+03,2,1,2
11280,2026-05-03 20:55:06.813+03,8,27,14
11280,2026-05-03 20:55:17.032+03,28,27,15
11280,2026-05-03 20:56:02.874+03,9,18,5
11280,2026-05-03 20:57:33.111+03,9,29,4
11280,2026-05-03 20:57:34.267+03,18,29,5
11280,2026-05-03 20:57:35.642+03,19,29,6
11280,2026-05-03 20:57:44.318+03,16,29,7
11280,2026-05-03 20:57:56.813+03,3,15,9
11280,2026-05-03 20:58:01.558+03,17,15,10
11280,2026-05-03 20:58:03.98+03,12,15,11
11280,2026-05-03 20:58:05.715+03,20,15,12
11280,2026-05-03 20:59:32.435+03,17,3,9
11280,2026-05-03 20:59:35.335+03,12,3,10
11280,2026-05-03 20:59:37.083+03,20,3,11
11280,2026-05-03 20:59:50.022+03,15,3,12
11280,2026-05-03 21:00:41.852+03,28,8,14
11280,2026-05-03 21:02:25.193+03,19,18,5
11280,2026-05-03 21:03:04.596+03,18,19,5
11280,2026-05-03 21:03:36.158+03,19,18,5
11280,2026-05-03 21:14:39.774+03,27,8,15
11280,2026-05-03 21:20:49.711+03,9,1,3
11280,2026-05-03 21:21:03.401+03,3,15,12
11280,2026-05-03 21:21:08.235+03,1,9,3
11280,2026-05-03 21:21:31.768+03,9,1,3
11280,2026-05-03 21:21:52.335+03,8,27,15
11280,2026-05-03 21:21:58.539+03,27,8,15
11280,2026-05-03 21:22:26.885+03,8,27,15
11280,2026-05-03 21:22:31.736+03,27,8,15
11280,2026-05-03 21:23:41.87+03,19,1,4
11280,2026-05-03 21:24:18.946+03,8,27,15
11280,2026-05-03 21:24:26.18+03,27,8,15
11280,2026-05-03 21:30:27.714+03,8,27,15
11280,2026-05-03 21:33:22.834+03,18,1,5
11280,2026-05-03 21:33:29.913+03,1,18,5
11280,2026-05-03 21:34:41.214+03,18,1,5
11280,2026-05-03 21:34:48.636+03,1,18,5
11280,2026-05-03 21:36:02.22+03,19,9,3
11280,2026-05-03 21:36:16.71+03,18,1,5
11280,2026-05-03 21:37:52.855+03,18,9,4
11280,2026-05-03 21:38:06.135+03,1,9,5
11286,2026-05-23 19:03:29.406+03,16,19,4
11286,2026-05-23 19:03:31.372+03,29,13,11
11286,2026-05-23 19:03:31.372+03,29,3,12
11286,2026-05-23 19:03:31.513+03,13,29,11
11286,2026-05-23 19:03:31.7+03,27,3,13
11286,2026-05-23 19:03:31.7+03,27,8,15
11286,2026-05-23 19:03:31.7+03,27,15,14
11286,2026-05-23 19:03:31.747+03,15,3,14
11286,2026-05-23 19:03:32.372+03,14,10,17
11286,2026-05-23 19:03:35.291+03,29,13,11
11286,2026-05-23 19:03:36.26+03,8,3,15
11286,2026-05-23 19:03:38.822+03,13,29,11
11286,2026-05-23 19:03:43.15+03,20,10,18
11286,2026-05-23 19:03:43.939+03,6,10,19
11286,2026-05-23 19:03:44.495+03,30,10,20
11286,2026-05-23 19:03:45.596+03,12,10,21
11286,2026-05-23 19:04:01.704+03,29,13,11
11286,2026-05-23 19:04:07.794+03,27,13,12
11286,2026-05-23 19:04:08.138+03,15,13,13
11286,2026-05-23 19:04:08.654+03,8,13,14
11286,2026-05-23 19:04:09.341+03,3,13,15
11286,2026-05-23 19:04:09.482+03,14,13,16
11286,2026-05-23 19:04:11.607+03,13,8,14
11286,2026-05-23 19:04:11.607+03,13,14,16
11286,2026-05-23 19:04:11.607+03,13,3,15
11286,2026-05-23 19:04:14.782+03,8,13,14
11286,2026-05-23 19:04:21.704+03,15,27,12
11286,2026-05-23 19:04:56.37+03,14,3,16
11286,2026-05-23 19:07:16.661+03,13,8,14
11286,2026-05-23 19:07:22.41+03,12,30,20
11286,2026-05-23 19:07:39.184+03,30,12,20
11286,2026-05-23 19:08:31.025+03,14,8,15
11286,2026-05-23 19:08:42.434+03,12,30,20
11286,2026-05-23 19:08:52.715+03,28,4,8
11286,2026-05-23 19:08:54.778+03,17,4,9
11286,2026-05-23 19:08:55.559+03,29,4,10
11286,2026-05-23 19:09:19.018+03,15,4,11
11286,2026-05-23 19:09:22.785+03,27,4,12
11286,2026-05-23 19:09:39.616+03,13,4,13
11286,2026-05-23 19:09:40.662+03,14,4,14
11286,2026-05-23 19:09:45.256+03,7,18,1
11286,2026-05-23 19:09:49.131+03,8,4,15
11286,2026-05-23 19:09:49.241+03,18,7,1
11286,2026-05-23 19:09:49.428+03,3,4,16
11286,2026-05-23 19:09:54.803+03,6,20,18
11286,2026-05-23 19:09:54.803+03,6,4,17
11286,2026-05-23 19:09:55.288+03,20,4,18
11286,2026-05-23 19:10:19.35+03,2,7,2
11286,2026-05-23 19:10:20.6+03,16,7,3
11286,2026-05-23 19:10:21.381+03,19,7,4
11286,2026-05-23 19:10:21.866+03,7,16,3
11286,2026-05-23 19:10:21.866+03,7,19,4
11286,2026-05-23 19:10:21.866+03,7,2,2
11286,2026-05-23 19:10:25.006+03,2,7,2
11286,2026-05-23 19:10:40.21+03,12,4,19
11286,2026-05-23 19:10:46.504+03,30,4,20
11286,2026-05-23 19:10:59.341+03,10,4,21
11286,2026-05-23 19:11:06.95+03,3,8,15
11286,2026-05-23 19:12:11.381+03,29,17,9
11286,2026-05-23 19:12:13.181+03,6,8,16
11286,2026-05-23 19:16:33.511+03,10,30,20
11286,2026-05-23 19:17:37.39+03,20,8,17
11286,2026-05-23 19:20:13.947+03,12,8,18
11286,2026-05-23 19:20:21.935+03,14,13,13
11286,2026-05-23 19:20:51.088+03,3,13,14
11286,2026-05-23 19:21:44.923+03,8,12,18
11286,2026-05-23 19:21:53.133+03,10,12,19
11286,2026-05-23 19:21:54.023+03,30,12,20
11286,2026-05-23 19:22:42.402+03,6,13,15
11286,2026-05-23 19:23:10.559+03,10,8,18
11286,2026-05-23 19:23:11.73+03,30,8,19
11286,2026-05-23 19:23:20.23+03,12,8,20
11286,2026-05-23 19:27:02.738+03,10,20,17
11286,2026-05-23 19:27:03.956+03,30,20,18
11286,2026-05-23 19:27:19.491+03,27,15,11
11286,2026-05-23 19:27:20.163+03,14,15,12
11286,2026-05-23 19:27:20.663+03,3,15,13
11286,2026-05-23 19:27:21.116+03,6,15,14
11286,2026-05-23 19:27:22.585+03,4,8,21
11286,2026-05-23 19:27:23.335+03,13,15,15
11286,2026-05-23 19:27:24.694+03,15,13,15
11286,2026-05-23 19:27:59.039+03,15,6,14
11286,2026-05-23 19:27:59.116+03,13,6,15
11286,2026-05-23 19:28:07.915+03,13,15,14
11286,2026-05-23 19:28:20.52+03,10,6,16
11286,2026-05-23 19:28:23.772+03,30,6,17
11286,2026-05-23 19:28:40.541+03,20,6,18
11286,2026-05-23 19:29:11.745+03,12,6,19
11286,2026-05-23 19:30:51.826+03,19,16,4
11286,2026-05-23 19:31:00.171+03,9,16,5
11286,2026-05-23 19:33:11.244+03,15,13,14
11291,2026-05-24 23:10:00.925+03,2,18,1
11291,2026-05-24 23:10:00.925+03,2,7,2
11291,2026-05-24 23:10:01.504+03,7,18,2
11291,2026-05-24 23:10:03.495+03,9,4,7
11291,2026-05-24 23:10:03.803+03,29,28,9
11291,2026-05-24 23:10:04.135+03,14,13,11
11291,2026-05-24 23:10:04.135+03,14,28,10
11291,2026-05-24 23:10:04.465+03,13,14,10
11291,2026-05-24 23:10:04.465+03,13,28,11
11291,2026-05-24 23:10:04.486+03,3,28,12
11291,2026-05-24 23:10:04.755+03,20,6,14
11291,2026-05-24 23:10:04.755+03,20,17,15
11291,2026-05-24 23:10:04.755+03,20,28,13
11291,2026-05-24 23:10:05.145+03,15,6,15
11291,2026-05-24 23:10:05.145+03,15,17,16
11291,2026-05-24 23:10:05.145+03,15,28,14
11291,2026-05-24 23:10:05.158+03,8,6,16
11291,2026-05-24 23:10:05.158+03,8,12,18
11291,2026-05-24 23:10:05.158+03,8,17,17
11291,2026-05-24 23:10:05.158+03,8,28,15
11291,2026-05-24 23:10:05.572+03,12,6,17
11291,2026-05-24 23:10:05.572+03,12,17,18
11291,2026-05-24 23:10:05.572+03,12,28,16
11291,2026-05-24 23:10:05.604+03,6,15,14
11291,2026-05-24 23:10:05.604+03,6,28,17
11291,2026-05-24 23:10:05.604+03,6,12,16
11291,2026-05-24 23:10:05.604+03,6,8,15
11291,2026-05-24 23:10:05.604+03,6,20,13
11291,2026-05-24 23:10:05.682+03,27,28,18
11291,2026-05-24 23:10:05.682+03,27,17,19
11291,2026-05-24 23:10:05.994+03,30,28,19
11291,2026-05-24 23:10:05.994+03,30,17,20
11291,2026-05-24 23:10:06.276+03,16,19,4
11291,2026-05-24 23:10:06.51+03,17,12,17
11291,2026-05-24 23:10:06.51+03,17,28,20
11291,2026-05-24 23:10:06.51+03,17,30,19
11291,2026-05-24 23:10:06.51+03,17,27,18
11291,2026-05-24 23:10:09.307+03,8,15,15
11291,2026-05-24 23:10:09.979+03,27,12,18
11291,2026-05-24 23:10:13.322+03,8,20,14
11291,2026-05-24 23:10:13.447+03,15,20,15
11291,2026-05-24 23:10:13.854+03,20,8,14
11291,2026-05-24 23:10:13.854+03,20,15,15
11291,2026-05-24 23:10:14.151+03,12,27,18
11291,2026-05-24 23:10:16.619+03,10,28,21
11291,2026-05-24 23:10:16.76+03,14,13,10
11291,2026-05-24 23:10:19.057+03,27,12,18
11291,2026-05-24 23:10:23.088+03,30,12,19
11291,2026-05-24 23:11:12.779+03,1,19,5
11291,2026-05-24 23:11:13.529+03,9,19,6
11291,2026-05-24 23:11:14.217+03,6,3,12
11291,2026-05-24 23:11:14.592+03,4,19,7
11291,2026-05-24 23:11:15.342+03,29,19,8
11291,2026-05-24 23:11:15.81+03,14,19,9
11291,2026-05-24 23:11:16.702+03,13,19,10
11291,2026-05-24 23:11:17.827+03,3,19,12
11291,2026-05-24 23:11:18.404+03,20,19,13
11291,2026-05-24 23:11:18.998+03,8,19,14
11291,2026-05-24 23:11:19.811+03,15,19,15
11291,2026-05-24 23:11:20.826+03,17,19,16
11291,2026-05-24 23:11:21.295+03,27,19,17
11291,2026-05-24 23:11:21.639+03,30,19,18
11291,2026-05-24 23:11:21.998+03,12,19,19
11291,2026-05-24 23:11:24.67+03,10,19,20
11291,2026-05-24 23:11:37.608+03,8,3,13
11291,2026-05-24 23:11:37.608+03,8,6,12
11291,2026-05-24 23:11:41.326+03,3,6,13
11291,2026-05-24 23:12:07.911+03,12,30,18
11291,2026-05-24 23:12:34.238+03,20,13,10
11291,2026-05-24 23:12:35.952+03,7,2,1
11291,2026-05-24 23:12:36.123+03,18,2,2
11291,2026-05-24 23:12:36.42+03,16,2,3
11291,2026-05-24 23:12:36.717+03,6,3,13
11291,2026-05-24 23:12:37.483+03,1,2,4
11291,2026-05-24 23:12:38.03+03,9,2,5
11291,2026-05-24 23:12:39.827+03,4,2,6
11291,2026-05-24 23:12:39.874+03,12,27,17
11291,2026-05-24 23:12:41.452+03,3,6,13
11291,2026-05-24 23:12:42.217+03,29,2,7
11291,2026-05-24 23:12:43.124+03,14,2,8
11291,2026-05-24 23:12:46.389+03,20,2,9
11291,2026-05-24 23:12:47.046+03,8,13,11
11291,2026-05-24 23:12:47.046+03,8,2,10
11291,2026-05-24 23:12:48.858+03,6,13,12
11291,2026-05-24 23:12:48.858+03,6,3,13
11291,2026-05-24 23:12:48.858+03,6,2,11
11291,2026-05-24 23:12:49.655+03,15,13,13
11291,2026-05-24 23:12:49.655+03,15,3,14
11291,2026-05-24 23:12:49.655+03,15,2,12
11291,2026-05-24 23:12:51.787+03,12,13,14
11291,2026-05-24 23:12:51.787+03,12,17,16
11291,2026-05-24 23:12:51.787+03,12,3,15
11291,2026-05-24 23:12:51.787+03,12,2,13
11291,2026-05-24 23:12:51.924+03,2,12,13
11291,2026-05-24 23:12:53.577+03,30,13,15
11291,2026-05-24 23:12:53.577+03,30,27,18
11291,2026-05-24 23:12:53.577+03,30,17,17
11291,2026-05-24 23:12:53.577+03,30,3,16
11291,2026-05-24 23:12:54.098+03,10,3,17
11291,2026-05-24 23:12:54.098+03,10,27,19
11291,2026-05-24 23:12:54.098+03,10,17,18
11291,2026-05-24 23:12:54.098+03,10,13,16
11291,2026-05-24 23:12:57.333+03,19,13,17
11291,2026-05-24 23:12:57.333+03,19,27,20
11291,2026-05-24 23:12:57.333+03,19,17,19
11291,2026-05-24 23:12:57.333+03,19,3,18
11291,2026-05-24 23:13:01.755+03,12,2,13
11291,2026-05-24 23:13:08.536+03,17,3,19
11291,2026-05-24 23:13:35.355+03,10,30,15
11291,2026-05-24 23:13:47.893+03,19,30,16
11291,2026-05-24 23:14:29.362+03,13,30,17
11291,2026-05-24 23:14:34.127+03,17,30,18
11291,2026-05-24 23:14:37.19+03,3,30,19
11291,2026-05-24 23:14:37.721+03,27,30,20
11291,2026-05-24 23:15:02.965+03,19,10,15
11291,2026-05-24 23:15:22.268+03,6,8,10
11291,2026-05-24 23:15:30.218+03,8,6,10
11291,2026-05-24 23:17:40.038+03,18,7,1
11291,2026-05-24 23:17:59.41+03,6,8,10
11291,2026-05-24 23:18:06.472+03,12,15,12
11291,2026-05-24 23:18:06.832+03,17,13,17
11291,2026-05-24 23:18:23.16+03,2,15,13
11291,2026-05-24 23:18:58.423+03,19,15,14
11291,2026-05-24 23:19:41.157+03,2,12,12
11291,2026-05-24 23:20:09.642+03,2,8,11
11291,2026-05-24 23:20:27.97+03,12,8,12
11291,2026-05-24 23:20:30.22+03,17,10,16
11291,2026-05-24 23:20:31.158+03,1,16,3
11291,2026-05-24 23:20:32.47+03,13,10,17
11291,2026-05-24 23:20:33.409+03,10,13,17
11291,2026-05-24 23:21:00.908+03,19,8,13
11291,2026-05-24 23:21:46.486+03,13,10,17
11291,2026-05-24 23:24:11.832+03,6,20,9
11291,2026-05-24 23:24:19.284+03,2,20,10
11291,2026-05-24 23:24:42.862+03,2,6,9
11291,2026-05-24 23:24:58.125+03,3,10,18
11291,2026-05-24 23:25:00.281+03,7,18,1
11291,2026-05-24 23:25:12.516+03,18,7,1
11291,2026-05-24 23:25:25.853+03,12,20,11
11291,2026-05-24 23:25:39.4+03,19,20,12
11291,2026-05-24 23:25:39.4+03,19,12,11
11291,2026-05-24 23:25:39.697+03,20,12,12
11291,2026-05-24 23:25:47.072+03,8,12,13
11291,2026-05-24 23:25:47.51+03,20,19,11
11291,2026-05-24 23:25:49.463+03,15,12,14
11291,2026-05-24 23:25:53.822+03,17,12,15
11291,2026-05-24 23:25:58.744+03,13,12,16
11291,2026-05-24 23:26:04.055+03,3,12,17
11291,2026-05-24 23:26:06.151+03,10,12,18
11291,2026-05-24 23:26:07.111+03,27,12,19
11291,2026-05-24 23:26:11.351+03,8,19,12
11291,2026-05-24 23:26:13.676+03,15,19,13
11291,2026-05-24 23:26:17.738+03,17,19,14
11291,2026-05-24 23:26:22.363+03,13,19,15
11291,2026-05-24 23:26:27.832+03,3,19,16
11291,2026-05-24 23:26:30.207+03,10,19,17
11291,2026-05-24 23:26:30.738+03,27,19,18
11291,2026-05-24 23:26:54.988+03,30,12,20
11291,2026-05-24 23:27:31.56+03,4,9,5
11291,2026-05-24 23:27:33.654+03,9,4,5
11291,2026-05-24 23:27:38.623+03,27,10,17
11291,2026-05-24 23:28:53.267+03,17,15,13
11291,2026-05-24 23:29:16.22+03,19,10,18
11291,2026-05-24 23:29:29.423+03,17,8,12
11291,2026-05-24 23:29:56.68+03,6,2,9
11291,2026-05-24 23:29:57.899+03,20,2,10
11291,2026-05-24 23:30:11.267+03,17,2,11
11291,2026-05-24 23:30:11.892+03,8,2,12
11291,2026-05-24 23:30:12.096+03,15,2,13
11291,2026-05-24 23:30:35.41+03,19,27,17
11291,2026-05-24 23:31:11.115+03,13,2,14
11291,2026-05-24 23:31:21.662+03,7,18,1
11291,2026-05-24 23:31:26.396+03,18,7,1
11291,2026-05-24 23:31:33.631+03,7,18,1
11291,2026-05-24 23:31:34.662+03,13,15,13
11291,2026-05-24 23:31:36.006+03,2,15,14
11291,2026-05-24 23:31:37.849+03,18,7,1
11291,2026-05-24 23:31:39.49+03,3,15,15
11291,2026-05-24 23:32:01.271+03,19,15,16
11291,2026-05-24 23:32:41.084+03,13,8,12
11291,2026-05-24 23:33:01.912+03,2,8,13
11291,2026-05-24 23:34:26.541+03,19,3,15
11291,2026-05-24 23:34:51.047+03,15,3,16
11291,2026-05-24 23:36:44.804+03,2,13,12
11291,2026-05-24 23:37:00.711+03,19,8,14
11291,2026-05-24 23:37:00.711+03,19,13,13
11291,2026-05-24 23:37:13.192+03,15,8,15
11291,2026-05-24 23:37:13.426+03,8,15,15
11291,2026-05-24 23:37:21.841+03,15,8,15
11291,2026-05-24 23:37:48.686+03,3,8,16
11291,2026-05-24 23:37:52.82+03,7,18,1
11291,2026-05-24 23:40:12.773+03,18,7,1
11291,2026-05-24 23:40:24.862+03,7,18,1
11291,2026-05-24 23:41:13.35+03,18,7,1
11291,2026-05-24 23:42:39.135+03,27,8,17
11291,2026-05-24 23:42:58.091+03,10,8,18
11291,2026-05-24 23:43:28.013+03,30,8,19
11291,2026-05-24 23:46:15.455+03,3,15,15
11291,2026-05-24 23:47:39.774+03,7,18,1
11291,2026-05-24 23:47:45.902+03,1,18,2
11291,2026-05-24 23:47:51.215+03,16,18,3
11291,2026-05-24 23:47:53.308+03,9,18,4
11291,2026-05-24 23:47:56.449+03,4,18,5
11291,2026-05-24 23:48:24.7+03,29,18,6
11291,2026-05-24 23:48:42.356+03,14,18,7
11291,2026-05-24 23:48:50.254+03,6,18,8
11291,2026-05-24 23:48:53.901+03,20,18,9
11291,2026-05-24 23:49:01.811+03,17,18,10
11291,2026-05-24 23:49:11.053+03,2,18,11
11291,2026-05-24 23:49:39.779+03,19,18,12
11291,2026-05-24 23:49:59.46+03,13,18,13
11291,2026-05-24 23:49:59.788+03,2,20,9
11291,2026-05-24 23:49:59.788+03,2,17,10
11291,2026-05-24 23:50:05.6+03,3,18,14
11291,2026-05-24 23:50:07.772+03,17,20,10
11291,2026-05-24 23:50:12.178+03,15,18,15
11291,2026-05-24 23:50:36.303+03,4,9,4
11291,2026-05-24 23:50:40.678+03,27,18,16
11291,2026-05-24 23:51:01.218+03,10,18,17
11291,2026-05-24 23:51:50.929+03,30,18,18
11291,2026-05-24 23:58:01.074+03,2,6,8
11291,2026-05-25 00:00:56.594+03,9,4,4
11291,2026-05-25 00:01:37.804+03,6,2,8
11291,2026-05-25 00:01:51.344+03,17,2,9
11291,2026-05-25 00:01:56.141+03,27,15,15
11291,2026-05-25 00:01:57.341+03,20,2,10
11291,2026-05-25 00:02:06.674+03,19,2,11
11291,2026-05-25 00:02:15.401+03,13,2,12
11291,2026-05-25 00:02:22.014+03,3,2,13
11291,2026-05-25 00:02:59.911+03,27,2,14
11291,2026-05-25 00:03:00.339+03,15,2,15
11291,2026-05-25 00:03:16.658+03,15,27,14
11291,2026-05-25 00:03:30.223+03,10,2,16
11291,2026-05-25 00:03:59.892+03,30,2,17
11291,2026-05-25 00:05:14.371+03,10,27,15
11291,2026-05-25 00:05:42.723+03,30,27,16
11291,2026-05-25 00:18:32.76+03,13,19,11
11291,2026-05-25 00:18:42.354+03,3,19,12
11291,2026-05-25 00:29:37.945+03,16,1,2
11291,2026-05-25 00:34:02.109+03,19,3,12
11291,2026-05-25 00:35:33.827+03,19,13,11
11291,2026-05-25 00:37:10.598+03,20,17,9
11291,2026-05-25 00:37:10.832+03,17,20,9
11299,2026-06-07 16:03:25.45+03,16,1,2
11299,2026-06-07 16:03:25.793+03,9,1,3
11299,2026-06-07 16:03:26.278+03,4,1,4
11299,2026-06-07 16:03:26.637+03,18,1,5
11299,2026-06-07 16:03:27.043+03,19,1,6
11299,2026-06-07 16:03:27.653+03,6,2,8
11299,2026-06-07 16:03:27.653+03,6,1,7
11299,2026-06-07 16:03:27.715+03,2,1,8
11299,2026-06-07 16:03:27.965+03,14,1,9
11299,2026-06-07 16:03:28.075+03,12,1,10
11299,2026-06-07 16:03:28.231+03,17,1,11
11299,2026-06-07 16:03:28.512+03,13,1,12
11299,2026-06-07 16:03:28.872+03,29,1,13
11299,2026-06-07 16:03:28.965+03,27,1,14
11299,2026-06-07 16:03:28.965+03,27,15,17
11299,2026-06-07 16:03:28.965+03,27,3,16
11299,2026-06-07 16:03:28.965+03,27,28,15
11299,2026-06-07 16:03:28.981+03,28,1,15
11299,2026-06-07 16:03:29.247+03,15,3,17
11299,2026-06-07 16:03:29.247+03,15,1,16
11299,2026-06-07 16:03:29.356+03,20,3,18
11299,2026-06-07 16:03:29.356+03,20,1,17
11299,2026-06-07 16:03:29.653+03,8,3,19
11299,2026-06-07 16:03:29.653+03,8,30,20
11299,2026-06-07 16:03:29.653+03,8,1,18
11299,2026-06-07 16:03:29.872+03,30,1,19
11299,2026-06-07 16:03:29.872+03,30,3,20
11299,2026-06-07 16:03:30.137+03,10,3,21
11299,2026-06-07 16:03:30.137+03,10,1,20
11299,2026-06-07 16:03:33.481+03,3,1,21
11299,2026-06-07 16:03:49.484+03,17,12,10
11299,2026-06-07 16:03:51.109+03,27,28,14
11299,2026-06-07 16:03:51.75+03,15,28,15
11299,2026-06-07 16:03:54.594+03,12,17,10
11299,2026-06-07 16:03:57.344+03,28,15,15
11299,2026-06-07 16:03:58.453+03,8,20,17
11299,2026-06-07 16:04:47.488+03,10,20,18
11299,2026-06-07 16:04:47.488+03,10,30,19
11299,2026-06-07 16:05:10.238+03,30,20,19
11299,2026-06-07 16:05:10.941+03,3,20,20
11299,2026-06-07 16:07:35.26+03,10,8,17
11299,2026-06-07 16:08:50.214+03,28,27,14
11299,2026-06-07 16:08:51.136+03,15,27,15
11299,2026-06-07 16:09:19.62+03,8,10,17
11299,2026-06-07 16:15:52.21+03,8,27,16
11299,2026-06-07 16:15:55.46+03,10,27,17
11299,2026-06-07 16:19:24.201+03,29,13,12
11299,2026-06-07 16:19:25.405+03,28,13,13
11299,2026-06-07 16:25:39.981+03,3,30,19
11299,2026-06-07 16:25:40.293+03,20,30,20
11299,2026-06-07 16:39:25.642+03,9,16,2
11299,2026-06-07 16:43:53.935+03,19,18,5
11299,2026-06-07 16:43:59.888+03,6,18,6
11299,2026-06-07 16:44:00.404+03,2,18,7
11299,2026-06-07 16:45:12.113+03,19,4,4
11299,2026-06-07 16:45:17.903+03,6,4,5
11299,2026-06-07 16:45:18.581+03,2,4,6
11299,2026-06-07 16:45:34.843+03,18,4,7
11299,2026-06-07 16:48:41.144+03,16,9,2
11299,2026-06-07 16:49:46.941+03,28,29,12
11299,2026-06-07 16:49:48.113+03,15,29,14
11299,2026-06-07 17:00:31.409+03,18,2,6
11299,2026-06-07 17:00:49.253+03,4,2,7
11299,2026-06-07 17:01:41.566+03,14,2,8
11299,2026-06-07 17:01:59.009+03,12,2,9
11299,2026-06-07 17:02:00.579+03,17,2,10
11299,2026-06-07 17:02:01.408+03,28,2,11
11299,2026-06-07 17:02:01.94+03,13,2,12
11299,2026-06-07 17:02:02.754+03,15,2,13
11299,2026-06-07 17:02:03.631+03,29,2,14
11299,2026-06-07 17:02:09.344+03,8,2,15
11299,2026-06-07 17:02:17.438+03,10,2,16
11299,2026-06-07 17:02:25.282+03,18,6,5
11299,2026-06-07 17:02:28.298+03,4,6,6
11299,2026-06-07 17:02:35.932+03,27,2,17
11299,2026-06-07 17:02:54.31+03,3,2,18
11299,2026-06-07 17:02:55.893+03,17,12,9
11299,2026-06-07 17:06:07.311+03,28,12,10
11299,2026-06-07 17:06:16.514+03,18,19,4
11299,2026-06-07 17:06:22.404+03,4,19,5
11299,2026-06-07 17:12:44.362+03,28,17,9
11299,2026-06-07 17:17:42.083+03,12,17,10
11299,2026-06-07 17:20:04.966+03,27,10,16
11299,2026-06-07 17:20:11.919+03,3,10,17
11299,2026-06-07 17:21:21.854+03,6,19,6
11299,2026-06-07 17:21:23.26+03,15,13,12
11299,2026-06-07 17:22:45.262+03,4,18,4
11299,2026-06-07 17:30:54.102+03,4,9,3
11299,2026-06-07 17:30:54.341+03,18,9,4
11299,2026-06-07 17:31:06.02+03,6,9,5
11299,2026-06-07 17:31:08.296+03,19,9,6
11299,2026-06-07 17:31:15.422+03,14,9,7
11299,2026-06-07 17:32:51.024+03,28,9,8
11299,2026-06-07 17:32:52.304+03,12,9,9
11299,2026-06-07 17:32:53.264+03,17,9,10
11299,2026-06-07 17:32:54.679+03,15,9,11
11299,2026-06-07 17:32:56.418+03,13,9,12
11299,2026-06-07 17:33:01.822+03,29,9,13
11299,2026-06-07 17:33:06.828+03,3,9,16
11299,2026-06-07 18:16:45.227+03,12,28,8
11299,2026-06-07 18:16:46.523+03,29,13,12
11299,2026-06-07 18:16:51.503+03,18,4,3
11299,2026-06-07 18:16:51.83+03,6,4,4
11299,2026-06-07 18:16:52.758+03,28,12,8
11299,2026-06-07 18:16:53.362+03,13,29,12
11299,2026-06-07 18:16:54.042+03,8,29,13
11299,2026-06-07 18:17:11.831+03,27,29,14
11299,2026-06-07 18:17:24.979+03,13,17,10
11299,2026-06-07 18:17:24.979+03,13,15,11
11299,2026-06-07 18:17:25.761+03,27,8,13
11299,2026-06-07 18:17:28.542+03,15,17,11
11299,2026-06-07 18:17:33.323+03,8,17,13
11299,2026-06-07 18:17:44.229+03,3,17,14
11299,2026-06-07 18:17:44.229+03,3,29,15
11299,2026-06-07 18:17:44.807+03,29,17,15
11299,2026-06-07 18:19:03.695+03,13,12,9
11299,2026-06-07 18:19:27.48+03,6,18,3
11299,2026-06-07 18:19:29.839+03,4,18,4
11299,2026-06-07 18:19:30.917+03,19,18,5
11299,2026-06-07 18:19:32.222+03,14,18,6
11299,2026-06-07 18:19:33.172+03,28,18,7
11299,2026-06-07 18:19:34.532+03,13,18,8
11299,2026-06-07 18:19:35.954+03,12,18,9
11299,2026-06-07 18:19:36.283+03,15,18,10
11299,2026-06-07 18:19:42.522+03,27,18,11
11299,2026-06-07 18:19:42.897+03,8,18,12
11299,2026-06-07 18:19:44.1+03,3,18,13
11299,2026-06-07 18:20:02.71+03,12,13,8
11299,2026-06-07 18:27:06.733+03,4,6,3
11299,2026-06-07 18:27:07.624+03,19,6,4
11299,2026-06-07 18:27:09.905+03,14,6,5
11299,2026-06-07 18:27:12.342+03,28,6,6
11307,2026-06-14 16:03:38.385+03,19,1,5
11307,2026-06-14 16:03:38.385+03,19,4,6
11307,2026-06-14 16:03:38.557+03,14,4,7
11307,2026-06-14 16:03:38.697+03,9,13,9
11307,2026-06-14 16:03:38.697+03,9,4,8
11307,2026-06-14 16:03:39.026+03,13,4,9
11307,2026-06-14 16:03:39.041+03,28,4,10
11307,2026-06-14 16:03:39.057+03,29,3,12
11307,2026-06-14 16:03:39.057+03,29,4,11
11307,2026-06-14 16:03:39.119+03,6,3,14
11307,2026-06-14 16:03:39.119+03,6,20,15
11307,2026-06-14 16:03:39.119+03,6,4,13
11307,2026-06-14 16:03:39.322+03,20,3,15
11307,2026-06-14 16:03:39.322+03,20,4,14
11307,2026-06-14 16:03:39.385+03,12,3,16
11307,2026-06-14 16:03:39.385+03,12,15,17
11307,2026-06-14 16:03:39.385+03,12,4,15
11307,2026-06-14 16:03:39.479+03,4,20,14
11307,2026-06-14 16:03:39.479+03,4,12,15
11307,2026-06-14 16:03:39.697+03,30,27,19
11307,2026-06-14 16:03:42.463+03,28,6,13
11307,2026-06-14 16:03:42.463+03,28,17,12
11307,2026-06-14 16:03:42.463+03,28,4,11
11307,2026-06-14 16:03:42.463+03,28,13,10
11307,2026-06-14 16:03:42.463+03,28,29,9
11307,2026-06-14 16:03:42.776+03,3,12,16
11307,2026-06-14 16:03:42.776+03,3,20,15
11307,2026-06-14 16:03:42.776+03,3,6,14
11307,2026-06-14 16:03:42.776+03,3,17,13
11307,2026-06-14 16:03:42.885+03,17,4,12
11307,2026-06-14 16:03:42.885+03,17,3,13
11307,2026-06-14 16:03:42.916+03,6,3,14
11307,2026-06-14 16:03:42.916+03,6,4,13
11307,2026-06-14 16:03:43.291+03,20,3,16
11307,2026-06-14 16:03:46.679+03,1,19,5
11307,2026-06-14 16:03:47.363+03,9,14,8
11307,2026-06-14 16:03:47.556+03,13,29,10
11307,2026-06-14 16:03:50.854+03,14,28,8
11307,2026-06-14 16:03:51.422+03,6,17,12
11307,2026-06-14 16:03:51.918+03,20,12,15
11307,2026-06-14 16:03:54.928+03,13,28,9
11307,2026-06-14 16:03:55.422+03,17,6,12
11307,2026-06-14 16:03:56.881+03,27,30,19
11307,2026-06-14 16:04:02.217+03,28,13,9
11307,2026-06-14 16:04:03.901+03,20,4,14
11307,2026-06-14 16:04:09.353+03,4,20,14
11307,2026-06-14 16:04:14.847+03,6,17,12
11307,2026-06-14 16:04:15.329+03,20,4,14
11307,2026-06-14 16:04:15.719+03,3,12,16
11307,2026-06-14 16:04:20.27+03,15,12,17
11307,2026-06-14 16:04:43.792+03,15,3,16
11307,2026-06-14 16:04:52.152+03,4,20,14
11307,2026-06-14 16:05:10.224+03,15,20,15
11307,2026-06-14 16:05:32.709+03,13,28,9
11307,2026-06-14 16:06:46.26+03,4,17,13
11307,2026-06-14 16:10:44.235+03,8,10,21
11307,2026-06-14 16:10:59.331+03,4,6,12
11307,2026-06-14 16:11:02.369+03,6,4,12
11307,2026-06-14 16:11:02.439+03,4,6,12
11307,2026-06-14 16:12:36.951+03,4,29,11
11307,2026-06-14 16:13:36.572+03,9,19,6
11307,2026-06-14 16:16:45.222+03,8,30,20
11307,2026-06-14 16:16:47.003+03,4,28,10
11307,2026-06-14 16:16:51.05+03,30,8,20
11307,2026-06-14 16:18:44.342+03,7,16,2
11307,2026-06-14 16:18:46.201+03,2,16,3
11307,2026-06-14 16:18:53.758+03,1,16,4
11307,2026-06-14 16:18:54.273+03,9,16,5
11307,2026-06-14 16:18:57.461+03,19,16,6
11307,2026-06-14 16:19:06.242+03,13,14,8
11307,2026-06-14 16:19:08.055+03,4,14,9
11307,2026-06-14 16:19:14.555+03,28,14,10
11307,2026-06-14 16:19:15.852+03,29,14,11
11307,2026-06-14 16:19:16.691+03,6,14,12
11307,2026-06-14 16:19:19.132+03,17,14,13
11307,2026-06-14 16:19:21.855+03,15,14,14
11307,2026-06-14 16:19:22.933+03,20,14,15
11307,2026-06-14 16:19:23.761+03,3,14,16
11307,2026-06-14 16:19:25.573+03,12,14,17
11307,2026-06-14 16:19:28.105+03,27,14,18
11307,2026-06-14 16:19:41.308+03,8,30,20
11307,2026-06-14 16:20:11.183+03,7,18,1
11307,2026-06-14 16:20:13.308+03,2,18,2
11307,2026-06-14 16:20:15.137+03,9,1,4
11307,2026-06-14 16:20:18.089+03,19,1,5
11307,2026-06-14 16:20:30.7+03,16,1,6
11307,2026-06-14 16:20:35.492+03,13,1,7
11307,2026-06-14 16:20:36.571+03,4,1,8
11307,2026-06-14 16:20:39.118+03,6,29,11
11307,2026-06-14 16:20:43.177+03,28,1,9
11307,2026-06-14 16:20:45.474+03,17,29,12
11307,2026-06-14 16:20:48.59+03,15,29,13
11307,2026-06-14 16:20:49.565+03,20,29,14
11307,2026-06-14 16:20:50.612+03,3,29,15
11307,2026-06-14 16:20:52.133+03,12,29,16
11307,2026-06-14 16:20:55.633+03,14,27,18
11307,2026-06-14 16:21:03.671+03,8,27,19
11307,2026-06-14 16:21:05.29+03,30,27,20
11307,2026-06-14 16:21:11.112+03,1,28,9
11307,2026-06-14 16:21:42.181+03,9,2,2
11307,2026-06-14 16:21:45.525+03,29,8,18
11307,2026-06-14 16:21:45.556+03,19,2,3
11307,2026-06-14 16:21:50.65+03,18,2,4
11307,2026-06-14 16:21:52.128+03,16,2,5
11307,2026-06-14 16:21:58.191+03,4,13,7
11307,2026-06-14 16:21:59.876+03,1,13,8
11307,2026-06-14 16:22:06.775+03,28,13,9
11307,2026-06-14 16:22:08.365+03,6,13,10
11307,2026-06-14 16:22:11.787+03,17,13,11
11307,2026-06-14 16:22:12.818+03,20,15,13
11307,2026-06-14 16:22:13.959+03,3,15,14
11307,2026-06-14 16:22:23.181+03,14,15,15
11307,2026-06-14 16:22:23.181+03,14,12,16
11307,2026-06-14 16:22:29.415+03,29,12,17
11307,2026-06-14 16:22:29.415+03,29,15,16
11307,2026-06-14 16:22:31.29+03,8,12,18
11307,2026-06-14 16:22:31.29+03,8,15,17
11307,2026-06-14 16:22:33.693+03,30,15,18
11307,2026-06-14 16:22:33.693+03,30,12,19
11307,2026-06-14 16:22:42.29+03,1,4,7
11307,2026-06-14 16:23:06.165+03,9,7,1
11307,2026-06-14 16:23:09.009+03,18,19,3
11307,2026-06-14 16:23:14.243+03,16,7,3
11307,2026-06-14 16:23:14.243+03,16,19,4
11307,2026-06-14 16:23:21.853+03,2,19,5
11307,2026-06-14 16:23:25.212+03,1,19,6
11307,2026-06-14 16:23:26.962+03,4,19,7
11307,2026-06-14 16:23:35.322+03,28,19,8
11307,2026-06-14 16:23:42.321+03,20,17,11
11307,2026-06-14 16:23:42.321+03,20,6,10
11307,2026-06-14 16:23:43.992+03,3,17,12
11307,2026-06-14 16:23:43.992+03,3,6,11
11307,2026-06-14 16:23:48.079+03,14,6,12
11307,2026-06-14 16:23:48.079+03,14,17,13
11307,2026-06-14 16:23:50.114+03,13,17,14
11307,2026-06-14 16:23:50.114+03,13,6,13
11307,2026-06-14 16:23:53.144+03,29,17,15
11307,2026-06-14 16:23:53.144+03,29,6,14
11307,2026-06-14 16:24:00.659+03,15,30,18
11307,2026-06-14 16:24:01.8+03,8,17,16
11307,2026-06-14 16:24:08.719+03,12,30,19
11307,2026-06-14 16:24:10.591+03,27,30,20
11307,2026-06-14 16:24:13.747+03,19,28,8
11307,2026-06-14 16:24:56.877+03,19,4,7
11307,2026-06-14 16:24:58.872+03,28,4,8
11307,2026-06-14 16:25:07.854+03,20,4,9
11307,2026-06-14 16:25:09.165+03,14,3,11
11307,2026-06-14 16:25:14.907+03,13,3,12
11307,2026-06-14 16:25:15.532+03,14,4,10
11307,2026-06-14 16:25:16.891+03,29,3,13
11307,2026-06-14 16:25:20.907+03,6,3,14
11307,2026-06-14 16:25:26.141+03,8,3,15
11307,2026-06-14 16:25:26.403+03,17,3,16
11307,2026-06-14 16:25:28.276+03,15,3,17
11307,2026-06-14 16:25:31.537+03,17,8,15
11307,2026-06-14 16:25:36.021+03,12,3,18
11307,2026-06-14 16:25:53.144+03,18,9,1
11307,2026-06-14 16:25:58.232+03,16,9,2
11307,2026-06-14 16:26:04.63+03,7,9,3
11307,2026-06-14 16:26:06.057+03,2,9,4
11307,2026-06-14 16:26:09.332+03,1,9,5
11307,2026-06-14 16:26:31.723+03,15,8,16
11307,2026-06-14 16:26:42.261+03,4,14,10
11307,2026-06-14 16:27:03.504+03,3,12,18
11307,2026-06-14 16:27:47.703+03,4,20,9
11307,2026-06-14 16:28:58.421+03,3,8,17
11307,2026-06-14 16:29:14.89+03,14,20,10
11307,2026-06-14 16:29:24.874+03,13,20,11
11307,2026-06-14 16:29:26.171+03,29,20,12
11307,2026-06-14 16:29:27.218+03,6,20,13
11307,2026-06-14 16:29:39.247+03,17,20,14
11307,2026-06-14 16:29:41.466+03,15,20,15
11307,2026-06-14 16:29:45.968+03,3,20,16
11307,2026-06-14 16:29:48.268+03,8,20,17
11307,2026-06-14 16:29:48.549+03,12,20,18
11307,2026-06-14 16:29:53.174+03,27,20,19
11307,2026-06-14 16:29:53.659+03,12,8,17
11307,2026-06-14 16:30:33.136+03,6,29,12
11307,2026-06-14 16:31:26.962+03,27,8,18
11307,2026-06-14 16:31:34.7+03,20,8,19
11307,2026-06-14 16:32:10.386+03,4,28,8
11307,2026-06-14 16:32:20.749+03,20,27,18
11307,2026-06-14 16:35:00.587+03,14,28,9
11307,2026-06-14 16:35:01.24+03,13,28,10
11307,2026-06-14 16:35:05.874+03,6,28,11
11307,2026-06-14 16:35:07.953+03,29,28,12
11307,2026-06-14 16:35:17.365+03,17,28,13
11307,2026-06-14 16:35:20.537+03,15,28,14
11307,2026-06-14 16:35:23.94+03,3,28,15
11307,2026-06-14 16:35:34.853+03,20,12,17
11307,2026-06-14 16:36:50.937+03,3,15,14
11307,2026-06-14 16:39:40.186+03,28,15,15
11307,2026-06-14 16:41:06.407+03,7,16,2
11307,2026-06-14 16:41:08.335+03,2,16,3
11307,2026-06-14 16:41:20.59+03,1,16,4
11307,2026-06-14 16:41:22.431+03,9,16,5
11307,2026-06-14 16:41:31.66+03,19,16,6
11307,2026-06-14 16:43:09.224+03,16,19,6
11307,2026-06-14 16:44:05.129+03,9,1,4
11307,2026-06-14 16:44:13.034+03,16,1,5
11307,2026-06-14 16:44:15.823+03,19,1,6
11307,2026-06-14 16:44:50.407+03,6,13,10
11307,2026-06-14 16:44:57.329+03,29,13,11
11307,2026-06-14 16:45:13.829+03,17,13,12
11307,2026-06-14 16:45:14.719+03,3,13,13
11307,2026-06-14 16:45:17.61+03,28,13,14
11307,2026-06-14 16:45:24.272+03,15,13,15
11307,2026-06-14 16:45:24.852+03,20,13,16
11307,2026-06-14 16:45:29.914+03,20,15,15
11307,2026-06-14 16:45:45.637+03,27,12,18
11307,2026-06-14 16:45:45.637+03,27,13,17
11307,2026-06-14 16:45:56.479+03,12,13,18
11307,2026-06-14 16:46:03.988+03,8,13,19
11307,2026-06-14 16:46:38.789+03,28,17,13
11307,2026-06-14 16:46:48.739+03,20,17,14
11307,2026-06-14 16:46:50.844+03,15,17,15
11307,2026-06-14 16:46:52.379+03,28,3,12
11307,2026-06-14 16:46:59.693+03,16,9,4
11307,2026-06-14 16:48:50.381+03,12,27,17
11307,2026-06-14 16:48:55.599+03,8,27,18
11307,2026-06-14 16:50:59.29+03,20,3,13
11307,2026-06-14 16:51:10.759+03,15,3,14
11307,2026-06-14 16:51:15.181+03,17,3,15
11307,2026-06-14 16:52:15.3+03,16,2,3
11307,2026-06-14 16:52:22.63+03,28,29,11
11307,2026-06-14 16:52:27.583+03,9,2,4
11307,2026-06-14 16:52:29.896+03,20,29,12
11307,2026-06-14 16:52:36.093+03,19,2,5
11307,2026-06-14 16:52:36.202+03,17,15,14
11307,2026-06-14 16:52:48.902+03,3,15,15
11307,2026-06-14 16:53:04.683+03,29,20,12
11307,2026-06-14 16:53:13.652+03,8,12,17
11307,2026-06-14 16:53:18.154+03,27,12,18
11307,2026-06-14 16:53:25.72+03,6,14,9
11307,2026-06-14 16:53:31.654+03,7,18,1
11307,2026-06-14 16:53:39.956+03,16,18,2
11307,2026-06-14 16:53:46.891+03,28,14,10
11307,2026-06-14 16:53:50.454+03,9,18,3
11307,2026-06-14 16:53:54.154+03,29,14,11
11307,2026-06-14 16:53:57.123+03,2,19,5
11307,2026-06-14 16:54:03.85+03,1,19,6
11307,2026-06-14 16:55:00.965+03,16,7,1
11307,2026-06-14 16:55:13.544+03,9,7,2
11307,2026-06-14 16:55:21.294+03,18,7,3
11307,2026-06-14 16:56:38.142+03,29,28,10
11307,2026-06-14 16:56:42.717+03,14,28,11
11307,2026-06-14 16:56:45.992+03,20,28,12
11307,2026-06-14 16:56:53.913+03,17,28,13
11307,2026-06-14 16:57:38.28+03,27,8,17
11307,2026-06-14 16:57:45.001+03,18,9,2
11307,2026-06-14 16:57:58.311+03,7,9,3
11307,2026-06-14 16:57:59.616+03,2,9,4
11307,2026-06-14 16:58:09.751+03,1,9,5
11307,2026-06-14 16:59:54.502+03,17,20,12
11307,2026-06-14 16:59:57.986+03,28,20,13
11307,2026-06-14 17:00:02.98+03,3,20,14
11307,2026-06-14 17:00:04.455+03,9,1,5
11307,2026-06-14 17:00:07.216+03,1,9,5
11307,2026-06-14 17:07:26.428+03,28,17,12
11307,2026-06-14 17:11:02.771+03,12,8,18
11307,2026-06-14 17:11:35.229+03,20,3,14
11307,2026-06-14 17:20:12.627+03,15,3,15
11307,2026-06-14 17:22:41.158+03,20,17,13
11307,2026-06-14 17:23:08.703+03,15,17,14
11307,2026-06-14 17:23:18.054+03,3,17,15
11307,2026-06-14 17:24:18.276+03,3,15,14
11307,2026-06-14 17:24:36.386+03,17,15,15
11307,2026-06-14 17:27:12.569+03,7,18,2
11307,2026-06-14 17:29:07.491+03,18,7,2
11307,2026-06-14 17:29:14.269+03,2,7,3
11307,2026-06-14 17:29:27.185+03,19,9,6
11307,2026-06-14 17:29:29.482+03,1,7,4
11307,2026-06-14 17:29:43.775+03,3,20,13
11307,2026-06-14 17:29:47.994+03,19,7,5
11307,2026-06-14 17:29:52.932+03,17,20,14
11307,2026-06-14 17:29:58.479+03,9,7,6
11307,2026-06-14 17:30:47.888+03,15,20,15
11307,2026-06-14 17:31:02.175+03,4,7,7
11307,2026-06-14 17:31:25.127+03,27,20,16
11307,2026-06-14 17:31:35.718+03,6,7,8
11307,2026-06-14 17:31:49.709+03,29,7,9
11307,2026-06-14 17:31:53.557+03,4,9,6
11307,2026-06-14 17:31:54.245+03,14,7,10
11307,2026-06-14 17:32:01.214+03,28,7,11
11307,2026-06-14 17:32:27.119+03,6,9,7
11307,2026-06-14 17:32:43.73+03,29,9,8
11307,2026-06-14 17:32:45.456+03,3,7,12
11307,2026-06-14 17:32:47.707+03,17,7,13
11307,2026-06-14 17:32:47.909+03,14,9,9
11307,2026-06-14 17:32:56.237+03,28,9,10
11307,2026-06-14 17:33:28.077+03,15,7,14
11307,2026-06-14 17:33:38.546+03,3,9,11
11307,2026-06-14 17:33:41.202+03,17,9,12
11307,2026-06-14 17:33:58.436+03,27,7,15
11307,2026-06-14 17:34:14.115+03,15,9,13
11307,2026-06-14 17:34:42.667+03,27,9,14
11315,2026-06-28 16:03:29.107+03,4,19,7
11315,2026-06-28 16:03:30.371+03,12,20,13
11315,2026-06-28 16:03:30.371+03,12,17,17
11315,2026-06-28 16:03:30.371+03,12,29,16
11315,2026-06-28 16:03:30.371+03,12,15,15
11315,2026-06-28 16:03:30.371+03,12,13,14
11315,2026-06-28 16:03:30.371+03,12,3,12
11315,2026-06-28 16:03:30.396+03,3,12,12
11315,2026-06-28 16:03:30.631+03,15,13,15
11315,2026-06-28 16:03:30.631+03,15,20,14
11315,2026-06-28 16:03:30.631+03,15,12,13
11315,2026-06-28 16:03:30.703+03,13,12,14
11315,2026-06-28 16:03:30.703+03,13,20,15
11315,2026-06-28 16:03:30.91+03,20,12,15
11315,2026-06-28 16:03:31.003+03,17,29,17
11315,2026-06-28 16:03:31.003+03,17,12,16
11315,2026-06-28 16:03:33.707+03,19,4,7
11315,2026-06-28 16:03:35.684+03,27,29,18
11315,2026-06-28 16:03:35.989+03,30,29,19
11315,2026-06-28 16:03:37.644+03,3,6,11
11315,2026-06-28 16:03:39.313+03,8,29,20
11315,2026-06-28 16:03:41.653+03,14,4,8
11315,2026-06-28 16:03:41.704+03,10,29,21
11315,2026-06-28 16:03:41.842+03,4,14,8
11315,2026-06-28 16:03:50.052+03,14,4,8
11315,2026-06-28 16:03:52.459+03,27,12,17
11315,2026-06-28 16:03:53.029+03,8,30,19
11315,2026-06-28 16:03:53.598+03,29,10,21
11315,2026-06-28 16:03:54.478+03,19,2,6
11315,2026-06-28 16:03:57.72+03,30,8,19
11315,2026-06-28 16:03:58.171+03,15,6,12
11315,2026-06-28 16:04:02.996+03,16,9,2
11315,2026-06-28 16:04:07.653+03,12,27,17
11315,2026-06-28 16:04:29.505+03,8,30,19
11315,2026-06-28 16:04:32.186+03,29,30,20
11315,2026-06-28 16:04:45.887+03,7,9,3
11315,2026-06-28 16:04:47.06+03,29,8,19
11315,2026-06-28 16:04:52.327+03,27,12,17
11315,2026-06-28 16:04:56.781+03,9,7,3
11315,2026-06-28 16:05:00.09+03,12,27,17
11315,2026-06-28 16:05:00.281+03,15,3,11
11315,2026-06-28 16:05:02.646+03,27,12,17
11315,2026-06-28 16:05:04.045+03,30,8,20
11315,2026-06-28 16:05:08.371+03,12,27,17
11315,2026-06-28 16:05:09.765+03,1,7,4
11315,2026-06-28 16:05:10.119+03,8,30,20
11315,2026-06-28 16:05:21.391+03,1,9,3
11315,2026-06-28 16:05:36.67+03,10,30,21
11315,2026-06-28 16:07:42.781+03,29,27,18
11315,2026-06-28 16:07:46.48+03,4,14,8
11315,2026-06-28 16:08:22.045+03,8,27,19
11315,2026-06-28 16:08:31.16+03,10,27,20
11315,2026-06-28 16:11:30.593+03,3,15,11
11315,2026-06-28 16:11:42.151+03,7,9,4
11315,2026-06-28 16:11:49.575+03,4,2,7
11315,2026-06-28 16:11:52.51+03,14,2,8
11315,2026-06-28 16:11:53.665+03,28,2,9
11315,2026-06-28 16:11:55.979+03,2,4,7
11315,2026-06-28 16:11:55.979+03,2,28,9
11315,2026-06-28 16:11:55.979+03,2,14,8
11315,2026-06-28 16:15:52.354+03,1,16,2
11315,2026-06-28 16:15:59.637+03,16,1,2
11315,2026-06-28 16:16:12.003+03,1,16,2
11315,2026-06-28 16:16:16.088+03,6,15,12
11315,2026-06-28 16:16:17.608+03,16,1,2
11315,2026-06-28 16:16:20.753+03,15,6,12
11315,2026-06-28 16:17:47.556+03,1,16,2
11315,2026-06-28 16:17:56.372+03,7,16,3
11315,2026-06-28 16:18:02.637+03,9,16,4
11315,2026-06-28 16:18:03.863+03,19,16,5
11315,2026-06-28 16:18:05.252+03,2,16,6
11315,2026-06-28 16:18:06.546+03,4,16,7
11315,2026-06-28 16:18:11.133+03,14,16,8
11315,2026-06-28 16:18:14.108+03,28,16,9
11315,2026-06-28 16:18:23.211+03,3,16,10
11315,2026-06-28 16:19:14.235+03,19,9,4
11315,2026-06-28 16:19:15.438+03,2,9,5
11315,2026-06-28 16:19:16.739+03,4,9,6
11315,2026-06-28 16:19:24.981+03,14,9,7
11315,2026-06-28 16:19:27.762+03,28,9,8
11315,2026-06-28 16:19:28.862+03,13,6,13
11315,2026-06-28 16:19:31.096+03,3,9,9
11315,2026-06-28 16:19:31.129+03,16,9,10
11315,2026-06-28 16:19:37.109+03,16,3,9
11315,2026-06-28 16:19:38.307+03,20,6,14
11315,2026-06-28 16:19:39.25+03,17,6,15
11315,2026-06-28 16:19:44.507+03,12,6,16
11315,2026-06-28 16:19:45.351+03,29,6,17
11315,2026-06-28 16:19:52.72+03,8,6,18
11315,2026-06-28 16:19:54.362+03,10,6,19
11315,2026-06-28 16:20:56.058+03,12,17,15
11315,2026-06-28 16:21:01.822+03,29,17,16
11315,2026-06-28 16:21:08.677+03,8,17,17
11315,2026-06-28 16:21:10.37+03,10,17,18
11315,2026-06-28 16:21:14.063+03,6,17,19
11315,2026-06-28 16:22:18.264+03,16,28,8
11315,2026-06-28 16:22:46.997+03,13,15,12
11315,2026-06-28 16:22:48.851+03,6,10,18
11315,2026-06-28 16:22:51.266+03,15,13,12
11315,2026-06-28 16:22:57.141+03,13,15,12
11315,2026-06-28 16:23:46.686+03,6,8,17
11315,2026-06-28 16:24:17.545+03,9,3,10
11315,2026-06-28 16:24:37.404+03,16,14,7
11315,2026-06-28 16:24:39.731+03,13,3,11
11315,2026-06-28 16:24:40.665+03,15,3,12
11315,2026-06-28 16:24:41.524+03,20,3,13
11315,2026-06-28 16:24:44.331+03,12,3,14
11315,2026-06-28 16:24:45.99+03,29,3,15
11315,2026-06-28 16:25:13.028+03,7,1,2
11315,2026-06-28 16:25:24.088+03,19,1,3
11315,2026-06-28 16:25:25.581+03,2,1,4
11315,2026-06-28 16:25:33.499+03,16,4,6
11315,2026-06-28 16:25:35.902+03,14,4,7
11315,2026-06-28 16:25:37.688+03,9,28,9
11315,2026-06-28 16:25:39.389+03,16,1,5
11315,2026-06-28 16:25:53.571+03,20,15,12
11315,2026-06-28 16:25:54.478+03,13,28,10
11315,2026-06-28 16:25:57.11+03,29,12,14
11315,2026-06-28 16:25:59.384+03,3,12,15
11315,2026-06-28 16:26:03.212+03,20,28,11
11315,2026-06-28 16:26:06.678+03,6,12,16
11315,2026-06-28 16:26:06.678+03,6,15,15
11315,2026-06-28 16:26:12.322+03,8,12,17
11315,2026-06-28 16:26:12.322+03,8,15,16
11315,2026-06-28 16:26:14.415+03,10,15,17
11315,2026-06-28 16:26:14.415+03,10,12,18
11315,2026-06-28 16:26:15.504+03,17,12,19
11315,2026-06-28 16:26:23.293+03,17,15,18
11315,2026-06-28 16:26:28.919+03,7,18,1
11315,2026-06-28 16:26:36.53+03,2,19,3
11315,2026-06-28 16:26:45.87+03,16,19,4
11315,2026-06-28 16:26:47.163+03,1,19,5
11315,2026-06-28 16:26:49.908+03,9,14,7
11315,2026-06-28 16:26:51.973+03,17,10,17
11315,2026-06-28 16:27:01.003+03,4,14,8
11315,2026-06-28 16:27:15.055+03,13,14,9
11315,2026-06-28 16:27:28.166+03,28,20,11
11315,2026-06-28 16:27:28.166+03,28,14,10
11315,2026-06-28 16:27:34.37+03,20,14,11
11315,2026-06-28 16:27:41.173+03,14,20,10
11315,2026-06-28 16:27:41.173+03,14,28,11
11315,2026-06-28 16:27:42.36+03,3,29,13
11315,2026-06-28 16:27:49.43+03,28,20,11
11315,2026-06-28 16:28:05.925+03,17,8,16
11315,2026-06-28 16:28:29.182+03,6,29,14
11315,2026-06-28 16:28:31.891+03,15,10,18
11315,2026-06-28 16:28:43.357+03,17,29,15
11315,2026-06-28 16:28:44.334+03,8,29,16
11315,2026-06-28 16:28:46.741+03,15,29,17
11315,2026-06-28 16:28:47.343+03,10,29,18
11315,2026-06-28 16:28:54.858+03,12,29,19
11315,2026-06-28 16:28:57.239+03,18,2,2
11315,2026-06-28 16:29:02.904+03,28,14,10
11315,2026-06-28 16:29:06.22+03,16,2,3
11315,2026-06-28 16:29:06.753+03,1,2,4
11315,2026-06-28 16:29:14.936+03,3,20,12
11315,2026-06-28 16:29:17.146+03,9,2,5
11315,2026-06-28 16:29:17.571+03,12,10,18
11315,2026-06-28 16:29:23.321+03,19,2,6
11315,2026-06-28 16:29:23.998+03,4,2,7
11315,2026-06-28 16:29:31.815+03,1,16,3
11315,2026-06-28 16:29:35.045+03,28,13,9
11315,2026-06-28 16:29:35.714+03,14,13,10
11315,2026-06-28 16:29:38.018+03,3,13,11
11315,2026-06-28 16:29:38.773+03,16,1,3
11315,2026-06-28 16:29:42.642+03,20,13,12
11315,2026-06-28 16:29:45.341+03,6,13,13
11315,2026-06-28 16:29:56.584+03,1,16,3
11315,2026-06-28 16:30:03.048+03,17,13,14
11315,2026-06-28 16:30:17.242+03,15,8,16
11315,2026-06-28 16:31:05.368+03,29,10,19
11315,2026-06-28 16:31:16.822+03,12,8,17
11315,2026-06-28 16:31:57.633+03,6,20,12
11315,2026-06-28 16:32:18.712+03,29,8,18
11315,2026-06-28 16:32:21.583+03,13,17,14
11315,2026-06-28 16:32:28.501+03,15,17,15
11315,2026-06-28 16:32:32.418+03,12,17,16
11315,2026-06-28 16:32:34.625+03,29,17,17
11315,2026-06-28 16:32:34.651+03,15,17,16
11315,2026-06-28 16:32:34.651+03,15,29,17
11315,2026-06-28 16:32:34.654+03,29,17,17
11315,2026-06-28 16:32:34.666+03,8,17,18
11315,2026-06-28 16:32:38.111+03,10,17,19
11315,2026-06-28 16:32:42.684+03,18,7,1
11315,2026-06-28 16:32:46.446+03,1,7,2
11315,2026-06-28 16:32:49.889+03,16,7,3
11315,2026-06-28 16:32:54.013+03,9,7,4
11315,2026-06-28 16:34:01.982+03,13,20,13
11315,2026-06-28 16:34:32.488+03,9,16,3
11315,2026-06-28 16:34:34.808+03,7,16,4
11315,2026-06-28 16:34:38.537+03,19,16,5
11315,2026-06-28 16:34:48.355+03,4,16,6
11315,2026-06-28 16:40:06.797+03,7,9,3
11315,2026-06-28 16:40:23.628+03,16,4,6
11315,2026-06-28 16:41:09.691+03,29,12,16
11315,2026-06-28 16:45:24.991+03,29,15,15
11315,2026-06-28 16:45:31.113+03,12,15,16
11315,2026-06-28 16:48:26.931+03,19,9,4
11315,2026-06-28 16:48:31.572+03,16,9,5
11315,2026-06-28 16:48:33.687+03,9,16,5
11315,2026-06-28 16:48:46.018+03,16,9,5
11315,2026-06-28 16:49:18.741+03,4,9,6
11315,2026-06-28 16:49:24.058+03,2,9,7
11315,2026-06-28 16:50:20.677+03,10,8,18
11315,2026-06-28 16:50:41.974+03,15,12,16
11315,2026-06-28 16:51:16.084+03,13,6,12
11315,2026-06-28 16:51:29.547+03,20,6,13
11315,2026-06-28 16:52:56.803+03,2,4,6
11315,2026-06-28 16:53:14.418+03,9,4,7
11315,2026-06-28 16:55:24.082+03,2,16,5
11315,2026-06-28 16:55:24.082+03,2,19,4
11315,2026-06-28 16:55:36.36+03,9,16,6
11315,2026-06-28 16:55:42.159+03,9,19,5
11315,2026-06-28 16:56:11.809+03,1,18,1
11315,2026-06-28 16:56:20.672+03,7,18,2
11315,2026-06-28 16:56:42.654+03,6,20,13
11315,2026-06-28 16:58:37.434+03,13,3,11
11315,2026-06-28 16:59:54.754+03,8,10,18
11315,2026-06-28 17:00:01.984+03,3,13,11
11315,2026-06-28 17:00:04.228+03,6,13,12
11315,2026-06-28 17:00:17.594+03,29,20,14
11315,2026-06-28 17:01:17.771+03,14,28,9
11315,2026-06-28 17:01:33.42+03,9,2,4
11315,2026-06-28 17:01:33.71+03,19,2,5
11315,2026-06-28 17:01:36.515+03,16,2,6
11315,2026-06-28 17:01:38.534+03,4,2,7
11315,2026-06-28 17:01:42.73+03,20,29,14
11315,2026-06-28 17:01:46.237+03,15,29,15
11315,2026-06-28 17:01:47.185+03,19,9,4
11315,2026-06-28 17:01:49.567+03,9,19,4
11315,2026-06-28 17:01:55.217+03,19,9,4
11315,2026-06-28 17:01:57.227+03,12,29,16
11315,2026-06-28 17:03:28.529+03,7,1,1
11315,2026-06-28 17:03:40.423+03,18,1,2
11315,2026-06-28 17:04:34.566+03,29,12,16
11315,2026-06-28 17:06:02.655+03,18,7,1
11315,2026-06-28 17:06:13.022+03,1,7,2
11315,2026-06-28 17:06:34.766+03,16,9,5
11315,2026-06-28 17:07:35.813+03,13,6,12
11315,2026-06-28 17:10:56.398+03,29,15,15
11315,2026-06-28 17:11:43.708+03,4,9,6
11315,2026-06-28 17:15:22.094+03,2,9,7
11321,2026-07-04 14:04:08.024+03,2,18,5
11321,2026-07-04 14:04:08.024+03,2,9,4
11321,2026-07-04 14:04:08.024+03,2,1,3
11321,2026-07-04 14:04:08.133+03,19,9,5
11321,2026-07-04 14:04:08.133+03,19,18,6
11321,2026-07-04 14:04:08.133+03,19,1,4
11321,2026-07-04 14:04:08.149+03,18,9,6
11321,2026-07-04 14:04:08.149+03,18,1,5
11321,2026-07-04 14:04:08.93+03,6,14,9
11321,2026-07-04 14:04:08.93+03,6,28,10
11321,2026-07-04 14:04:08.93+03,6,4,8
11321,2026-07-04 14:04:09.039+03,28,14,10
11321,2026-07-04 14:04:09.039+03,28,4,9
11321,2026-07-04 14:04:09.149+03,29,4,10
11321,2026-07-04 14:04:09.149+03,29,13,13
11321,2026-07-04 14:04:09.149+03,29,3,12
11321,2026-07-04 14:04:09.149+03,29,14,11
11321,2026-07-04 14:04:09.289+03,14,4,11
11321,2026-07-04 14:04:09.68+03,17,13,14
11321,2026-07-04 14:04:09.68+03,17,3,13
11321,2026-07-04 14:04:09.805+03,20,3,14
11321,2026-07-04 14:04:09.805+03,20,13,15
11321,2026-07-04 14:04:10.242+03,13,3,15
11321,2026-07-04 14:04:10.711+03,8,30,19
11321,2026-07-04 14:04:10.711+03,8,27,18
11321,2026-07-04 14:04:17.774+03,20,17,13
11321,2026-07-04 14:04:19.274+03,10,30,20
11321,2026-07-04 14:04:21.789+03,18,19,4
11321,2026-07-04 14:04:24.649+03,15,17,14
11321,2026-07-04 14:04:24.649+03,15,3,16
11321,2026-07-04 14:04:24.649+03,15,13,15
11321,2026-07-04 14:04:24.852+03,13,17,15
11321,2026-07-04 14:04:29.68+03,19,18,4
11321,2026-07-04 14:04:30.695+03,6,9,7
11321,2026-07-04 14:04:31.242+03,29,28,9
11321,2026-07-04 14:04:32.883+03,13,15,14
11321,2026-07-04 14:04:34.149+03,10,27,19
11321,2026-07-04 14:04:37.284+03,9,6,7
11321,2026-07-04 14:04:42.83+03,6,9,7
11321,2026-07-04 14:04:43.705+03,14,28,10
11321,2026-07-04 14:04:50.042+03,2,7,2
11321,2026-07-04 14:04:52.183+03,9,6,7
11321,2026-07-04 14:04:52.652+03,14,29,9
11321,2026-07-04 14:05:14.405+03,7,2,2
11321,2026-07-04 14:05:21.92+03,27,10,19
11321,2026-07-04 14:05:21.936+03,10,27,19
11321,2026-07-04 14:05:22.999+03,18,19,4
11321,2026-07-04 14:05:25.014+03,27,10,19
11321,2026-07-04 14:05:28.524+03,20,4,12
11321,2026-07-04 14:05:29.945+03,18,2,3
11321,2026-07-04 14:05:37.431+03,28,29,10
11321,2026-07-04 14:05:38.441+03,3,17,16
11321,2026-07-04 14:05:39.955+03,1,19,5
11321,2026-07-04 14:05:51.252+03,9,19,6
11321,2026-07-04 14:05:59.256+03,27,8,18
11321,2026-07-04 14:05:59.436+03,10,8,19
11321,2026-07-04 14:06:00.089+03,30,8,20
11321,2026-07-04 14:06:00.879+03,12,8,21
11321,2026-07-04 14:06:02.864+03,15,13,14
11321,2026-07-04 14:06:06.655+03,19,9,6
11321,2026-07-04 14:06:10.905+03,13,15,14
11321,2026-07-04 14:06:24.961+03,2,18,3
11321,2026-07-04 14:06:35.648+03,30,10,19
11321,2026-07-04 14:06:45.775+03,12,10,20
11321,2026-07-04 14:07:10.027+03,30,27,18
11321,2026-07-04 14:07:10.277+03,12,27,19
11321,2026-07-04 14:07:10.698+03,10,27,20
11321,2026-07-04 14:07:13.62+03,1,18,4
11321,2026-07-04 14:07:29.183+03,3,15,15
11321,2026-07-04 14:07:30.183+03,8,27,21
11321,2026-07-04 14:07:30.808+03,4,20,12
11321,2026-07-04 14:07:33.389+03,15,3,15
11321,2026-07-04 14:07:58.48+03,12,30,18
11321,2026-07-04 14:08:00.198+03,19,18,5
11321,2026-07-04 14:08:27.158+03,18,19,5
11321,2026-07-04 14:09:15.395+03,9,19,6
11321,2026-07-04 14:09:15.489+03,19,9,6
11321,2026-07-04 14:09:20.458+03,9,19,6
11321,2026-07-04 14:10:01.814+03,14,6,8
11321,2026-07-04 14:10:51.589+03,28,6,9
11321,2026-07-04 14:12:02.817+03,4,29,11
11321,2026-07-04 14:13:17.604+03,3,15,15
11321,2026-07-04 14:14:27.31+03,7,16,1
11321,2026-07-04 14:14:27.357+03,16,7,1
11321,2026-07-04 14:14:48.788+03,4,6,10
11321,2026-07-04 14:15:58.235+03,7,16,1
11321,2026-07-04 14:16:10.001+03,18,1,4
11321,2026-07-04 14:16:26.207+03,1,18,4
11321,2026-07-04 14:16:48.519+03,8,10,20
11321,2026-07-04 14:17:43.806+03,18,1,4
11321,2026-07-04 14:17:55.401+03,4,28,9
11321,2026-07-04 14:18:00.676+03,13,20,13
11321,2026-07-04 14:19:14.913+03,9,1,5
11321,2026-07-04 14:21:07.835+03,3,20,14
11326,2026-07-05 17:04:05.059+03,9,7,1
11326,2026-07-05 17:04:05.393+03,16,7,2
11326,2026-07-05 17:04:06.354+03,1,2,6
11326,2026-07-05 17:04:06.438+03,28,2,7
11326,2026-07-05 17:04:06.438+03,28,19,8
11326,2026-07-05 17:04:06.874+03,19,2,8
11326,2026-07-05 17:04:07.268+03,17,13,12
11326,2026-07-05 17:04:07.268+03,17,20,13
11326,2026-07-05 17:04:07.268+03,17,3,11
11326,2026-07-05 17:04:07.425+03,6,20,14
11326,2026-07-05 17:04:07.425+03,6,13,13
11326,2026-07-05 17:04:07.67+03,15,13,14
11326,2026-07-05 17:04:07.67+03,15,12,16
11326,2026-07-05 17:04:07.67+03,15,20,15
11326,2026-07-05 17:04:07.815+03,29,20,16
11326,2026-07-05 17:04:07.815+03,29,30,18
11326,2026-07-05 17:04:07.815+03,29,12,17
11326,2026-07-05 17:04:08.28+03,27,12,18
11326,2026-07-05 17:04:08.28+03,27,30,19
11326,2026-07-05 17:04:08.794+03,10,8,21
11326,2026-07-05 17:04:11.22+03,3,17,11
11326,2026-07-05 17:04:14.548+03,2,19,8
11326,2026-07-05 17:04:15.784+03,15,6,13
11326,2026-07-05 17:04:16.197+03,29,13,15
11326,2026-07-05 17:04:17.184+03,10,30,20
11326,2026-07-05 17:04:20.685+03,2,28,7
11326,2026-07-05 17:04:22.034+03,6,15,13
11326,2026-07-05 17:04:26.213+03,15,6,13
11326,2026-07-05 17:04:29.046+03,14,19,9
11326,2026-07-05 17:04:29.046+03,14,28,8
11326,2026-07-05 17:04:29.686+03,2,1,6
11326,2026-07-05 17:04:30.378+03,28,14,8
11326,2026-07-05 17:04:30.85+03,27,20,17
11326,2026-07-05 17:04:34.968+03,1,2,6
11326,2026-07-05 17:04:35.986+03,14,28,8
11326,2026-07-05 17:04:36.026+03,19,28,9
11326,2026-07-05 17:04:40.087+03,30,12,19
11326,2026-07-05 17:04:40.087+03,30,10,20
11326,2026-07-05 17:04:40.087+03,30,20,18
11326,2026-07-05 17:04:40.146+03,10,12,20
11326,2026-07-05 17:04:40.146+03,10,20,19
11326,2026-07-05 17:04:43.783+03,8,12,21
11326,2026-07-05 17:04:49.363+03,13,29,15
11326,2026-07-05 17:04:51.876+03,17,3,11
11326,2026-07-05 17:05:15.48+03,28,19,9
11326,2026-07-05 17:05:17.397+03,17,19,10
11326,2026-07-05 17:05:21.124+03,15,3,12
11326,2026-07-05 17:05:21.18+03,6,3,13
11326,2026-07-05 17:05:28.081+03,15,19,11
11326,2026-07-05 17:05:34.647+03,6,19,12
11326,2026-07-05 17:05:36.391+03,3,19,13
11326,2026-07-05 17:05:44.42+03,3,6,12
11326,2026-07-05 17:05:49.064+03,13,19,14
11326,2026-07-05 17:05:49.295+03,29,19,15
11326,2026-07-05 17:05:53.597+03,27,19,16
11326,2026-07-05 17:05:53.93+03,30,19,17
11326,2026-07-05 17:05:58.973+03,10,19,18
11326,2026-07-05 17:06:14.6+03,20,19,19
11326,2026-07-05 17:06:23.398+03,29,13,14
11326,2026-07-05 17:06:29.047+03,8,19,20
11326,2026-07-05 17:06:29.663+03,27,13,15
11326,2026-07-05 17:06:30.917+03,30,13,16
11326,2026-07-05 17:06:31.374+03,10,13,17
11326,2026-07-05 17:06:32.528+03,20,13,18
11326,2026-07-05 17:06:34.734+03,8,13,19
11326,2026-07-05 17:06:58.657+03,3,15,11
11326,2026-07-05 17:07:07.646+03,13,8,19
11326,2026-07-05 17:07:20.73+03,20,10,17
11326,2026-07-05 17:07:30.131+03,1,4,5
11326,2026-07-05 17:08:35.579+03,6,15,12
11326,2026-07-05 17:09:33.141+03,13,10,18
11326,2026-07-05 17:10:59.177+03,3,17,10
11326,2026-07-05 17:11:19.518+03,17,3,10
11326,2026-07-05 17:11:42.79+03,3,17,10
11326,2026-07-05 17:11:50.1+03,29,15,13
11326,2026-07-05 17:13:25.236+03,6,17,11
11326,2026-07-05 17:13:32.315+03,20,30,16
11326,2026-07-05 17:14:13.16+03,17,6,11
11326,2026-07-05 17:15:02.698+03,6,17,11
11326,2026-07-05 17:15:10.812+03,13,30,17
11326,2026-07-05 17:15:50.101+03,17,6,11
11326,2026-07-05 17:16:36.772+03,6,17,11
11326,2026-07-05 17:18:17.527+03,29,17,12
11326,2026-07-05 17:19:11.74+03,13,20,16
11326,2026-07-05 17:20:33.449+03,7,16,2
11326,2026-07-05 17:22:25.232+03,13,27,15
11326,2026-07-05 17:27:44.58+03,19,8,20
11326,2026-07-05 17:28:14.429+03,19,10,19
11326,2026-07-05 17:30:06.201+03,1,18,4
11326,2026-07-05 17:30:55.843+03,18,1,4
11326,2026-07-05 17:31:01.833+03,4,1,5
11326,2026-07-05 17:31:02.991+03,2,1,6
11326,2026-07-05 17:31:15.21+03,13,15,14
11326,2026-07-05 17:31:37.294+03,15,13,14
11326,2026-07-05 17:31:43.066+03,27,13,15
11326,2026-07-05 17:31:43.893+03,20,13,16
11326,2026-07-05 17:31:51.654+03,30,13,17
11326,2026-07-05 17:33:54.808+03,8,10,20
11326,2026-07-05 17:34:12.402+03,2,4,5
11326,2026-07-05 17:34:21.886+03,1,4,6
11326,2026-07-05 17:34:27.062+03,14,4,7
11326,2026-07-05 17:34:28.939+03,28,4,8
11326,2026-07-05 17:34:39.501+03,3,4,9
11326,2026-07-05 17:35:19.617+03,4,3,9
11326,2026-07-05 17:36:20.23+03,13,30,17
11326,2026-07-05 17:36:27.498+03,15,17,13
11326,2026-07-05 17:36:34.475+03,27,17,14
11326,2026-07-05 17:36:35.216+03,20,17,15
11326,2026-07-05 17:37:06.677+03,20,27,14
11326,2026-07-05 17:37:22.157+03,27,20,14
11326,2026-07-05 17:37:29.721+03,10,8,20
11326,2026-07-05 17:38:22.14+03,20,27,14
11326,2026-07-05 17:38:22.14+03,20,15,13
11326,2026-07-05 17:38:28.35+03,17,27,15
11326,2026-07-05 17:38:28.35+03,17,15,14
11326,2026-07-05 17:38:29.684+03,13,27,16
11326,2026-07-05 17:38:29.684+03,13,15,15
11326,2026-07-05 17:38:33.395+03,30,27,17
11326,2026-07-05 17:38:33.395+03,30,15,16
11326,2026-07-05 17:38:34.905+03,19,15,17
11326,2026-07-05 17:38:34.905+03,19,27,18
11326,2026-07-05 17:38:39.332+03,27,15,18
11326,2026-07-05 17:39:01.324+03,19,30,16
11326,2026-07-05 17:39:35.828+03,8,10,20
11326,2026-07-05 17:40:01.926+03,20,29,12
11326,2026-07-05 17:40:13.967+03,4,28,8
11326,2026-07-05 17:40:42.099+03,2,16,3
11326,2026-07-05 17:40:42.099+03,2,18,4
11326,2026-07-05 17:40:48.701+03,1,16,4
11326,2026-07-05 17:40:48.701+03,1,18,5
11326,2026-07-05 17:40:51.859+03,18,16,5
11326,2026-07-05 17:41:35.293+03,20,6,11
11326,2026-07-05 17:41:35.692+03,29,6,12
11326,2026-07-05 17:41:44.96+03,17,6,13
11326,2026-07-05 17:42:00.477+03,29,20,11
11326,2026-07-05 17:42:04.776+03,6,17,13
11326,2026-07-05 17:42:24.948+03,17,6,13
11326,2026-07-05 17:43:30.761+03,7,9,1
11326,2026-07-05 17:43:40.173+03,6,17,13
11326,2026-07-05 17:43:50.141+03,4,14,7
11326,2026-07-05 17:44:29.245+03,13,17,14
11326,2026-07-05 17:44:47.1+03,27,30,17
11326,2026-07-05 17:44:47.475+03,15,30,18
11326,2026-07-05 17:46:50.581+03,6,20,12
11326,2026-07-05 17:47:12.282+03,13,20,13
11326,2026-07-05 17:47:58.788+03,15,27,17
11326,2026-07-05 17:48:38.773+03,1,2,3
11326,2026-07-05 17:48:39.347+03,18,2,4
11326,2026-07-05 17:48:39.896+03,16,2,5
11326,2026-07-05 17:48:40.055+03,17,20,14
11326,2026-07-05 17:48:58.472+03,4,2,6
11326,2026-07-05 17:49:25.074+03,16,18,4
11326,2026-07-05 17:49:45.537+03,18,16,4
11326,2026-07-05 17:50:11.657+03,19,20,15
11326,2026-07-05 17:50:54.025+03,2,4,6
11326,2026-07-05 17:51:32.665+03,15,20,16
11326,2026-07-05 17:51:34.798+03,27,20,17
11326,2026-07-05 17:52:13.787+03,16,18,4
11326,2026-07-05 17:52:33.551+03,18,16,4
11326,2026-07-05 17:54:41.58+03,20,27,17
11326,2026-07-05 17:57:16.597+03,19,17,14
11326,2026-07-05 17:57:42.284+03,18,1,3
11326,2026-07-05 17:57:42.315+03,1,18,3
11326,2026-07-05 17:57:58.376+03,18,1,3
11326,2026-07-05 17:58:03.731+03,1,18,3
11326,2026-07-05 17:58:04.142+03,16,18,4
11326,2026-07-05 17:58:10.489+03,17,19,14
11326,2026-07-05 17:58:15.955+03,2,18,5
11326,2026-07-05 17:58:25.638+03,19,17,14
11326,2026-07-05 17:58:25.878+03,4,18,6
11326,2026-07-05 17:59:07.432+03,20,15,16
11326,2026-07-05 17:59:15.473+03,19,13,13
11326,2026-07-05 17:59:16.36+03,17,13,14
11326,2026-07-05 17:59:20.09+03,9,7,1
11326,2026-07-05 18:00:13.952+03,18,4,6
11326,2026-07-05 18:02:28.744+03,17,19,13
11326,2026-07-05 18:02:38.581+03,13,19,14
11326,2026-07-05 18:02:42.044+03,20,19,15
11326,2026-07-05 18:02:43.019+03,15,19,16
11326,2026-07-05 18:03:10.699+03,16,1,3
11326,2026-07-05 18:03:32.573+03,20,13,14
11326,2026-07-05 18:03:33.658+03,15,13,15
11326,2026-07-05 18:03:37.074+03,19,13,16
11326,2026-07-05 18:03:43.23+03,27,13,17
11326,2026-07-05 18:04:15.362+03,30,13,18
11326,2026-07-05 18:04:15.671+03,1,16,3
11326,2026-07-05 18:04:26.69+03,16,1,3
11326,2026-07-05 18:04:47.802+03,18,2,5
11326,2026-07-05 18:05:00.522+03,8,13,19
11326,2026-07-05 18:05:07.045+03,10,13,20
11326,2026-07-05 18:06:23.272+03,12,13,21
11326,2026-07-05 18:06:48.871+03,19,15,15
11326,2026-07-05 18:08:17.616+03,19,20,14
11326,2026-07-05 18:09:23.843+03,16,7,2
11326,2026-07-05 18:09:32.523+03,1,7,3
11326,2026-07-05 18:09:37.042+03,18,7,4
11326,2026-07-05 18:10:09.442+03,2,7,5
11326,2026-07-05 18:10:09.47+03,7,2,5
11326,2026-07-05 18:10:10.685+03,2,7,5
11326,2026-07-05 18:11:36.222+03,4,7,6
11326,2026-07-05 18:13:11.294+03,14,7,7
11326,2026-07-05 18:13:14.566+03,28,7,8
11326,2026-07-05 18:13:20.534+03,3,7,9
11326,2026-07-05 18:15:32.917+03,19,17,13
11326,2026-07-05 18:18:38.292+03,18,1,3
11326,2026-07-05 18:18:47.717+03,2,1,4
11326,2026-07-05 18:19:01.058+03,4,1,5
11326,2026-07-05 18:19:22.737+03,14,1,6
11326,2026-07-05 18:19:26.101+03,28,1,7
11326,2026-07-05 18:19:33.72+03,3,1,8
11326,2026-07-05 18:19:52.2+03,7,1,9
11326,2026-07-05 18:19:55.895+03,29,1,10
11326,2026-07-05 18:20:01.546+03,6,1,11
11326,2026-07-05 18:20:21.643+03,6,29,10
11326,2026-07-05 18:20:29.274+03,19,1,12
11326,2026-07-05 18:20:41.475+03,17,1,13
11326,2026-07-05 18:20:50.348+03,20,1,14
11326,2026-07-05 18:20:54.759+03,15,1,15
11326,2026-07-05 18:21:00.257+03,17,19,12
11326,2026-07-05 18:21:07.065+03,18,16,2
11326,2026-07-05 18:21:30.498+03,27,1,16
11326,2026-07-05 18:22:13.931+03,30,1,17
11326,2026-07-05 18:22:35.18+03,29,6,10
11326,2026-07-05 18:23:03.436+03,8,1,18
11326,2026-07-05 18:23:15.018+03,19,17,12
11326,2026-07-05 18:23:27.732+03,10,1,19
11326,2026-07-05 18:31:09.449+03,6,7,10
11326,2026-07-05 18:31:09.735+03,19,7,11
11326,2026-07-05 18:31:10.026+03,17,7,12
11326,2026-07-05 18:31:10.896+03,20,7,13
11326,2026-07-05 18:31:11.207+03,15,7,14
11326,2026-07-05 18:31:13.021+03,27,7,15
11334,2026-07-19 16:04:06.402+03,14,3,8
11334,2026-07-19 16:04:06.63+03,29,3,9
11334,2026-07-19 16:04:06.63+03,29,6,10
11334,2026-07-19 16:04:07.041+03,2,13,12
11334,2026-07-19 16:04:07.299+03,20,13,13
11334,2026-07-19 16:04:07.39+03,12,13,14
11334,2026-07-19 16:04:08.423+03,27,30,17
11334,2026-07-19 16:04:08.511+03,17,30,18
11334,2026-07-19 16:04:08.645+03,4,10,20
11334,2026-07-19 16:04:08.645+03,4,30,19
11334,2026-07-19 16:04:08.937+03,8,10,21
11334,2026-07-19 16:04:12.223+03,1,7,1
11334,2026-07-19 16:04:21.968+03,9,18,3
11334,2026-07-19 16:04:25.733+03,7,1,1
11334,2026-07-19 16:04:26.312+03,16,18,5
11334,2026-07-19 16:04:29.653+03,9,1,2
11334,2026-07-19 16:04:29.948+03,18,19,5
11334,2026-07-19 16:04:29.948+03,18,16,4
11334,2026-07-19 16:04:30.509+03,14,28,7
11334,2026-07-19 16:04:33.053+03,4,27,18
11334,2026-07-19 16:04:35.786+03,19,16,5
11334,2026-07-19 16:04:35.786+03,19,18,4
11334,2026-07-19 16:04:36.101+03,16,18,5
11334,2026-07-19 16:04:36.413+03,14,18,6
11334,2026-07-19 16:04:36.427+03,28,18,7
11334,2026-07-19 16:04:36.505+03,29,18,8
11334,2026-07-19 16:04:36.786+03,3,18,9
11334,2026-07-19 16:04:37.037+03,2,18,10
11334,2026-07-19 16:04:37.257+03,6,18,11
11334,2026-07-19 16:04:37.414+03,20,18,12
11334,2026-07-19 16:04:37.462+03,12,18,13
11334,2026-07-19 16:04:37.705+03,13,18,14
11334,2026-07-19 16:04:37.955+03,15,18,15
11334,2026-07-19 16:04:38.231+03,17,18,16
11334,2026-07-19 16:04:38.589+03,4,18,17
11334,2026-07-19 16:04:38.931+03,27,18,18
11334,2026-07-19 16:04:39.407+03,30,18,19
11334,2026-07-19 16:04:39.677+03,8,18,20
11334,2026-07-19 16:04:39.961+03,10,18,21
11334,2026-07-19 16:04:45.456+03,2,3,9
11334,2026-07-19 16:04:46.56+03,15,13,14
11334,2026-07-19 16:04:49.878+03,3,2,9
11334,2026-07-19 16:04:51.114+03,13,15,14
11334,2026-07-19 16:05:04.676+03,12,20,12
11334,2026-07-19 16:05:09.367+03,13,20,13
11334,2026-07-19 16:05:09.853+03,4,17,16
11334,2026-07-19 16:05:25.062+03,4,15,15
11334,2026-07-19 16:05:25.5+03,17,15,16
11334,2026-07-19 16:05:25.859+03,27,15,17
11334,2026-07-19 16:05:26.099+03,30,15,18
11334,2026-07-19 16:05:26.528+03,8,15,19
11334,2026-07-19 16:05:26.958+03,10,15,20
11334,2026-07-19 16:06:20.685+03,17,4,15
11334,2026-07-19 16:06:20.685+03,17,20,14
11334,2026-07-19 16:06:26.086+03,8,4,16
11334,2026-07-19 16:06:26.086+03,8,30,18
11334,2026-07-19 16:06:26.086+03,8,27,17
11334,2026-07-19 16:06:26.548+03,4,8,16
11334,2026-07-19 16:06:27.549+03,10,27,18
11334,2026-07-19 16:06:27.549+03,10,30,19
11334,2026-07-19 16:06:28.018+03,27,10,18
11334,2026-07-19 16:06:32.911+03,8,4,16
11334,2026-07-19 16:06:32.911+03,8,20,15
11334,2026-07-19 16:06:34.471+03,10,20,16
11334,2026-07-19 16:06:34.471+03,10,27,18
11334,2026-07-19 16:06:34.471+03,10,4,17
11334,2026-07-19 16:06:46.738+03,4,20,17
11334,2026-07-19 16:09:06.314+03,20,4,17
11334,2026-07-19 16:09:14.659+03,27,4,18
11334,2026-07-19 16:09:16.039+03,30,4,19
11334,2026-07-19 16:09:16.801+03,15,4,20
11334,2026-07-19 16:14:16.792+03,17,13,13
11334,2026-07-19 16:14:18.887+03,16,19,4
11334,2026-07-19 16:14:19.375+03,20,10,16
11334,2026-07-19 16:14:23.076+03,13,17,13
11334,2026-07-19 16:14:26.27+03,19,16,4
11334,2026-07-19 16:14:27.754+03,4,15,20
11334,2026-07-19 16:14:42.048+03,20,8,15
11334,2026-07-19 16:14:46.612+03,10,8,16
11334,2026-07-19 16:14:51.303+03,4,30,19
11334,2026-07-19 16:15:26.365+03,4,27,18
11334,2026-07-19 16:15:52.416+03,2,3,9
11334,2026-07-19 16:15:56.851+03,15,30,20
11334,2026-07-19 16:15:59.93+03,4,10,16
11334,2026-07-19 16:16:19.283+03,6,3,10
11334,2026-07-19 16:16:29.736+03,1,9,2
11334,2026-07-19 16:16:35.307+03,3,6,10
11334,2026-07-19 16:16:39.859+03,27,8,18
11334,2026-07-19 16:16:44.059+03,15,8,19
11334,2026-07-19 16:17:55.818+03,27,10,17
11334,2026-07-19 16:17:55.863+03,15,10,18
11334,2026-07-19 16:18:13.686+03,30,8,20
11334,2026-07-19 16:18:24.263+03,6,3,10
11334,2026-07-19 16:18:42.75+03,15,27,17
11334,2026-07-19 16:19:36.664+03,2,29,8
11334,2026-07-19 16:20:16.817+03,28,14,6
11334,2026-07-19 16:20:19.026+03,29,2,8
11334,2026-07-19 16:20:22.817+03,2,29,8
11334,2026-07-19 16:20:36.275+03,30,10,19
11334,2026-07-19 16:22:04.791+03,16,19,4
11334,2026-07-19 16:22:33.951+03,8,10,20
11334,2026-07-19 16:23:20.028+03,2,14,7
11334,2026-07-19 16:24:10.502+03,4,20,15
11334,2026-07-19 16:26:02.456+03,4,17,14
11334,2026-07-19 16:27:46.268+03,2,28,6
11334,2026-07-19 16:27:48.312+03,6,29,9
11334,2026-07-19 16:27:53.916+03,13,12,12
11334,2026-07-19 16:27:54.056+03,4,12,13
11334,2026-07-19 16:29:07.95+03,30,27,18
11334,2026-07-19 16:29:13.926+03,20,17,15
11334,2026-07-19 16:29:23.61+03,17,20,15
11334,2026-07-19 16:29:44.07+03,8,27,19
11334,2026-07-19 16:29:45.229+03,10,27,20
11334,2026-07-19 16:29:46.099+03,4,13,12
11334,2026-07-19 16:29:50.5+03,20,17,15
11334,2026-07-19 16:32:56.394+03,29,6,9
11334,2026-07-19 16:32:57.015+03,3,6,10
11334,2026-07-19 16:32:57.897+03,4,6,11
11334,2026-07-19 16:33:04.936+03,13,6,12
11334,2026-07-19 16:33:08.669+03,12,6,13
11334,2026-07-19 16:33:09.77+03,20,6,14
11334,2026-07-19 16:33:18.714+03,15,17,16
11334,2026-07-19 16:33:18.714+03,15,6,15
11334,2026-07-19 16:33:24.874+03,6,15,15
11334,2026-07-19 16:33:28.489+03,4,3,10
11334,2026-07-19 16:33:28.5+03,30,17,17
11334,2026-07-19 16:33:29.168+03,15,6,15
11334,2026-07-19 16:33:40.77+03,8,17,18
11334,2026-07-19 16:34:23.226+03,6,15,15
11334,2026-07-19 16:34:49.878+03,4,29,9
11334,2026-07-19 16:34:49.878+03,4,14,8
11334,2026-07-19 16:34:50.565+03,3,29,10
11334,2026-07-19 16:34:52.751+03,13,29,11
11334,2026-07-19 16:35:02.126+03,12,29,12
11334,2026-07-19 16:35:02.126+03,12,14,11
11334,2026-07-19 16:35:03.175+03,20,29,13
11334,2026-07-19 16:35:03.175+03,20,14,12
11334,2026-07-19 16:35:11.227+03,6,29,14
11334,2026-07-19 16:35:12.429+03,15,29,15
11334,2026-07-19 16:35:16.436+03,17,8,18
11334,2026-07-19 16:36:46.183+03,4,28,7
11334,2026-07-19 16:36:47.503+03,3,28,8
11334,2026-07-19 16:36:49.798+03,13,28,9
11334,2026-07-19 16:36:55.518+03,12,28,10
11334,2026-07-19 16:36:56.462+03,20,28,11
11334,2026-07-19 16:37:01.441+03,29,15,15
11334,2026-07-19 16:37:02.074+03,14,28,12
11334,2026-07-19 16:37:07.672+03,28,14,12
11334,2026-07-19 16:37:15.458+03,14,28,12
11334,2026-07-19 16:37:17.688+03,30,15,16
11334,2026-07-19 16:37:21.446+03,28,14,12
11334,2026-07-19 16:38:13.138+03,9,1,2
11334,2026-07-19 16:38:15.369+03,16,1,3
11334,2026-07-19 16:38:24.253+03,19,1,4
11334,2026-07-19 16:38:25.68+03,2,1,5
11334,2026-07-19 16:40:21.325+03,9,7,1
11334,2026-07-19 16:40:22.447+03,16,7,2
11334,2026-07-19 16:40:27.636+03,19,7,3
11334,2026-07-19 16:40:28.366+03,2,7,4
11334,2026-07-19 16:40:38.134+03,20,12,10
11334,2026-07-19 16:40:44.122+03,12,20,10
11334,2026-07-19 16:40:44.164+03,20,12,10
11334,2026-07-19 16:40:53.601+03,28,12,11
11334,2026-07-19 16:40:59.727+03,6,14,13
11334,2026-07-19 16:40:59.727+03,6,12,12
11334,2026-07-19 16:40:59.757+03,14,12,13
11334,2026-07-19 16:41:01.543+03,29,12,14
11334,2026-07-19 16:41:10.231+03,14,6,12
11334,2026-07-19 16:42:04.422+03,2,19,3
11334,2026-07-19 16:42:46.754+03,19,2,3
11334,2026-07-19 16:44:32.136+03,2,16,2
11334,2026-07-19 16:44:32.136+03,2,9,1
11334,2026-07-19 16:44:35.66+03,7,19,4
11334,2026-07-19 16:44:35.66+03,7,16,3
11334,2026-07-19 16:44:35.66+03,7,9,2
11334,2026-07-19 16:44:39.238+03,1,19,5
11334,2026-07-19 16:44:39.238+03,1,16,4
11334,2026-07-19 16:44:41.499+03,9,7,2
11334,2026-07-19 16:44:45.721+03,19,16,5
11334,2026-07-19 16:45:02.407+03,28,20,10
11334,2026-07-19 16:45:07.955+03,28,13,9
11334,2026-07-19 16:45:10.846+03,14,20,11
11334,2026-07-19 16:45:10.846+03,14,13,10
11334,2026-07-19 16:45:10.908+03,6,20,12
11334,2026-07-19 16:45:10.908+03,6,13,11
11334,2026-07-19 16:45:12.623+03,29,20,13
11334,2026-07-19 16:45:17.329+03,6,14,10
11334,2026-07-19 16:45:23.148+03,12,20,14
11334,2026-07-19 16:45:24.582+03,14,6,10
11334,2026-07-19 16:45:37.877+03,13,6,11
11334,2026-07-19 16:45:57.042+03,15,30,16
11334,2026-07-19 16:46:22.693+03,17,30,17
11334,2026-07-19 16:48:48.632+03,9,2,1
11334,2026-07-19 16:51:38.167+03,17,15,16
11334,2026-07-19 16:54:21.122+03,7,2,2
11334,2026-07-19 16:54:32.138+03,6,13,11
11334,2026-07-19 16:56:18.193+03,20,12,14
11334,2026-07-19 16:56:22.486+03,12,20,14
11334,2026-07-19 16:57:01.21+03,20,12,14
11334,2026-07-19 16:58:47.088+03,29,13,12
11334,2026-07-19 16:59:57.434+03,1,2,3
11334,2026-07-19 17:02:07.072+03,6,14,10
11334,2026-07-19 17:02:28.138+03,29,14,11
11334,2026-07-19 17:02:36.926+03,14,6,11
11334,2026-07-19 17:03:06.436+03,19,2,4
11334,2026-07-19 17:03:16.22+03,16,2,5
11334,2026-07-19 17:03:23.056+03,4,2,6
11334,2026-07-19 17:03:32.914+03,3,2,7
11334,2026-07-19 17:05:46.541+03,2,3,7
11334,2026-07-19 17:08:08.375+03,6,14,11
11334,2026-07-19 17:08:58.786+03,7,9,1
11334,2026-07-19 17:16:24.249+03,28,3,8
11334,2026-07-19 17:16:26.898+03,3,28,8
11334,2026-07-19 17:20:14.961+03,16,19,4
11342,2026-07-26 16:03:28.883+03,19,9,2
11342,2026-07-26 16:03:29.523+03,7,18,6
11342,2026-07-26 16:03:29.646+03,4,18,7
11342,2026-07-26 16:03:29.802+03,28,18,8
11342,2026-07-26 16:03:29.945+03,14,13,10
11342,2026-07-26 16:03:29.945+03,14,18,9
11342,2026-07-26 16:03:30.256+03,6,18,10
11342,2026-07-26 16:03:30.256+03,6,13,11
11342,2026-07-26 16:03:30.385+03,13,18,11
11342,2026-07-26 16:03:30.413+03,15,18,12
11342,2026-07-26 16:03:30.413+03,15,3,14
11342,2026-07-26 16:03:30.413+03,15,29,13
11342,2026-07-26 16:03:30.544+03,29,18,13
11342,2026-07-26 16:03:30.921+03,20,3,15
11342,2026-07-26 16:03:30.921+03,20,8,16
11342,2026-07-26 16:03:30.921+03,20,18,14
11342,2026-07-26 16:03:31.036+03,3,18,15
11342,2026-07-26 16:03:31.064+03,8,18,16
11342,2026-07-26 16:03:31.102+03,12,17,18
11342,2026-07-26 16:03:31.102+03,12,18,17
11342,2026-07-26 16:03:31.271+03,17,18,18
11342,2026-07-26 16:03:31.38+03,30,10,20
11342,2026-07-26 16:03:31.38+03,30,18,19
11342,2026-07-26 16:03:36.408+03,1,9,3
11342,2026-07-26 16:03:36.549+03,16,9,4
11342,2026-07-26 16:03:36.736+03,4,7,6
11342,2026-07-26 16:03:37.158+03,14,28,8
11342,2026-07-26 16:03:38.736+03,17,12,17
11342,2026-07-26 16:03:39.158+03,10,18,20
11342,2026-07-26 16:03:42.549+03,9,16,4
11342,2026-07-26 16:03:44.569+03,29,15,12
11342,2026-07-26 16:03:44.969+03,8,3,15
11342,2026-07-26 16:03:44.969+03,8,20,14
11342,2026-07-26 16:03:46.102+03,10,30,19
11342,2026-07-26 16:03:46.943+03,19,2,1
11342,2026-07-26 16:03:47.686+03,16,9,4
11342,2026-07-26 16:03:48.314+03,7,4,6
11342,2026-07-26 16:03:49.415+03,13,6,10
11342,2026-07-26 16:03:50.128+03,20,8,14
11342,2026-07-26 16:03:51.414+03,30,10,19
11342,2026-07-26 16:03:52.533+03,15,29,12
11342,2026-07-26 16:03:52.767+03,29,15,12
11342,2026-07-26 16:03:53.41+03,8,20,14
11342,2026-07-26 16:03:53.611+03,10,30,19
11342,2026-07-26 16:03:56.064+03,3,20,15
11342,2026-07-26 16:03:56.064+03,3,8,14
11342,2026-07-26 16:04:00.113+03,15,29,12
11342,2026-07-26 16:04:04.93+03,3,29,13
11342,2026-07-26 16:04:06.977+03,18,30,20
11342,2026-07-26 16:04:58.787+03,18,10,19
11342,2026-07-26 16:05:11.919+03,18,12,18
11342,2026-07-26 16:06:12.241+03,30,10,20
11342,2026-07-26 16:06:42.602+03,10,30,20
11342,2026-07-26 16:06:46.337+03,18,17,17
11342,2026-07-26 16:08:07.643+03,18,20,16
11342,2026-07-26 16:09:27.84+03,18,8,15
11342,2026-07-26 16:09:38.777+03,10,12,19
11342,2026-07-26 16:10:55.217+03,18,29,14
11342,2026-07-26 16:13:48.813+03,18,3,13
11342,2026-07-26 16:15:16.241+03,18,15,12
11342,2026-07-26 16:15:20.473+03,12,10,19
11342,2026-07-26 16:15:25.651+03,30,10,20
11342,2026-07-26 16:15:27.706+03,27,10,21
11342,2026-07-26 16:19:36.642+03,18,6,11
11342,2026-07-26 16:20:23.211+03,30,12,19
11342,2026-07-26 16:20:25.789+03,12,30,19
11342,2026-07-26 16:22:00.355+03,9,16,4
11342,2026-07-26 16:22:05.434+03,7,16,5
11342,2026-07-26 16:22:13.142+03,4,16,6
11342,2026-07-26 16:22:18.534+03,14,16,7
11342,2026-07-26 16:22:25.652+03,28,16,8
11342,2026-07-26 16:22:57.792+03,16,28,8
11342,2026-07-26 16:23:24.977+03,3,15,13
11342,2026-07-26 16:23:26.414+03,9,1,3
11342,2026-07-26 16:23:31.508+03,7,1,4
11342,2026-07-26 16:23:34.774+03,27,30,20
11342,2026-07-26 16:23:40.17+03,4,1,5
11342,2026-07-26 16:23:42.369+03,10,30,21
11342,2026-07-26 16:23:45.64+03,14,1,6
11342,2026-07-26 16:23:50.71+03,16,1,7
11342,2026-07-26 16:25:09.526+03,16,14,6
11342,2026-07-26 16:25:15.883+03,1,14,7
11342,2026-07-26 16:25:22.97+03,1,16,6
11342,2026-07-26 16:25:31.43+03,8,29,15
11342,2026-07-26 16:25:37.883+03,20,29,16
11342,2026-07-26 16:25:39.29+03,17,29,17
11342,2026-07-26 16:25:45.415+03,12,29,18
11342,2026-07-26 16:25:54.336+03,27,29,19
11342,2026-07-26 16:25:54.399+03,10,29,20
11342,2026-07-26 16:26:04.508+03,10,27,19
11342,2026-07-26 16:26:12.018+03,2,19,1
11342,2026-07-26 16:26:20.176+03,7,9,3
11342,2026-07-26 16:26:33.774+03,4,9,4
11342,2026-07-26 16:26:38.258+03,1,9,5
11342,2026-07-26 16:26:38.93+03,16,9,6
11342,2026-07-26 16:26:44.818+03,14,9,7
11342,2026-07-26 16:26:54.792+03,3,6,12
11342,2026-07-26 16:26:57.286+03,18,13,10
11342,2026-07-26 16:27:01.406+03,15,6,13
11342,2026-07-26 16:27:02.462+03,8,6,14
11342,2026-07-26 16:27:04.24+03,29,27,20
11342,2026-07-26 16:27:05.987+03,20,6,15
11342,2026-07-26 16:27:07.457+03,17,6,16
11342,2026-07-26 16:27:13.702+03,12,6,17
11342,2026-07-26 16:27:49.321+03,7,2,1
11342,2026-07-26 16:28:04.024+03,4,2,2
11342,2026-07-26 16:28:04.477+03,19,2,3
11342,2026-07-26 16:28:06.008+03,9,14,7
11342,2026-07-26 16:28:16.571+03,18,28,9
11342,2026-07-26 16:28:26.953+03,8,15,13
11342,2026-07-26 16:28:34.337+03,20,15,14
11342,2026-07-26 16:28:35.571+03,17,15,15
11342,2026-07-26 16:28:41.691+03,12,15,16
11342,2026-07-26 16:28:43.347+03,6,15,17
11342,2026-07-26 16:28:49.156+03,10,15,18
11342,2026-07-26 16:28:52.958+03,29,15,19
11342,2026-07-26 16:29:31.113+03,19,4,2
11342,2026-07-26 16:29:44.293+03,2,4,3
11342,2026-07-26 16:29:49.842+03,1,4,4
11342,2026-07-26 16:30:04.116+03,16,4,5
11342,2026-07-26 16:30:09.902+03,12,17,15
11342,2026-07-26 16:30:10.062+03,6,17,16
11342,2026-07-26 16:30:16.134+03,10,17,17
11342,2026-07-26 16:30:16.727+03,29,17,18
11342,2026-07-26 16:30:19.29+03,15,17,19
11342,2026-07-26 16:30:19.727+03,6,12,15
11342,2026-07-26 16:30:55.465+03,9,4,6
11342,2026-07-26 16:31:05.246+03,14,4,7
11342,2026-07-26 16:31:06.309+03,18,4,8
11342,2026-07-26 16:31:09.551+03,28,4,9
11342,2026-07-26 16:31:19.202+03,3,13,11
11342,2026-07-26 16:31:25.069+03,8,13,12
11342,2026-07-26 16:31:33.168+03,20,13,13
11342,2026-07-26 16:32:35.829+03,18,14,7
11342,2026-07-26 16:32:44.324+03,4,28,9
11342,2026-07-26 16:32:46.742+03,3,28,10
11342,2026-07-26 16:32:52.59+03,8,28,11
11342,2026-07-26 16:32:54.98+03,13,20,13
11342,2026-07-26 16:34:09.169+03,4,14,8
11342,2026-07-26 16:34:13.584+03,3,14,9
11342,2026-07-26 16:34:20.642+03,8,14,10
11342,2026-07-26 16:34:37.83+03,6,20,14
11342,2026-07-26 16:35:06.305+03,19,7,1
11342,2026-07-26 16:35:07.29+03,2,7,2
11342,2026-07-26 16:35:10.383+03,1,7,3
11342,2026-07-26 16:35:11.743+03,16,7,4
11342,2026-07-26 16:35:13.566+03,9,7,5
11342,2026-07-26 16:36:04.456+03,12,20,15
11342,2026-07-26 16:36:05.285+03,10,20,16
11342,2026-07-26 16:36:05.909+03,29,20,17
11342,2026-07-26 16:36:07.702+03,15,20,18
11342,2026-07-26 16:36:11.599+03,17,20,19
11342,2026-07-26 16:37:24.992+03,14,8,10
11342,2026-07-26 16:38:46.626+03,28,8,11
11342,2026-07-26 16:39:11.215+03,10,12,15
11342,2026-07-26 16:40:22.64+03,13,8,12
11342,2026-07-26 16:40:33.765+03,29,12,16
11342,2026-07-26 16:41:30.718+03,6,8,13
11342,2026-07-26 16:41:57.311+03,15,12,17
11342,2026-07-26 16:41:58.358+03,17,12,18
11342,2026-07-26 16:42:04.169+03,20,12,19
11342,2026-07-26 16:42:39.996+03,4,18,7
11342,2026-07-26 16:42:56.071+03,3,18,8
11342,2026-07-26 16:44:50.402+03,18,3,8
11342,2026-07-26 16:45:50.267+03,14,3,9
11342,2026-07-26 16:45:56.369+03,28,3,10
11342,2026-07-26 16:45:58.516+03,13,3,11
11342,2026-07-26 16:46:03.241+03,6,3,12
11342,2026-07-26 16:46:06.873+03,8,3,13
11342,2026-07-26 16:46:33.515+03,9,16,4
11342,2026-07-26 16:46:35.117+03,7,16,5
11342,2026-07-26 16:46:59.379+03,4,16,6
11342,2026-07-26 16:48:25.14+03,16,4,6
11342,2026-07-26 16:50:31.614+03,3,8,13
11342,2026-07-26 16:50:42.59+03,2,19,1
11342,2026-07-26 16:50:48.883+03,1,19,2
11342,2026-07-26 16:50:53.553+03,9,19,3
11342,2026-07-26 16:50:54.271+03,7,19,4
11342,2026-07-26 16:53:32.182+03,10,8,14
11342,2026-07-26 16:53:38.613+03,29,8,15
11342,2026-07-26 16:53:41.83+03,15,8,16
11342,2026-07-26 16:53:48.52+03,17,8,17
11342,2026-07-26 16:53:48.958+03,20,8,18
11342,2026-07-26 16:55:09.183+03,7,9,3
11342,2026-07-26 16:55:16.774+03,17,15,16
11342,2026-07-26 16:55:17.211+03,20,15,17
11342,2026-07-26 16:55:17.305+03,8,15,18
11342,2026-07-26 16:55:19.93+03,19,9,4
11342,2026-07-26 16:55:23.089+03,16,9,5
11342,2026-07-26 16:55:27.126+03,8,20,17
11342,2026-07-26 16:55:28.535+03,12,15,19
11342,2026-07-26 16:55:30.883+03,4,9,6
11342,2026-07-26 16:55:33.26+03,20,8,17
11342,2026-07-26 16:55:38.305+03,8,20,17
11342,2026-07-26 16:56:54.442+03,8,17,16
11342,2026-07-26 16:57:08.514+03,9,4,6
11342,2026-07-26 16:57:56.001+03,3,6,12
11342,2026-07-26 16:58:10.155+03,8,29,15
11342,2026-07-26 16:58:10.155+03,8,10,14
11342,2026-07-26 16:58:15.99+03,17,29,16
11342,2026-07-26 16:58:15.99+03,17,10,15
11342,2026-07-26 16:58:16.369+03,20,10,16
11342,2026-07-26 16:58:16.369+03,20,29,17
11342,2026-07-26 16:58:40.002+03,10,20,16
11342,2026-07-26 16:58:43.726+03,29,20,17
11342,2026-07-26 17:00:09.891+03,15,12,19
11342,2026-07-26 17:00:27.601+03,10,17,15
11342,2026-07-26 17:00:31.343+03,3,13,11
11342,2026-07-26 17:02:13.341+03,7,1,1
11342,2026-07-26 17:02:21.669+03,2,1,2
11342,2026-07-26 17:02:25.416+03,19,1,3
11342,2026-07-26 17:02:27.369+03,16,1,4
11342,2026-07-26 17:02:49.958+03,29,17,16
11342,2026-07-26 17:03:05.93+03,15,20,18
11342,2026-07-26 17:04:15.101+03,18,4,7
11342,2026-07-26 17:04:39.615+03,28,14,9
11342,2026-07-26 17:04:46.699+03,3,14,10
11342,2026-07-26 17:05:43.898+03,12,20,19
11342,2026-07-26 17:07:09.03+03,15,17,17
11342,2026-07-26 17:07:14.949+03,12,17,18
11342,2026-07-26 17:08:11.045+03,2,7,1
11342,2026-07-26 17:19:18.842+03,19,7,2
11342,2026-07-26 17:19:20.954+03,16,7,3
11342,2026-07-26 17:19:24.285+03,1,7,4
11342,2026-07-26 17:19:31.273+03,9,7,5
11342,2026-07-26 17:21:22.479+03,4,18,7
11342,2026-07-26 17:22:30.439+03,16,19,2
11342,2026-07-26 17:22:34.688+03,1,19,3
11342,2026-07-26 17:22:46.882+03,9,19,4
11342,2026-07-26 17:22:47.785+03,7,19,5
11342,2026-07-26 17:23:22.278+03,4,19,6
11342,2026-07-26 17:23:35.906+03,20,17,19
11342,2026-07-26 17:23:35.906+03,20,12,18
11342,2026-07-26 17:23:44.43+03,18,19,7
11342,2026-07-26 17:23:50.308+03,1,16,2
11342,2026-07-26 17:24:02.807+03,7,9,4
11342,2026-07-26 17:24:02.807+03,7,16,3
11342,2026-07-26 17:24:06.4+03,28,19,8
11342,2026-07-26 17:24:09.033+03,3,19,9
11342,2026-07-26 17:24:13.57+03,14,19,10
11342,2026-07-26 17:24:14.335+03,13,19,11
11342,2026-07-26 17:24:16.32+03,16,7,3
11342,2026-07-26 17:24:16.382+03,10,8,14
11342,2026-07-26 17:24:22.476+03,10,6,13
11342,2026-07-26 17:24:31.645+03,29,8,15
11342,2026-07-26 17:24:49.495+03,10,19,12
11342,2026-07-26 17:24:55.954+03,6,19,13
11342,2026-07-26 17:24:58.06+03,29,19,14
11342,2026-07-26 17:25:06.398+03,8,19,15
11342,2026-07-26 17:25:14.354+03,15,19,16
11342,2026-07-26 17:25:41.401+03,20,19,17
11342,2026-07-26 17:25:42.682+03,12,19,18
11342,2026-07-26 17:25:47.811+03,17,19,19
11342,2026-07-26 17:25:49.098+03,7,16,3
11342,2026-07-26 17:28:13.758+03,14,3,9
11342,2026-07-26 17:28:43.46+03,13,3,10
11342,2026-07-26 17:30:26.897+03,8,29,14
11342,2026-07-26 17:31:44.179+03,6,10,12
11342,2026-07-26 17:32:38.441+03,14,28,8
11342,2026-07-26 17:34:12.554+03,13,28,9
11342,2026-07-26 17:43:38.569+03,9,16,4
11342,2026-07-26 17:44:20.822+03,17,20,18
