session_key,driver_id,stint_number,lap_start,lap_end,compound,tyre_age_at_start
9683,1,1,1,5,HARD,13
9683,1,2,5,10,HARD,0
9683,1,3,10,19,HARD,0
9683,1,4,19,22,HARD,0
9683,1,5,22,32,HARD,0
9683,1,6,32,37,HARD,0
9683,1,7,37,46,HARD,5
9683,1,8,46,49,MEDIUM,0
9683,1,9,49,61,MEDIUM,0
9683,1,10,61,63,MEDIUM,0
9683,1,11,63,74,MEDIUM,0
9683,2,1,1,3,MEDIUM,17
9683,2,2,3,5,MEDIUM,19
9683,2,3,5,7,MEDIUM,21
9683,2,4,7,13,MEDIUM,0
9683,2,5,13,19,MEDIUM,0
9683,2,6,19,22,MEDIUM,0
9683,2,7,22,34,MEDIUM,3
9683,2,8,34,35,MEDIUM,16
9683,2,9,35,51,HARD,0
9683,2,10,51,52,MEDIUM,17
9683,2,11,52,52,HARD,16
9683,3,1,1,3,MEDIUM,16
9683,3,2,3,5,MEDIUM,13
9683,3,3,5,7,MEDIUM,0
9683,3,4,7,9,MEDIUM,15
9683,3,5,9,11,MEDIUM,20
9683,3,6,11,13,MEDIUM,0
9683,3,7,13,15,MEDIUM,13
9683,3,8,15,17,MEDIUM,19
9683,3,9,17,18,MEDIUM,13
9683,3,10,18,31,UNKNOWN,0
9683,3,11,31,44,HARD,0
9683,3,12,44,49,HARD,0
9683,3,13,49,51,HARD,0
9683,3,14,51,54,HARD,5
9683,3,15,54,59,MEDIUM,0
9683,4,1,1,5,MEDIUM,0
9683,4,2,5,9,MEDIUM,13
9683,4,3,9,13,MEDIUM,13
9683,4,4,13,18,MEDIUM,0
9683,4,5,18,28,MEDIUM,5
9683,4,6,28,34,MEDIUM,0
9683,4,7,34,35,MEDIUM,0
9683,4,8,35,41,MEDIUM,0
9683,4,9,41,48,MEDIUM,0
9683,4,10,48,54,MEDIUM,0
9683,4,11,54,61,MEDIUM,0
9683,4,12,61,69,MEDIUM,7
9683,4,13,69,70,MEDIUM,0
9683,4,14,70,71,MEDIUM,0
9683,4,15,71,72,MEDIUM,0
9683,4,16,72,73,MEDIUM,0
9683,4,17,73,74,MEDIUM,0
9683,4,18,74,76,MEDIUM,16
9683,5,1,1,2,HARD,0
9683,5,2,2,3,HARD,0
9683,5,3,3,9,HARD,2
9683,5,4,9,15,HARD,8
9683,5,5,15,25,HARD,0
9683,5,6,25,31,MEDIUM,0
9683,5,7,31,34,MEDIUM,0
9683,5,8,34,37,MEDIUM,3
9683,5,9,37,40,MEDIUM,0
9683,5,10,40,43,MEDIUM,3
9683,5,11,43,45,MEDIUM,6
9683,5,12,45,53,MEDIUM,0
9683,5,13,53,61,MEDIUM,6
9683,5,14,61,68,MEDIUM,6
9683,6,1,1,6,MEDIUM,14
9683,6,2,6,12,MEDIUM,0
9683,6,3,12,15,MEDIUM,0
9683,6,4,15,18,MEDIUM,3
9683,6,5,18,21,MEDIUM,0
9683,6,6,21,23,UNKNOWN,0
9683,6,7,23,25,MEDIUM,0
9683,6,8,26,27,MEDIUM,0
9683,6,9,27,40,MEDIUM,0
9683,6,10,40,53,HARD,0
9683,6,11,53,66,HARD,0
9683,6,12,66,67,MEDIUM,8
9683,6,13,67,68,MEDIUM,8
9683,6,14,68,69,MEDIUM,9
9683,6,15,69,71,MEDIUM,13
9683,6,16,71,72,MEDIUM,10
9683,6,17,72,72,MEDIUM,0
9683,7,1,1,6,MEDIUM,0
9683,7,2,6,7,MEDIUM,5
9683,7,3,7,12,MEDIUM,6
9683,7,4,12,17,MEDIUM,11
9683,7,5,17,23,MEDIUM,0
9683,7,6,23,29,MEDIUM,0
9683,7,7,29,35,MEDIUM,12
9683,7,8,35,38,MEDIUM,0
9683,7,9,38,51,MEDIUM,3
9683,7,10,51,54,MEDIUM,0
9683,7,11,54,67,MEDIUM,3
9683,7,12,67,70,MEDIUM,0
9683,7,13,70,78,MEDIUM,3
9683,8,1,1,2,UNKNOWN,0
9683,8,2,3,5,MEDIUM,0
9683,8,3,5,14,MEDIUM,0
9683,8,4,14,20,MEDIUM,0
9683,8,5,20,22,MEDIUM,0
9683,8,6,22,30,MEDIUM,0
9683,8,7,30,39,MEDIUM,0
9683,8,8,39,46,MEDIUM,0
9683,9,1,1,6,HARD,11
9683,9,2,6,11,HARD,16
9683,9,3,11,12,HARD,21
9683,9,4,12,17,MEDIUM,0
9683,9,5,17,22,MEDIUM,0
9683,9,6,22,28,MEDIUM,0
9683,9,7,28,33,MEDIUM,6
9683,9,8,33,38,MEDIUM,0
9683,9,9,38,43,MEDIUM,5
9683,9,10,43,53,MEDIUM,10
9683,9,11,53,54,MEDIUM,0
9683,9,12,54,64,MEDIUM,11
9683,9,13,64,71,MEDIUM,10
9683,10,1,1,3,MEDIUM,0
9683,10,2,3,8,MEDIUM,6
9683,10,3,8,14,MEDIUM,0
9683,10,4,14,21,MEDIUM,0
9683,10,5,21,22,MEDIUM,0
9683,10,6,22,28,MEDIUM,1
9683,10,7,28,34,MEDIUM,0
9683,10,8,34,42,MEDIUM,0
9683,11,1,1,4,MEDIUM,0
9683,11,2,4,7,MEDIUM,3
9683,11,3,7,10,MEDIUM,6
9683,11,4,10,17,MEDIUM,9
9683,11,5,17,24,MEDIUM,16
9683,11,6,24,30,MEDIUM,0
9683,11,7,30,37,MEDIUM,0
9683,11,8,37,39,MEDIUM,0
9683,11,9,39,42,MEDIUM,0
9683,11,10,42,49,MEDIUM,5
9683,11,11,49,55,MEDIUM,0
9683,11,12,55,62,MEDIUM,0
9683,11,13,62,68,MEDIUM,0
9683,11,14,68,75,MEDIUM,0
9683,11,15,75,78,MEDIUM,13
9683,12,1,1,2,MEDIUM,0
9683,12,2,2,3,MEDIUM,1
9683,12,3,3,4,MEDIUM,2
9683,12,4,4,5,MEDIUM,3
9683,12,5,5,7,MEDIUM,4
9683,12,6,7,12,MEDIUM,0
9683,12,7,12,19,MEDIUM,0
9683,12,8,19,26,MEDIUM,7
9683,12,9,26,31,MEDIUM,0
9683,12,10,31,40,MEDIUM,5
9683,12,11,40,45,HARD,0
9683,12,12,45,50,HARD,5
9683,12,13,50,57,HARD,0
9683,12,14,57,63,HARD,7
9683,13,1,1,2,MEDIUM,0
9683,13,2,2,5,MEDIUM,1
9683,13,3,5,8,MEDIUM,4
9683,13,4,8,17,MEDIUM,0
9683,13,5,17,22,MEDIUM,0
9683,13,6,22,30,MEDIUM,0
9683,13,7,30,35,MEDIUM,0
9683,13,8,35,43,MEDIUM,0
9683,13,9,43,48,MEDIUM,0
9683,13,10,48,55,MEDIUM,0
9683,14,1,1,5,HARD,0
9683,14,2,5,9,HARD,4
9683,14,3,9,14,HARD,8
9683,14,4,14,17,HARD,0
9683,14,5,17,27,HARD,3
9683,14,6,27,30,HARD,0
9683,14,7,30,40,HARD,3
9683,14,8,40,44,MEDIUM,0
9683,14,9,44,46,MEDIUM,0
9683,14,10,46,49,MEDIUM,0
9683,14,11,49,58,MEDIUM,3
9683,15,1,1,2,HARD,16
9683,15,2,2,12,MEDIUM,11
9683,15,3,12,27,HARD,0
9683,15,4,27,37,HARD,0
9683,15,5,37,47,HARD,0
9683,15,6,47,65,MEDIUM,0
9683,15,7,65,66,MEDIUM,18
9683,15,8,66,84,MEDIUM,0
9683,15,9,84,85,HARD,10
9683,15,10,85,86,HARD,0
9683,15,11,86,88,HARD,0
9683,16,1,1,6,HARD,0
9683,16,2,6,11,HARD,5
9683,16,3,11,12,HARD,10
9683,16,4,12,17,MEDIUM,0
9683,16,5,17,22,MEDIUM,5
9683,16,6,22,27,MEDIUM,0
9683,16,7,27,32,MEDIUM,5
9683,16,8,32,37,MEDIUM,0
9683,16,9,37,42,MEDIUM,5
9683,16,10,42,52,MEDIUM,0
9683,16,11,52,62,MEDIUM,10
9683,16,12,62,70,MEDIUM,10
9683,17,1,1,4,MEDIUM,0
9683,17,2,4,6,MEDIUM,8
9683,17,3,6,13,HARD,0
9683,17,4,13,20,HARD,7
9683,17,5,20,25,HARD,0
9683,17,6,25,26,HARD,5
9683,17,7,26,31,MEDIUM,0
9683,17,8,31,34,MEDIUM,0
9683,17,9,34,37,MEDIUM,3
9683,17,10,37,46,MEDIUM,6
9683,17,11,46,52,MEDIUM,0
9683,17,12,52,61,MEDIUM,6
9683,17,13,61,62,HARD,14
9683,17,14,62,63,MEDIUM,10
9683,17,15,63,64,MEDIUM,15
9683,17,16,64,65,MEDIUM,15
9683,17,17,65,66,HARD,15
9683,17,18,66,68,MEDIUM,11
9683,18,1,1,5,MEDIUM,16
9683,18,2,5,8,MEDIUM,0
9683,18,3,8,20,MEDIUM,0
9683,18,4,20,21,MEDIUM,0
9683,18,5,21,23,MEDIUM,18
9683,18,6,23,26,MEDIUM,0
9683,18,7,26,38,MEDIUM,1
9683,18,8,38,41,MEDIUM,4
9683,18,9,41,53,MEDIUM,16
9683,18,10,53,56,MEDIUM,3
9683,18,11,56,70,MEDIUM,0
9683,19,1,1,2,MEDIUM,0
9683,19,2,2,3,MEDIUM,1
9683,19,3,3,4,MEDIUM,2
9683,19,4,4,5,MEDIUM,3
9683,19,5,5,6,MEDIUM,0
9683,19,6,6,6,MEDIUM,5
9683,19,7,7,8,MEDIUM,0
9683,19,8,8,14,MEDIUM,7
9683,19,9,14,15,MEDIUM,13
9683,19,10,15,16,MEDIUM,14
9683,19,11,16,17,MEDIUM,15
9683,19,12,17,18,MEDIUM,16
9683,19,13,18,24,MEDIUM,0
9683,19,14,24,34,MEDIUM,6
9683,19,15,34,40,MEDIUM,0
9683,19,16,40,50,MEDIUM,6
9683,19,17,50,57,MEDIUM,0
9683,19,18,57,66,MEDIUM,0
9683,20,1,1,2,MEDIUM,0
9683,20,2,2,7,MEDIUM,1
9683,20,3,7,12,MEDIUM,6
9683,20,4,12,27,MEDIUM,0
9683,20,5,27,42,MEDIUM,0
9683,20,6,42,57,MEDIUM,0
9683,20,7,57,72,HARD,0
9684,2,1,1,5,MEDIUM,6
9684,2,2,5,8,MEDIUM,0
9684,2,3,8,10,MEDIUM,0
9684,2,4,10,11,MEDIUM,0
9684,2,5,11,31,MEDIUM,4
9684,2,6,31,49,HARD,0
9684,2,7,49,69,HARD,0
9684,2,8,69,69,MEDIUM,0
9684,2,9,70,71,MEDIUM,0
9684,2,10,72,73,MEDIUM,0
9684,2,11,73,75,MEDIUM,0
9684,2,12,75,77,MEDIUM,2
9684,2,13,78,78,MEDIUM,4
9684,3,1,1,8,HARD,0
9684,3,2,8,13,MEDIUM,0
9684,3,3,13,17,MEDIUM,0
9684,3,4,17,20,MEDIUM,0
9684,3,5,20,22,HARD,14
9684,3,6,22,23,MEDIUM,0
9684,3,7,23,36,MEDIUM,4
9684,3,8,36,56,HARD,0
9684,3,9,56,80,HARD,0
9684,4,1,1,2,MEDIUM,0
9684,4,2,2,13,MEDIUM,7
9684,4,3,13,14,UNKNOWN,0
9684,4,4,14,31,MEDIUM,1
9684,4,5,31,56,HARD,0
9684,4,6,56,72,HARD,0
9684,4,7,72,77,MEDIUM,0
9684,4,8,77,82,MEDIUM,0
9684,4,9,82,87,MEDIUM,0
9684,4,10,87,89,MEDIUM,5
9684,4,11,90,91,MEDIUM,0
9684,4,12,91,92,MEDIUM,0
9684,4,13,92,93,MEDIUM,8
9684,4,14,93,94,MEDIUM,19
9684,4,15,95,95,MEDIUM,20
9684,5,1,1,9,HARD,0
9684,5,2,9,15,MEDIUM,0
9684,5,3,15,18,MEDIUM,0
9684,5,4,18,21,MEDIUM,0
9684,5,5,21,23,MEDIUM,0
9684,5,6,23,27,MEDIUM,6
9684,5,7,27,28,MEDIUM,3
9684,5,8,28,45,MEDIUM,4
9684,5,9,45,60,HARD,0
9684,5,10,60,75,MEDIUM,0
9684,5,11,75,76,HARD,0
9684,5,12,76,77,MEDIUM,10
9684,5,13,77,78,HARD,0
9684,5,14,78,79,MEDIUM,11
9684,5,15,79,80,HARD,10
9684,5,16,80,80,MEDIUM,0
9684,6,1,1,2,HARD,13
9684,6,2,2,3,HARD,14
9684,6,3,3,4,MEDIUM,0
9684,6,4,4,7,MEDIUM,1
9684,6,5,7,15,MEDIUM,4
9684,6,6,15,23,MEDIUM,12
9684,6,7,23,26,MEDIUM,0
9684,6,8,26,32,MEDIUM,3
9684,6,9,32,35,MEDIUM,0
9684,6,10,35,40,MEDIUM,3
9684,7,1,1,4,MEDIUM,0
9684,7,2,4,8,MEDIUM,17
9684,7,3,8,11,MEDIUM,0
9684,7,4,11,13,MEDIUM,3
9684,7,5,13,18,MEDIUM,0
9684,7,6,18,20,MEDIUM,0
9684,7,7,20,23,MEDIUM,0
9684,7,8,23,24,MEDIUM,0
9684,7,9,24,27,MEDIUM,10
9684,7,10,27,30,MEDIUM,0
9684,7,11,30,31,MEDIUM,0
9684,7,12,31,51,MEDIUM,4
9684,7,13,51,66,HARD,0
9684,7,14,66,87,HARD,0
9684,7,15,88,88,MEDIUM,13
9684,8,1,1,3,MEDIUM,8
9684,8,2,3,10,HARD,0
9684,8,3,10,15,HARD,0
9684,8,4,15,25,MEDIUM,6
9684,8,5,25,35,HARD,5
9684,8,6,35,41,MEDIUM,0
9684,8,7,41,45,MEDIUM,0
9684,9,1,1,8,MEDIUM,0
9684,9,2,8,13,MEDIUM,0
9684,9,3,13,19,MEDIUM,0
9684,9,4,19,24,MEDIUM,0
9684,9,5,24,26,MEDIUM,0
9684,9,6,26,27,MEDIUM,0
9684,9,7,27,44,MEDIUM,1
9684,9,8,44,62,HARD,0
9684,9,9,62,83,HARD,0
9684,9,10,84,84,MEDIUM,5
9684,10,1,1,3,UNKNOWN,0
9684,10,2,3,5,MEDIUM,9
9684,10,3,5,12,MEDIUM,6
9684,10,4,12,17,MEDIUM,0
9684,10,5,17,23,MEDIUM,0
9684,10,6,23,28,MEDIUM,0
9684,10,7,28,38,HARD,0
9684,10,8,38,48,HARD,0
9684,10,9,48,57,HARD,0
9684,10,10,58,58,MEDIUM,12
9684,11,1,1,4,MEDIUM,6
9684,11,2,4,6,MEDIUM,9
9684,11,3,6,9,MEDIUM,0
9684,11,4,9,12,MEDIUM,0
9684,11,5,12,28,MEDIUM,6
9684,11,6,28,33,MEDIUM,0
9684,11,7,33,38,MEDIUM,0
9684,11,8,38,41,MEDIUM,0
9684,11,9,41,44,MEDIUM,3
9684,11,10,44,44,MEDIUM,6
9684,11,11,45,46,MEDIUM,0
9684,11,12,46,46,MEDIUM,8
9684,13,1,1,8,HARD,0
9684,13,2,8,13,MEDIUM,0
9684,13,3,13,22,MEDIUM,0
9684,13,4,22,25,MEDIUM,14
9684,13,5,25,26,MEDIUM,17
9684,13,6,26,29,MEDIUM,0
9684,13,7,29,32,MEDIUM,0
9684,13,8,32,37,MEDIUM,0
9684,13,9,37,46,MEDIUM,0
9684,13,10,46,47,MEDIUM,0
9684,13,11,47,49,MEDIUM,1
9684,13,12,49,54,MEDIUM,0
9684,13,13,54,56,MEDIUM,0
9684,14,1,1,5,HARD,14
9684,14,2,5,8,MEDIUM,0
9684,14,3,8,16,MEDIUM,3
9684,14,4,16,17,MEDIUM,0
9684,14,5,17,29,MEDIUM,1
9684,14,6,29,31,MEDIUM,0
9684,14,7,31,51,HARD,0
9684,14,8,51,75,HARD,13
9684,14,9,75,78,MEDIUM,0
9684,14,10,78,79,MEDIUM,0
9684,14,11,79,83,MEDIUM,0
9684,14,12,83,87,MEDIUM,0
9684,14,13,87,90,MEDIUM,0
9684,14,14,90,91,MEDIUM,0
9684,14,15,92,92,MEDIUM,1
9684,15,1,1,4,HARD,14
9684,15,2,4,7,HARD,17
9684,15,3,7,12,HARD,20
9684,15,4,12,13,HARD,25
9684,15,5,13,25,MEDIUM,0
9684,15,6,25,26,MEDIUM,0
9684,15,7,26,27,INTERMEDIATE,0
9684,15,8,27,28,INTERMEDIATE,0
9684,15,9,28,29,INTERMEDIATE,2
9684,15,10,29,32,HARD,26
9684,15,11,32,36,MEDIUM,13
9684,15,12,36,51,MEDIUM,0
9684,15,13,51,52,MEDIUM,15
9684,15,14,52,68,MEDIUM,0
9684,15,15,68,69,MEDIUM,16
9684,15,16,70,70,MEDIUM,17
9684,16,1,1,6,MEDIUM,0
9684,16,2,6,12,MEDIUM,0
9684,16,3,12,17,MEDIUM,0
9684,16,4,17,18,MEDIUM,23
9684,16,5,18,26,MEDIUM,24
9684,16,6,26,31,MEDIUM,0
9684,16,7,31,36,MEDIUM,0
9684,16,8,36,44,MEDIUM,5
9684,16,9,44,45,MEDIUM,5
9684,17,1,1,3,MEDIUM,11
9684,17,2,3,5,MEDIUM,13
9684,17,3,5,7,MEDIUM,15
9684,17,4,7,11,MEDIUM,0
9684,17,5,12,15,HARD,0
9684,17,6,15,21,HARD,3
9684,17,7,21,27,HARD,0
9684,17,8,27,32,HARD,0
9684,17,9,32,39,HARD,6
9684,17,10,39,45,HARD,5
9684,17,11,45,49,HARD,0
9684,17,12,50,54,MEDIUM,0
9684,17,13,55,55,MEDIUM,0
9684,17,14,55,60,MEDIUM,0
9684,17,15,60,64,MEDIUM,0
9684,17,16,64,69,MEDIUM,0
9684,17,17,69,79,MEDIUM,5
9684,17,18,79,89,MEDIUM,5
9684,17,19,89,99,MEDIUM,4
9684,17,20,99,109,MEDIUM,5
9684,17,21,109,124,HARD,0
9684,17,22,124,125,MEDIUM,15
9684,17,23,125,126,MEDIUM,15
9684,17,24,126,127,MEDIUM,14
9684,17,25,127,127,MEDIUM,16
9684,18,1,1,6,MEDIUM,12
9684,18,2,7,10,MEDIUM,0
9684,18,3,10,22,MEDIUM,0
9684,18,4,22,26,MEDIUM,0
9684,18,5,26,29,MEDIUM,4
9684,18,6,29,43,MEDIUM,7
9684,18,7,43,46,MEDIUM,0
9684,18,8,46,57,MEDIUM,0
9684,18,9,57,61,MEDIUM,0
9684,18,10,61,71,MEDIUM,4
9684,18,11,71,71,MEDIUM,21
9684,19,1,1,2,MEDIUM,0
9684,19,2,2,3,MEDIUM,7
9684,19,3,3,4,MEDIUM,8
9684,19,4,4,5,MEDIUM,23
9684,19,5,5,6,MEDIUM,9
9684,19,6,6,8,MEDIUM,0
9684,19,7,8,21,MEDIUM,2
9684,19,8,21,25,MEDIUM,0
9684,19,9,25,31,MEDIUM,4
9684,19,10,31,33,MEDIUM,0
9684,19,11,33,37,MEDIUM,2
9684,19,12,37,41,HARD,0
9684,19,13,41,44,HARD,4
9684,19,14,45,45,HARD,7
9684,19,15,46,46,HARD,7
9684,20,1,1,6,MEDIUM,16
9684,20,2,6,21,HARD,0
9684,20,3,21,32,HARD,0
9684,20,4,32,51,MEDIUM,0
9684,20,5,51,64,MEDIUM,0
9684,20,6,64,66,MEDIUM,0
9685,1,1,1,5,MEDIUM,3
9685,1,2,5,9,MEDIUM,0
9685,1,3,9,12,MEDIUM,0
9685,1,4,12,15,MEDIUM,3
9685,1,5,15,17,MEDIUM,0
9685,1,6,17,20,MEDIUM,2
9685,1,7,20,25,MEDIUM,0
9685,1,8,25,37,MEDIUM,6
9685,1,9,37,48,MEDIUM,5
9685,1,10,48,54,HARD,0
9685,1,11,54,57,HARD,0
9685,1,12,57,60,MEDIUM,0
9685,1,13,60,63,MEDIUM,0
9685,1,14,63,66,MEDIUM,0
9685,1,15,66,69,MEDIUM,0
9685,1,16,69,73,MEDIUM,0
9685,1,17,73,74,MEDIUM,0
9685,1,18,74,81,MEDIUM,3
9685,2,1,1,3,MEDIUM,6
9685,2,2,3,5,MEDIUM,8
9685,2,3,5,7,MEDIUM,10
9685,2,4,7,9,MEDIUM,10
9685,2,5,9,11,MEDIUM,12
9685,2,6,11,13,MEDIUM,14
9685,2,7,13,18,MEDIUM,5
9685,2,8,18,27,MEDIUM,0
9685,2,9,27,33,MEDIUM,0
9685,2,10,33,43,HARD,0
9685,2,11,43,53,HARD,0
9685,2,12,53,57,HARD,0
9685,3,1,1,7,MEDIUM,5
9685,3,2,7,11,MEDIUM,4
9685,3,3,11,16,MEDIUM,0
9685,3,4,16,22,MEDIUM,5
9685,3,5,22,23,MEDIUM,0
9685,3,6,23,25,MEDIUM,1
9685,3,7,25,31,MEDIUM,3
9685,3,8,31,35,MEDIUM,0
9685,3,9,36,35,MEDIUM,5
9685,4,1,1,4,MEDIUM,9
9685,4,2,4,7,MEDIUM,1
9685,4,3,7,10,UNKNOWN,0
9685,4,4,10,13,MEDIUM,5
9685,4,5,13,16,MEDIUM,0
9685,4,6,16,22,MEDIUM,3
9685,4,7,22,28,MEDIUM,0
9685,4,8,28,31,MEDIUM,0
9685,4,9,31,34,MEDIUM,3
9685,4,10,34,37,MEDIUM,12
9685,4,11,37,40,MEDIUM,15
9685,4,12,40,43,MEDIUM,18
9685,4,13,43,45,MEDIUM,21
9685,4,14,45,46,MEDIUM,6
9685,4,15,46,61,MEDIUM,7
9685,4,16,61,62,MEDIUM,6
9685,4,17,62,73,MEDIUM,7
9685,4,18,74,73,MEDIUM,9
9685,5,1,1,2,HARD,11
9685,5,2,2,11,HARD,12
9685,5,3,11,14,HARD,0
9685,5,4,14,20,HARD,3
9685,5,5,20,27,HARD,9
9685,5,6,27,30,MEDIUM,0
9685,5,7,30,33,MEDIUM,3
9685,5,8,33,39,MEDIUM,0
9685,5,9,39,45,MEDIUM,0
9685,5,10,45,51,MEDIUM,6
9685,5,11,51,61,HARD,0
9685,6,1,1,5,MEDIUM,11
9685,6,2,5,8,MEDIUM,10
9685,6,3,8,14,MEDIUM,0
9685,6,4,14,19,MEDIUM,0
9685,6,5,19,25,MEDIUM,0
9685,6,6,25,39,MEDIUM,0
9685,6,7,39,53,MEDIUM,0
9685,6,8,53,70,MEDIUM,0
9685,6,9,70,79,MEDIUM,0
9685,6,10,79,80,MEDIUM,0
9685,6,11,80,81,MEDIUM,5
9685,6,12,81,84,MEDIUM,6
9685,7,1,1,4,MEDIUM,1
9685,7,2,4,8,MEDIUM,4
9685,7,3,8,11,MEDIUM,8
9685,7,4,11,14,MEDIUM,0
9685,7,5,14,17,MEDIUM,0
9685,7,6,17,20,MEDIUM,0
9685,7,7,20,23,MEDIUM,0
9685,7,8,23,37,MEDIUM,3
9685,7,9,37,45,MEDIUM,3
9685,7,10,45,46,MEDIUM,11
9685,7,11,46,53,MEDIUM,11
9685,7,12,53,61,MEDIUM,3
9685,8,1,1,3,MEDIUM,7
9685,8,2,3,5,MEDIUM,5
9685,8,3,5,12,MEDIUM,5
9685,8,4,12,19,MEDIUM,6
9685,8,5,19,26,MEDIUM,0
9685,8,6,26,32,MEDIUM,0
9685,8,7,32,37,MEDIUM,0
9685,8,8,38,38,HARD,0
9685,8,9,38,44,HARD,0
9685,8,10,44,50,HARD,0
9685,8,11,50,53,MEDIUM,0
9685,8,12,53,64,HARD,0
9685,8,13,64,75,HARD,0
9685,8,14,75,80,HARD,0
9685,8,15,80,82,HARD,0
9685,9,1,1,8,MEDIUM,5
9685,9,2,8,11,MEDIUM,0
9685,9,3,11,14,MEDIUM,3
9685,9,4,14,19,MEDIUM,0
9685,9,5,19,24,MEDIUM,0
9685,9,6,24,28,MEDIUM,0
9685,9,7,28,33,MEDIUM,0
9685,9,8,33,43,MEDIUM,0
9685,9,9,43,49,MEDIUM,5
9685,9,10,49,59,MEDIUM,0
9685,9,11,59,62,MEDIUM,15
9685,9,12,62,66,MEDIUM,0
9685,10,1,1,34,,
9685,11,1,1,2,MEDIUM,0
9685,11,2,2,8,MEDIUM,6
9685,11,3,8,9,HARD,0
9685,11,4,9,27,HARD,1
9685,11,5,27,28,HARD,0
9685,11,6,28,46,HARD,0
9685,11,7,46,47,UNKNOWN,0
9685,11,8,47,65,HARD,1
9685,11,9,65,71,MEDIUM,5
9685,11,10,71,76,MEDIUM,0
9685,11,11,76,79,MEDIUM,0
9685,11,12,79,82,MEDIUM,0
9685,11,13,82,83,MEDIUM,3
9685,11,14,83,84,MEDIUM,0
9685,11,15,84,85,MEDIUM,11
9685,11,16,85,87,MEDIUM,3
9685,12,1,1,3,MEDIUM,5
9685,12,2,3,6,HARD,5
9685,12,3,6,11,HARD,0
9685,12,4,11,18,HARD,0
9685,12,5,18,23,HARD,0
9685,12,6,23,27,HARD,0
9685,12,7,27,39,HARD,5
9685,12,8,39,45,HARD,7
9685,12,9,45,59,HARD,5
9685,12,10,59,81,MEDIUM,0
9685,12,11,81,98,HARD,0
9685,12,12,98,101,MEDIUM,7
9685,12,13,101,106,MEDIUM,0
9685,12,14,106,109,MEDIUM,0
9685,12,15,109,113,MEDIUM,0
9685,12,16,113,116,MEDIUM,0
9685,12,17,116,127,MEDIUM,3
9685,12,18,127,137,MEDIUM,4
9685,13,1,1,6,MEDIUM,6
9685,13,2,6,10,MEDIUM,0
9685,13,3,10,16,MEDIUM,0
9685,13,4,16,22,MEDIUM,0
9685,13,5,22,35,MEDIUM,0
9685,13,6,35,48,MEDIUM,0
9685,13,7,48,67,HARD,0
9685,13,8,67,69,HARD,0
9685,15,1,1,4,MEDIUM,0
9685,15,2,4,5,MEDIUM,3
9685,15,3,5,10,MEDIUM,4
9685,15,4,10,16,MEDIUM,0
9685,15,5,16,19,MEDIUM,0
9685,15,6,19,22,MEDIUM,0
9685,15,7,22,29,MEDIUM,0
9685,15,8,29,30,MEDIUM,6
9685,15,9,30,46,MEDIUM,7
9685,15,10,46,65,HARD,0
9685,15,11,65,91,HARD,0
9685,15,12,91,91,HARD,0
9685,15,13,92,92,MEDIUM,0
9685,15,14,93,93,MEDIUM,0
9685,15,15,94,94,MEDIUM,0
9685,15,16,94,95,HARD,22
9685,15,17,95,96,MEDIUM,7
9685,15,18,96,99,MEDIUM,0
9685,15,19,99,100,HARD,22
9685,15,20,100,101,MEDIUM,22
9685,15,21,101,103,MEDIUM,0
9685,16,1,1,8,MEDIUM,9
9685,16,2,8,13,MEDIUM,0
9685,16,3,13,16,MEDIUM,0
9685,16,4,16,18,MEDIUM,3
9685,16,5,18,22,MEDIUM,0
9685,16,6,22,27,MEDIUM,0
9685,16,7,27,30,MEDIUM,0
9685,16,8,30,31,MEDIUM,0
9685,16,9,31,43,MEDIUM,1
9685,16,10,43,47,MEDIUM,4
9685,18,1,1,4,MEDIUM,1
9685,18,2,4,10,MEDIUM,0
9685,18,3,10,13,MEDIUM,3
9685,18,4,13,16,MEDIUM,0
9685,18,5,16,22,MEDIUM,0
9685,18,6,22,25,MEDIUM,0
9685,18,7,25,28,MEDIUM,0
9685,18,8,28,29,MEDIUM,0
9685,18,9,29,48,MEDIUM,4
9685,18,10,48,71,HARD,0
9685,18,11,71,84,HARD,0
9685,18,12,84,87,MEDIUM,0
9685,18,13,87,91,MEDIUM,3
9685,19,1,1,3,MEDIUM,0
9685,19,2,3,9,HARD,0
9685,19,3,9,12,HARD,0
9685,19,4,12,15,HARD,3
9685,19,5,15,16,MEDIUM,5
9685,19,6,16,34,MEDIUM,0
9685,19,7,34,55,HARD,0
9685,19,8,55,67,HARD,6
9685,19,9,67,69,MEDIUM,0
9685,19,10,69,70,MEDIUM,8
9685,19,11,70,74,MEDIUM,0
9685,19,12,74,77,MEDIUM,0
9685,19,13,77,80,MEDIUM,0
9685,19,14,80,83,MEDIUM,0
9685,19,15,83,85,MEDIUM,3
9685,20,1,1,6,MEDIUM,21
9685,20,2,6,9,MEDIUM,0
9685,20,3,9,12,MEDIUM,0
9685,20,4,12,19,MEDIUM,6
9685,20,5,19,22,MEDIUM,0
9685,20,6,22,25,MEDIUM,3
9685,20,7,25,26,MEDIUM,13
9685,20,8,26,31,MEDIUM,0
9685,20,9,31,47,HARD,0
9685,20,10,47,59,HARD,0
9686,1,1,1,8,MEDIUM,0
9686,1,2,8,11,SOFT,0
9686,1,3,11,13,SOFT,0
9686,1,4,13,21,MEDIUM,7
9686,2,1,1,8,MEDIUM,0
9686,2,2,8,13,MEDIUM,7
9686,2,3,13,21,SOFT,0
9686,3,1,1,6,MEDIUM,0
9686,3,2,6,7,MEDIUM,5
9686,3,3,7,14,MEDIUM,6
9686,3,4,14,22,SOFT,0
9686,4,1,1,9,MEDIUM,0
9686,4,2,9,12,MEDIUM,8
9686,4,3,12,17,MEDIUM,0
9686,4,4,17,21,MEDIUM,16
9686,4,5,21,25,SOFT,0
9686,5,1,1,11,MEDIUM,0
9686,5,2,11,12,MEDIUM,0
9686,5,3,12,20,SOFT,0
9686,6,1,1,8,MEDIUM,0
9686,6,2,8,10,MEDIUM,0
9686,6,3,10,13,SOFT,0
9686,6,4,13,14,SOFT,3
9686,6,5,14,23,MEDIUM,9
9686,7,1,1,7,MEDIUM,0
9686,7,2,7,10,MEDIUM,6
9686,7,3,10,14,SOFT,0
9686,7,4,14,16,SOFT,0
9686,7,5,16,25,MEDIUM,9
9686,8,1,1,8,MEDIUM,0
9686,8,2,8,15,MEDIUM,7
9686,8,3,15,23,SOFT,0
9686,9,1,1,8,MEDIUM,0
9686,9,2,8,11,MEDIUM,7
9686,9,3,11,14,SOFT,0
9686,9,4,14,21,SOFT,3
9686,10,1,1,8,MEDIUM,0
9686,10,2,8,14,MEDIUM,7
9686,10,3,14,20,SOFT,0
9686,11,1,1,6,MEDIUM,0
9686,11,2,6,9,MEDIUM,5
9686,11,3,9,14,MEDIUM,8
9686,11,4,14,15,MEDIUM,13
9686,11,5,15,19,MEDIUM,14
9686,11,6,19,23,SOFT,0
9686,12,1,1,4,MEDIUM,0
9686,12,2,4,11,MEDIUM,3
9686,12,3,11,14,SOFT,0
9686,12,4,14,18,SOFT,3
9686,13,1,1,2,MEDIUM,0
9686,13,2,2,3,MEDIUM,1
9686,13,3,3,4,MEDIUM,2
9686,13,4,4,8,MEDIUM,0
9686,13,5,8,11,MEDIUM,0
9686,13,6,11,18,SOFT,0
9686,14,1,1,8,MEDIUM,0
9686,14,2,8,11,MEDIUM,0
9686,14,3,11,15,SOFT,0
9686,14,4,15,22,SOFT,4
9686,15,1,1,8,MEDIUM,0
9686,15,2,8,11,SOFT,0
9686,15,3,11,16,SOFT,0
9686,16,1,1,8,MEDIUM,0
9686,16,2,8,11,MEDIUM,7
9686,16,3,11,12,SOFT,0
9686,16,4,12,17,SOFT,0
9686,16,5,17,20,MEDIUM,0
9686,17,1,1,10,MEDIUM,0
9686,17,2,10,16,SOFT,0
9686,17,3,16,25,MEDIUM,9
9686,18,1,1,7,MEDIUM,0
9686,18,2,7,11,MEDIUM,6
9686,18,3,11,17,SOFT,0
9686,18,4,17,26,MEDIUM,10
9686,19,1,1,6,MEDIUM,0
9686,19,2,6,7,MEDIUM,5
9686,19,3,7,12,MEDIUM,0
9686,19,4,12,20,SOFT,0
9686,20,1,1,11,MEDIUM,0
9686,20,2,11,12,SOFT,0
9687,1,1,1,6,MEDIUM,0
9687,1,2,6,13,SOFT,0
9687,1,3,13,22,MEDIUM,0
9687,2,1,1,9,MEDIUM,0
9687,2,2,9,17,SOFT,0
9687,2,3,17,28,MEDIUM,8
9687,2,4,28,30,SOFT,8
9687,3,1,1,10,MEDIUM,0
9687,3,2,10,13,SOFT,0
9687,3,3,13,16,SOFT,0
9687,3,4,16,18,SOFT,6
9687,3,5,18,29,MEDIUM,0
9687,4,1,1,10,MEDIUM,0
9687,4,2,10,16,SOFT,0
9687,4,3,16,17,SOFT,6
9687,4,4,17,28,MEDIUM,0
9687,4,5,28,30,SOFT,0
9687,5,1,1,10,MEDIUM,0
9687,5,2,10,16,SOFT,0
9687,5,3,16,30,MEDIUM,0
9687,6,1,1,9,MEDIUM,0
9687,6,2,9,16,SOFT,0
9687,6,3,16,28,SOFT,0
9687,6,4,28,30,MEDIUM,8
9687,7,1,1,6,HARD,0
9687,7,2,6,9,HARD,5
9687,7,3,9,12,SOFT,0
9687,7,4,12,16,SOFT,3
9687,7,5,16,29,HARD,8
9687,7,6,29,31,SOFT,7
9687,8,1,1,6,MEDIUM,0
9687,8,2,6,13,SOFT,0
9687,8,3,13,27,MEDIUM,5
9687,9,1,1,6,MEDIUM,0
9687,9,2,6,11,MEDIUM,0
9687,9,3,11,14,SOFT,0
9687,9,4,14,17,SOFT,3
9687,9,5,17,32,MEDIUM,0
9687,10,1,1,6,MEDIUM,0
9687,10,2,6,10,SOFT,0
9687,10,3,10,14,SOFT,4
9687,10,4,14,28,MEDIUM,5
9687,11,1,1,7,MEDIUM,0
9687,11,2,7,10,SOFT,0
9687,11,3,10,12,SOFT,3
9687,11,4,12,29,MEDIUM,6
9687,12,1,1,9,MEDIUM,0
9687,12,2,9,12,SOFT,0
9687,12,3,12,16,SOFT,3
9687,12,4,16,17,SOFT,7
9687,12,5,17,22,MEDIUM,8
9687,12,6,22,28,MEDIUM,0
9687,13,1,1,2,MEDIUM,0
9687,13,2,2,6,MEDIUM,1
9687,13,3,6,12,SOFT,0
9687,13,4,12,24,MEDIUM,0
9687,14,1,1,8,MEDIUM,0
9687,14,2,8,11,SOFT,0
9687,14,3,11,17,SOFT,0
9687,14,4,17,30,MEDIUM,7
9687,15,1,1,10,MEDIUM,0
9687,15,2,10,13,SOFT,0
9687,15,3,13,19,SOFT,0
9687,15,4,19,31,MEDIUM,9
9687,16,1,1,6,MEDIUM,0
9687,16,2,6,11,MEDIUM,5
9687,16,3,11,13,SOFT,0
9687,16,4,13,17,SOFT,2
9687,16,5,17,31,MEDIUM,0
9687,17,1,1,6,MEDIUM,0
9687,17,2,6,9,MEDIUM,5
9687,17,3,9,12,SOFT,0
9687,17,4,12,15,SOFT,3
9687,17,5,15,28,MEDIUM,8
9687,17,6,28,30,SOFT,6
9687,18,1,1,8,HARD,0
9687,18,2,8,11,SOFT,0
9687,18,3,11,14,SOFT,3
9687,18,4,14,30,HARD,7
9687,19,1,1,9,MEDIUM,0
9687,19,2,9,17,SOFT,0
9687,19,3,17,28,MEDIUM,8
9687,19,4,28,30,SOFT,0
9688,1,1,1,4,SOFT,0
9688,1,2,4,7,SOFT,0
9688,1,3,7,10,SOFT,6
9688,1,4,10,11,SOFT,9
9688,1,5,11,14,SOFT,0
9688,1,6,14,16,SOFT,0
9688,1,7,16,18,SOFT,5
9688,2,1,1,2,HARD,0
9688,2,2,2,5,SOFT,0
9688,2,3,5,8,SOFT,3
9688,2,4,8,11,SOFT,0
9688,2,5,11,18,SOFT,0
9688,2,6,18,20,SOFT,7
9688,3,1,1,4,SOFT,0
9688,3,2,4,7,SOFT,0
9688,3,3,7,10,SOFT,0
9688,3,4,10,13,SOFT,0
9688,3,5,13,16,SOFT,0
9688,3,6,16,18,SOFT,6
9688,4,1,1,2,HARD,0
9688,4,2,2,9,HARD,0
9688,4,3,9,10,SOFT,0
9688,4,4,10,13,SOFT,0
9688,4,5,13,18,SOFT,0
9688,5,1,1,4,SOFT,0
9688,5,2,4,7,SOFT,3
9688,5,3,7,9,SOFT,6
9688,5,4,9,12,SOFT,0
9688,5,5,12,15,SOFT,3
9688,5,6,15,18,SOFT,6
9688,6,1,1,6,HARD,0
9688,6,2,6,13,HARD,5
9688,6,3,13,16,SOFT,0
9688,6,4,16,19,SOFT,3
9688,6,5,19,22,SOFT,6
9688,7,1,1,4,SOFT,0
9688,7,2,4,7,SOFT,3
9688,7,3,7,11,SOFT,6
9688,7,4,11,15,SOFT,0
9688,7,5,15,18,SOFT,4
9688,7,6,18,20,SOFT,7
9688,8,1,1,2,HARD,0
9688,8,2,2,3,MEDIUM,0
9688,8,3,3,10,HARD,0
9688,8,4,10,12,HARD,7
9688,8,5,12,15,HARD,0
9688,8,6,15,19,SOFT,0
9688,8,7,19,22,SOFT,4
9688,9,1,1,2,HARD,0
9688,9,2,2,2,HARD,0
9688,9,3,3,3,MEDIUM,0
9688,9,4,4,4,SOFT,0
9688,9,5,5,10,SOFT,1
9688,9,6,10,13,SOFT,6
9688,9,7,13,16,SOFT,0
9688,9,8,16,19,SOFT,3
9688,9,9,19,22,SOFT,0
9688,10,1,1,2,HARD,0
9688,10,2,2,3,MEDIUM,0
9688,10,3,3,10,HARD,0
9688,10,4,10,15,HARD,0
9688,10,5,15,22,SOFT,0
9688,11,1,1,2,HARD,0
9688,11,2,2,10,HARD,0
9688,11,3,10,13,SOFT,0
9688,11,4,13,17,SOFT,0
9688,12,1,1,6,HARD,0
9688,12,2,6,10,HARD,5
9688,12,3,10,16,SOFT,0
9688,12,4,16,19,SOFT,6
9688,12,5,19,21,HARD,0
9688,13,1,1,4,SOFT,0
9688,13,2,4,7,SOFT,0
9688,13,3,7,8,SOFT,6
9688,13,4,8,11,SOFT,0
9688,13,5,11,15,SOFT,3
9688,14,1,1,2,SOFT,0
9688,15,1,1,7,SOFT,0
9688,15,2,7,10,SOFT,0
9688,15,3,10,11,SOFT,0
9688,15,4,11,18,SOFT,0
9688,16,1,1,2,HARD,0
9688,16,2,2,3,HARD,0
9688,16,3,3,3,MEDIUM,0
9688,16,4,4,7,SOFT,0
9688,16,5,8,13,SOFT,0
9688,16,6,13,17,SOFT,5
9688,16,7,17,21,SOFT,0
9688,17,1,1,6,HARD,0
9688,17,2,6,12,HARD,5
9688,17,3,12,18,SOFT,0
9688,17,4,18,21,SOFT,6
9688,17,5,21,23,SOFT,11
9688,18,1,1,4,SOFT,0
9688,18,2,4,6,SOFT,3
9688,18,3,6,9,SOFT,5
9688,18,4,9,12,SOFT,0
9688,18,5,12,15,SOFT,3
9688,18,6,15,17,SOFT,6
9688,19,1,1,2,HARD,0
9688,19,2,2,8,SOFT,0
9688,19,3,8,14,SOFT,0
9688,19,4,14,16,SOFT,6
9688,20,1,1,2,MEDIUM,0
9689,1,1,1,4,SOFT,0
9689,1,2,4,6,SOFT,3
9689,1,3,6,9,SOFT,0
9689,1,4,9,12,SOFT,3
9689,1,5,12,15,SOFT,0
9689,1,6,15,17,SOFT,0
9689,2,1,1,4,SOFT,0
9689,2,2,4,7,SOFT,3
9689,2,3,7,7,SOFT,0
9689,2,4,8,12,SOFT,6
9689,2,5,12,15,SOFT,3
9689,2,6,15,18,SOFT,0
9689,2,7,18,20,SOFT,0
9689,3,1,1,3,SOFT,0
9689,3,2,3,6,SOFT,0
9689,3,3,6,9,SOFT,0
9689,3,4,9,12,SOFT,3
9689,3,5,12,13,SOFT,0
9689,4,1,1,4,SOFT,0
9689,4,2,4,7,SOFT,0
9689,4,3,7,10,SOFT,0
9689,4,4,10,12,SOFT,0
9689,5,1,1,7,SOFT,0
9689,5,2,7,10,SOFT,0
9689,5,3,10,13,SOFT,3
9689,5,4,13,15,SOFT,0
9689,6,1,1,7,SOFT,0
9689,6,2,7,10,SOFT,0
9689,6,3,10,13,SOFT,0
9689,6,4,13,16,SOFT,0
9689,6,5,16,19,SOFT,3
9689,6,6,19,21,SOFT,0
9689,7,1,1,4,MEDIUM,0
9689,7,2,4,9,SOFT,0
9689,8,1,1,4,SOFT,0
9689,8,2,4,7,SOFT,0
9689,8,3,7,9,SOFT,0
9689,8,4,9,11,SOFT,2
9689,8,5,11,13,SOFT,0
9689,9,1,1,4,SOFT,0
9689,9,2,4,7,SOFT,0
9689,9,3,7,8,SOFT,0
9689,9,4,8,11,SOFT,7
9689,9,5,11,14,SOFT,0
9689,9,6,14,16,SOFT,3
9689,9,7,16,19,SOFT,0
9689,9,8,19,20,SOFT,2
9689,10,1,1,4,SOFT,0
9689,10,2,4,7,SOFT,0
9689,10,3,7,10,SOFT,0
9689,10,4,10,13,SOFT,3
9689,10,5,13,15,SOFT,0
9689,11,1,1,4,SOFT,0
9689,11,2,4,7,SOFT,0
9689,11,3,7,10,SOFT,0
9689,11,4,10,13,SOFT,0
9689,11,5,13,16,SOFT,3
9689,11,6,16,18,SOFT,0
9689,12,1,1,7,SOFT,0
9689,12,2,7,10,SOFT,0
9689,12,3,10,13,SOFT,0
9689,12,4,13,16,SOFT,0
9689,12,5,16,19,SOFT,3
9689,12,6,19,21,SOFT,0
9689,13,1,1,4,SOFT,0
9689,13,2,4,7,SOFT,3
9689,13,3,7,9,SOFT,0
9689,14,1,1,4,SOFT,0
9689,14,2,4,6,SOFT,0
9689,14,3,6,7,SOFT,0
9689,15,1,1,4,SOFT,0
9689,15,2,4,7,SOFT,0
9689,15,3,7,9,SOFT,0
9689,16,1,1,4,SOFT,0
9689,16,2,4,7,SOFT,3
9689,16,3,7,10,SOFT,6
9689,16,4,10,13,SOFT,3
9689,16,5,13,18,SOFT,0
9689,16,6,18,21,SOFT,6
9689,16,7,21,23,SOFT,0
9689,17,1,1,7,SOFT,0
9689,17,2,7,10,SOFT,0
9689,17,3,10,13,SOFT,0
9689,17,4,13,16,SOFT,0
9689,17,5,16,19,SOFT,0
9689,17,6,19,21,SOFT,0
9689,18,1,1,4,MEDIUM,0
9689,18,2,4,7,MEDIUM,3
9689,18,3,7,10,SOFT,0
9689,18,4,10,13,SOFT,3
9689,18,5,13,16,SOFT,0
9689,18,6,16,19,SOFT,0
9689,18,7,19,21,SOFT,0
9689,19,1,1,4,SOFT,0
9689,19,2,4,7,SOFT,3
9689,19,3,7,8,SOFT,0
9689,19,4,8,11,SOFT,0
9689,19,5,11,13,SOFT,3
9689,19,6,13,16,SOFT,0
9689,19,7,16,18,SOFT,0
9689,20,1,1,1,SOFT,0
9693,1,1,1,2,INTERMEDIATE,0
9693,1,2,2,3,INTERMEDIATE,2
9693,1,3,3,4,INTERMEDIATE,0
9693,1,4,4,34,INTERMEDIATE,0
9693,1,5,34,46,MEDIUM,0
9693,1,6,46,57,INTERMEDIATE,0
9693,2,1,1,2,INTERMEDIATE,0
9693,2,2,2,3,INTERMEDIATE,0
9693,2,3,3,4,INTERMEDIATE,0
9693,2,4,4,34,INTERMEDIATE,0
9693,2,5,34,44,HARD,1
9693,2,6,44,57,INTERMEDIATE,0
9693,3,1,1,2,INTERMEDIATE,0
9693,3,2,2,2,INTERMEDIATE,0
9693,3,3,3,3,INTERMEDIATE,0
9693,3,4,3,3,INTERMEDIATE,0
9693,3,5,4,4,INTERMEDIATE,3
9693,3,6,4,44,MEDIUM,4
9693,3,7,44,45,INTERMEDIATE,0
9693,4,1,,,INTERMEDIATE,0
9693,5,1,,,INTERMEDIATE,0
9693,6,1,1,2,INTERMEDIATE,0
9693,6,2,2,3,INTERMEDIATE,0
9693,6,3,3,4,INTERMEDIATE,3
9693,6,4,4,33,INTERMEDIATE,4
9693,6,5,33,46,HARD,0
9693,6,6,46,57,INTERMEDIATE,0
9693,7,1,1,2,INTERMEDIATE,0
9693,7,2,2,3,INTERMEDIATE,2
9693,7,3,3,4,INTERMEDIATE,0
9693,7,4,4,33,INTERMEDIATE,4
9693,7,5,33,44,HARD,0
9693,7,6,44,57,INTERMEDIATE,0
9693,8,1,1,2,INTERMEDIATE,0
9693,8,2,2,3,INTERMEDIATE,2
9693,8,3,3,4,INTERMEDIATE,3
9693,8,4,4,32,INTERMEDIATE,4
9693,9,1,1,2,INTERMEDIATE,0
9693,9,2,2,3,INTERMEDIATE,2
9693,9,3,3,4,INTERMEDIATE,3
9693,9,4,4,34,INTERMEDIATE,4
9693,9,5,34,47,HARD,1
9693,9,6,47,57,INTERMEDIATE,0
9693,10,1,1,2,INTERMEDIATE,0
9693,10,2,2,3,INTERMEDIATE,2
9693,10,3,3,4,INTERMEDIATE,3
9693,10,4,4,33,INTERMEDIATE,4
9693,10,5,33,44,HARD,1
9693,10,6,44,57,INTERMEDIATE,0
9693,11,1,1,2,INTERMEDIATE,0
9693,11,2,2,3,INTERMEDIATE,2
9693,11,3,3,4,INTERMEDIATE,0
9693,11,4,4,33,INTERMEDIATE,0
9693,11,5,33,47,MEDIUM,0
9693,11,6,47,57,INTERMEDIATE,0
9693,12,1,1,2,INTERMEDIATE,0
9693,12,2,2,3,INTERMEDIATE,0
9693,12,3,3,4,INTERMEDIATE,1
9693,12,4,4,33,INTERMEDIATE,2
9693,12,5,33,44,MEDIUM,0
9693,12,6,44,57,INTERMEDIATE,0
9693,13,1,1,2,INTERMEDIATE,0
9693,13,2,2,3,INTERMEDIATE,0
9693,13,3,3,4,INTERMEDIATE,3
9693,13,4,4,33,INTERMEDIATE,4
9693,13,5,33,44,MEDIUM,0
9693,13,6,44,57,INTERMEDIATE,0
9693,14,1,,,INTERMEDIATE,0
9693,14,2,,,INTERMEDIATE,0
9693,14,3,1,2,INTERMEDIATE,0
9693,14,4,2,3,INTERMEDIATE,2
9693,14,5,3,4,INTERMEDIATE,3
9693,14,6,4,33,INTERMEDIATE,0
9693,14,7,33,46,MEDIUM,0
9693,15,1,1,2,INTERMEDIATE,0
9693,15,2,2,3,INTERMEDIATE,2
9693,15,3,3,4,INTERMEDIATE,3
9693,15,4,4,39,INTERMEDIATE,0
9693,15,5,39,46,MEDIUM,0
9693,15,6,46,57,INTERMEDIATE,0
9693,16,1,1,2,INTERMEDIATE,0
9693,16,2,2,3,INTERMEDIATE,2
9693,16,3,3,4,INTERMEDIATE,3
9693,16,4,4,33,INTERMEDIATE,4
9693,16,5,33,47,HARD,1
9693,16,6,47,57,INTERMEDIATE,0
9693,17,1,,,INTERMEDIATE,0
9693,18,1,1,2,INTERMEDIATE,0
9693,18,2,2,3,INTERMEDIATE,2
9693,18,3,3,4,INTERMEDIATE,3
9693,18,4,4,34,INTERMEDIATE,4
9693,18,5,34,44,HARD,0
9693,18,6,44,57,INTERMEDIATE,0
9693,19,1,1,2,INTERMEDIATE,0
9693,19,2,2,3,INTERMEDIATE,0
9693,19,3,3,4,INTERMEDIATE,0
9693,19,4,4,34,INTERMEDIATE,0
9693,19,5,34,44,HARD,1
9693,19,6,44,57,INTERMEDIATE,0
9693,20,1,1,2,INTERMEDIATE,0
9693,20,2,2,2,INTERMEDIATE,0
9693,20,3,3,3,INTERMEDIATE,0
9693,20,4,3,3,INTERMEDIATE,0
9693,20,5,4,4,INTERMEDIATE,3
9693,20,6,4,44,MEDIUM,0
9693,20,7,44,57,INTERMEDIATE,0
9832,1,1,1,5,HARD,0
9832,1,2,6,8,HARD,5
9832,1,3,9,14,SOFT,0
9832,1,4,15,30,HARD,8
9832,2,1,1,5,MEDIUM,0
9832,2,2,6,10,MEDIUM,5
9832,2,3,11,14,SOFT,0
9832,2,4,15,19,SOFT,0
9832,2,5,20,28,MEDIUM,10
9832,3,1,1,6,HARD,0
9832,3,2,7,11,HARD,0
9832,3,3,12,14,SOFT,0
9832,3,4,15,17,SOFT,3
9832,3,5,18,29,SOFT,6
9832,4,1,1,6,HARD,0
9832,4,2,7,12,HARD,6
9832,4,3,13,15,MEDIUM,0
9832,4,4,16,19,MEDIUM,3
9832,4,5,20,31,MEDIUM,7
9832,7,1,1,8,HARD,0
9832,7,2,9,11,HARD,8
9832,7,3,12,14,SOFT,0
9832,7,4,15,17,SOFT,3
9832,7,5,18,30,HARD,11
9832,9,1,1,7,HARD,0
9832,9,2,8,11,HARD,7
9832,9,3,12,17,SOFT,0
9832,9,4,18,22,SOFT,6
9832,9,5,23,28,HARD,11
9832,13,1,1,5,MEDIUM,0
9832,13,2,6,10,MEDIUM,5
9832,13,3,11,16,SOFT,0
9832,13,4,17,25,MEDIUM,10
9832,13,5,26,28,SOFT,0
9832,17,1,1,7,HARD,0
9832,17,2,8,12,HARD,0
9832,17,3,13,15,SOFT,0
9832,17,4,16,18,SOFT,3
9832,17,5,19,27,HARD,12
9832,18,1,1,9,HARD,0
9832,18,2,10,15,SOFT,0
9832,18,3,16,21,HARD,9
9832,18,4,22,29,HARD,15
9832,20,1,1,8,HARD,0
9832,20,2,9,11,HARD,8
9832,20,3,12,14,MEDIUM,0
9832,22,1,1,11,HARD,0
9832,22,2,12,14,SOFT,0
9832,22,3,15,17,SOFT,3
9832,22,4,18,30,HARD,11
9832,24,1,1,1,HARD,0
9832,24,2,2,12,HARD,1
9832,24,3,13,18,SOFT,0
9832,25,1,1,9,HARD,0
9832,25,2,10,12,HARD,9
9832,25,3,13,15,MEDIUM,0
9832,25,4,16,18,MEDIUM,3
9832,25,5,19,28,HARD,12
9832,28,1,1,10,HARD,0
9832,28,2,11,16,SOFT,0
9832,28,3,17,26,SOFT,6
9832,29,1,1,5,MEDIUM,0
9832,29,2,6,11,MEDIUM,5
9832,29,3,12,17,SOFT,0
9832,29,4,18,28,MEDIUM,11
9832,31,1,1,7,HARD,0
9832,31,2,8,14,HARD,7
9832,31,3,15,24,MEDIUM,0
9832,32,1,1,11,HARD,0
9832,32,2,12,14,HARD,11
9832,32,3,15,17,SOFT,0
9832,32,4,18,20,SOFT,3
9832,32,5,21,27,SOFT,0
9832,35,1,1,8,MEDIUM,0
9832,35,2,9,16,MEDIUM,8
9832,35,3,17,22,SOFT,0
9832,36,1,1,9,HARD,0
9832,36,2,10,17,HARD,9
9832,36,3,18,27,SOFT,0
9832,37,1,1,9,SOFT,0
9832,37,2,10,12,MEDIUM,0
9832,37,3,13,18,MEDIUM,3
9832,37,4,19,25,SOFT,9
9832,37,5,26,28,MEDIUM,9
9833,1,1,1,8,MEDIUM,0
9833,1,2,9,11,SOFT,0
9833,1,3,12,28,MEDIUM,8
9833,1,4,29,31,SOFT,0
9833,2,1,1,9,MEDIUM,0
9833,2,2,10,12,SOFT,0
9833,2,3,13,15,SOFT,3
9833,2,4,16,25,MEDIUM,9
9833,2,5,26,28,SOFT,6
9833,3,1,1,9,MEDIUM,0
9833,3,2,10,12,SOFT,0
9833,3,3,13,15,SOFT,3
9833,3,4,16,25,MEDIUM,9
9833,3,5,26,28,SOFT,0
9833,4,1,1,7,SOFT,0
9833,4,2,8,10,SOFT,0
9833,4,3,11,22,SOFT,3
9833,4,4,23,29,SOFT,7
9833,6,1,1,11,MEDIUM,0
9833,6,2,12,17,SOFT,0
9833,6,3,18,30,MEDIUM,11
9833,7,1,1,6,MEDIUM,0
9833,7,2,7,9,MEDIUM,6
9833,7,3,10,12,SOFT,0
9833,7,4,13,15,SOFT,0
9833,7,5,16,29,MEDIUM,9
9833,8,1,1,5,MEDIUM,0
9833,8,2,6,11,MEDIUM,5
9833,8,3,12,18,SOFT,0
9833,8,4,19,27,MEDIUM,11
9833,9,1,1,7,MEDIUM,0
9833,9,2,8,12,MEDIUM,7
9833,9,3,13,15,SOFT,0
9833,9,4,16,17,SOFT,3
9833,9,5,18,31,MEDIUM,12
9833,10,1,1,7,MEDIUM,0
9833,10,2,8,12,MEDIUM,7
9833,10,3,13,15,SOFT,0
9833,10,4,16,20,SOFT,3
9833,10,5,21,29,MEDIUM,12
9833,11,1,1,5,MEDIUM,0
9833,11,2,6,9,MEDIUM,5
9833,11,3,10,12,MEDIUM,9
9833,11,4,13,17,SOFT,0
9833,11,5,18,29,MEDIUM,12
9833,12,1,1,12,MEDIUM,0
9833,12,2,13,15,SOFT,0
9833,12,3,16,18,SOFT,3
9833,12,4,19,32,MEDIUM,12
9833,13,1,1,7,HARD,0
9833,13,2,8,10,SOFT,0
9833,13,3,11,13,SOFT,3
9833,13,4,14,22,HARD,7
9833,13,5,23,28,SOFT,6
9833,14,1,1,5,MEDIUM,0
9833,14,2,6,11,MEDIUM,5
9833,14,3,12,17,SOFT,0
9833,14,4,18,32,MEDIUM,11
9833,15,1,1,6,SOFT,0
9833,15,2,7,12,SOFT,6
9833,15,3,13,16,SOFT,0
9833,15,4,17,19,SOFT,4
9833,15,5,20,27,SOFT,12
9833,16,1,1,12,MEDIUM,0
9833,16,2,13,15,SOFT,0
9833,16,3,16,18,SOFT,3
9833,16,4,19,29,MEDIUM,12
9833,17,1,1,10,MEDIUM,0
9833,17,2,11,16,SOFT,0
9833,17,3,17,24,SOFT,6
9833,17,4,25,31,MEDIUM,10
9833,18,1,1,9,MEDIUM,0
9833,18,2,10,14,SOFT,0
9833,18,3,15,29,MEDIUM,0
9833,19,1,1,10,MEDIUM,0
9833,19,2,11,13,SOFT,0
9833,19,3,14,16,SOFT,3
9833,19,4,17,25,MEDIUM,10
9833,19,5,26,29,SOFT,6
9833,20,1,1,3,SOFT,0
9833,20,2,4,9,SOFT,3
9833,20,3,10,12,SOFT,0
9833,20,4,13,15,SOFT,3
9833,20,5,16,28,SOFT,6
9833,29,1,1,9,HARD,0
9833,29,2,10,15,SOFT,0
9833,29,3,16,28,HARD,9
9834,1,1,1,5,SOFT,0
9834,1,2,6,8,SOFT,5
9834,1,3,9,15,SOFT,0
9834,2,1,1,11,SOFT,0
9834,2,2,12,15,SOFT,0
9834,2,3,16,20,SOFT,4
9834,3,1,1,3,MEDIUM,0
9834,3,2,4,6,MEDIUM,0
9834,3,3,7,8,MEDIUM,6
9834,3,4,9,11,SOFT,0
9834,3,5,12,16,SOFT,3
9834,4,1,1,6,MEDIUM,0
9834,4,2,7,9,MEDIUM,6
9834,4,3,10,17,SOFT,0
9834,6,1,1,6,SOFT,0
9834,6,2,7,9,SOFT,6
9834,6,3,10,12,SOFT,9
9834,6,4,13,19,SOFT,0
9834,7,1,1,2,MEDIUM,0
9834,7,2,3,5,MEDIUM,2
9834,7,3,6,8,MEDIUM,5
9834,7,4,9,9,SOFT,0
9834,7,5,10,14,SOFT,1
9834,8,1,1,1,HARD,0
9834,8,2,2,2,MEDIUM,0
9834,8,3,3,9,HARD,0
9834,8,4,10,12,SOFT,0
9834,8,5,13,17,SOFT,3
9834,9,1,1,3,SOFT,0
9834,9,2,4,6,SOFT,3
9834,9,3,7,9,SOFT,6
9834,9,4,10,11,SOFT,9
9834,9,5,12,14,SOFT,0
9834,9,6,15,18,SOFT,3
9834,10,1,1,1,HARD,0
9834,10,2,2,2,MEDIUM,0
9834,10,3,3,8,SOFT,0
9834,10,4,9,9,SOFT,6
9834,10,5,10,12,SOFT,0
9834,10,6,13,19,SOFT,3
9834,11,1,1,7,SOFT,0
9834,11,2,8,9,SOFT,7
9834,11,3,10,10,SOFT,0
9834,12,1,1,7,MEDIUM,0
9834,12,2,8,11,MEDIUM,7
9834,12,3,12,18,SOFT,0
9834,13,1,1,3,MEDIUM,0
9834,13,2,4,6,MEDIUM,0
9834,13,3,7,8,MEDIUM,0
9834,13,4,9,11,SOFT,0
9834,13,5,12,14,SOFT,3
9834,13,6,15,17,MEDIUM,8
9834,14,1,1,6,MEDIUM,0
9834,14,2,7,8,MEDIUM,6
9834,14,3,9,11,SOFT,0
9834,14,4,12,16,SOFT,3
9834,15,1,1,3,MEDIUM,0
9834,15,2,4,6,MEDIUM,3
9834,15,3,7,9,MEDIUM,6
9834,15,4,10,12,MEDIUM,8
9834,15,5,13,15,SOFT,0
9834,15,6,16,19,SOFT,0
9834,16,1,1,3,SOFT,0
9834,16,2,4,6,SOFT,3
9834,16,3,7,8,SOFT,0
9834,17,1,1,3,MEDIUM,0
9834,17,2,4,7,MEDIUM,3
9834,17,3,8,11,MEDIUM,7
9834,17,4,12,18,SOFT,0
9834,18,1,1,4,SOFT,0
9834,18,2,5,7,SOFT,4
9834,18,3,8,14,SOFT,0
9834,19,1,1,3,SOFT,0
9834,19,2,4,9,SOFT,0
9834,19,3,10,12,SOFT,0
9834,19,4,13,17,SOFT,3
9834,20,1,1,6,SOFT,0
9834,20,2,7,9,SOFT,6
9834,20,3,10,12,SOFT,0
9834,20,4,13,16,SOFT,3
9834,29,1,1,6,SOFT,0
9834,29,2,7,9,SOFT,0
9834,29,3,10,11,SOFT,9
9834,29,4,12,18,SOFT,0
9835,1,1,1,3,SOFT,0
9835,1,2,4,6,SOFT,0
9835,1,3,7,9,SOFT,3
9835,1,4,10,12,SOFT,3
9835,1,5,13,15,SOFT,0
9835,1,6,16,18,SOFT,0
9835,2,1,1,3,SOFT,0
9835,2,2,4,6,SOFT,0
9835,2,3,7,9,SOFT,3
9835,2,4,10,11,SOFT,0
9835,2,5,12,14,SOFT,2
9835,2,6,15,17,SOFT,0
9835,3,1,1,3,SOFT,0
9835,3,2,4,6,SOFT,3
9835,3,3,7,9,SOFT,0
9835,3,4,10,12,SOFT,0
9835,3,5,13,15,SOFT,0
9835,3,6,16,18,SOFT,3
9835,3,7,19,21,SOFT,0
9835,4,1,1,3,SOFT,0
9835,4,2,4,6,SOFT,0
9835,4,3,7,9,SOFT,0
9835,4,4,10,12,SOFT,0
9835,4,5,13,15,SOFT,3
9835,4,6,16,18,SOFT,0
9835,6,1,1,3,MEDIUM,0
9835,6,2,4,6,SOFT,0
9835,6,3,7,9,SOFT,0
9835,7,1,1,3,SOFT,0
9835,7,2,4,6,SOFT,0
9835,7,3,7,9,SOFT,0
9835,7,4,10,12,SOFT,0
9835,8,1,1,3,SOFT,0
9835,8,2,4,6,SOFT,0
9835,8,3,7,9,SOFT,0
9835,8,4,10,12,SOFT,0
9835,8,5,13,15,SOFT,0
9835,8,6,16,18,SOFT,0
9835,9,1,1,3,MEDIUM,0
9835,9,2,4,6,SOFT,0
9835,9,3,7,9,SOFT,0
9835,9,4,10,12,SOFT,0
9835,9,5,13,15,SOFT,0
9835,9,6,16,18,SOFT,0
9835,10,1,1,6,SOFT,0
9835,10,2,7,9,SOFT,0
9835,10,3,10,12,SOFT,0
9835,10,4,13,15,SOFT,0
9835,11,1,1,3,SOFT,0
9835,11,2,4,6,SOFT,0
9835,11,3,7,9,SOFT,1
9835,11,4,10,12,SOFT,0
9835,11,5,13,14,SOFT,3
9835,11,6,15,17,SOFT,0
9835,12,1,1,3,SOFT,0
9835,12,2,4,6,SOFT,0
9835,13,1,1,3,SOFT,0
9835,13,2,4,6,SOFT,0
9835,13,3,7,9,SOFT,0
9835,14,1,1,2,SOFT,0
9835,14,2,3,5,SOFT,0
9835,14,3,6,8,SOFT,0
9835,14,4,9,11,SOFT,2
9835,14,5,12,14,SOFT,0
9835,15,1,1,3,SOFT,0
9835,15,2,4,6,SOFT,0
9835,15,3,7,9,SOFT,0
9835,15,4,10,12,SOFT,0
9835,15,5,13,15,SOFT,3
9835,15,6,16,18,SOFT,0
9835,16,1,1,3,MEDIUM,0
9835,16,2,4,6,SOFT,0
9835,16,3,7,9,SOFT,0
9835,17,1,1,3,SOFT,0
9835,17,2,4,6,SOFT,0
9835,17,3,7,9,SOFT,0
9835,17,4,10,12,SOFT,0
9835,18,1,1,3,SOFT,0
9835,18,2,4,6,SOFT,3
9835,18,3,7,9,SOFT,0
9835,18,4,10,12,SOFT,3
9835,18,5,13,15,SOFT,0
9835,18,6,16,18,SOFT,0
9835,19,1,1,3,SOFT,0
9835,19,2,4,6,SOFT,0
9835,19,3,7,9,SOFT,3
9835,19,4,10,11,SOFT,0
9835,19,5,12,14,SOFT,2
9835,19,6,15,17,SOFT,0
9835,20,1,1,3,SOFT,0
9835,20,2,4,5,SOFT,0
9835,20,3,6,8,SOFT,2
9835,20,4,9,11,SOFT,0
9835,29,1,1,3,SOFT,0
9835,29,2,4,6,SOFT,0
9835,29,3,7,9,SOFT,0
9839,1,1,1,23,MEDIUM,0
9839,1,2,24,58,HARD,0
9839,2,1,1,16,MEDIUM,0
9839,2,2,17,40,HARD,0
9839,2,3,41,58,HARD,0
9839,3,1,1,15,MEDIUM,0
9839,3,2,16,58,HARD,0
9839,4,1,1,14,MEDIUM,0
9839,4,2,15,57,HARD,0
9839,6,1,1,13,MEDIUM,0
9839,6,2,14,40,HARD,0
9839,6,3,41,57,MEDIUM,3
9839,7,1,1,32,HARD,0
9839,7,2,33,58,MEDIUM,0
9839,8,1,1,16,MEDIUM,1
9839,8,2,17,58,HARD,1
9839,9,1,1,16,MEDIUM,0
9839,9,2,17,39,HARD,0
9839,9,3,40,58,MEDIUM,3
9839,10,1,1,42,HARD,1
9839,10,2,43,58,MEDIUM,0
9839,11,1,1,32,HARD,0
9839,11,2,33,58,MEDIUM,0
9839,12,1,1,8,SOFT,0
9839,12,2,9,33,HARD,0
9839,12,3,34,58,MEDIUM,0
9839,13,1,1,7,SOFT,0
9839,13,2,8,42,HARD,0
9839,13,3,43,58,MEDIUM,0
9839,14,1,1,21,MEDIUM,0
9839,14,2,22,57,HARD,0
9839,15,1,1,19,MEDIUM,0
9839,15,2,20,58,HARD,0
9839,16,1,1,8,SOFT,0
9839,16,2,9,31,HARD,0
9839,16,3,32,58,MEDIUM,0
9839,17,1,1,18,MEDIUM,0
9839,17,2,19,58,HARD,0
9839,18,1,1,14,MEDIUM,0
9839,18,2,15,58,HARD,0
9839,19,1,1,41,HARD,0
9839,19,2,42,58,MEDIUM,0
9839,20,1,1,14,MEDIUM,0
9839,20,2,15,58,HARD,0
9839,29,1,1,15,MEDIUM,0
9839,29,2,16,40,HARD,0
9839,29,3,41,57,MEDIUM,0
9840,1,1,1,10,HARD,0
9840,1,2,11,21,HARD,10
9840,1,3,22,24,SOFT,0
9840,1,4,25,27,SOFT,0
9840,2,1,1,6,HARD,0
9840,2,2,7,19,HARD,6
9840,2,3,20,28,SOFT,0
9840,3,1,1,5,HARD,0
9840,3,2,6,11,HARD,0
9840,3,3,12,22,HARD,11
9840,3,4,23,25,SOFT,0
9840,3,5,26,29,SOFT,3
9840,4,1,1,4,HARD,0
9840,4,2,5,11,HARD,4
9840,4,3,12,21,HARD,11
9840,4,4,22,24,SOFT,0
9840,4,5,25,27,SOFT,3
9840,4,6,28,30,HARD,21
9840,6,1,1,11,HARD,0
9840,6,2,12,13,HARD,11
9840,6,3,14,17,HARD,0
9840,6,4,18,22,SOFT,0
9840,6,5,23,25,HARD,17
9840,7,1,1,10,HARD,0
9840,7,2,11,24,HARD,10
9840,7,3,25,27,SOFT,0
9840,7,4,28,32,SOFT,0
9840,8,1,1,9,HARD,0
9840,8,2,10,17,HARD,9
9840,8,3,18,23,SOFT,0
9840,8,4,24,26,HARD,17
9840,9,1,1,10,HARD,0
9840,9,2,11,15,HARD,10
9840,9,3,16,23,HARD,15
9840,9,4,24,31,SOFT,0
9840,10,1,1,10,HARD,0
9840,10,2,11,16,HARD,10
9840,10,3,17,26,SOFT,0
9840,11,1,1,12,HARD,0
9840,11,2,13,21,HARD,12
9840,11,3,22,28,SOFT,0
9840,12,1,1,7,HARD,0
9840,12,2,8,13,HARD,7
9840,12,3,14,21,HARD,13
9840,12,4,22,26,SOFT,0
9840,12,5,27,29,HARD,21
9840,13,1,1,8,HARD,0
9840,13,2,9,15,HARD,8
9840,13,3,16,18,HARD,15
9840,13,4,19,23,SOFT,0
9840,14,1,1,4,HARD,0
9840,14,2,5,9,HARD,4
9840,14,3,10,12,HARD,9
9840,14,4,13,22,HARD,0
9840,14,5,23,25,SOFT,0
9840,14,6,26,27,SOFT,0
9840,14,7,28,30,SOFT,5
9840,15,1,1,10,HARD,0
9840,15,2,11,20,HARD,10
9840,15,3,21,23,SOFT,0
9840,15,4,24,30,SOFT,3
9840,16,1,1,3,HARD,0
9840,16,2,4,11,HARD,3
9840,16,3,12,15,HARD,11
9840,16,4,16,21,HARD,15
9840,16,5,22,28,SOFT,0
9840,17,1,1,9,HARD,0
9840,17,2,10,13,HARD,9
9840,17,3,14,14,HARD,13
9840,17,4,15,17,SOFT,0
9840,17,5,18,20,SOFT,3
9840,18,1,1,11,HARD,0
9840,18,2,12,25,HARD,11
9840,18,3,26,33,SOFT,0
9840,19,1,1,7,HARD,0
9840,19,2,8,20,HARD,7
9840,19,3,21,29,SOFT,0
9840,20,1,1,9,HARD,0
9840,20,2,10,16,HARD,9
9840,20,3,17,19,SOFT,0
9840,20,4,20,26,SOFT,3
9840,29,1,1,11,HARD,0
9840,29,2,12,17,HARD,11
9840,29,3,18,23,SOFT,0
9840,29,4,24,26,HARD,17
9841,1,1,1,8,MEDIUM,0
9841,1,2,9,14,MEDIUM,0
9841,1,3,15,20,SOFT,0
9841,2,1,1,7,MEDIUM,0
9841,2,2,8,12,MEDIUM,0
9841,2,3,13,18,SOFT,0
9841,3,1,1,7,MEDIUM,0
9841,3,2,8,10,MEDIUM,0
9841,3,3,11,13,MEDIUM,3
9841,4,1,1,8,MEDIUM,0
9841,4,2,9,14,MEDIUM,0
9841,6,1,1,8,MEDIUM,0
9841,7,1,1,6,MEDIUM,0
9841,7,2,7,12,MEDIUM,0
9841,7,3,13,15,SOFT,0
9841,7,4,16,18,SOFT,3
9841,8,1,1,6,MEDIUM,0
9841,8,2,7,12,MEDIUM,0
9841,8,3,13,18,SOFT,0
9841,9,1,1,8,MEDIUM,0
9841,9,2,9,11,MEDIUM,0
9841,9,3,12,14,MEDIUM,3
9841,9,4,15,20,SOFT,0
9841,10,1,1,7,MEDIUM,0
9841,11,1,1,8,MEDIUM,0
9841,11,2,9,11,MEDIUM,0
9841,11,3,12,14,MEDIUM,0
9841,11,4,15,20,SOFT,0
9841,12,1,1,8,MEDIUM,0
9841,12,2,9,14,MEDIUM,0
9841,12,3,15,20,SOFT,0
9841,13,1,1,8,MEDIUM,0
9841,13,2,9,11,MEDIUM,0
9841,13,3,12,14,MEDIUM,3
9841,14,1,1,3,MEDIUM,0
9841,14,2,4,6,MEDIUM,3
9841,15,1,1,8,MEDIUM,0
9841,15,2,9,11,MEDIUM,0
9841,15,3,12,14,MEDIUM,0
9841,16,1,1,8,MEDIUM,0
9841,17,1,1,8,MEDIUM,0
9841,17,2,9,14,MEDIUM,0
9841,17,3,15,20,SOFT,0
9841,18,1,1,6,MEDIUM,0
9841,18,2,7,13,MEDIUM,0
9841,18,3,14,16,SOFT,0
9841,18,4,17,19,SOFT,3
9841,19,1,1,7,MEDIUM,0
9841,19,2,8,12,MEDIUM,0
9841,19,3,13,18,SOFT,0
9841,20,1,1,8,MEDIUM,0
9841,20,2,9,11,MEDIUM,0
9841,20,3,12,14,MEDIUM,3
9841,29,1,1,8,MEDIUM,0
9845,1,1,1,1,MEDIUM,6
9845,1,2,2,19,HARD,0
9845,2,1,1,1,MEDIUM,5
9845,2,2,2,19,HARD,0
9845,3,1,1,1,MEDIUM,6
9845,3,2,2,19,HARD,0
9845,4,1,1,1,MEDIUM,6
9845,4,2,2,19,HARD,0
9845,6,1,1,1,MEDIUM,0
9845,6,2,2,19,SOFT,0
9845,7,1,1,1,MEDIUM,6
9845,7,2,2,19,HARD,0
9845,8,1,1,1,MEDIUM,6
9845,8,2,2,19,HARD,0
9845,9,1,1,1,MEDIUM,6
9845,9,2,2,19,HARD,0
9845,10,1,1,13,MEDIUM,7
9845,10,2,14,19,SOFT,10
9845,11,1,1,1,MEDIUM,6
9845,11,2,2,19,HARD,0
9845,12,1,1,1,MEDIUM,6
9845,12,2,2,19,HARD,0
9845,13,1,1,19,MEDIUM,6
9845,14,1,1,19,MEDIUM,6
9845,15,1,1,19,MEDIUM,6
9845,16,1,1,19,MEDIUM,0
9845,17,1,1,19,MEDIUM,6
9845,18,1,1,19,MEDIUM,6
9845,19,1,1,19,MEDIUM,5
9845,20,1,1,19,MEDIUM,6
9845,29,1,1,17,MEDIUM,0
9845,29,2,18,19,SOFT,6
9846,1,1,1,3,SOFT,3
9846,1,2,4,9,SOFT,0
9846,1,3,10,16,SOFT,0
9846,1,4,17,20,SOFT,0
9846,1,5,21,23,SOFT,0
9846,2,1,1,3,SOFT,6
9846,2,2,4,6,SOFT,0
9846,2,3,7,9,SOFT,3
9846,2,4,10,12,SOFT,0
9846,2,5,13,15,SOFT,0
9846,2,6,16,17,SOFT,0
9846,3,1,1,5,SOFT,0
9846,3,2,6,8,SOFT,0
9846,3,3,9,11,SOFT,3
9846,3,4,12,14,SOFT,0
9846,3,5,15,17,SOFT,0
9846,3,6,18,20,SOFT,3
9846,4,1,1,3,SOFT,0
9846,4,2,4,6,SOFT,0
9846,4,3,7,9,SOFT,3
9846,4,4,10,12,SOFT,0
9846,4,5,13,15,SOFT,0
9846,4,6,16,18,SOFT,0
9846,4,7,19,20,SOFT,0
9846,6,1,1,3,SOFT,0
9846,6,2,4,6,SOFT,0
9846,6,3,7,9,SOFT,0
9846,6,4,10,12,SOFT,0
9846,6,5,13,15,SOFT,0
9846,6,6,16,18,SOFT,0
9846,6,7,19,21,SOFT,3
9846,7,1,1,4,SOFT,0
9846,7,2,5,10,SOFT,0
9846,7,3,11,13,SOFT,0
9846,7,4,14,16,SOFT,0
9846,7,5,17,19,SOFT,3
9846,7,6,20,22,SOFT,0
9846,8,1,1,5,SOFT,0
9846,8,2,6,9,SOFT,0
9846,8,3,10,12,SOFT,0
9846,8,4,13,15,SOFT,0
9846,8,5,16,18,SOFT,3
9846,8,6,19,21,SOFT,3
9846,9,1,1,3,SOFT,6
9846,9,2,4,6,SOFT,0
9846,9,3,7,9,SOFT,0
9846,9,4,10,12,SOFT,3
9846,9,5,13,15,SOFT,0
9846,9,6,16,18,SOFT,0
9846,9,7,19,20,SOFT,3
9846,9,8,21,23,SOFT,3
9846,10,1,1,5,SOFT,0
9846,10,2,6,10,SOFT,0
9846,11,1,1,3,SOFT,6
9846,11,2,4,9,SOFT,0
9846,12,1,1,5,SOFT,5
9846,12,2,6,11,SOFT,0
9846,12,3,12,13,SOFT,6
9846,12,4,14,16,SOFT,0
9846,12,5,17,19,SOFT,0
9846,13,1,1,5,SOFT,0
9846,13,2,6,8,SOFT,0
9846,13,3,9,11,SOFT,0
9846,13,4,12,14,SOFT,5
9846,13,5,15,17,SOFT,0
9846,13,6,18,20,SOFT,3
9846,14,1,1,3,SOFT,0
9846,14,2,4,6,SOFT,0
9846,14,3,7,9,SOFT,0
9846,14,4,10,12,SOFT,0
9846,14,5,13,15,SOFT,0
9846,15,1,1,5,SOFT,0
9846,15,2,6,11,SOFT,0
9846,16,1,1,3,SOFT,7
9846,16,2,4,6,SOFT,0
9846,16,3,7,9,SOFT,0
9846,17,1,1,5,SOFT,0
9846,17,2,6,11,SOFT,0
9846,17,3,12,13,SOFT,6
9846,17,4,14,16,SOFT,0
9846,17,5,17,19,SOFT,0
9846,17,6,20,22,SOFT,3
9846,17,7,23,25,SOFT,0
9846,18,1,1,4,SOFT,6
9846,18,2,5,11,SOFT,0
9846,18,3,12,18,SOFT,0
9846,18,4,19,22,SOFT,0
9846,18,5,23,26,SOFT,0
9846,19,1,1,3,SOFT,0
9846,19,2,4,6,SOFT,0
9846,19,3,7,9,SOFT,3
9846,19,4,10,12,SOFT,0
9846,19,5,13,15,SOFT,0
9846,19,6,16,18,SOFT,0
9846,20,1,1,5,SOFT,0
9846,20,2,6,11,SOFT,0
9846,20,3,12,14,SOFT,0
9846,20,4,15,20,SOFT,0
9846,29,1,1,3,SOFT,0
9846,29,2,4,6,SOFT,0
9846,29,3,7,9,SOFT,0
9850,1,1,1,7,MEDIUM,0
9850,1,2,8,32,MEDIUM,0
9850,1,3,33,57,HARD,0
9850,2,1,1,25,MEDIUM,0
9850,2,2,26,44,MEDIUM,0
9850,2,3,45,57,HARD,0
9850,3,1,1,7,MEDIUM,0
9850,3,2,8,32,MEDIUM,0
9850,3,3,33,57,SOFT,0
9850,4,1,1,7,MEDIUM,0
9850,4,2,8,32,MEDIUM,0
9850,4,3,33,55,HARD,0
9850,6,1,1,7,MEDIUM,0
9850,6,2,8,32,HARD,0
9850,6,3,33,56,MEDIUM,0
9850,7,1,1,7,MEDIUM,0
9850,7,2,8,32,MEDIUM,0
9850,7,3,33,57,HARD,0
9850,8,1,1,7,MEDIUM,0
9850,8,2,8,32,MEDIUM,0
9850,8,3,33,57,HARD,0
9850,9,1,1,7,MEDIUM,0
9850,9,2,8,32,MEDIUM,0
9850,9,3,33,57,HARD,0
9850,10,1,1,7,MEDIUM,0
9850,10,2,8,24,MEDIUM,0
9850,10,3,25,49,MEDIUM,0
9850,10,4,50,55,SOFT,0
9850,11,1,1,7,MEDIUM,0
9850,11,2,8,32,MEDIUM,0
9850,11,3,33,57,HARD,0
9850,12,1,1,7,HARD,0
9850,12,2,8,32,MEDIUM,0
9850,12,3,33,57,MEDIUM,0
9850,13,1,1,6,SOFT,0
9850,14,1,1,7,MEDIUM,0
9850,14,2,8,32,MEDIUM,0
9850,14,3,33,57,HARD,0
9850,15,1,1,8,MEDIUM,0
9850,15,2,9,9,HARD,0
9850,15,3,10,34,MEDIUM,0
9850,15,4,35,56,HARD,1
9850,16,1,1,7,SOFT,0
9850,16,2,8,32,MEDIUM,0
9850,16,3,33,57,MEDIUM,0
9850,17,1,1,7,MEDIUM,0
9850,17,2,8,32,MEDIUM,0
9850,17,3,33,57,HARD,0
9850,18,1,1,7,MEDIUM,0
9850,18,2,8,32,MEDIUM,0
9850,18,3,33,57,HARD,0
9850,19,1,1,24,MEDIUM,0
9850,19,2,25,42,MEDIUM,0
9850,19,3,43,57,HARD,0
9850,20,1,1,7,MEDIUM,0
9850,20,2,8,32,MEDIUM,0
9850,20,3,33,40,HARD,0
9850,20,4,41,41,HARD,8
9850,29,1,1,7,HARD,0
9850,29,2,8,32,MEDIUM,0
9850,29,3,33,56,MEDIUM,0
9851,1,1,1,11,MEDIUM,0
9851,1,2,12,15,SOFT,0
9851,1,3,16,24,MEDIUM,11
9851,2,1,1,9,MEDIUM,0
9851,2,2,10,14,MEDIUM,0
9851,2,3,15,25,SOFT,0
9851,3,1,1,12,MEDIUM,0
9851,3,2,13,19,SOFT,0
9851,3,3,20,25,MEDIUM,12
9851,4,1,1,10,MEDIUM,0
9851,4,2,11,14,MEDIUM,0
9851,4,3,15,20,MEDIUM,14
9851,4,4,21,30,SOFT,0
9851,6,1,1,13,MEDIUM,0
9851,6,2,14,20,SOFT,0
9851,6,3,21,26,MEDIUM,13
9851,7,1,1,15,MEDIUM,0
9851,7,2,16,21,SOFT,0
9851,7,3,22,30,MEDIUM,15
9851,8,1,1,10,SOFT,0
9851,8,2,11,15,SOFT,10
9851,8,3,16,23,SOFT,0
9851,9,1,1,12,MEDIUM,0
9851,9,2,13,22,SOFT,0
9851,9,3,23,29,MEDIUM,12
9851,10,1,1,10,MEDIUM,0
9851,10,2,11,18,SOFT,0
9851,10,3,19,25,MEDIUM,10
9851,11,1,1,16,MEDIUM,0
9851,11,2,17,24,SOFT,0
9851,11,3,25,27,MEDIUM,16
9851,12,1,1,3,MEDIUM,0
9851,12,2,4,13,MEDIUM,3
9851,12,3,14,23,SOFT,0
9851,13,1,1,9,HARD,0
9851,13,2,10,17,SOFT,0
9851,13,3,18,25,HARD,9
9851,14,1,1,11,MEDIUM,0
9851,14,2,12,14,MEDIUM,0
9851,14,3,15,20,MEDIUM,14
9851,14,4,21,28,SOFT,0
9851,15,1,1,1,MEDIUM,0
9851,15,2,2,13,MEDIUM,1
9851,15,3,14,21,SOFT,0
9851,15,4,22,30,SOFT,8
9851,16,1,1,10,MEDIUM,0
9851,16,2,11,21,SOFT,0
9851,16,3,22,26,MEDIUM,10
9851,17,1,1,12,MEDIUM,0
9851,17,2,13,21,MEDIUM,12
9851,17,3,22,31,SOFT,0
9851,18,1,1,11,MEDIUM,0
9851,18,2,12,16,SOFT,0
9851,18,3,17,25,MEDIUM,11
9851,19,1,1,17,MEDIUM,0
9851,19,2,18,27,SOFT,0
9851,20,1,1,11,MEDIUM,0
9851,20,2,12,19,SOFT,0
9851,20,3,20,28,SOFT,8
9851,29,1,1,12,MEDIUM,0
9851,29,2,13,20,SOFT,0
9851,29,3,21,28,MEDIUM,12
9852,1,1,1,10,MEDIUM,0
9852,1,2,11,14,SOFT,0
9852,1,3,15,16,MEDIUM,10
9852,2,1,1,8,MEDIUM,0
9852,2,2,9,11,SOFT,0
9852,2,3,12,13,SOFT,3
9852,3,1,1,9,HARD,0
9852,3,2,10,13,SOFT,0
9852,3,3,14,15,HARD,9
9852,4,1,1,9,MEDIUM,0
9852,4,2,10,14,SOFT,0
9852,4,3,15,16,MEDIUM,9
9852,6,1,1,12,MEDIUM,0
9852,6,2,13,16,SOFT,0
9852,6,3,17,18,SOFT,4
9852,7,1,1,13,MEDIUM,0
9852,7,2,14,16,SOFT,0
9852,7,3,17,18,MEDIUM,0
9852,8,1,1,8,MEDIUM,0
9852,8,2,9,12,SOFT,0
9852,8,3,13,14,MEDIUM,0
9852,9,1,1,11,MEDIUM,0
9852,9,2,12,15,SOFT,0
9852,9,3,16,16,SOFT,4
9852,10,1,1,8,MEDIUM,0
9852,10,2,9,13,SOFT,0
9852,10,3,14,15,MEDIUM,8
9852,11,1,1,10,MEDIUM,0
9852,11,2,11,14,SOFT,0
9852,11,3,15,16,MEDIUM,10
9852,12,1,1,10,MEDIUM,0
9852,12,2,11,15,SOFT,0
9852,12,3,16,17,MEDIUM,10
9852,13,1,1,9,MEDIUM,0
9852,13,2,10,12,SOFT,0
9852,13,3,13,14,MEDIUM,9
9852,14,1,1,9,MEDIUM,0
9852,14,2,10,12,SOFT,0
9852,14,3,13,14,SOFT,3
9852,14,4,15,16,MEDIUM,9
9852,15,1,1,13,MEDIUM,0
9852,15,2,14,16,SOFT,0
9852,15,3,17,18,SOFT,3
9852,16,1,1,11,MEDIUM,0
9852,16,2,12,15,SOFT,0
9852,16,3,16,17,SOFT,4
9852,17,1,1,10,MEDIUM,0
9852,17,2,11,14,SOFT,0
9852,17,3,15,16,SOFT,4
9852,18,1,1,12,MEDIUM,0
9852,18,2,13,16,SOFT,0
9852,18,3,17,18,MEDIUM,0
9852,19,1,1,7,MEDIUM,0
9852,19,2,8,11,SOFT,0
9852,19,3,12,12,SOFT,4
9852,20,1,1,10,MEDIUM,0
9852,20,2,11,15,SOFT,0
9852,20,3,16,17,SOFT,5
9852,29,1,1,12,MEDIUM,0
9852,29,2,13,16,SOFT,0
9852,29,3,17,18,SOFT,4
9853,1,1,1,12,INTERMEDIATE,0
9853,1,2,13,21,SOFT,0
9853,1,3,22,28,SOFT,0
9853,2,1,1,9,INTERMEDIATE,0
9853,2,2,10,12,SOFT,0
9853,2,3,13,18,SOFT,0
9853,3,1,1,6,SOFT,0
9853,3,2,7,16,SOFT,0
9853,4,1,1,9,INTERMEDIATE,0
9853,4,2,10,18,SOFT,0
9853,4,3,19,26,SOFT,0
9853,6,1,1,13,SOFT,0
9853,7,1,1,9,INTERMEDIATE,0
9853,7,2,10,17,SOFT,0
9853,7,3,18,23,SOFT,0
9853,8,1,1,2,INTERMEDIATE,0
9853,8,2,3,12,SOFT,0
9853,9,1,1,10,INTERMEDIATE,0
9853,9,2,11,20,SOFT,0
9853,9,3,21,27,SOFT,0
9853,10,1,1,1,INTERMEDIATE,0
9853,10,2,2,7,SOFT,0
9853,10,3,8,11,SOFT,0
9853,11,1,1,7,INTERMEDIATE,0
9853,11,2,8,18,SOFT,0
9853,11,3,19,24,SOFT,0
9853,12,1,1,7,INTERMEDIATE,0
9853,12,2,8,14,SOFT,0
9853,12,3,15,21,SOFT,0
9853,13,1,1,7,SOFT,0
9853,13,2,8,11,SOFT,0
9853,14,1,1,9,INTERMEDIATE,0
9853,14,2,10,17,SOFT,0
9853,14,3,18,25,SOFT,0
9853,15,1,1,10,INTERMEDIATE,0
9853,15,2,11,18,SOFT,0
9853,15,3,19,24,SOFT,0
9853,16,1,1,13,INTERMEDIATE,0
9853,16,2,14,22,SOFT,0
9853,16,3,23,29,SOFT,0
9853,17,1,1,8,INTERMEDIATE,0
9853,17,2,9,15,SOFT,0
9853,17,3,16,22,SOFT,0
9853,18,1,1,7,INTERMEDIATE,0
9853,18,2,8,15,SOFT,0
9853,18,3,16,21,SOFT,0
9853,19,1,1,11,INTERMEDIATE,0
9853,19,2,12,15,SOFT,0
9853,19,3,16,20,SOFT,0
9853,20,1,1,1,INTERMEDIATE,0
9853,20,2,2,4,INTERMEDIATE,1
9853,20,3,5,11,SOFT,0
9853,20,4,12,18,SOFT,0
9853,29,1,1,2,INTERMEDIATE,0
9853,29,2,3,9,SOFT,0
9853,29,3,10,17,SOFT,0
9854,1,1,1,1,INTERMEDIATE,0
9854,1,2,2,9,WET,0
9854,1,3,10,17,WET,0
9854,1,4,18,24,INTERMEDIATE,0
9854,2,1,1,1,INTERMEDIATE,0
9854,2,2,2,8,WET,0
9854,2,3,9,17,WET,0
9854,2,4,18,25,INTERMEDIATE,0
9854,3,1,1,9,WET,0
9854,4,1,1,1,INTERMEDIATE,0
9854,4,2,2,9,WET,0
9854,4,3,10,18,WET,0
9854,4,4,19,25,INTERMEDIATE,0
9854,6,1,1,1,INTERMEDIATE,0
9854,6,2,2,10,WET,0
9854,6,3,11,19,WET,0
9854,6,4,20,25,INTERMEDIATE,0
9854,7,1,1,1,INTERMEDIATE,0
9854,7,2,2,8,WET,0
9854,8,1,1,10,WET,0
9854,8,2,11,18,WET,0
9854,8,3,19,25,INTERMEDIATE,0
9854,9,1,1,2,INTERMEDIATE,0
9854,9,2,3,9,WET,0
9854,9,3,10,17,WET,0
9854,9,4,18,24,INTERMEDIATE,0
9854,10,1,1,10,WET,0
9854,10,2,11,14,WET,0
9854,10,3,15,18,INTERMEDIATE,0
9854,11,1,1,1,INTERMEDIATE,0
9854,11,2,2,9,WET,0
9854,12,1,1,2,INTERMEDIATE,0
9854,12,2,3,8,WET,0
9854,13,1,1,10,WET,0
9854,13,2,11,18,WET,10
9854,14,1,1,1,INTERMEDIATE,0
9854,14,2,2,9,WET,0
9854,14,3,10,18,WET,0
9854,14,4,19,25,INTERMEDIATE,0
9854,15,1,1,1,INTERMEDIATE,0
9854,15,2,2,9,WET,0
9854,15,3,10,17,WET,0
9854,16,1,1,2,INTERMEDIATE,0
9854,16,2,3,9,WET,0
9854,17,1,1,2,INTERMEDIATE,0
9854,17,2,3,9,WET,0
9854,17,3,10,17,WET,0
9854,17,4,18,24,INTERMEDIATE,0
9854,18,1,1,1,INTERMEDIATE,0
9854,18,2,2,9,WET,0
9854,18,3,10,18,WET,8
9854,18,4,19,25,INTERMEDIATE,0
9854,19,1,1,8,WET,0
9854,19,2,9,16,WET,0
9854,19,3,17,23,INTERMEDIATE,0
9854,20,1,1,1,INTERMEDIATE,0
9854,20,2,2,9,WET,0
9854,20,3,10,17,WET,0
9854,29,1,1,1,INTERMEDIATE,0
9854,29,2,2,9,WET,0
9854,29,3,10,17,WET,0
9858,1,1,1,25,MEDIUM,0
9858,1,2,26,50,HARD,0
9858,2,1,1,22,MEDIUM,0
9858,2,2,23,50,HARD,0
9858,3,1,1,1,HARD,0
9858,3,2,2,2,MEDIUM,0
9858,4,1,1,20,MEDIUM,0
9858,4,2,21,50,HARD,0
9858,6,1,1,2,MEDIUM,0
9858,6,2,3,50,HARD,0
9858,7,1,1,2,SOFT,0
9858,7,2,3,50,HARD,0
9858,8,1,1,16,MEDIUM,0
9858,8,2,17,50,HARD,0
9858,9,1,1,24,MEDIUM,0
9858,9,2,25,50,HARD,0
9858,10,1,1,1,MEDIUM,0
9858,11,1,1,1,MEDIUM,0
9858,11,2,2,27,HARD,0
9858,11,3,28,50,MEDIUM,0
9858,12,1,1,13,HARD,0
9858,12,2,14,14,MEDIUM,0
9858,12,3,15,34,HARD,0
9858,12,4,35,35,MEDIUM,1
9858,13,1,1,30,HARD,0
9858,13,2,31,50,MEDIUM,0
9858,14,1,1,2,MEDIUM,0
9858,14,2,3,28,HARD,0
9858,14,3,29,49,HARD,0
9858,15,1,1,27,MEDIUM,0
9858,15,2,28,50,HARD,0
9858,16,1,1,29,HARD,0
9858,16,2,30,50,MEDIUM,0
9858,17,1,1,22,MEDIUM,0
9858,17,2,23,50,HARD,0
9858,18,1,1,17,MEDIUM,0
9858,18,2,18,18,HARD,0
9858,18,3,19,50,HARD,0
9858,19,1,1,21,MEDIUM,0
9858,19,2,22,50,HARD,0
9858,20,1,1,17,MEDIUM,0
9858,20,2,18,50,HARD,0
9858,29,1,1,25,HARD,0
9858,29,2,26,49,MEDIUM,0
9859,1,1,1,9,HARD,0
9859,1,2,10,26,HARD,9
9859,1,3,27,28,SOFT,0
9859,1,4,29,31,HARD,26
9859,2,1,1,11,HARD,0
9859,2,2,12,21,HARD,11
9859,2,3,22,24,MEDIUM,0
9859,2,4,25,31,MEDIUM,3
9859,3,1,1,11,HARD,0
9859,3,2,12,22,HARD,11
9859,3,3,23,25,MEDIUM,0
9859,3,4,26,28,MEDIUM,0
9859,3,5,29,32,MEDIUM,0
9859,4,1,1,6,HARD,0
9859,4,2,7,12,HARD,6
9859,4,3,13,20,HARD,12
9859,4,4,21,26,MEDIUM,0
9859,4,5,27,31,MEDIUM,6
9859,6,1,1,12,HARD,0
9859,6,2,13,22,HARD,12
9859,6,3,23,33,MEDIUM,0
9859,7,1,1,12,HARD,0
9859,7,2,13,25,HARD,12
9859,7,3,26,28,MEDIUM,0
9859,7,4,29,32,MEDIUM,3
9859,7,5,33,37,MEDIUM,7
9859,8,1,1,7,HARD,0
9859,8,2,8,17,HARD,0
9859,8,3,18,20,MEDIUM,0
9859,8,4,21,23,MEDIUM,3
9859,8,5,24,26,HARD,17
9859,9,1,1,12,HARD,0
9859,9,2,13,21,HARD,12
9859,9,3,22,30,HARD,21
9859,10,1,1,9,HARD,0
9859,10,2,10,19,HARD,9
9859,10,3,20,22,MEDIUM,0
9859,10,4,23,31,MEDIUM,0
9859,11,1,1,4,HARD,0
9859,11,2,5,13,SOFT,0
9859,11,3,14,20,SOFT,9
9859,12,1,1,13,HARD,0
9859,12,2,14,23,HARD,13
9859,12,3,24,35,MEDIUM,0
9859,13,1,1,8,HARD,0
9859,13,2,9,10,HARD,8
9859,13,3,11,22,HARD,10
9859,13,4,23,27,MEDIUM,0
9859,13,5,28,32,MEDIUM,0
9859,14,1,1,6,HARD,0
9859,14,2,7,11,HARD,0
9859,14,3,12,14,HARD,11
9859,14,4,15,24,HARD,0
9859,14,5,25,30,MEDIUM,0
9859,14,6,31,36,MEDIUM,0
9859,15,1,1,11,HARD,0
9859,15,2,12,19,HARD,11
9859,15,3,20,22,MEDIUM,0
9859,15,4,23,25,MEDIUM,3
9859,15,5,26,29,MEDIUM,6
9859,16,1,1,14,HARD,0
9859,16,2,15,22,HARD,14
9859,16,3,23,28,HARD,22
9859,17,1,1,14,HARD,0
9859,17,2,15,23,HARD,14
9859,17,3,24,24,HARD,0
9859,17,4,25,36,MEDIUM,0
9859,18,1,1,10,HARD,0
9859,18,2,11,24,HARD,10
9859,18,3,25,27,MEDIUM,0
9859,18,4,28,35,MEDIUM,3
9859,19,1,1,11,HARD,0
9859,19,2,12,23,HARD,11
9859,19,3,24,26,MEDIUM,0
9859,19,4,27,33,MEDIUM,3
9859,20,1,1,9,HARD,0
9859,20,2,10,13,HARD,9
9859,20,3,14,22,HARD,13
9859,20,4,23,25,MEDIUM,0
9859,20,5,26,28,MEDIUM,3
9859,20,6,29,32,MEDIUM,6
9859,29,1,1,8,HARD,0
9859,29,2,9,11,HARD,0
9859,29,3,12,19,HARD,0
9859,29,4,20,30,MEDIUM,0
9860,1,1,1,6,MEDIUM,0
9860,1,2,7,12,MEDIUM,0
9860,1,3,13,15,SOFT,0
9860,2,1,1,9,MEDIUM,0
9860,2,2,10,14,MEDIUM,0
9860,2,3,15,20,SOFT,0
9860,3,1,1,3,MEDIUM,0
9860,3,2,4,6,MEDIUM,3
9860,3,3,7,9,MEDIUM,0
9860,3,4,10,12,MEDIUM,3
9860,4,1,1,3,MEDIUM,0
9860,4,2,4,6,MEDIUM,0
9860,4,3,7,12,MEDIUM,0
9860,4,4,13,15,SOFT,0
9860,6,1,1,6,MEDIUM,0
9860,6,2,7,12,MEDIUM,0
9860,7,1,1,5,MEDIUM,0
9860,7,2,6,10,MEDIUM,0
9860,7,3,11,13,SOFT,0
9860,7,4,14,16,SOFT,3
9860,8,1,1,3,MEDIUM,0
9860,8,2,4,6,MEDIUM,3
9860,8,3,7,9,MEDIUM,0
9860,8,4,10,12,SOFT,0
9860,9,1,1,8,MEDIUM,0
9860,9,2,9,11,MEDIUM,0
9860,9,3,12,13,MEDIUM,3
9860,9,4,14,16,SOFT,0
9860,9,5,17,19,SOFT,3
9860,10,1,1,3,MEDIUM,0
9860,10,2,4,6,MEDIUM,3
9860,10,3,7,9,MEDIUM,0
9860,10,4,10,12,MEDIUM,3
9860,10,5,13,15,SOFT,0
9860,11,1,1,3,MEDIUM,0
9860,11,2,4,6,MEDIUM,3
9860,12,1,1,3,MEDIUM,0
9860,12,2,4,6,MEDIUM,3
9860,12,3,7,9,MEDIUM,0
9860,12,4,10,12,MEDIUM,3
9860,13,1,1,3,MEDIUM,0
9860,13,2,4,6,MEDIUM,3
9860,13,3,7,9,MEDIUM,0
9860,13,4,10,12,MEDIUM,3
9860,13,5,13,15,SOFT,0
9860,14,1,1,3,MEDIUM,0
9860,14,2,4,5,MEDIUM,0
9860,15,1,1,3,MEDIUM,0
9860,15,2,4,6,MEDIUM,3
9860,16,1,1,8,MEDIUM,0
9860,16,2,9,11,MEDIUM,0
9860,16,3,12,14,MEDIUM,3
9860,17,1,1,3,MEDIUM,0
9860,17,2,4,6,MEDIUM,3
9860,18,1,1,4,MEDIUM,0
9860,18,2,5,10,MEDIUM,0
9860,18,3,11,13,SOFT,0
9860,18,4,14,16,SOFT,3
9860,19,1,1,9,MEDIUM,0
9860,19,2,10,13,MEDIUM,0
9860,19,3,14,19,SOFT,0
9860,20,1,1,3,MEDIUM,0
9860,20,2,4,6,MEDIUM,3
9860,20,3,7,9,MEDIUM,0
9860,20,4,10,12,MEDIUM,3
9860,29,1,1,6,MEDIUM,0
9864,1,1,1,7,SOFT,3
9864,1,2,8,24,MEDIUM,0
9864,2,1,1,7,MEDIUM,5
9864,2,2,8,24,SOFT,6
9864,3,1,1,7,MEDIUM,6
9864,3,2,8,23,MEDIUM,10
9864,4,1,1,7,SOFT,3
9864,4,2,8,24,MEDIUM,6
9864,6,1,1,7,MEDIUM,6
9864,6,2,8,24,SOFT,0
9864,7,1,1,7,SOFT,6
9864,7,2,8,24,MEDIUM,5
9864,8,1,1,7,MEDIUM,3
9864,8,2,8,24,SOFT,3
9864,9,1,1,7,SOFT,6
9864,9,2,8,24,MEDIUM,8
9864,10,1,1,7,MEDIUM,0
9864,10,2,8,24,SOFT,3
9864,11,1,1,7,MEDIUM,6
9864,11,2,8,24,MEDIUM,13
9864,12,1,1,7,SOFT,0
9864,12,2,8,24,SOFT,7
9864,13,1,1,6,MEDIUM,6
9864,13,2,7,7,MEDIUM,0
9864,13,3,8,24,MEDIUM,11
9864,14,1,1,7,MEDIUM,5
9864,14,2,8,24,MEDIUM,12
9864,15,1,1,7,MEDIUM,6
9864,15,2,8,24,MEDIUM,10
9864,16,1,1,7,MEDIUM,6
9864,16,2,8,24,MEDIUM,8
9864,17,1,1,7,MEDIUM,6
9864,17,2,8,24,MEDIUM,12
9864,18,1,1,7,SOFT,6
9864,18,2,8,24,MEDIUM,6
9864,19,1,1,5,MEDIUM,4
9864,20,1,1,7,MEDIUM,6
9864,20,2,8,24,MEDIUM,10
9864,29,1,1,5,MEDIUM,6
9865,1,1,1,3,SOFT,2
9865,1,2,4,9,SOFT,0
9865,2,1,1,6,SOFT,0
9865,2,2,7,9,SOFT,0
9865,2,3,10,12,SOFT,3
9865,2,4,13,15,SOFT,0
9865,2,5,16,18,SOFT,0
9865,2,6,19,21,SOFT,0
9865,4,1,1,6,SOFT,0
9865,4,2,7,9,SOFT,0
9865,4,3,10,12,SOFT,0
9865,4,4,13,15,SOFT,0
9865,4,5,16,18,SOFT,3
9865,4,6,19,21,SOFT,0
9865,6,1,1,3,MEDIUM,11
9865,6,2,4,6,SOFT,0
9865,6,3,7,9,SOFT,0
9865,6,4,10,12,SOFT,0
9865,6,5,13,15,SOFT,0
9865,6,6,16,18,SOFT,0
9865,6,7,19,21,SOFT,0
9865,7,1,1,3,SOFT,0
9865,7,2,4,5,SOFT,0
9865,7,3,6,8,SOFT,0
9865,7,4,9,10,SOFT,2
9865,7,5,11,13,SOFT,0
9865,7,6,14,16,SOFT,0
9865,8,1,1,3,MEDIUM,10
9865,8,2,4,6,SOFT,0
9865,8,3,7,9,SOFT,0
9865,8,4,10,12,SOFT,0
9865,8,5,13,15,SOFT,0
9865,9,1,1,6,MEDIUM,0
9865,9,2,7,9,SOFT,0
9865,9,3,10,13,SOFT,0
9865,9,4,14,16,SOFT,0
9865,9,5,17,19,SOFT,0
9865,9,6,20,22,SOFT,0
9865,10,1,1,3,MEDIUM,7
9865,10,2,4,6,SOFT,0
9865,10,3,7,9,SOFT,0
9865,10,4,10,12,SOFT,0
9865,10,5,13,15,SOFT,0
9865,11,1,1,6,SOFT,0
9865,11,2,7,9,SOFT,0
9865,12,1,1,1,MEDIUM,12
9865,12,2,2,4,SOFT,0
9865,12,3,5,7,SOFT,0
9865,12,4,8,9,SOFT,0
9865,12,5,10,12,SOFT,3
9865,12,6,13,15,SOFT,0
9865,12,7,16,18,SOFT,0
9865,13,1,1,2,SOFT,0
9865,13,2,3,5,SOFT,0
9865,13,3,6,8,SOFT,0
9865,13,4,9,11,SOFT,0
9865,13,5,12,14,SOFT,0
9865,13,6,15,17,SOFT,0
9865,13,7,18,20,SOFT,3
9865,13,8,21,23,SOFT,0
9865,14,1,1,3,SOFT,0
9865,14,2,4,6,SOFT,0
9865,14,3,7,9,SOFT,0
9865,14,4,10,12,SOFT,0
9865,14,5,13,15,SOFT,0
9865,14,6,16,18,SOFT,3
9865,14,7,19,21,SOFT,0
9865,15,1,1,3,SOFT,0
9865,15,2,4,6,SOFT,0
9865,15,3,7,9,SOFT,0
9865,16,1,1,4,SOFT,0
9865,16,2,5,6,SOFT,4
9865,16,3,7,9,SOFT,0
9865,16,4,10,12,SOFT,0
9865,16,5,13,16,SOFT,0
9865,17,1,1,1,MEDIUM,13
9865,17,2,2,4,SOFT,0
9865,17,3,5,7,SOFT,0
9865,17,4,8,10,SOFT,0
9865,17,5,11,12,SOFT,3
9865,17,6,13,15,SOFT,0
9865,17,7,16,17,SOFT,0
9865,18,1,1,3,SOFT,0
9865,18,2,4,6,SOFT,0
9865,18,3,7,9,SOFT,0
9865,18,4,10,10,SOFT,0
9865,18,5,11,13,SOFT,0
9865,18,6,14,16,MEDIUM,0
9865,19,1,1,3,SOFT,6
9865,19,2,4,6,SOFT,0
9865,19,3,7,8,SOFT,0
9865,19,4,9,11,SOFT,0
9865,19,5,12,13,SOFT,0
9865,19,6,14,16,SOFT,0
9865,19,7,17,19,SOFT,0
9865,20,1,1,3,SOFT,0
9865,20,2,4,6,SOFT,0
9865,20,3,7,8,SOFT,3
9865,20,4,9,11,SOFT,0
9865,20,5,12,13,SOFT,0
9865,20,6,14,16,SOFT,0
9865,20,7,17,19,SOFT,0
9865,29,1,1,3,SOFT,0
9865,29,2,4,6,SOFT,0
9865,29,3,7,9,SOFT,0
9869,1,1,1,7,HARD,0
9869,1,2,8,34,MEDIUM,0
9869,1,3,35,54,MEDIUM,0
9869,1,4,55,71,SOFT,0
9869,2,1,1,30,MEDIUM,0
9869,2,2,31,50,SOFT,3
9869,2,3,51,71,MEDIUM,9
9869,3,1,1,1,SOFT,0
9869,4,1,1,18,SOFT,3
9869,4,2,19,37,MEDIUM,6
9869,4,3,38,71,MEDIUM,0
9869,6,1,1,18,SOFT,3
9869,6,2,19,39,MEDIUM,0
9869,6,3,40,71,MEDIUM,6
9869,7,1,1,21,SOFT,3
9869,7,2,22,47,MEDIUM,0
9869,7,3,48,71,MEDIUM,5
9869,8,1,1,28,HARD,0
9869,8,2,29,46,MEDIUM,6
9869,8,3,47,71,MEDIUM,0
9869,9,1,1,5,MEDIUM,0
9869,10,1,1,29,HARD,0
9869,10,2,30,54,MEDIUM,0
9869,10,3,55,71,MEDIUM,0
9869,11,1,1,2,HARD,0
9869,11,2,3,24,MEDIUM,0
9869,11,3,25,47,MEDIUM,0
9869,11,4,48,71,MEDIUM,0
9869,12,1,1,35,MEDIUM,6
9869,12,2,36,55,SOFT,2
9869,12,3,56,71,MEDIUM,0
9869,13,1,1,36,MEDIUM,0
9869,13,2,37,71,SOFT,0
9869,14,1,1,19,SOFT,3
9869,14,2,20,71,MEDIUM,0
9869,15,1,1,8,HARD,0
9869,15,2,9,47,MEDIUM,0
9869,15,3,48,71,MEDIUM,0
9869,16,1,1,2,SOFT,0
9869,16,2,3,14,HARD,0
9869,16,3,15,32,MEDIUM,0
9869,16,4,33,37,MEDIUM,0
9869,17,1,1,17,SOFT,0
9869,17,2,18,38,MEDIUM,0
9869,17,3,39,71,MEDIUM,0
9869,18,1,1,34,MEDIUM,4
9869,18,2,35,48,SOFT,1
9869,18,3,49,71,MEDIUM,3
9869,19,1,1,38,MEDIUM,0
9869,19,2,39,51,SOFT,2
9869,19,3,52,71,MEDIUM,0
9869,20,1,1,17,SOFT,2
9869,20,2,18,42,MEDIUM,0
9869,20,3,43,71,MEDIUM,0
9869,29,1,1,29,MEDIUM,0
9869,29,2,30,43,SOFT,0
9869,29,3,44,71,MEDIUM,0
9870,3,1,1,9,HARD,0
9870,3,2,10,14,HARD,0
9870,3,3,15,18,SOFT,0
9870,3,4,19,28,SOFT,4
9870,4,1,1,6,MEDIUM,0
9870,4,2,7,15,MEDIUM,6
9870,4,3,16,18,MEDIUM,0
9870,4,4,19,21,MEDIUM,3
9870,4,5,22,24,MEDIUM,6
9870,4,6,25,32,MEDIUM,15
9870,7,1,1,7,HARD,0
9870,7,2,8,14,HARD,0
9870,7,3,15,17,SOFT,0
9870,7,4,18,28,SOFT,0
9870,7,5,29,35,HARD,14
9870,8,1,1,9,HARD,0
9870,8,2,10,17,SOFT,0
9870,8,3,18,26,HARD,9
9870,9,1,1,9,HARD,0
9870,9,2,10,15,SOFT,0
9870,9,3,16,20,HARD,9
9870,9,4,21,29,SOFT,0
9870,11,1,1,13,HARD,0
9870,11,2,14,16,SOFT,0
9870,11,3,17,19,SOFT,3
9870,11,4,20,29,HARD,13
9870,12,1,1,14,HARD,0
9870,12,2,15,23,MEDIUM,0
9870,12,3,24,33,MEDIUM,9
9870,13,1,1,9,MEDIUM,0
9870,13,2,10,12,SOFT,0
9870,13,3,13,15,SOFT,0
9870,13,4,16,24,MEDIUM,9
9870,13,5,25,27,UNKNOWN,0
9870,15,1,1,12,MEDIUM,0
9870,15,2,13,18,SOFT,0
9870,15,3,19,21,SOFT,6
9870,15,4,22,29,MEDIUM,12
9870,19,1,1,5,HARD,0
9870,19,2,6,8,HARD,5
9870,19,3,9,14,SOFT,0
9870,19,4,15,25,HARD,8
9870,19,5,26,31,SOFT,6
9870,22,1,1,8,HARD,0
9870,22,2,9,13,HARD,8
9870,22,3,14,19,MEDIUM,0
9870,22,4,20,22,MEDIUM,6
9870,22,5,23,25,MEDIUM,9
9870,22,6,26,29,MEDIUM,12
9870,24,1,1,12,HARD,0
9870,24,2,13,21,MEDIUM,0
9870,24,3,22,31,MEDIUM,9
9870,25,1,1,9,HARD,0
9870,25,2,10,15,SOFT,0
9870,25,3,16,27,HARD,9
9870,26,1,1,7,HARD,0
9870,26,2,8,12,SOFT,0
9870,26,3,13,18,HARD,0
9870,26,4,19,32,HARD,13
9870,28,1,1,12,HARD,0
9870,28,2,13,17,SOFT,0
9870,28,3,18,26,SOFT,5
9870,29,1,1,5,HARD,0
9870,29,2,6,8,HARD,5
9870,29,3,9,13,HARD,8
9870,29,4,14,14,HARD,13
9870,29,5,15,17,SOFT,0
9870,29,6,18,20,SOFT,3
9870,29,7,21,28,HARD,14
9870,31,1,1,11,HARD,0
9870,31,2,12,20,MEDIUM,0
9870,31,3,21,29,MEDIUM,9
9870,32,1,1,7,HARD,0
9870,32,2,8,10,HARD,7
9870,32,3,11,13,HARD,10
9870,32,4,14,16,SOFT,0
9870,32,5,17,19,SOFT,0
9870,32,6,20,22,SOFT,6
9870,32,7,23,29,SOFT,9
9870,37,1,1,9,HARD,0
9870,37,2,10,15,HARD,9
9870,37,3,16,30,SOFT,0
9870,38,1,1,9,HARD,0
9870,38,2,10,18,HARD,9
9870,38,3,19,24,SOFT,0
9870,38,4,25,29,UNKNOWN,0
9871,1,1,1,3,MEDIUM,0
9871,1,2,4,9,MEDIUM,3
9871,1,3,10,12,MEDIUM,9
9871,1,4,13,15,SOFT,0
9871,1,5,16,27,MEDIUM,12
9871,1,6,28,34,SOFT,0
9871,2,1,1,9,MEDIUM,0
9871,2,2,10,15,SOFT,0
9871,2,3,16,26,SOFT,6
9871,2,4,27,31,MEDIUM,9
9871,3,1,1,4,MEDIUM,0
9871,3,2,5,7,MEDIUM,0
9871,3,3,8,9,MEDIUM,0
9871,3,4,10,14,SOFT,0
9871,3,5,15,17,SOFT,5
9871,3,6,18,30,MEDIUM,9
9871,4,1,1,5,HARD,0
9871,4,2,6,11,HARD,5
9871,4,3,12,14,SOFT,0
9871,4,4,15,17,SOFT,3
9871,4,5,18,26,HARD,11
9871,4,6,27,30,SOFT,6
9871,6,1,1,1,MEDIUM,0
9871,6,2,2,4,MEDIUM,1
9871,6,3,5,7,MEDIUM,4
9871,6,4,8,9,MEDIUM,0
9871,6,5,10,12,SOFT,0
9871,6,6,13,15,SOFT,3
9871,6,7,16,30,MEDIUM,9
9871,7,1,1,4,MEDIUM,0
9871,7,2,5,9,MEDIUM,4
9871,7,3,10,12,SOFT,0
9871,7,4,13,27,MEDIUM,9
9871,8,1,1,1,SOFT,0
9871,8,2,2,2,SOFT,0
9871,8,3,3,10,MEDIUM,0
9871,8,4,11,13,SOFT,0
9871,8,5,14,17,SOFT,3
9871,8,6,18,29,MEDIUM,8
9871,9,1,1,5,MEDIUM,0
9871,9,2,6,10,MEDIUM,0
9871,9,3,11,13,SOFT,0
9871,9,4,14,16,SOFT,3
9871,9,5,17,32,MEDIUM,10
9871,10,1,1,7,SOFT,0
9871,10,2,8,12,SOFT,7
9871,10,3,13,15,SOFT,0
9871,10,4,16,18,SOFT,3
9871,10,5,19,30,SOFT,6
9871,11,1,1,5,MEDIUM,0
9871,11,2,6,11,MEDIUM,5
9871,11,3,12,17,SOFT,0
9871,11,4,18,31,MEDIUM,11
9871,12,1,1,8,MEDIUM,0
9871,12,2,9,11,SOFT,0
9871,12,3,12,15,SOFT,3
9871,12,4,16,24,MEDIUM,8
9871,12,5,25,31,SOFT,7
9871,13,1,1,6,HARD,0
9871,13,2,7,9,HARD,6
9871,13,3,10,15,SOFT,0
9871,13,4,16,19,HARD,9
9871,13,5,20,29,SOFT,6
9871,14,1,1,6,MEDIUM,0
9871,14,2,7,9,MEDIUM,6
9871,14,3,10,16,MEDIUM,9
9871,14,4,17,19,SOFT,0
9871,14,5,20,23,SOFT,3
9871,14,6,24,32,SOFT,7
9871,15,1,1,11,HARD,0
9871,15,2,12,17,SOFT,0
9871,15,3,18,28,HARD,11
9871,15,4,29,31,SOFT,6
9871,16,1,1,10,MEDIUM,0
9871,16,2,11,13,SOFT,0
9871,16,3,14,19,SOFT,3
9871,16,4,20,30,MEDIUM,10
9871,17,1,1,7,MEDIUM,0
9871,17,2,8,12,MEDIUM,7
9871,17,3,13,15,SOFT,0
9871,17,4,16,18,SOFT,3
9871,17,5,19,19,SOFT,6
9871,17,6,20,34,MEDIUM,12
9871,18,1,1,7,MEDIUM,0
9871,18,2,8,12,MEDIUM,7
9871,18,3,13,15,SOFT,0
9871,18,4,16,18,SOFT,3
9871,18,5,19,28,MEDIUM,12
9871,18,6,29,33,SOFT,6
9871,19,1,1,9,MEDIUM,0
9871,19,2,10,15,SOFT,0
9871,19,3,16,27,SOFT,6
9871,19,4,28,31,MEDIUM,9
9871,20,1,1,14,MEDIUM,0
9871,20,2,15,20,SOFT,0
9871,20,3,21,34,SOFT,6
9871,29,1,1,3,MEDIUM,0
9871,29,2,4,6,MEDIUM,3
9871,29,3,7,9,MEDIUM,6
9871,29,4,10,12,SOFT,0
9871,29,5,13,15,SOFT,3
9871,29,6,16,31,SOFT,6
9872,1,1,1,9,MEDIUM,0
9872,1,2,10,19,MEDIUM,9
9872,1,3,20,30,SOFT,0
9872,2,1,1,11,MEDIUM,0
9872,2,2,12,14,MEDIUM,11
9872,2,3,15,19,SOFT,0
9872,2,4,20,22,SOFT,5
9872,3,1,1,3,MEDIUM,0
9872,3,2,4,6,MEDIUM,0
9872,3,3,7,8,MEDIUM,6
9872,3,4,9,17,MEDIUM,8
9872,3,5,18,20,SOFT,0
9872,3,6,21,24,SOFT,3
9872,4,1,1,3,SOFT,0
9872,4,2,4,6,SOFT,3
9872,4,3,7,9,SOFT,6
9872,4,4,10,10,SOFT,0
9872,4,5,11,13,SOFT,0
9872,4,6,14,16,SOFT,3
9872,4,7,17,19,SOFT,0
9872,6,1,1,1,MEDIUM,0
9872,6,2,2,4,SOFT,0
9872,6,3,5,7,SOFT,0
9872,6,4,8,10,SOFT,6
9872,6,5,11,13,SOFT,9
9872,6,6,14,16,SOFT,0
9872,6,7,17,19,SOFT,0
9872,6,8,20,24,SOFT,3
9872,7,1,1,3,MEDIUM,0
9872,7,2,4,7,MEDIUM,3
9872,7,3,8,10,MEDIUM,7
9872,7,4,11,13,SOFT,0
9872,7,5,14,16,SOFT,3
9872,7,6,17,19,SOFT,6
9872,8,1,1,1,HARD,0
9872,8,2,2,2,MEDIUM,0
9872,8,3,3,3,SOFT,0
9872,8,4,4,4,SOFT,0
9872,8,5,5,5,SOFT,0
9872,8,6,6,12,MEDIUM,0
9872,9,1,1,3,MEDIUM,0
9872,9,2,4,9,MEDIUM,3
9872,9,3,10,16,MEDIUM,9
9872,9,4,17,19,SOFT,0
9872,9,5,20,26,SOFT,3
9872,10,1,1,1,MEDIUM,0
9872,10,2,2,2,SOFT,0
9872,10,3,3,3,SOFT,0
9872,10,4,4,4,SOFT,0
9872,10,5,5,5,SOFT,0
9872,10,6,6,13,MEDIUM,0
9872,10,7,14,16,SOFT,0
9872,10,8,17,19,SOFT,3
9872,10,9,20,23,SOFT,0
9872,11,1,1,8,MEDIUM,0
9872,11,2,9,14,MEDIUM,8
9872,11,3,15,17,SOFT,0
9872,11,4,18,23,SOFT,3
9872,12,1,1,9,SOFT,0
9872,12,2,10,11,SOFT,0
9872,12,3,12,14,SOFT,2
9872,12,4,15,17,SOFT,5
9872,12,5,18,20,SOFT,9
9872,13,1,1,3,MEDIUM,0
9872,13,2,4,6,MEDIUM,0
9872,13,3,7,18,MEDIUM,6
9872,13,4,19,21,SOFT,0
9872,13,5,22,25,SOFT,0
9872,14,1,1,3,SOFT,0
9872,14,2,4,7,SOFT,3
9872,14,3,8,10,SOFT,7
9872,14,4,11,11,SOFT,0
9872,14,5,12,14,SOFT,0
9872,14,6,15,20,SOFT,3
9872,15,1,1,8,MEDIUM,0
9872,15,2,9,17,MEDIUM,8
9872,15,3,18,23,SOFT,0
9872,15,4,24,26,MEDIUM,17
9872,16,1,1,5,MEDIUM,0
9872,16,2,6,9,MEDIUM,5
9872,16,3,10,12,MEDIUM,9
9872,16,4,13,19,MEDIUM,12
9872,16,5,20,29,SOFT,0
9872,17,1,1,7,SOFT,0
9872,17,2,8,10,SOFT,7
9872,17,3,11,17,SOFT,10
9872,17,4,18,21,SOFT,0
9872,17,5,22,24,SOFT,17
9872,18,1,1,3,MEDIUM,0
9872,18,2,4,6,MEDIUM,3
9872,18,3,7,10,MEDIUM,6
9872,18,4,11,13,SOFT,0
9872,18,5,14,16,SOFT,3
9872,18,6,17,19,SOFT,0
9872,19,1,1,14,MEDIUM,0
9872,19,2,15,20,SOFT,0
9872,19,3,21,23,SOFT,6
9872,20,1,1,5,MEDIUM,0
9872,20,2,6,14,MEDIUM,0
9872,20,3,15,20,SOFT,0
9872,20,4,21,23,MEDIUM,14
9872,29,1,1,1,MEDIUM,0
9872,29,2,2,4,SOFT,0
9872,29,3,5,7,SOFT,3
9872,29,4,8,10,SOFT,6
9872,29,5,11,15,SOFT,9
9872,29,6,16,18,SOFT,0
9872,29,7,19,22,SOFT,3
9873,1,1,1,3,SOFT,0
9873,1,2,4,6,SOFT,3
9873,1,3,7,9,SOFT,0
9873,1,4,10,12,SOFT,0
9873,1,5,13,15,SOFT,0
9873,1,6,16,18,SOFT,0
9873,2,1,1,6,SOFT,0
9873,2,2,7,9,SOFT,0
9873,2,3,10,12,SOFT,0
9873,2,4,13,15,SOFT,0
9873,2,5,16,18,SOFT,0
9873,2,6,19,21,SOFT,0
9873,3,1,1,3,SOFT,0
9873,3,2,4,6,SOFT,3
9873,3,3,7,9,SOFT,0
9873,4,1,1,3,SOFT,0
9873,4,2,4,6,SOFT,0
9873,4,3,7,9,SOFT,0
9873,4,4,10,12,SOFT,0
9873,4,5,13,15,SOFT,3
9873,4,6,16,18,SOFT,0
9873,6,1,1,3,SOFT,0
9873,6,2,4,6,SOFT,0
9873,6,3,7,9,SOFT,0
9873,7,1,1,3,SOFT,0
9873,7,2,4,6,SOFT,0
9873,7,3,7,9,SOFT,0
9873,7,4,10,12,SOFT,0
9873,7,5,13,15,SOFT,3
9873,7,6,16,18,SOFT,0
9873,8,1,1,3,SOFT,1
9873,8,2,4,6,SOFT,1
9873,8,3,7,9,SOFT,1
9873,8,4,10,12,SOFT,4
9873,8,5,13,15,SOFT,1
9873,9,1,1,6,SOFT,0
9873,9,2,7,8,SOFT,6
9873,9,3,9,11,SOFT,0
9873,9,4,12,14,SOFT,3
9873,9,5,15,17,SOFT,0
9873,9,6,18,20,SOFT,0
9873,10,1,1,3,SOFT,1
9873,10,2,4,6,SOFT,1
9873,10,3,7,9,SOFT,1
9873,11,1,1,3,SOFT,0
9873,11,2,4,6,SOFT,0
9873,11,3,7,9,SOFT,0
9873,11,4,10,12,SOFT,0
9873,12,1,1,3,SOFT,0
9873,12,2,4,6,SOFT,0
9873,12,3,7,9,SOFT,0
9873,13,1,1,3,SOFT,0
9873,13,2,4,6,SOFT,0
9873,13,3,7,9,SOFT,0
9873,13,4,10,12,SOFT,0
9873,13,5,13,15,SOFT,0
9873,14,1,1,3,SOFT,0
9873,14,2,4,6,SOFT,0
9873,14,3,7,8,SOFT,0
9873,14,4,9,10,SOFT,0
9873,14,5,11,13,SOFT,3
9873,15,1,1,3,SOFT,0
9873,15,2,4,6,SOFT,0
9873,15,3,7,9,SOFT,0
9873,15,4,10,12,SOFT,0
9873,15,5,13,15,SOFT,0
9873,16,1,1,6,SOFT,0
9873,16,2,7,9,SOFT,0
9873,16,3,10,12,SOFT,3
9873,16,4,13,15,SOFT,0
9873,16,5,16,18,SOFT,0
9873,16,6,19,21,SOFT,0
9873,17,1,1,3,SOFT,0
9873,17,2,4,6,SOFT,0
9873,17,3,7,9,SOFT,0
9873,17,4,10,12,SOFT,0
9873,17,5,13,15,SOFT,0
9873,17,6,16,18,SOFT,0
9873,18,1,1,3,SOFT,0
9873,18,2,4,6,SOFT,0
9873,18,3,7,9,SOFT,0
9873,18,4,10,12,SOFT,0
9873,18,5,13,15,SOFT,0
9873,18,6,16,18,SOFT,0
9873,19,1,1,6,SOFT,0
9873,19,2,7,8,SOFT,0
9873,19,3,9,11,SOFT,2
9873,19,4,12,14,SOFT,0
9873,19,5,15,17,SOFT,0
9873,19,6,18,20,SOFT,0
9873,20,1,1,3,SOFT,0
9873,20,2,4,6,SOFT,0
9873,20,3,7,9,SOFT,0
9873,20,4,10,12,SOFT,3
9873,20,5,13,15,SOFT,0
9873,20,6,16,18,SOFT,3
9873,20,7,19,21,SOFT,0
9873,29,1,1,3,SOFT,0
9873,29,2,4,6,SOFT,0
9873,29,3,7,8,SOFT,0
9877,1,1,1,37,MEDIUM,0
9877,1,2,38,71,SOFT,3
9877,2,1,1,34,SOFT,0
9877,2,2,35,71,MEDIUM,0
9877,3,1,1,37,MEDIUM,0
9877,3,2,38,71,SOFT,0
9877,4,1,1,34,MEDIUM,0
9877,4,2,35,70,SOFT,3
9877,6,1,1,33,MEDIUM,0
9877,6,2,34,70,SOFT,0
9877,7,1,1,22,SOFT,3
9877,7,2,23,47,MEDIUM,0
9877,7,3,48,71,SOFT,3
9877,8,1,1,20,SOFT,0
9877,8,2,21,34,MEDIUM,1
9877,9,1,1,31,SOFT,0
9877,9,2,32,71,MEDIUM,0
9877,10,1,1,26,SOFT,0
9877,10,2,27,43,MEDIUM,1
9877,10,3,44,70,SOFT,1
9877,11,1,1,36,MEDIUM,0
9877,11,2,37,71,SOFT,0
9877,12,1,1,41,HARD,0
9877,12,2,42,70,SOFT,0
9877,13,1,1,25,SOFT,0
9877,14,1,1,2,SOFT,0
9877,14,2,3,5,HARD,0
9877,15,1,1,27,SOFT,0
9877,15,2,28,71,MEDIUM,0
9877,16,1,1,23,SOFT,3
9877,16,2,24,47,MEDIUM,0
9877,16,3,48,71,SOFT,3
9877,17,1,1,17,MEDIUM,0
9877,17,2,18,46,SOFT,0
9877,17,3,47,56,SOFT,3
9877,17,4,57,67,SOFT,13
9877,18,1,1,25,SOFT,3
9877,18,2,26,48,MEDIUM,0
9877,18,3,49,71,SOFT,3
9877,19,1,1,24,SOFT,3
9877,19,2,25,47,MEDIUM,0
9877,19,3,48,71,SOFT,3
9877,20,1,1,24,SOFT,3
9877,20,2,25,48,MEDIUM,0
9877,20,3,49,71,SOFT,3
9877,29,1,1,48,HARD,0
9877,29,2,49,70,SOFT,0
9878,1,1,1,9,HARD,0
9878,1,2,10,19,HARD,9
9878,1,3,20,26,SOFT,0
9878,2,1,1,7,HARD,0
9878,2,2,8,17,HARD,7
9878,2,3,18,23,SOFT,0
9878,3,1,1,8,HARD,0
9878,3,2,9,17,HARD,8
9878,3,3,18,24,SOFT,0
9878,4,1,1,9,HARD,0
9878,4,2,10,17,HARD,9
9878,4,3,18,21,MEDIUM,0
9878,4,4,22,25,MEDIUM,0
9878,6,1,1,9,HARD,0
9878,6,2,10,17,HARD,0
9878,6,3,18,20,SOFT,0
9878,6,4,21,24,SOFT,3
9878,7,1,1,9,HARD,0
9878,7,2,10,20,HARD,9
9878,7,3,21,22,MEDIUM,0
9878,7,4,23,27,MEDIUM,2
9878,8,1,1,1,MEDIUM,0
9878,8,2,2,8,HARD,0
9878,8,3,9,17,HARD,7
9878,8,4,18,20,SOFT,0
9878,8,5,21,23,HARD,0
9878,9,1,1,2,HARD,0
9878,9,2,3,9,HARD,2
9878,9,3,10,17,HARD,9
9878,9,4,18,18,MEDIUM,0
9878,10,1,1,1,MEDIUM,0
9878,10,2,2,9,HARD,0
9878,10,3,10,17,HARD,8
9878,10,4,18,20,SOFT,0
9878,10,5,21,23,SOFT,0
9878,11,1,1,9,HARD,0
9878,11,2,10,17,HARD,9
9878,11,3,18,24,SOFT,0
9878,12,1,1,9,HARD,0
9878,12,2,10,19,HARD,9
9878,12,3,20,27,SOFT,0
9878,13,1,1,8,HARD,0
9878,13,2,9,17,HARD,8
9878,13,3,18,20,SOFT,0
9878,13,4,21,24,SOFT,0
9878,14,1,1,6,HARD,0
9878,14,2,7,10,HARD,0
9878,14,3,11,18,HARD,10
9878,14,4,19,21,MEDIUM,0
9878,14,5,22,25,MEDIUM,3
9878,15,1,1,10,HARD,0
9878,15,2,11,13,HARD,10
9878,15,3,14,19,HARD,13
9878,15,4,20,26,SOFT,0
9878,16,1,1,10,HARD,0
9878,16,2,11,18,HARD,0
9878,16,3,19,25,MEDIUM,0
9878,17,1,1,9,HARD,0
9878,18,1,1,5,HARD,0
9878,18,2,6,8,HARD,5
9878,18,3,9,19,HARD,8
9878,18,4,20,27,MEDIUM,0
9878,19,1,1,9,HARD,0
9878,19,2,10,18,HARD,9
9878,19,3,19,26,SOFT,0
9878,20,1,1,10,HARD,0
9878,20,2,11,13,HARD,10
9878,20,3,14,20,HARD,13
9878,20,4,21,27,SOFT,0
9878,29,1,1,10,HARD,0
9878,29,2,11,18,HARD,10
9878,29,3,19,25,SOFT,0
9879,1,1,1,6,MEDIUM,0
9879,1,2,7,9,MEDIUM,0
9879,1,3,10,12,SOFT,0
9879,2,1,1,6,MEDIUM,0
9879,2,2,7,9,MEDIUM,0
9879,2,3,10,12,SOFT,0
9879,3,1,1,3,MEDIUM,0
9879,3,2,4,5,MEDIUM,3
9879,4,1,1,3,MEDIUM,0
9879,4,2,4,6,MEDIUM,3
9879,4,3,7,9,MEDIUM,0
9879,6,1,1,6,MEDIUM,0
9879,6,2,7,9,MEDIUM,0
9879,7,1,1,5,MEDIUM,0
9879,7,2,6,11,MEDIUM,0
9879,8,1,1,3,MEDIUM,0
9879,8,2,4,4,MEDIUM,3
9879,8,3,5,9,MEDIUM,0
9879,8,4,10,12,SOFT,0
9879,9,1,1,6,MEDIUM,0
9879,9,2,7,12,MEDIUM,0
9879,9,3,13,15,SOFT,0
9879,10,1,1,3,MEDIUM,0
9879,10,2,4,5,MEDIUM,3
9879,10,3,6,10,MEDIUM,0
9879,11,1,1,3,MEDIUM,0
9879,11,2,4,5,MEDIUM,3
9879,12,1,1,3,MEDIUM,0
9879,12,2,4,6,MEDIUM,0
9879,12,3,7,9,MEDIUM,0
9879,12,4,10,11,MEDIUM,3
9879,12,5,12,14,SOFT,0
9879,13,1,1,3,MEDIUM,0
9879,13,2,4,6,MEDIUM,3
9879,13,3,7,9,MEDIUM,0
9879,13,4,10,12,SOFT,0
9879,14,1,1,3,MEDIUM,0
9879,14,2,4,5,MEDIUM,3
9879,14,3,6,8,MEDIUM,0
9879,15,1,1,3,MEDIUM,0
9879,15,2,4,5,MEDIUM,3
9879,16,1,1,3,MEDIUM,0
9879,16,2,4,5,MEDIUM,3
9879,16,3,6,11,MEDIUM,0
9879,16,4,12,14,SOFT,0
9879,17,1,1,3,MEDIUM,0
9879,17,2,4,6,MEDIUM,3
9879,17,3,7,9,MEDIUM,0
9879,17,4,10,11,MEDIUM,3
9879,17,5,12,14,SOFT,0
9879,18,1,1,5,MEDIUM,0
9879,18,2,6,10,MEDIUM,0
9879,18,3,11,13,SOFT,0
9879,19,1,1,6,MEDIUM,0
9879,19,2,7,10,MEDIUM,0
9879,19,3,11,13,SOFT,0
9879,20,1,1,3,MEDIUM,0
9879,20,2,4,5,MEDIUM,3
9879,29,1,1,3,MEDIUM,0
9879,29,2,4,6,MEDIUM,3
9883,1,1,1,19,MEDIUM,0
9883,2,1,1,1,MEDIUM,0
9883,3,1,1,19,MEDIUM,0
9883,4,1,1,19,MEDIUM,6
9883,6,1,1,19,MEDIUM,0
9883,7,1,1,19,MEDIUM,5
9883,8,1,1,1,MEDIUM,0
9883,9,1,1,19,MEDIUM,1
9883,10,1,1,1,MEDIUM,5
9883,10,2,2,15,MEDIUM,5
9883,11,1,1,19,MEDIUM,0
9883,12,1,1,19,MEDIUM,0
9883,13,1,1,1,MEDIUM,0
9883,13,2,2,19,MEDIUM,0
9883,14,1,1,19,MEDIUM,5
9883,15,1,1,15,MEDIUM,0
9883,16,1,1,19,MEDIUM,5
9883,17,1,1,19,MEDIUM,0
9883,18,1,1,19,MEDIUM,5
9883,19,1,1,1,MEDIUM,0
9883,20,1,1,19,MEDIUM,0
9883,29,1,1,1,MEDIUM,0
9883,29,2,2,2,,6
9883,29,3,3,19,MEDIUM,0
9884,1,1,1,3,SOFT,3
9884,1,2,4,6,SOFT,0
9884,1,3,7,9,SOFT,0
9884,1,4,10,12,SOFT,0
9884,1,5,13,14,SOFT,0
9884,2,1,1,1,SOFT,0
9884,2,2,2,2,SOFT,4
9884,2,3,3,8,SOFT,0
9884,2,4,9,11,SOFT,0
9884,2,5,12,14,SOFT,3
9884,2,6,15,17,SOFT,0
9884,2,7,18,20,SOFT,0
9884,3,1,1,2,SOFT,0
9884,3,2,3,5,SOFT,2
9884,3,3,6,8,SOFT,0
9884,4,1,1,2,SOFT,0
9884,6,1,1,2,SOFT,0
9884,6,2,3,5,SOFT,0
9884,6,3,6,8,SOFT,0
9884,6,4,9,11,SOFT,0
9884,6,5,12,14,SOFT,0
9884,7,1,1,3,SOFT,0
9884,7,2,4,6,SOFT,0
9884,7,3,7,9,SOFT,0
9884,7,4,10,12,SOFT,0
9884,7,5,13,15,SOFT,0
9884,7,6,16,18,SOFT,0
9884,8,1,1,2,SOFT,2
9884,8,2,3,5,SOFT,0
9884,8,3,6,6,SOFT,0
9884,8,4,7,9,SOFT,3
9884,8,5,10,12,SOFT,0
9884,8,6,13,15,SOFT,3
9884,8,7,16,18,SOFT,0
9884,9,1,1,1,SOFT,3
9884,9,2,2,4,SOFT,0
9884,9,3,5,7,SOFT,3
9884,9,4,8,10,SOFT,0
9884,9,5,11,11,SOFT,0
9884,9,6,12,14,SOFT,0
9884,9,7,15,17,SOFT,0
9884,10,1,1,1,SOFT,6
9884,10,2,2,4,SOFT,0
9884,10,3,5,7,SOFT,0
9884,11,1,1,1,SOFT,7
9884,11,2,2,4,SOFT,0
9884,11,3,5,7,SOFT,0
9884,11,4,8,10,SOFT,0
9884,11,5,11,13,SOFT,0
9884,12,1,1,1,SOFT,3
9884,12,2,2,3,SOFT,4
9884,12,3,4,6,SOFT,0
9884,12,4,7,9,SOFT,0
9884,13,1,1,2,SOFT,0
9884,13,2,3,5,SOFT,0
9884,13,3,6,8,SOFT,0
9884,13,4,9,11,SOFT,3
9884,13,5,12,14,SOFT,0
9884,14,1,1,2,SOFT,0
9884,14,2,3,5,SOFT,0
9884,14,3,6,8,SOFT,0
9884,14,4,9,11,SOFT,0
9884,14,5,12,14,SOFT,0
9884,15,1,1,2,SOFT,6
9884,15,2,3,5,SOFT,0
9884,15,3,6,8,SOFT,0
9884,16,1,1,1,MEDIUM,6
9884,16,2,2,4,SOFT,0
9884,16,3,5,7,SOFT,3
9884,16,4,8,10,SOFT,0
9884,16,5,11,12,SOFT,0
9884,16,6,13,15,SOFT,0
9884,16,7,16,18,SOFT,0
9884,17,1,1,1,SOFT,3
9884,17,2,2,3,SOFT,4
9884,17,3,4,6,SOFT,0
9884,17,4,7,8,SOFT,0
9884,17,5,9,11,SOFT,0
9884,17,6,12,14,SOFT,0
9884,17,7,15,17,SOFT,2
9884,17,8,18,20,SOFT,0
9884,18,1,1,1,SOFT,3
9884,18,2,2,4,SOFT,0
9884,18,3,5,7,SOFT,0
9884,18,4,8,10,SOFT,3
9884,18,5,11,13,SOFT,0
9884,18,6,14,16,SOFT,0
9884,18,7,17,19,SOFT,0
9884,19,1,1,1,SOFT,3
9884,19,2,2,8,SOFT,0
9884,19,3,9,11,SOFT,0
9884,19,4,12,13,SOFT,0
9884,19,5,14,16,SOFT,2
9884,19,6,17,19,SOFT,0
9884,20,1,1,2,SOFT,6
9884,20,2,3,5,SOFT,0
9884,20,3,6,8,SOFT,0
9884,20,4,9,11,SOFT,0
9884,20,5,12,13,SOFT,0
9884,20,6,14,16,SOFT,2
9884,20,7,17,19,SOFT,0
9884,29,1,1,2,SOFT,0
9884,29,2,3,5,SOFT,0
9884,29,3,6,8,SOFT,0
9884,29,4,9,11,SOFT,0
9884,29,5,12,14,SOFT,0
9888,1,1,1,33,MEDIUM,0
9888,1,2,34,56,SOFT,2
9888,2,1,1,32,MEDIUM,0
9888,2,2,33,56,SOFT,6
9888,3,1,1,14,SOFT,0
9888,3,2,15,36,MEDIUM,0
9888,3,3,37,55,SOFT,0
9888,4,1,1,28,HARD,0
9888,4,2,29,56,SOFT,0
9888,6,1,1,27,MEDIUM,0
9888,6,2,28,55,SOFT,2
9888,7,1,1,31,MEDIUM,0
9888,7,2,32,56,SOFT,3
9888,8,1,1,30,MEDIUM,1
9888,8,2,31,56,SOFT,3
9888,9,1,1,22,SOFT,3
9888,9,2,23,56,MEDIUM,0
9888,10,1,1,28,SOFT,0
9888,10,2,29,56,MEDIUM,1
9888,11,1,1,29,MEDIUM,0
9888,11,2,30,56,SOFT,0
9888,12,1,1,7,HARD,0
9888,12,2,8,36,MEDIUM,0
9888,12,3,37,56,SOFT,0
9888,13,1,1,33,MEDIUM,0
9888,13,2,34,56,SOFT,0
9888,14,1,1,30,MEDIUM,0
9888,14,2,31,56,SOFT,0
9888,15,1,1,24,HARD,0
9888,15,2,25,56,MEDIUM,0
9888,16,1,1,31,MEDIUM,0
9888,16,2,32,56,SOFT,2
9888,17,1,1,5,MEDIUM,0
9888,18,1,1,33,MEDIUM,0
9888,18,2,34,56,SOFT,3
9888,19,1,1,30,MEDIUM,0
9888,19,2,31,56,SOFT,3
9888,20,1,1,30,MEDIUM,0
9888,20,2,31,56,SOFT,3
9888,29,1,1,32,MEDIUM,0
9888,29,2,33,55,SOFT,2
9889,1,1,1,5,HARD,0
9889,1,2,6,10,HARD,5
9889,1,3,11,16,SOFT,0
9889,1,4,17,24,HARD,10
9889,2,1,1,9,HARD,0
9889,2,2,10,12,SOFT,0
9889,2,3,13,16,SOFT,3
9889,2,4,17,22,SOFT,7
9889,3,1,1,6,HARD,0
9889,3,2,7,13,HARD,0
9889,3,3,14,16,SOFT,0
9889,3,4,17,19,SOFT,3
9889,3,5,20,27,SOFT,0
9889,4,1,1,7,HARD,0
9889,4,2,8,13,HARD,0
9889,4,3,14,16,SOFT,0
9889,4,4,17,19,SOFT,3
9889,4,5,20,28,SOFT,6
9889,6,1,1,5,HARD,0
9889,6,2,6,10,HARD,5
9889,6,3,11,13,HARD,10
9889,6,4,14,17,SOFT,0
9889,6,5,18,20,SOFT,4
9889,6,6,21,26,HARD,13
9889,7,1,1,9,HARD,0
9889,7,2,10,12,MEDIUM,0
9889,7,3,13,15,MEDIUM,3
9889,7,4,16,18,MEDIUM,0
9889,7,5,19,24,MEDIUM,9
9889,8,1,1,7,MEDIUM,0
9889,8,2,8,12,MEDIUM,7
9889,8,3,13,19,SOFT,0
9889,8,4,20,23,SOFT,7
9889,9,1,1,11,HARD,0
9889,9,2,12,14,SOFT,0
9889,9,3,15,17,SOFT,3
9889,9,4,18,25,SOFT,6
9889,10,1,1,7,MEDIUM,0
9889,10,2,8,13,SOFT,0
9889,10,3,14,18,MEDIUM,7
9889,11,1,1,7,HARD,0
9889,11,2,8,12,HARD,7
9889,11,3,13,14,SOFT,0
9889,11,4,15,20,SOFT,2
9889,11,5,21,25,HARD,0
9889,12,1,1,2,HARD,0
9889,13,1,1,13,HARD,0
9889,13,2,14,16,SOFT,0
9889,13,3,17,29,SOFT,3
9889,14,1,1,7,HARD,0
9889,14,2,8,14,HARD,0
9889,14,3,15,16,SOFT,0
9889,14,4,17,19,SOFT,0
9889,14,5,20,27,HARD,14
9889,15,1,1,11,HARD,0
9889,15,2,12,14,SOFT,0
9889,15,3,15,17,SOFT,11
9889,15,4,18,24,HARD,11
9889,16,1,1,11,HARD,0
9889,16,2,12,16,SOFT,0
9889,16,3,17,19,SOFT,5
9889,16,4,20,23,SOFT,8
9889,17,1,1,10,HARD,0
9889,17,2,11,17,MEDIUM,0
9889,17,3,18,27,MEDIUM,7
9889,18,1,1,5,HARD,0
9889,18,2,6,10,HARD,5
9889,18,3,11,14,MEDIUM,0
9889,18,4,15,17,MEDIUM,4
9889,18,5,18,22,MEDIUM,7
9889,19,1,1,9,HARD,0
9889,19,2,10,12,SOFT,0
9889,19,3,13,16,SOFT,3
9889,19,4,17,20,SOFT,0
9889,19,5,21,25,SOFT,11
9889,20,1,1,11,HARD,0
9889,20,2,12,18,SOFT,0
9889,20,3,19,25,HARD,11
9889,29,1,1,9,HARD,0
9889,29,2,10,12,SOFT,0
9889,29,3,13,15,SOFT,3
9889,29,4,16,26,HARD,9
9890,1,1,1,8,MEDIUM,0
9890,1,2,9,10,SOFT,0
9890,1,3,11,19,SOFT,2
9890,2,1,1,8,MEDIUM,0
9890,2,2,9,10,SOFT,0
9890,2,3,11,18,SOFT,0
9890,3,1,1,7,MEDIUM,0
9890,3,2,8,8,MEDIUM,7
9890,3,3,9,10,SOFT,0
9890,3,4,11,12,SOFT,2
9890,3,5,13,19,SOFT,0
9890,4,1,1,8,MEDIUM,0
9890,4,2,9,10,SOFT,0
9890,4,3,11,19,SOFT,2
9890,6,1,1,3,MEDIUM,0
9890,6,2,4,6,MEDIUM,3
9890,6,3,7,8,MEDIUM,6
9890,6,4,9,11,SOFT,0
9890,6,5,12,14,SOFT,3
9890,6,6,15,20,SOFT,6
9890,7,1,1,4,MEDIUM,0
9890,7,2,5,7,MEDIUM,4
9890,7,3,8,9,SOFT,0
9890,7,4,10,18,MEDIUM,7
9890,8,1,1,7,HARD,0
9890,8,2,8,10,SOFT,0
9890,8,3,11,19,SOFT,3
9890,9,1,1,6,MEDIUM,0
9890,9,2,7,7,MEDIUM,6
9890,9,3,8,10,MEDIUM,7
9890,9,4,11,13,SOFT,0
9890,9,5,14,18,SOFT,0
9890,10,1,1,8,HARD,0
9890,10,2,9,10,SOFT,0
9890,10,3,11,18,SOFT,2
9890,11,1,1,5,MEDIUM,0
9890,11,2,6,8,MEDIUM,0
9890,11,3,9,10,SOFT,0
9890,11,4,11,14,SOFT,2
9890,11,5,15,18,MEDIUM,0
9890,12,1,1,8,MEDIUM,0
9890,12,2,9,11,MEDIUM,8
9890,12,3,12,19,SOFT,0
9890,13,1,1,7,MEDIUM,0
9890,13,2,8,10,SOFT,0
9890,13,3,11,19,SOFT,3
9890,14,1,1,8,MEDIUM,0
9890,14,2,9,10,SOFT,0
9890,15,1,1,8,MEDIUM,0
9890,15,2,9,11,SOFT,0
9890,15,3,12,19,SOFT,0
9890,16,1,1,4,MEDIUM,0
9890,16,2,5,7,MEDIUM,4
9890,16,3,8,10,MEDIUM,7
9890,16,4,11,12,SOFT,0
9890,16,5,13,17,SOFT,2
9890,17,1,1,8,MEDIUM,0
9890,17,2,9,11,SOFT,0
9890,17,3,12,20,SOFT,3
9890,18,1,1,6,MEDIUM,0
9890,19,1,1,8,MEDIUM,0
9890,19,2,9,10,SOFT,0
9890,19,3,11,19,SOFT,0
9890,20,1,1,5,MEDIUM,0
9890,20,2,6,7,MEDIUM,0
9890,20,3,8,10,SOFT,0
9890,20,4,11,15,SOFT,3
9890,20,5,16,18,MEDIUM,7
9890,29,1,1,3,MEDIUM,0
9890,29,2,4,7,MEDIUM,0
9890,29,3,8,8,MEDIUM,7
9890,29,4,9,11,SOFT,0
9890,29,5,12,14,SOFT,3
9890,29,6,15,20,SOFT,6
9891,1,1,1,1,MEDIUM,0
9891,1,2,2,9,MEDIUM,1
9891,1,3,10,12,SOFT,0
9891,1,4,13,16,SOFT,2
9891,2,1,1,6,MEDIUM,0
9891,2,2,7,15,MEDIUM,6
9891,2,3,16,16,MEDIUM,15
9891,2,4,17,26,SOFT,0
9891,3,1,1,3,MEDIUM,0
9891,3,2,4,6,MEDIUM,3
9891,3,3,7,7,MEDIUM,0
9891,3,4,8,17,MEDIUM,7
9891,3,5,18,20,SOFT,0
9891,3,6,21,25,SOFT,0
9891,4,1,1,3,MEDIUM,0
9891,4,2,4,6,MEDIUM,0
9891,4,3,7,9,MEDIUM,0
9891,4,4,10,15,MEDIUM,0
9891,4,5,16,25,SOFT,0
9891,6,1,1,3,MEDIUM,0
9891,6,2,4,6,MEDIUM,3
9891,6,3,7,9,MEDIUM,6
9891,6,4,10,15,MEDIUM,9
9891,6,5,16,18,SOFT,0
9891,6,6,19,23,SOFT,0
9891,7,1,1,2,SOFT,0
9891,7,2,3,5,SOFT,2
9891,7,3,6,8,SOFT,5
9891,7,4,9,10,SOFT,8
9891,7,5,11,13,SOFT,0
9891,7,6,14,19,SOFT,1
9891,8,1,1,1,HARD,0
9891,8,2,2,2,MEDIUM,0
9891,8,3,3,4,MEDIUM,0
9891,8,4,5,11,MEDIUM,2
9891,8,5,12,15,MEDIUM,0
9891,8,6,16,18,SOFT,0
9891,8,7,19,22,SOFT,0
9891,9,1,1,4,MEDIUM,0
9891,9,2,5,6,MEDIUM,4
9891,9,3,7,12,MEDIUM,6
9891,9,4,13,15,SOFT,0
9891,9,5,16,23,SOFT,3
9891,10,1,1,1,HARD,0
9891,10,2,2,2,MEDIUM,0
9891,10,3,3,4,MEDIUM,0
9891,10,4,5,15,MEDIUM,2
9891,10,5,16,24,SOFT,0
9891,11,1,1,7,MEDIUM,0
9891,11,2,8,17,MEDIUM,0
9891,11,3,18,20,SOFT,0
9891,11,4,21,25,SOFT,0
9891,12,1,1,4,SOFT,0
9891,12,2,5,14,SOFT,4
9891,12,3,15,19,SOFT,0
9891,12,4,20,23,SOFT,0
9891,13,1,1,5,MEDIUM,0
9891,13,2,6,14,MEDIUM,5
9891,13,3,15,17,SOFT,0
9891,13,4,18,22,SOFT,1
9891,14,1,1,5,MEDIUM,0
9891,14,2,6,7,MEDIUM,5
9891,15,1,1,5,MEDIUM,0
9891,15,2,6,8,MEDIUM,0
9891,15,3,9,11,MEDIUM,8
9891,15,4,12,14,MEDIUM,0
9891,15,5,15,23,SOFT,0
9891,16,1,1,5,MEDIUM,0
9891,16,2,6,14,MEDIUM,5
9891,16,3,15,17,SOFT,0
9891,16,4,18,20,SOFT,2
9891,16,5,21,23,SOFT,7
9891,17,1,1,5,SOFT,0
9891,17,2,6,14,SOFT,5
9891,17,3,15,15,SOFT,14
9891,17,4,16,18,SOFT,0
9891,17,5,19,23,SOFT,2
9891,18,1,1,1,SOFT,0
9891,18,2,2,4,SOFT,1
9891,18,3,5,10,SOFT,4
9891,18,4,11,15,SOFT,0
9891,18,5,16,18,SOFT,10
9891,19,1,1,4,MEDIUM,0
9891,19,2,5,6,MEDIUM,4
9891,19,3,7,15,MEDIUM,6
9891,19,4,16,16,MEDIUM,15
9891,19,5,17,19,SOFT,0
9891,19,6,20,26,SOFT,0
9891,20,1,1,8,MEDIUM,0
9891,20,2,9,15,MEDIUM,8
9891,20,3,16,24,SOFT,0
9891,29,1,1,3,MEDIUM,0
9891,29,2,4,8,MEDIUM,3
9891,29,3,9,11,MEDIUM,0
9891,29,4,12,14,MEDIUM,11
9891,29,5,15,17,SOFT,0
9891,29,6,18,23,SOFT,0
9892,1,1,1,3,SOFT,0
9892,1,2,4,6,SOFT,3
9892,1,3,7,9,SOFT,0
9892,1,4,10,12,SOFT,0
9892,1,5,13,15,SOFT,0
9892,1,6,16,18,SOFT,0
9892,2,1,1,3,SOFT,0
9892,2,2,4,8,SOFT,0
9892,2,3,9,11,SOFT,3
9892,2,4,12,14,SOFT,0
9892,2,5,15,17,SOFT,0
9892,2,6,18,20,SOFT,0
9892,3,1,1,5,SOFT,0
9892,3,2,6,8,SOFT,0
9892,4,1,1,6,SOFT,0
9892,4,2,7,8,SOFT,0
9892,4,3,9,11,SOFT,0
9892,4,4,12,14,SOFT,0
9892,4,5,15,17,SOFT,0
9892,4,6,18,19,SOFT,0
9892,6,1,1,3,SOFT,0
9892,6,2,4,6,SOFT,0
9892,6,3,7,8,SOFT,0
9892,7,1,1,2,SOFT,0
9892,7,2,3,5,SOFT,0
9892,7,3,6,8,SOFT,0
9892,7,4,9,11,SOFT,0
9892,7,5,12,14,SOFT,0
9892,7,6,15,17,SOFT,0
9892,8,1,1,3,SOFT,0
9892,8,2,4,6,SOFT,0
9892,8,3,7,9,SOFT,0
9892,8,4,10,12,SOFT,0
9892,8,5,13,15,SOFT,3
9892,8,6,16,18,SOFT,0
9892,9,1,1,6,SOFT,0
9892,9,2,7,9,SOFT,0
9892,9,3,10,13,SOFT,0
9892,9,4,14,16,SOFT,0
9892,9,5,17,19,SOFT,3
9892,9,6,20,22,SOFT,0
9892,10,1,1,6,SOFT,0
9892,10,2,7,9,SOFT,0
9892,11,1,1,3,SOFT,0
9892,11,2,4,6,SOFT,0
9892,11,3,7,9,SOFT,0
9892,11,4,10,12,SOFT,0
9892,12,1,1,3,SOFT,0
9892,12,2,4,6,SOFT,3
9892,12,3,7,8,SOFT,0
9892,12,4,9,11,SOFT,0
9892,12,5,12,14,SOFT,0
9892,13,1,1,3,SOFT,0
9892,13,2,4,6,SOFT,3
9892,13,3,7,9,SOFT,0
9892,13,4,10,12,SOFT,0
9892,13,5,13,15,SOFT,0
9892,14,1,1,3,SOFT,0
9892,14,2,4,6,SOFT,0
9892,14,3,7,8,SOFT,0
9892,14,4,9,11,SOFT,2
9892,14,5,12,14,SOFT,0
9892,15,1,1,3,SOFT,0
9892,15,2,4,6,SOFT,0
9892,16,1,1,6,SOFT,0
9892,16,2,7,9,SOFT,0
9892,16,3,10,13,SOFT,0
9892,16,4,14,14,SOFT,0
9892,16,5,15,17,SOFT,0
9892,16,6,18,20,SOFT,1
9892,17,1,1,3,SOFT,0
9892,17,2,4,6,SOFT,3
9892,17,3,7,8,SOFT,0
9892,17,4,9,11,SOFT,0
9892,17,5,12,14,SOFT,0
9892,18,1,1,3,SOFT,0
9892,18,2,4,6,SOFT,0
9892,18,3,7,9,SOFT,3
9892,18,4,10,12,SOFT,0
9892,18,5,13,15,SOFT,0
9892,18,6,16,18,SOFT,0
9892,19,1,1,2,SOFT,0
9892,19,2,3,8,SOFT,0
9892,19,3,9,11,SOFT,2
9892,19,4,12,14,SOFT,0
9892,19,5,15,17,SOFT,0
9892,19,6,18,20,SOFT,0
9892,20,1,1,3,SOFT,0
9892,20,2,4,5,SOFT,0
9892,20,3,6,8,SOFT,0
9892,20,4,9,11,SOFT,0
9892,20,5,12,14,SOFT,2
9892,20,6,15,17,SOFT,0
9892,29,1,1,3,SOFT,0
9892,29,2,4,6,SOFT,0
9892,29,3,7,9,SOFT,0
9896,1,1,1,19,SOFT,3
9896,1,2,20,62,HARD,0
9896,2,1,1,26,MEDIUM,0
9896,2,2,27,62,HARD,0
9896,3,1,1,13,MEDIUM,0
9896,3,2,14,61,HARD,0
9896,4,1,1,20,SOFT,2
9896,4,2,21,61,HARD,0
9896,6,1,1,24,MEDIUM,0
9896,6,2,25,51,HARD,0
9896,6,3,52,61,SOFT,0
9896,7,1,1,25,MEDIUM,0
9896,7,2,26,62,HARD,0
9896,8,1,1,27,SOFT,3
9896,8,2,28,62,MEDIUM,1
9896,9,1,1,21,MEDIUM,0
9896,9,2,22,62,HARD,0
9896,10,1,1,38,SOFT,0
9896,10,2,39,61,MEDIUM,1
9896,11,1,1,13,SOFT,0
9896,11,2,14,61,HARD,0
9896,12,1,1,42,MEDIUM,0
9896,12,2,43,61,SOFT,0
9896,13,1,1,25,MEDIUM,0
9896,13,2,26,44,HARD,0
9896,13,3,45,61,SOFT,0
9896,14,1,1,48,MEDIUM,0
9896,14,2,49,61,SOFT,0
9896,15,1,1,30,MEDIUM,0
9896,15,2,31,61,HARD,0
9896,16,1,1,24,MEDIUM,0
9896,16,2,25,46,HARD,0
9896,16,3,47,62,SOFT,3
9896,17,1,1,50,MEDIUM,0
9896,17,2,51,61,SOFT,0
9896,18,1,1,25,MEDIUM,0
9896,18,2,26,62,HARD,0
9896,19,1,1,27,MEDIUM,0
9896,19,2,28,62,HARD,0
9896,20,1,1,23,MEDIUM,0
9896,20,2,24,62,HARD,0
9896,29,1,1,14,SOFT,0
9896,29,2,15,61,MEDIUM,0
9897,1,1,1,6,SOFT,0
9897,1,2,7,9,SOFT,6
9897,1,3,10,15,SOFT,0
9897,2,1,1,1,SOFT,0
9897,2,2,2,6,SOFT,0
9897,2,3,7,8,SOFT,6
9897,2,4,9,19,SOFT,0
9897,3,1,1,6,SOFT,0
9897,3,2,7,11,SOFT,6
9897,3,3,12,14,SOFT,0
9897,3,4,15,18,SOFT,0
9897,4,1,1,6,SOFT,0
9897,4,2,7,9,SOFT,6
9897,4,3,10,17,SOFT,0
9897,6,1,1,5,SOFT,0
9897,6,2,6,9,SOFT,5
9897,6,3,10,17,SOFT,0
9897,7,1,1,4,SOFT,0
9897,7,2,5,5,SOFT,0
9897,7,3,6,8,SOFT,5
9897,7,4,9,17,SOFT,0
9897,8,1,1,4,SOFT,0
9897,8,2,5,9,SOFT,4
9897,8,3,10,15,SOFT,0
9897,9,1,1,5,SOFT,0
9897,9,2,6,8,SOFT,5
9897,9,3,9,17,SOFT,0
9897,10,1,1,4,SOFT,0
9897,10,2,5,9,SOFT,4
9897,10,3,10,15,SOFT,0
9897,11,1,1,6,SOFT,0
9897,11,2,7,9,SOFT,6
9897,11,3,10,16,SOFT,0
9897,12,1,1,5,SOFT,0
9897,12,2,6,9,SOFT,5
9897,12,3,10,17,SOFT,0
9897,13,1,1,6,SOFT,0
9897,13,2,7,9,SOFT,6
9897,13,3,10,18,SOFT,0
9897,14,1,1,6,SOFT,0
9897,14,2,7,9,SOFT,6
9897,14,3,10,17,SOFT,0
9897,15,1,1,6,SOFT,0
9897,15,2,7,9,SOFT,6
9897,15,3,10,15,SOFT,0
9897,16,1,1,5,SOFT,0
9897,16,2,6,9,SOFT,5
9897,16,3,10,14,SOFT,0
9897,17,1,1,5,SOFT,0
9897,17,2,6,11,SOFT,5
9897,17,3,12,17,SOFT,0
9897,18,1,1,5,SOFT,0
9897,18,2,6,8,SOFT,5
9897,18,3,9,11,SOFT,0
9897,18,4,12,16,SOFT,0
9897,19,1,1,2,SOFT,0
9897,19,2,3,8,SOFT,2
9897,19,3,9,14,SOFT,0
9897,20,1,1,6,SOFT,0
9897,20,2,7,9,SOFT,6
9897,20,3,10,17,SOFT,0
9897,29,1,1,1,SOFT,0
9897,29,2,2,2,SOFT,1
9897,29,3,3,6,SOFT,2
9897,29,4,7,14,SOFT,0
9898,1,1,1,7,SOFT,0
9898,1,2,8,13,SOFT,0
9898,1,3,14,22,SOFT,6
9898,2,1,1,5,SOFT,0
9898,2,2,6,7,SOFT,5
9898,3,1,1,8,MEDIUM,0
9898,3,2,9,13,SOFT,0
9898,3,3,14,22,UNKNOWN,0
9898,4,1,1,7,MEDIUM,0
9898,4,2,8,13,SOFT,0
9898,4,3,14,23,SOFT,0
9898,6,1,1,7,SOFT,0
9898,6,2,8,16,MEDIUM,0
9898,6,3,17,22,MEDIUM,0
9898,7,1,1,7,SOFT,0
9898,7,2,8,11,SOFT,0
9898,7,3,12,14,SOFT,4
9898,7,4,15,22,SOFT,7
9898,8,1,1,9,SOFT,0
9898,8,2,10,15,SOFT,0
9898,8,3,16,24,SOFT,6
9898,9,1,1,9,SOFT,0
9898,9,2,10,14,SOFT,0
9898,9,3,15,16,SOFT,0
9898,9,4,17,23,SOFT,0
9898,10,1,1,5,SOFT,0
9898,10,2,6,8,SOFT,5
9898,10,3,9,11,SOFT,0
9898,10,4,12,14,SOFT,3
9898,10,5,15,24,SOFT,6
9898,11,1,1,7,SOFT,0
9898,11,2,8,13,MEDIUM,0
9898,11,3,14,22,MEDIUM,6
9898,12,1,1,8,HARD,0
9898,12,2,9,13,SOFT,0
9898,12,3,14,24,HARD,8
9898,13,1,1,7,MEDIUM,0
9898,13,2,8,11,SOFT,0
9898,13,3,12,22,MEDIUM,7
9898,14,1,1,3,SOFT,0
9898,14,2,4,6,SOFT,3
9898,14,3,7,11,MEDIUM,0
9898,14,4,12,22,MEDIUM,5
9898,15,1,1,7,MEDIUM,0
9898,15,2,8,13,SOFT,0
9898,15,3,14,23,MEDIUM,0
9898,16,1,1,8,MEDIUM,0
9898,16,2,9,12,SOFT,0
9898,16,3,13,15,SOFT,4
9898,16,4,16,21,MEDIUM,8
9898,17,1,1,7,MEDIUM,0
9898,17,2,8,12,SOFT,0
9898,17,3,13,24,MEDIUM,0
9898,18,1,1,6,SOFT,0
9898,18,2,7,9,SOFT,0
9898,18,3,10,11,SOFT,0
9898,18,4,12,19,SOFT,6
9898,19,1,1,3,SOFT,0
9898,19,2,4,6,SOFT,3
9898,19,3,7,8,SOFT,6
9898,19,4,9,11,SOFT,0
9898,19,5,12,15,SOFT,0
9898,19,6,16,23,SOFT,7
9898,20,1,1,7,SOFT,0
9898,20,2,8,13,MEDIUM,0
9898,20,3,14,23,MEDIUM,6
9898,29,1,1,6,SOFT,0
9898,29,2,7,11,MEDIUM,0
9898,29,3,12,22,MEDIUM,5
9899,1,1,1,10,SOFT,0
9899,1,2,11,19,SOFT,0
9899,2,1,1,11,SOFT,0
9899,2,2,12,16,SOFT,0
9899,2,3,17,19,SOFT,5
9899,3,1,1,3,SOFT,0
9899,3,2,4,8,SOFT,0
9899,3,3,9,11,SOFT,0
9899,3,4,12,16,SOFT,0
9899,4,1,1,1,HARD,0
9899,4,2,2,12,HARD,0
9899,4,3,13,22,SOFT,0
9899,6,1,1,11,HARD,0
9899,6,2,12,21,SOFT,0
9899,7,1,1,3,SOFT,0
9899,7,2,4,8,SOFT,3
9899,7,3,9,11,SOFT,0
9899,7,4,12,17,SOFT,3
9899,8,1,1,8,SOFT,0
9899,8,2,9,11,SOFT,8
9899,8,3,12,17,SOFT,0
9899,9,1,1,5,SOFT,0
9899,9,2,6,8,SOFT,0
9899,9,3,9,11,SOFT,0
9899,9,4,12,19,SOFT,0
9899,10,1,1,7,SOFT,0
9899,10,2,8,10,SOFT,7
9899,10,3,11,14,MEDIUM,0
9899,10,4,15,17,MEDIUM,4
9899,11,1,1,8,SOFT,0
9899,11,2,9,11,SOFT,8
9899,11,3,12,18,SOFT,0
9899,12,1,1,9,SOFT,0
9899,12,2,10,19,SOFT,0
9899,13,1,1,9,SOFT,0
9899,13,2,10,14,SOFT,0
9899,13,3,15,17,SOFT,5
9899,14,1,1,1,HARD,0
9899,14,2,2,9,HARD,0
9899,14,3,10,13,HARD,0
9899,14,4,14,21,SOFT,0
9899,15,1,1,1,HARD,0
9899,15,2,2,12,HARD,1
9899,15,3,13,20,SOFT,0
9899,16,1,1,7,SOFT,0
9899,16,2,8,8,SOFT,0
9899,16,3,9,11,SOFT,8
9899,16,4,12,18,SOFT,0
9899,17,1,1,9,SOFT,0
9899,17,2,10,17,SOFT,0
9899,18,1,1,7,SOFT,0
9899,18,2,8,10,SOFT,0
9899,18,3,11,17,SOFT,0
9899,19,1,1,12,SOFT,0
9899,19,2,13,21,SOFT,0
9899,20,1,1,8,HARD,0
9899,20,2,9,13,HARD,8
9899,20,3,14,23,SOFT,0
9899,29,1,1,10,HARD,0
9899,29,2,11,19,SOFT,0
9900,1,1,1,3,MEDIUM,0
9900,1,2,4,5,MEDIUM,3
9900,1,3,6,8,MEDIUM,5
9900,1,4,9,10,SOFT,0
9900,1,5,11,16,MEDIUM,0
9900,1,6,17,18,MEDIUM,0
9900,1,7,19,20,MEDIUM,0
9900,1,8,21,23,SOFT,0
9900,2,1,1,3,MEDIUM,0
9900,2,2,4,5,MEDIUM,3
9900,2,3,6,8,SOFT,0
9900,2,4,9,9,SOFT,0
9900,2,5,10,12,SOFT,4
9900,2,6,13,14,MEDIUM,0
9900,2,7,15,16,MEDIUM,0
9900,2,8,17,18,SOFT,0
9900,2,9,19,21,SOFT,2
9900,3,1,1,3,SOFT,0
9900,3,2,4,5,MEDIUM,0
9900,3,3,6,9,MEDIUM,2
9900,3,4,10,10,SOFT,0
9900,3,5,11,13,SOFT,1
9900,3,6,14,16,MEDIUM,0
9900,4,1,1,3,SOFT,0
9900,4,2,4,5,MEDIUM,0
9900,4,3,6,9,MEDIUM,0
9900,4,4,10,11,SOFT,0
9900,4,5,12,14,SOFT,0
9900,4,6,15,17,MEDIUM,4
9900,4,7,18,20,SOFT,3
9900,4,8,21,22,SOFT,0
9900,4,9,23,25,SOFT,2
9900,6,1,1,3,SOFT,0
9900,6,2,4,6,SOFT,0
9900,6,3,7,8,MEDIUM,0
9900,7,1,1,2,SOFT,0
9900,7,2,3,5,MEDIUM,0
9900,7,3,6,8,MEDIUM,3
9900,7,4,9,11,MEDIUM,0
9900,7,5,12,14,MEDIUM,0
9900,7,6,15,16,MEDIUM,6
9900,7,7,17,18,MEDIUM,0
9900,7,8,19,21,MEDIUM,2
9900,8,1,1,3,SOFT,0
9900,8,2,4,6,MEDIUM,0
9900,8,3,7,10,MEDIUM,0
9900,8,4,11,12,MEDIUM,4
9900,8,5,13,18,MEDIUM,0
9900,9,1,1,3,SOFT,0
9900,9,2,4,6,SOFT,3
9900,9,3,7,9,SOFT,6
9900,9,4,10,11,SOFT,9
9900,9,5,12,14,MEDIUM,0
9900,9,6,15,17,MEDIUM,0
9900,9,7,18,19,MEDIUM,0
9900,10,1,1,3,SOFT,0
9900,10,2,4,6,MEDIUM,0
9900,10,3,7,10,MEDIUM,0
9900,10,4,11,11,SOFT,0
9900,10,5,12,14,SOFT,3
9900,10,6,15,16,SOFT,0
9900,11,1,1,3,MEDIUM,0
9900,11,2,4,6,MEDIUM,3
9900,11,3,7,9,SOFT,0
9900,11,4,10,11,SOFT,0
9900,11,5,12,17,MEDIUM,0
9900,11,6,18,19,MEDIUM,6
9900,11,7,20,20,SOFT,0
9900,11,8,21,23,SOFT,1
9900,12,1,1,4,SOFT,0
9900,13,1,1,3,SOFT,0
9900,13,2,4,5,MEDIUM,0
9900,13,3,6,8,SOFT,0
9900,14,1,1,3,SOFT,0
9900,14,2,4,5,MEDIUM,0
9900,14,3,6,9,MEDIUM,0
9900,14,4,10,11,SOFT,0
9900,14,5,12,14,SOFT,0
9900,14,6,15,18,MEDIUM,0
9900,14,7,19,21,SOFT,3
9900,14,8,22,23,SOFT,0
9900,14,9,24,26,SOFT,2
9900,15,1,1,4,SOFT,0
9900,15,2,5,5,SOFT,0
9900,15,3,6,9,SOFT,0
9900,16,1,1,3,SOFT,0
9900,16,2,4,6,SOFT,3
9900,16,3,7,9,SOFT,6
9900,16,4,10,11,SOFT,9
9900,16,5,12,17,SOFT,0
9900,17,1,1,3,SOFT,0
9900,17,2,4,5,SOFT,3
9900,17,3,6,9,SOFT,0
9900,17,4,10,11,MEDIUM,0
9900,17,5,12,14,MEDIUM,2
9900,17,6,15,16,MEDIUM,0
9900,17,7,17,19,MEDIUM,5
9900,17,8,20,20,SOFT,4
9900,17,9,21,23,MEDIUM,2
9900,18,1,1,3,SOFT,0
9900,18,2,4,6,MEDIUM,0
9900,18,3,7,9,MEDIUM,3
9900,18,4,10,12,MEDIUM,0
9900,18,5,13,15,MEDIUM,0
9900,18,6,16,17,MEDIUM,0
9900,18,7,18,19,MEDIUM,2
9900,18,8,20,22,SOFT,0
9900,19,1,1,2,MEDIUM,0
9900,19,2,3,5,MEDIUM,2
9900,19,3,6,7,MEDIUM,5
9900,19,4,8,8,SOFT,0
9900,19,5,9,11,SOFT,1
9900,19,6,12,14,SOFT,4
9900,19,7,15,16,MEDIUM,0
9900,19,8,17,18,SOFT,0
9900,20,1,1,4,SOFT,0
9900,20,2,5,5,SOFT,0
9900,20,3,6,9,SOFT,0
9900,20,4,10,11,MEDIUM,0
9900,29,1,1,3,SOFT,0
9900,29,2,4,6,SOFT,0
9900,29,3,7,8,MEDIUM,0
9904,1,1,1,40,HARD,0
9904,1,2,41,51,MEDIUM,4
9904,2,1,1,37,MEDIUM,0
9904,2,2,38,51,HARD,0
9904,3,1,1,26,HARD,0
9904,3,2,27,51,MEDIUM,0
9904,4,1,1,29,MEDIUM,4
9904,4,2,30,51,HARD,1
9904,6,1,1,35,HARD,0
9904,6,2,36,50,MEDIUM,0
9904,7,1,1,18,MEDIUM,5
9904,7,2,19,51,HARD,0
9904,8,1,1,21,MEDIUM,3
9904,8,2,22,51,HARD,0
9904,9,1,1,19,MEDIUM,3
9904,9,2,20,51,HARD,0
9904,10,1,1,37,MEDIUM,3
9904,10,2,38,51,HARD,0
9904,11,1,1,38,HARD,0
9904,11,2,39,51,MEDIUM,6
9904,12,1,1,1,MEDIUM,0
9904,12,2,2,15,MEDIUM,0
9904,12,3,16,51,HARD,0
9904,13,1,1,36,HARD,0
9904,13,2,37,51,MEDIUM,0
9904,14,1,1,20,MEDIUM,6
9904,14,2,21,51,HARD,1
9904,15,1,1,1,HARD,0
9904,15,2,2,2,MEDIUM,0
9904,15,3,3,51,HARD,1
9904,16,1,1,36,HARD,0
9904,16,2,37,51,MEDIUM,0
9904,17,1,1,27,MEDIUM,5
9904,17,2,28,51,HARD,0
9904,18,1,1,39,HARD,0
9904,18,2,40,51,MEDIUM,6
9904,19,1,1,1,MEDIUM,0
9904,20,1,1,28,HARD,0
9904,20,2,29,51,MEDIUM,0
9904,29,1,1,16,MEDIUM,0
9904,29,2,17,50,HARD,0
9905,1,1,1,9,MEDIUM,0
9905,1,2,10,12,SOFT,0
9905,1,3,13,13,SOFT,3
9905,1,4,14,16,SOFT,4
9905,1,5,17,22,MEDIUM,0
9905,2,1,1,9,MEDIUM,0
9905,2,2,10,10,MEDIUM,9
9905,2,3,11,15,SOFT,0
9905,2,4,16,20,SOFT,5
9905,2,5,21,28,MEDIUM,10
9905,3,1,1,1,HARD,0
9905,3,2,2,11,HARD,0
9905,3,3,12,13,SOFT,0
9905,3,4,14,15,SOFT,2
9905,3,5,16,18,SOFT,0
9905,3,6,19,24,HARD,11
9905,4,1,1,9,HARD,0
9905,4,2,10,12,HARD,0
9905,4,3,13,14,SOFT,0
9905,4,4,15,17,SOFT,2
9905,4,5,18,25,SOFT,0
9905,6,1,1,5,MEDIUM,0
9905,6,2,6,12,MEDIUM,5
9905,6,3,13,14,SOFT,0
9905,6,4,15,18,SOFT,2
9905,6,5,19,21,SOFT,0
9905,6,6,22,26,MEDIUM,12
9905,7,1,1,3,MEDIUM,0
9905,7,2,4,6,MEDIUM,3
9905,7,3,7,12,MEDIUM,6
9905,7,4,13,15,SOFT,0
9905,7,5,16,22,SOFT,3
9905,7,6,23,25,SOFT,12
9905,8,1,1,10,MEDIUM,0
9905,8,2,11,11,SOFT,0
9905,8,3,12,13,SOFT,1
9905,8,4,14,16,SOFT,10
9905,8,5,17,20,SOFT,0
9905,9,1,1,11,MEDIUM,0
9905,9,2,12,15,SOFT,0
9905,9,3,16,18,SOFT,4
9905,9,4,19,24,MEDIUM,11
9905,10,1,1,12,MEDIUM,0
9905,10,2,13,15,SOFT,0
9905,10,3,16,18,SOFT,3
9905,10,4,19,26,MEDIUM,12
9905,11,1,1,12,MEDIUM,0
9905,11,2,13,15,SOFT,0
9905,11,3,16,18,SOFT,3
9905,11,4,19,24,MEDIUM,12
9905,12,1,1,10,HARD,0
9905,12,2,11,13,MEDIUM,0
9905,12,3,14,16,MEDIUM,3
9905,12,4,17,25,HARD,10
9905,13,1,1,1,MEDIUM,0
9905,13,2,2,11,MEDIUM,0
9905,13,3,12,14,SOFT,0
9905,13,4,15,15,SOFT,3
9905,13,5,16,17,SOFT,4
9905,13,6,18,20,SOFT,0
9905,13,7,21,23,SOFT,0
9905,13,8,24,26,MEDIUM,11
9905,14,1,1,5,HARD,0
9905,14,2,6,8,HARD,5
9905,14,3,9,14,HARD,8
9905,14,4,15,16,SOFT,0
9905,14,5,17,20,SOFT,2
9905,14,6,21,27,SOFT,0
9905,15,1,1,10,MEDIUM,0
9905,15,2,11,12,SOFT,0
9905,15,3,13,18,SOFT,2
9905,15,4,19,22,MEDIUM,0
9905,16,1,1,10,MEDIUM,0
9905,16,2,11,11,SOFT,0
9905,16,3,12,14,SOFT,1
9905,16,4,15,17,SOFT,4
9905,16,5,18,20,SOFT,0
9905,17,1,1,2,HARD,0
9905,17,2,3,12,HARD,2
9905,17,3,13,15,SOFT,0
9905,17,4,16,18,SOFT,3
9905,17,5,19,25,HARD,12
9905,18,1,1,3,MEDIUM,0
9905,18,2,4,8,MEDIUM,3
9905,18,3,9,10,MEDIUM,8
9905,18,4,11,12,SOFT,0
9905,18,5,13,20,SOFT,2
9905,20,1,1,10,MEDIUM,0
9905,20,2,11,13,SOFT,0
9905,20,3,14,16,SOFT,3
9905,20,4,17,23,MEDIUM,10
9905,32,1,1,8,MEDIUM,0
9905,32,2,9,10,MEDIUM,8
9905,32,3,11,11,SOFT,0
9905,32,4,12,23,SOFT,0
9905,39,1,1,9,MEDIUM,0
9905,39,2,10,14,SOFT,0
9905,39,3,15,23,SOFT,5
9905,39,4,24,26,MEDIUM,9
9906,1,1,1,4,MEDIUM,0
9906,1,2,5,7,MEDIUM,4
9906,1,3,8,9,MEDIUM,7
9906,1,4,10,14,SOFT,0
9906,1,5,15,27,MEDIUM,9
9906,2,1,1,5,MEDIUM,0
9906,2,2,6,7,MEDIUM,5
9906,2,3,8,11,SOFT,0
9906,2,4,12,14,SOFT,4
9906,2,5,15,28,MEDIUM,7
9906,3,1,1,3,MEDIUM,0
9906,3,2,4,5,MEDIUM,0
9906,3,3,6,7,MEDIUM,0
9906,3,4,8,10,SOFT,0
9906,3,5,11,13,SOFT,0
9906,3,6,14,14,MEDIUM,7
9906,3,7,15,22,MEDIUM,0
9906,3,8,23,25,SOFT,0
9906,4,1,1,3,MEDIUM,0
9906,4,2,4,4,MEDIUM,3
9906,4,3,5,7,MEDIUM,4
9906,4,4,8,10,SOFT,0
9906,4,5,11,13,SOFT,0
9906,4,6,14,24,MEDIUM,7
9906,6,1,1,5,MEDIUM,0
9906,6,2,6,8,MEDIUM,5
9906,6,3,9,14,SOFT,0
9906,6,4,15,30,MEDIUM,8
9906,7,1,1,4,HARD,0
9906,8,1,1,5,MEDIUM,0
9906,8,2,6,10,MEDIUM,5
9906,8,3,11,17,SOFT,0
9906,8,4,18,26,MEDIUM,10
9906,9,1,1,5,HARD,0
9906,9,2,6,10,HARD,5
9906,9,3,11,13,SOFT,0
9906,9,4,14,18,SOFT,3
9906,9,5,19,29,SOFT,8
9906,10,1,1,5,MEDIUM,0
9906,10,2,6,12,MEDIUM,5
9906,10,3,13,19,SOFT,0
9906,10,4,20,28,MEDIUM,12
9906,11,1,1,4,MEDIUM,0
9906,11,2,5,7,MEDIUM,4
9906,11,3,8,11,MEDIUM,7
9906,11,4,12,17,SOFT,0
9906,11,5,18,28,MEDIUM,11
9906,12,1,1,3,MEDIUM,0
9906,12,2,4,5,MEDIUM,3
9906,12,3,6,11,MEDIUM,5
9906,12,4,12,16,SOFT,0
9906,12,5,17,25,MEDIUM,11
9906,12,6,26,28,SOFT,5
9906,13,1,1,5,HARD,0
9906,13,2,6,8,HARD,0
9906,13,3,9,11,SOFT,0
9906,13,4,12,14,SOFT,0
9906,13,5,15,24,HARD,8
9906,13,6,25,27,SOFT,0
9906,14,1,1,3,MEDIUM,0
9906,14,2,4,4,MEDIUM,3
9906,14,3,5,7,MEDIUM,4
9906,14,4,8,10,SOFT,0
9906,14,5,11,13,SOFT,3
9906,14,6,14,25,MEDIUM,7
9906,15,1,1,6,HARD,0
9906,15,2,7,10,HARD,6
9906,15,3,11,13,SOFT,0
9906,15,4,14,16,SOFT,3
9906,15,5,17,26,HARD,10
9906,15,6,27,29,SOFT,0
9906,16,1,1,4,HARD,0
9906,16,2,5,8,HARD,4
9906,16,3,9,11,SOFT,0
9906,16,4,12,14,SOFT,3
9906,16,5,15,26,HARD,8
9906,17,1,1,3,MEDIUM,0
9906,17,2,4,5,MEDIUM,3
9906,17,3,6,11,MEDIUM,5
9906,17,4,12,17,SOFT,0
9906,17,5,18,27,MEDIUM,11
9906,17,6,28,30,SOFT,6
9906,18,1,1,5,HARD,0
9906,18,2,6,7,HARD,5
9906,18,3,8,10,HARD,0
9906,18,4,11,16,SOFT,0
9906,18,5,17,29,HARD,10
9906,19,1,1,5,MEDIUM,0
9906,19,2,6,11,MEDIUM,5
9906,19,3,12,14,SOFT,0
9906,19,4,15,17,SOFT,3
9906,19,5,18,29,MEDIUM,11
9906,20,1,1,6,HARD,0
9906,20,2,7,9,HARD,6
9906,20,3,10,15,SOFT,0
9906,20,4,16,29,HARD,0
9906,29,1,1,5,MEDIUM,0
9906,29,2,6,8,MEDIUM,5
9906,29,3,9,11,SOFT,0
9906,29,4,12,14,SOFT,3
9906,29,5,15,30,MEDIUM,8
9907,1,1,1,3,SOFT,0
9907,1,2,4,9,SOFT,0
9907,1,3,10,11,SOFT,0
9907,1,4,12,14,SOFT,0
9907,1,5,15,18,SOFT,3
9907,2,1,1,12,HARD,0
9907,2,2,13,15,SOFT,0
9907,2,3,16,18,SOFT,3
9907,2,4,19,21,SOFT,6
9907,3,1,1,3,MEDIUM,0
9907,3,2,4,6,MEDIUM,0
9907,3,3,7,9,MEDIUM,0
9907,3,4,10,12,SOFT,0
9907,3,5,13,15,SOFT,3
9907,3,6,16,18,MEDIUM,0
9907,4,1,1,1,HARD,0
9907,4,2,2,7,SOFT,0
9907,4,3,8,10,SOFT,0
9907,4,4,11,13,SOFT,0
9907,4,5,14,16,SOFT,0
9907,4,6,17,17,SOFT,9
9907,4,7,18,20,SOFT,0
9907,6,1,1,10,HARD,0
9907,6,2,11,15,HARD,10
9907,6,3,16,23,SOFT,0
9907,7,1,1,3,SOFT,0
9907,7,2,4,6,SOFT,0
9907,7,3,7,16,SOFT,6
9907,7,4,17,19,SOFT,0
9907,7,5,20,24,SOFT,3
9907,8,1,1,1,HARD,0
9907,8,2,2,2,MEDIUM,0
9907,8,3,3,10,HARD,0
9907,8,4,11,13,SOFT,0
9907,8,5,14,16,SOFT,3
9907,8,6,17,19,SOFT,6
9907,9,1,1,9,MEDIUM,0
9907,9,2,10,13,MEDIUM,9
9907,9,3,14,17,MEDIUM,13
9907,9,4,18,20,SOFT,0
9907,9,5,21,24,SOFT,3
9907,10,1,1,1,HARD,0
9907,10,2,2,2,MEDIUM,0
9907,10,3,3,11,HARD,0
9907,10,4,12,14,SOFT,0
9907,10,5,15,17,SOFT,3
9907,10,6,18,22,SOFT,6
9907,11,1,1,8,HARD,0
9907,11,2,9,17,HARD,0
9907,11,3,18,20,SOFT,0
9907,11,4,21,24,SOFT,3
9907,12,1,1,5,SOFT,0
9907,12,2,6,11,SOFT,5
9907,12,3,12,14,SOFT,11
9907,12,4,15,20,SOFT,0
9907,12,5,21,23,SOFT,0
9907,13,1,1,1,MEDIUM,0
9907,13,2,2,6,MEDIUM,1
9907,13,3,7,9,MEDIUM,0
9907,13,4,10,12,SOFT,0
9907,13,5,13,15,SOFT,3
9907,13,6,16,18,MEDIUM,9
9907,14,1,1,4,MEDIUM,0
9907,14,2,5,7,MEDIUM,0
9907,14,3,8,11,MEDIUM,0
9907,14,4,12,14,SOFT,0
9907,15,1,1,3,MEDIUM,0
9907,15,2,4,9,MEDIUM,3
9907,15,3,10,12,SOFT,0
9907,15,4,13,15,SOFT,3
9907,15,5,16,20,SOFT,0
9907,16,1,1,9,MEDIUM,0
9907,16,2,10,12,MEDIUM,9
9907,16,3,13,16,MEDIUM,12
9907,16,4,17,19,SOFT,0
9907,16,5,20,23,SOFT,0
9907,17,1,1,6,MEDIUM,0
9907,17,2,7,10,MEDIUM,6
9907,17,3,11,15,MEDIUM,10
9907,17,4,16,23,SOFT,0
9907,18,1,1,3,SOFT,0
9907,18,2,4,6,SOFT,3
9907,18,3,7,9,SOFT,0
9907,18,4,10,12,SOFT,0
9907,18,5,13,15,SOFT,3
9907,18,6,16,16,SOFT,6
9907,18,7,17,19,SOFT,7
9907,19,1,1,13,HARD,0
9907,19,2,14,16,SOFT,0
9907,19,3,17,19,SOFT,3
9907,19,4,20,22,SOFT,6
9907,20,1,1,6,MEDIUM,0
9907,20,2,7,11,MEDIUM,6
9907,20,3,12,14,SOFT,0
9907,20,4,15,17,SOFT,11
9907,20,5,18,22,SOFT,0
9907,29,1,1,9,HARD,0
9907,29,2,10,14,HARD,9
9907,29,3,15,22,SOFT,0
9908,1,1,1,3,SOFT,0
9908,1,2,4,6,SOFT,3
9908,1,3,7,9,SOFT,0
9908,1,4,10,12,SOFT,3
9908,1,5,13,15,SOFT,0
9908,1,6,16,18,SOFT,0
9908,2,1,1,3,SOFT,0
9908,2,2,4,7,SOFT,3
9908,2,3,8,9,SOFT,0
9908,2,4,10,15,SOFT,0
9908,2,5,16,18,SOFT,0
9908,2,6,19,21,SOFT,0
9908,3,1,1,3,SOFT,0
9908,3,2,4,6,SOFT,3
9908,3,3,7,9,SOFT,0
9908,3,4,10,12,SOFT,0
9908,3,5,13,15,SOFT,0
9908,3,6,16,18,SOFT,3
9908,3,7,19,21,SOFT,0
9908,4,1,1,3,SOFT,0
9908,4,2,4,6,SOFT,0
9908,6,1,1,3,SOFT,0
9908,6,2,4,6,SOFT,0
9908,6,3,7,9,SOFT,0
9908,7,1,1,7,MEDIUM,0
9908,7,2,8,10,SOFT,0
9908,7,3,11,13,SOFT,0
9908,7,4,14,16,SOFT,0
9908,7,5,17,19,SOFT,3
9908,7,6,20,22,SOFT,0
9908,8,1,1,3,SOFT,0
9908,8,2,4,6,SOFT,0
9908,8,3,7,8,SOFT,0
9908,8,4,9,11,SOFT,2
9908,8,5,12,14,SOFT,0
9908,8,6,15,17,SOFT,0
9908,8,7,18,20,SOFT,0
9908,9,1,1,3,SOFT,0
9908,9,2,4,6,SOFT,3
9908,9,3,7,8,SOFT,0
9908,9,4,9,11,SOFT,0
9908,9,5,12,14,SOFT,0
9908,9,6,15,17,SOFT,0
9908,9,7,18,20,SOFT,0
9908,10,1,1,3,SOFT,0
9908,10,2,4,6,SOFT,0
9908,10,3,7,9,SOFT,0
9908,11,1,1,3,SOFT,0
9908,11,2,4,6,SOFT,0
9908,11,3,7,9,SOFT,0
9908,11,4,10,12,SOFT,0
9908,11,5,13,15,SOFT,3
9908,11,6,16,18,SOFT,0
9908,12,1,1,4,SOFT,0
9908,12,2,5,7,SOFT,4
9908,12,3,8,10,SOFT,7
9908,12,4,11,13,SOFT,0
9908,12,5,14,16,SOFT,0
9908,13,1,1,3,SOFT,0
9908,13,2,4,6,SOFT,0
9908,13,3,7,9,SOFT,0
9908,13,4,10,12,SOFT,0
9908,13,5,13,15,SOFT,0
9908,14,1,1,3,SOFT,0
9908,14,2,4,5,SOFT,0
9908,15,1,1,3,SOFT,0
9908,15,2,4,6,SOFT,0
9908,15,3,7,9,SOFT,0
9908,15,4,10,12,SOFT,3
9908,15,5,13,15,SOFT,0
9908,16,1,1,3,SOFT,0
9908,16,2,4,6,SOFT,3
9908,16,3,7,8,SOFT,0
9908,16,4,9,11,SOFT,2
9908,16,5,12,14,SOFT,0
9908,16,6,15,17,SOFT,0
9908,16,7,18,20,SOFT,0
9908,17,1,1,3,SOFT,0
9908,17,2,4,6,SOFT,3
9908,17,3,7,10,SOFT,0
9908,17,4,11,13,SOFT,4
9908,17,5,14,16,SOFT,0
9908,17,6,17,19,SOFT,3
9908,18,1,1,3,MEDIUM,0
9908,18,2,4,6,MEDIUM,3
9908,18,3,7,9,SOFT,0
9908,18,4,10,12,SOFT,0
9908,18,5,13,15,SOFT,0
9908,18,6,16,18,SOFT,0
9908,19,1,1,3,SOFT,0
9908,19,2,4,7,SOFT,3
9908,19,3,8,10,SOFT,0
9908,19,4,11,13,SOFT,0
9908,19,5,14,16,SOFT,0
9908,19,6,17,19,SOFT,0
9908,20,1,1,3,SOFT,0
9908,20,2,4,6,SOFT,0
9908,20,3,7,9,SOFT,0
9908,20,4,10,12,SOFT,3
9908,20,5,13,15,SOFT,0
9908,29,1,1,3,SOFT,0
9908,29,2,4,6,SOFT,0
9908,29,3,7,9,SOFT,0
9912,1,1,1,37,MEDIUM,0
9912,1,2,38,53,HARD,0
9912,2,1,1,46,MEDIUM,0
9912,2,2,47,53,SOFT,2
9912,3,1,1,20,MEDIUM,0
9912,3,2,21,53,HARD,0
9912,4,1,1,32,HARD,1
9912,4,2,33,53,MEDIUM,0
9912,6,1,1,49,HARD,0
9912,6,2,50,52,SOFT,0
9912,7,1,1,28,MEDIUM,0
9912,7,2,29,53,HARD,0
9912,8,1,1,20,MEDIUM,1
9912,8,2,21,24,HARD,1
9912,9,1,1,33,MEDIUM,0
9912,9,2,34,53,HARD,0
9912,10,1,1,49,HARD,1
9912,10,2,50,52,SOFT,0
9912,11,1,1,19,MEDIUM,0
9912,11,2,20,53,HARD,0
9912,12,1,1,41,HARD,0
9912,12,2,42,53,MEDIUM,0
9912,13,1,1,1,MEDIUM,0
9912,14,1,1,9,SOFT,0
9912,14,2,10,53,HARD,0
9912,15,1,1,51,HARD,0
9912,15,2,52,52,SOFT,0
9912,16,1,1,38,MEDIUM,0
9912,16,2,39,53,HARD,0
9912,17,1,1,30,MEDIUM,0
9912,17,2,31,53,HARD,0
9912,18,1,1,27,MEDIUM,0
9912,18,2,28,53,HARD,0
9912,19,1,1,45,MEDIUM,0
9912,19,2,46,53,SOFT,3
9912,20,1,1,18,MEDIUM,0
9912,20,2,19,53,HARD,0
9912,29,1,1,33,MEDIUM,0
9912,29,2,34,52,HARD,0
9913,1,1,1,6,MEDIUM,0
9913,1,2,7,9,MEDIUM,0
9913,1,3,10,12,SOFT,3
9913,1,4,13,24,MEDIUM,6
9913,2,1,1,7,MEDIUM,0
9913,2,2,8,12,MEDIUM,0
9913,2,3,13,15,SOFT,0
9913,2,4,16,17,SOFT,3
9913,2,5,18,31,MEDIUM,12
9913,2,6,32,35,SOFT,0
9913,3,1,1,7,MEDIUM,0
9913,3,2,8,10,MEDIUM,7
9913,3,3,11,13,SOFT,0
9913,3,4,14,16,SOFT,3
9913,3,5,17,18,SOFT,0
9913,3,6,19,26,SOFT,10
9913,3,7,27,30,MEDIUM,0
9913,4,1,1,5,MEDIUM,0
9913,4,2,6,7,MEDIUM,5
9913,4,3,8,10,MEDIUM,7
9913,4,4,11,13,MEDIUM,0
9913,4,5,14,19,SOFT,0
9913,4,6,20,30,SOFT,0
9913,6,1,1,7,MEDIUM,0
9913,6,2,8,12,MEDIUM,7
9913,6,3,13,17,SOFT,0
9913,6,4,18,30,MEDIUM,12
9913,7,1,1,3,MEDIUM,0
9913,7,2,4,6,MEDIUM,3
9913,8,1,1,6,MEDIUM,0
9913,8,2,7,9,MEDIUM,6
9913,8,3,10,12,SOFT,0
9913,8,4,13,16,SOFT,3
9913,8,5,17,25,MEDIUM,9
9913,9,1,1,7,MEDIUM,0
9913,9,2,8,12,MEDIUM,7
9913,9,3,13,15,SOFT,0
9913,9,4,16,21,SOFT,3
9913,9,5,22,32,MEDIUM,12
9913,10,1,1,7,MEDIUM,0
9913,10,2,8,12,MEDIUM,7
9913,10,3,13,15,SOFT,0
9913,10,4,16,19,SOFT,3
9913,10,5,20,25,MEDIUM,0
9913,11,1,1,6,HARD,0
9913,11,2,7,12,SOFT,0
9913,11,3,13,24,SOFT,6
9913,12,1,1,3,MEDIUM,0
9913,12,2,4,6,MEDIUM,3
9913,12,3,7,14,MEDIUM,6
9913,12,4,15,17,SOFT,0
9913,12,5,18,20,SOFT,3
9913,12,6,21,33,MEDIUM,14
9913,13,1,1,8,MEDIUM,0
9913,13,2,9,11,SOFT,0
9913,13,3,12,14,SOFT,0
9913,13,4,15,16,SOFT,0
9913,13,5,17,27,MEDIUM,8
9913,13,6,28,30,SOFT,8
9913,14,1,1,5,MEDIUM,0
9913,14,2,6,7,MEDIUM,5
9913,14,3,8,12,MEDIUM,7
9913,14,4,13,15,SOFT,0
9913,14,5,16,29,MEDIUM,12
9913,15,1,1,7,MEDIUM,0
9913,15,2,8,10,MEDIUM,7
9913,15,3,11,13,SOFT,0
9913,15,4,14,16,SOFT,3
9913,15,5,17,29,MEDIUM,10
9913,16,1,1,6,MEDIUM,0
9913,16,2,7,10,MEDIUM,0
9913,16,3,11,13,SOFT,0
9913,16,4,14,16,SOFT,3
9913,16,5,17,28,SOFT,6
9913,17,1,1,7,MEDIUM,0
9913,17,2,8,14,MEDIUM,7
9913,17,3,15,22,SOFT,0
9913,17,4,23,33,MEDIUM,8
9913,18,1,1,3,MEDIUM,0
9913,18,2,4,5,MEDIUM,3
9913,18,3,6,8,MEDIUM,0
9913,18,4,9,10,SOFT,0
9913,18,5,11,13,SOFT,0
9913,18,6,14,29,MEDIUM,8
9913,19,1,1,7,MEDIUM,0
9913,19,2,8,10,MEDIUM,7
9913,19,3,11,13,SOFT,0
9913,19,4,14,16,SOFT,3
9913,19,5,17,29,MEDIUM,10
9913,19,6,30,32,SOFT,0
9913,20,1,1,7,MEDIUM,0
9913,20,2,8,10,MEDIUM,7
9913,20,3,11,13,SOFT,0
9913,20,4,14,16,SOFT,3
9913,20,5,17,30,MEDIUM,10
9913,29,1,1,6,MEDIUM,0
9913,29,2,7,9,MEDIUM,6
9913,29,3,10,12,SOFT,0
9913,29,4,13,15,SOFT,3
9913,29,5,16,27,MEDIUM,0
9914,1,1,1,4,HARD,0
9914,1,2,5,7,HARD,4
9914,1,3,8,10,SOFT,0
9914,1,4,11,16,SOFT,3
9914,1,5,17,23,HARD,7
9914,2,1,1,7,MEDIUM,0
9914,2,2,8,11,MEDIUM,0
9914,2,3,12,14,SOFT,0
9914,2,4,15,15,SOFT,3
9914,2,5,16,25,MEDIUM,11
9914,2,6,26,28,SOFT,4
9914,3,1,1,3,MEDIUM,0
9914,3,2,4,6,SOFT,0
9914,3,3,7,7,SOFT,0
9914,3,4,8,10,SOFT,4
9914,3,5,11,25,MEDIUM,3
9914,4,1,1,1,HARD,0
9914,6,1,1,5,MEDIUM,0
9914,6,2,6,6,SOFT,0
9914,6,3,7,13,MEDIUM,0
9914,6,4,14,15,SOFT,1
9914,6,5,16,28,MEDIUM,12
9914,7,1,1,6,SOFT,0
9914,7,2,7,8,SOFT,6
9914,7,3,9,11,SOFT,8
9914,7,4,12,12,SOFT,0
9914,7,5,13,15,SOFT,1
9914,7,6,16,18,SOFT,4
9914,7,7,19,21,SOFT,7
9914,8,1,1,7,MEDIUM,0
9914,8,2,8,10,SOFT,0
9914,8,3,11,13,SOFT,3
9914,8,4,14,20,MEDIUM,7
9914,9,1,1,7,HARD,0
9914,9,2,8,10,HARD,7
9914,9,3,11,13,SOFT,0
9914,9,4,14,17,SOFT,0
9914,9,5,18,23,SOFT,7
9914,10,1,1,7,MEDIUM,0
9914,11,1,1,6,MEDIUM,0
9914,11,2,7,10,MEDIUM,6
9914,11,3,11,13,SOFT,0
9914,11,4,14,26,MEDIUM,3
9914,12,1,1,5,HARD,0
9914,12,2,6,6,SOFT,0
9914,12,3,7,14,HARD,5
9914,12,4,15,16,SOFT,1
9914,13,1,1,3,MEDIUM,0
9914,13,2,4,6,SOFT,0
9914,13,3,7,7,SOFT,3
9914,13,4,8,10,SOFT,4
9914,13,5,11,25,MEDIUM,3
9914,14,1,1,7,HARD,0
9914,14,2,8,13,HARD,7
9914,14,3,14,15,SOFT,0
9914,14,4,16,18,SOFT,2
9914,14,5,19,25,SOFT,5
9914,15,1,1,5,MEDIUM,0
9914,15,2,6,7,SOFT,0
9914,15,3,8,10,SOFT,0
9914,15,4,11,12,SOFT,5
9914,15,5,13,15,SOFT,0
9914,15,6,16,23,MEDIUM,0
9914,16,1,1,7,HARD,0
9914,16,2,8,12,SOFT,0
9914,16,3,13,14,SOFT,5
9914,16,4,15,22,HARD,7
9914,17,1,1,5,HARD,0
9914,17,2,6,7,SOFT,0
9914,17,3,8,9,HARD,5
9914,17,4,10,15,HARD,7
9914,17,5,16,17,SOFT,2
9914,17,6,18,18,SOFT,0
9914,17,7,19,30,HARD,13
9914,18,1,1,6,HARD,0
9914,18,2,7,8,HARD,6
9914,18,3,9,12,SOFT,0
9914,18,4,13,25,HARD,8
9914,19,1,1,7,MEDIUM,0
9914,19,2,8,9,MEDIUM,7
9914,19,3,10,12,MEDIUM,0
9914,19,4,13,15,SOFT,0
9914,19,5,16,25,MEDIUM,12
9914,19,6,26,29,SOFT,0
9914,20,1,1,4,MEDIUM,0
9914,20,2,5,7,SOFT,0
9914,20,3,8,11,SOFT,3
9914,20,4,12,26,MEDIUM,4
9914,29,1,1,5,MEDIUM,0
9914,29,2,6,6,SOFT,0
9914,29,3,7,14,MEDIUM,5
9914,29,4,15,15,SOFT,0
9914,29,5,16,18,SOFT,13
9914,29,6,19,26,SOFT,5
9915,1,1,1,3,MEDIUM,0
9915,1,2,4,9,MEDIUM,0
9915,1,3,10,11,MEDIUM,9
9915,1,4,12,14,SOFT,0
9915,1,5,15,17,SOFT,3
9915,1,6,18,20,SOFT,0
9915,2,1,1,1,HARD,0
9915,2,2,2,4,SOFT,0
9915,2,3,5,7,SOFT,3
9915,2,4,8,10,SOFT,0
9915,2,5,11,13,SOFT,0
9915,2,6,14,16,SOFT,6
9915,3,1,1,7,HARD,0
9915,3,2,8,10,HARD,7
9915,3,3,11,13,HARD,10
9915,3,4,14,16,SOFT,0
9915,3,5,17,18,SOFT,3
9915,3,6,19,21,SOFT,5
9915,4,1,1,1,INTERMEDIATE,0
9915,4,2,2,7,SOFT,0
9915,4,3,8,9,SOFT,6
9915,4,4,10,12,SOFT,0
9915,4,5,13,18,SOFT,0
9915,4,6,19,21,SOFT,11
9915,6,1,1,3,INTERMEDIATE,0
9915,6,2,4,15,HARD,0
9915,6,3,16,24,SOFT,0
9915,7,1,1,4,MEDIUM,0
9915,7,2,5,7,MEDIUM,0
9915,7,3,8,10,MEDIUM,0
9915,7,4,11,11,MEDIUM,10
9915,7,5,12,23,MEDIUM,11
9915,7,6,24,26,SOFT,0
9915,7,7,27,31,SOFT,3
9915,8,1,1,13,SOFT,0
9915,8,2,14,16,SOFT,0
9915,8,3,17,20,SOFT,3
9915,9,1,1,1,HARD,0
9915,9,2,2,9,MEDIUM,0
9915,9,3,10,12,MEDIUM,0
9915,9,4,13,15,MEDIUM,11
9915,9,5,16,18,SOFT,0
9915,9,6,19,23,SOFT,3
9915,10,1,1,1,INTERMEDIATE,0
9915,10,2,2,14,SOFT,0
9915,10,3,15,17,SOFT,0
9915,10,4,18,20,SOFT,0
9915,10,5,21,24,SOFT,6
9915,11,1,1,10,MEDIUM,0
9915,11,2,11,13,SOFT,0
9915,11,3,14,19,SOFT,3
9915,12,1,1,1,INTERMEDIATE,0
9915,12,2,2,13,MEDIUM,0
9915,12,3,14,19,SOFT,0
9915,12,4,20,22,MEDIUM,12
9915,13,1,1,7,HARD,0
9915,13,2,8,14,HARD,7
9915,13,3,15,17,SOFT,0
9915,13,4,18,21,SOFT,3
9915,13,5,22,24,SOFT,0
9915,14,1,1,6,MEDIUM,0
9915,14,2,7,9,MEDIUM,0
9915,14,3,10,12,SOFT,0
9915,14,4,13,17,SOFT,0
9915,15,1,1,6,HARD,0
9915,15,2,7,9,HARD,6
9915,15,3,10,12,SOFT,0
9915,15,4,13,15,SOFT,3
9915,15,5,16,18,HARD,9
9915,16,1,1,1,HARD,0
9915,16,2,2,8,MEDIUM,0
9915,16,3,9,10,MEDIUM,7
9915,16,4,11,13,MEDIUM,0
9915,16,5,14,20,SOFT,0
9915,17,1,1,1,INTERMEDIATE,0
9915,17,2,2,13,MEDIUM,0
9915,17,3,14,23,SOFT,0
9915,18,1,1,3,MEDIUM,0
9915,18,2,4,9,MEDIUM,3
9915,18,3,10,14,SOFT,0
9915,18,4,15,17,MEDIUM,9
9915,19,1,1,1,HARD,0
9915,19,2,2,4,SOFT,0
9915,19,3,5,7,SOFT,3
9915,19,4,8,10,SOFT,0
9915,19,5,11,15,SOFT,3
9915,20,1,1,1,INTERMEDIATE,0
9915,20,2,2,7,HARD,0
9915,20,3,8,10,HARD,6
9915,20,4,11,13,SOFT,0
9915,20,5,14,16,SOFT,3
9915,20,6,17,19,HARD,9
9915,29,1,1,7,HARD,0
9915,29,2,8,13,HARD,0
9915,29,3,14,21,SOFT,0
9916,1,1,1,3,SOFT,0
9916,1,2,4,6,SOFT,3
9916,1,3,7,9,SOFT,0
9916,1,4,10,12,SOFT,3
9916,1,5,13,15,SOFT,0
9916,1,6,16,18,SOFT,0
9916,2,1,1,3,SOFT,0
9916,2,2,4,6,SOFT,3
9916,2,3,7,9,SOFT,0
9916,2,4,10,12,SOFT,3
9916,2,5,13,15,SOFT,0
9916,2,6,16,18,SOFT,0
9916,3,1,1,3,SOFT,0
9916,3,2,4,6,SOFT,0
9916,3,3,7,9,SOFT,0
9916,3,4,10,12,SOFT,0
9916,4,1,1,3,SOFT,0
9916,4,2,4,6,SOFT,0
9916,4,3,7,9,SOFT,0
9916,4,4,10,12,SOFT,0
9916,4,5,13,15,SOFT,3
9916,4,6,16,18,SOFT,0
9916,6,1,1,3,SOFT,0
9916,6,2,4,6,SOFT,0
9916,6,3,7,9,SOFT,0
9916,6,4,10,12,SOFT,3
9916,6,5,13,15,SOFT,0
9916,7,1,1,3,SOFT,0
9916,7,2,4,6,SOFT,0
9916,7,3,7,9,SOFT,0
9916,7,4,10,12,SOFT,0
9916,8,1,1,3,SOFT,0
9916,8,2,4,5,SOFT,0
9916,8,3,6,8,SOFT,0
9916,8,4,9,11,SOFT,0
9916,8,5,12,14,SOFT,3
9916,8,6,15,17,SOFT,0
9916,9,1,1,3,SOFT,0
9916,9,2,4,6,SOFT,3
9916,9,3,7,9,SOFT,0
9916,9,4,10,12,SOFT,3
9916,9,5,13,15,SOFT,0
9916,9,6,16,16,SOFT,0
9916,9,7,17,19,SOFT,1
9916,9,8,20,22,SOFT,0
9916,10,1,1,2,SOFT,0
9916,11,1,1,3,SOFT,0
9916,11,2,4,6,SOFT,3
9916,11,3,7,9,SOFT,0
9916,11,4,10,12,SOFT,0
9916,11,5,13,15,SOFT,0
9916,12,1,1,3,SOFT,0
9916,12,2,4,6,SOFT,0
9916,12,3,7,9,SOFT,0
9916,12,4,10,12,SOFT,0
9916,13,1,1,3,SOFT,0
9916,13,2,4,6,SOFT,0
9916,13,3,7,9,SOFT,0
9916,14,1,1,3,SOFT,0
9916,14,2,4,6,SOFT,0
9916,14,3,7,9,SOFT,0
9916,14,4,10,12,SOFT,0
9916,14,5,13,15,SOFT,3
9916,14,6,16,18,SOFT,0
9916,15,1,1,3,SOFT,0
9916,15,2,4,6,SOFT,0
9916,15,3,7,9,SOFT,0
9916,16,1,1,3,SOFT,0
9916,16,2,4,5,SOFT,3
9916,16,3,6,8,SOFT,0
9916,16,4,9,11,SOFT,3
9916,16,5,12,14,SOFT,0
9916,16,6,15,15,SOFT,0
9916,16,7,16,18,SOFT,1
9916,16,8,19,21,SOFT,0
9916,17,1,1,3,SOFT,0
9916,17,2,4,6,SOFT,0
9916,17,3,7,9,SOFT,0
9916,17,4,10,12,SOFT,0
9916,17,5,13,15,SOFT,3
9916,17,6,16,18,SOFT,0
9916,18,1,1,3,SOFT,0
9916,18,2,4,6,SOFT,0
9916,18,3,7,9,SOFT,3
9916,18,4,10,12,SOFT,0
9916,18,5,13,15,SOFT,0
9916,18,6,16,18,SOFT,0
9916,19,1,1,3,SOFT,0
9916,19,2,4,6,SOFT,3
9916,19,3,7,9,SOFT,0
9916,19,4,10,12,SOFT,0
9916,19,5,13,15,SOFT,0
9916,19,6,16,18,SOFT,0
9916,20,1,1,3,SOFT,0
9916,20,2,4,6,SOFT,3
9916,20,3,7,9,SOFT,0
9916,29,1,1,3,SOFT,0
9916,29,2,4,6,SOFT,0
9916,29,3,7,9,SOFT,0
9920,1,1,1,23,SOFT,0
9920,1,2,24,53,MEDIUM,0
9920,1,3,54,72,SOFT,0
9920,2,1,1,23,MEDIUM,0
9920,2,2,24,53,HARD,0
9920,2,3,54,64,HARD,1
9920,3,1,1,22,MEDIUM,0
9920,3,2,23,60,HARD,0
9920,3,3,61,72,SOFT,0
9920,4,1,1,23,MEDIUM,0
9920,4,2,24,53,HARD,0
9920,4,3,54,72,SOFT,2
9920,6,1,1,23,MEDIUM,0
9920,6,2,24,72,HARD,0
9920,7,1,1,23,MEDIUM,0
9920,7,2,24,51,HARD,0
9920,7,3,52,53,SOFT,0
9920,7,4,54,72,SOFT,0
9920,8,1,1,18,MEDIUM,0
9920,8,2,19,40,HARD,0
9920,8,3,41,72,HARD,0
9920,9,1,1,22,MEDIUM,0
9920,9,2,23,52,HARD,1
9920,9,3,53,53,SOFT,3
9920,10,1,1,8,MEDIUM,0
9920,10,2,9,52,HARD,0
9920,10,3,53,72,HARD,0
9920,11,1,1,19,SOFT,0
9920,11,2,20,53,HARD,0
9920,11,3,54,72,SOFT,3
9920,12,1,1,23,MEDIUM,0
9920,12,2,24,53,HARD,0
9920,12,3,54,72,SOFT,0
9920,13,1,1,19,SOFT,0
9920,13,2,20,53,HARD,0
9920,13,3,54,72,MEDIUM,0
9920,14,1,1,23,MEDIUM,0
9920,14,2,24,27,HARD,0
9920,14,3,28,52,SOFT,3
9920,14,4,53,72,SOFT,3
9920,15,1,1,52,HARD,0
9920,15,2,53,72,MEDIUM,0
9920,16,1,1,22,MEDIUM,0
9920,17,1,1,23,MEDIUM,0
9920,17,2,24,27,HARD,0
9920,17,3,28,51,SOFT,3
9920,17,4,52,65,SOFT,3
9920,17,5,66,72,SOFT,3
9920,18,1,1,23,MEDIUM,0
9920,18,2,24,53,HARD,0
9920,18,3,54,72,SOFT,3
9920,19,1,1,23,MEDIUM,0
9920,19,2,24,53,HARD,0
9920,19,3,54,72,HARD,0
9920,20,1,1,53,HARD,0
9920,20,2,54,72,MEDIUM,0
9920,29,1,1,19,SOFT,0
9920,29,2,20,53,HARD,0
9920,29,3,54,65,MEDIUM,0
9920,29,4,66,72,SOFT,0
9921,1,1,1,3,MEDIUM,0
9921,1,2,4,7,MEDIUM,3
9921,1,3,10,12,SOFT,0
9921,1,4,13,15,SOFT,3
9921,1,5,16,25,MEDIUM,9
9921,2,1,1,6,MEDIUM,0
9921,2,2,7,7,MEDIUM,6
9921,2,3,13,15,SOFT,0
9921,2,4,16,17,SOFT,0
9921,2,5,18,26,MEDIUM,12
9921,3,1,1,3,MEDIUM,0
9921,3,2,4,8,MEDIUM,0
9921,3,3,12,17,SOFT,0
9921,4,1,1,8,HARD,0
9921,4,2,10,17,HARD,0
9921,4,3,18,23,SOFT,0
9921,4,4,24,31,HARD,17
9921,6,1,1,4,MEDIUM,0
9921,6,2,5,5,MEDIUM,4
9921,6,3,11,13,MEDIUM,10
9921,6,4,14,19,SOFT,0
9921,6,5,20,27,MEDIUM,13
9921,7,1,1,2,MEDIUM,0
9921,7,2,3,5,MEDIUM,0
9921,7,3,6,6,MEDIUM,0
9921,7,4,9,10,MEDIUM,0
9921,7,5,11,13,MEDIUM,10
9921,7,6,14,16,SOFT,0
9921,7,7,17,19,SOFT,3
9921,7,8,20,26,MEDIUM,13
9921,9,1,1,2,MEDIUM,0
9921,9,2,3,7,MEDIUM,2
9921,9,3,8,10,MEDIUM,7
9921,9,4,11,13,SOFT,0
9921,9,5,14,16,SOFT,3
9921,9,6,17,28,MEDIUM,0
9921,10,1,1,2,HARD,0
9921,10,2,3,4,HARD,2
9921,10,3,10,15,SOFT,0
9921,10,4,16,25,HARD,9
9921,11,1,1,5,HARD,0
9921,11,2,6,7,HARD,5
9921,11,3,10,12,HARD,9
9921,11,4,13,18,SOFT,0
9921,11,5,19,27,HARD,12
9921,12,1,1,5,HARD,0
9921,12,2,6,8,HARD,5
9921,12,3,9,11,HARD,0
9921,12,4,12,14,SOFT,0
9921,12,5,15,16,SOFT,3
9921,12,6,17,28,HARD,11
9921,14,1,1,5,HARD,0
9921,14,2,6,8,HARD,5
9921,14,3,12,14,HARD,0
9921,14,4,15,17,SOFT,0
9921,14,5,18,20,SOFT,3
9921,14,6,21,29,SOFT,6
9921,15,1,1,5,MEDIUM,0
9921,15,2,6,8,MEDIUM,5
9921,15,3,12,14,SOFT,0
9921,15,4,15,17,SOFT,0
9921,15,5,18,26,MEDIUM,11
9921,16,1,1,3,MEDIUM,0
9921,16,2,4,6,MEDIUM,3
9921,16,3,7,7,MEDIUM,6
9921,16,4,12,14,SOFT,0
9921,16,5,15,18,SOFT,3
9921,16,6,19,28,MEDIUM,11
9921,17,1,1,5,HARD,0
9921,17,2,6,8,HARD,5
9921,17,3,14,18,SOFT,0
9921,17,4,19,31,HARD,13
9921,18,1,1,3,MEDIUM,0
9921,18,2,4,5,MEDIUM,0
9921,18,3,6,6,MEDIUM,0
9921,18,4,9,11,MEDIUM,8
9921,18,5,12,14,SOFT,0
9921,18,6,15,17,SOFT,0
9921,18,7,18,26,MEDIUM,11
9921,19,1,1,6,MEDIUM,0
9921,19,2,7,8,MEDIUM,0
9921,19,3,10,14,MEDIUM,9
9921,19,4,15,18,SOFT,0
9921,19,5,19,21,SOFT,0
9921,19,6,22,30,MEDIUM,0
9921,20,1,1,5,MEDIUM,0
9921,20,2,6,8,MEDIUM,5
9921,20,3,9,11,MEDIUM,0
9921,20,4,12,18,SOFT,0
9921,20,5,19,26,MEDIUM,11
9921,21,1,1,5,HARD,0
9921,21,2,6,6,HARD,5
9921,21,3,13,17,SOFT,0
9921,21,4,18,26,HARD,12
9921,29,1,1,3,MEDIUM,0
9921,29,2,4,6,MEDIUM,3
9921,29,3,7,7,MEDIUM,6
9921,29,4,10,10,SOFT,0
9921,29,5,11,13,SOFT,1
9921,29,6,14,16,SOFT,4
9921,29,7,17,29,MEDIUM,9
9921,32,1,1,1,HARD,0
9921,32,2,2,6,HARD,1
9921,32,3,9,9,HARD,8
9922,1,1,1,3,MEDIUM,0
9922,1,2,4,6,MEDIUM,3
9922,1,3,7,9,SOFT,0
9922,1,4,10,25,MEDIUM,6
9922,2,1,1,7,MEDIUM,0
9922,2,2,8,11,SOFT,0
9922,2,3,12,14,SOFT,0
9922,2,4,15,23,MEDIUM,7
9922,2,5,24,27,SOFT,7
9922,3,1,1,10,HARD,0
9922,3,2,11,13,SOFT,0
9922,3,3,14,16,SOFT,3
9922,3,4,17,26,HARD,10
9922,3,5,27,29,SOFT,0
9922,4,1,1,3,MEDIUM,0
9922,4,2,4,9,MEDIUM,3
9922,4,3,10,12,SOFT,0
9922,4,4,13,26,MEDIUM,9
9922,4,5,27,30,SOFT,3
9922,6,1,1,6,MEDIUM,0
9922,6,2,7,8,MEDIUM,6
9922,6,3,9,11,SOFT,0
9922,6,4,12,14,SOFT,3
9922,6,5,15,25,MEDIUM,8
9922,7,1,1,3,MEDIUM,0
9922,7,2,4,6,MEDIUM,3
9922,7,3,7,9,SOFT,0
9922,7,4,10,12,SOFT,3
9922,7,5,13,26,MEDIUM,6
9922,8,1,1,7,MEDIUM,0
9922,8,2,8,11,MEDIUM,7
9922,8,3,12,14,SOFT,0
9922,8,4,15,17,SOFT,3
9922,8,5,18,25,SOFT,6
9922,9,1,1,3,MEDIUM,0
9922,9,2,4,6,MEDIUM,0
9922,9,3,7,9,MEDIUM,6
9922,9,4,10,13,SOFT,0
9922,9,5,14,16,SOFT,4
9922,9,6,17,28,MEDIUM,9
9922,10,1,1,7,MEDIUM,0
9922,10,2,8,10,SOFT,0
9922,10,3,11,15,SOFT,7
9922,10,4,16,28,MEDIUM,7
9922,11,1,1,6,MEDIUM,0
9922,11,2,7,10,MEDIUM,6
9922,11,3,11,12,MEDIUM,10
9922,11,4,13,15,SOFT,0
9922,11,5,16,17,SOFT,3
9922,11,6,18,30,MEDIUM,12
9922,12,1,1,6,MEDIUM,0
9922,12,2,7,10,MEDIUM,6
9922,12,3,11,13,SOFT,0
9922,12,4,14,16,SOFT,3
9922,12,5,17,27,MEDIUM,10
9922,12,6,28,30,SOFT,6
9922,13,1,1,5,MEDIUM,0
9922,13,2,6,8,MEDIUM,5
9922,13,3,9,11,MEDIUM,8
9922,13,4,12,14,SOFT,0
9922,13,5,15,17,SOFT,3
9922,13,6,18,28,MEDIUM,11
9922,13,7,29,31,SOFT,6
9922,14,1,1,3,MEDIUM,0
9922,14,2,4,6,MEDIUM,0
9922,14,3,7,9,MEDIUM,6
9922,14,4,10,12,SOFT,0
9922,14,5,13,29,MEDIUM,9
9922,15,1,1,9,HARD,0
9922,15,2,10,12,SOFT,0
9922,15,3,13,15,SOFT,3
9922,15,4,16,26,HARD,9
9922,15,5,27,29,SOFT,0
9922,16,1,1,3,MEDIUM,0
9922,16,2,4,7,MEDIUM,3
9922,16,3,8,9,MEDIUM,7
9922,16,4,10,12,SOFT,0
9922,16,5,13,15,SOFT,3
9922,16,6,16,28,SOFT,0
9922,17,1,1,5,MEDIUM,0
9922,17,2,6,9,MEDIUM,5
9922,17,3,10,15,SOFT,0
9922,17,4,16,16,SOFT,6
9922,17,5,17,32,MEDIUM,9
9922,18,1,1,3,MEDIUM,0
9922,18,2,4,6,MEDIUM,3
9922,18,3,7,8,MEDIUM,0
9922,18,4,9,11,SOFT,0
9922,18,5,12,14,SOFT,3
9922,18,6,15,24,MEDIUM,8
9922,18,7,25,27,SOFT,6
9922,19,1,1,3,MEDIUM,0
9922,19,2,4,6,MEDIUM,3
9922,19,3,7,9,MEDIUM,6
9922,19,4,10,12,SOFT,0
9922,19,5,13,15,SOFT,0
9922,19,6,16,27,MEDIUM,9
9922,19,7,28,30,SOFT,6
9922,20,1,1,8,HARD,0
9922,20,2,9,12,SOFT,0
9922,20,3,13,15,SOFT,4
9922,20,4,16,24,SOFT,7
9922,20,5,25,27,HARD,0
9922,29,1,1,3,MEDIUM,0
9922,29,2,4,6,MEDIUM,3
9922,29,3,7,9,MEDIUM,6
9922,29,4,10,12,SOFT,0
9922,29,5,13,15,SOFT,3
9922,29,6,16,29,MEDIUM,9
9923,1,1,1,11,SOFT,0
9923,1,2,12,14,SOFT,0
9923,1,3,15,19,SOFT,3
9923,2,1,1,1,HARD,0
9923,2,2,2,5,SOFT,0
9923,2,3,6,8,SOFT,4
9923,2,4,9,11,SOFT,7
9923,2,5,12,14,SOFT,0
9923,2,6,15,17,SOFT,3
9923,2,7,18,20,SOFT,10
9923,3,1,1,3,SOFT,0
9923,3,2,4,10,SOFT,3
9923,3,3,11,13,SOFT,0
9923,3,4,14,16,SOFT,0
9923,3,5,17,19,SOFT,6
9923,4,1,1,6,MEDIUM,0
9923,4,2,7,10,MEDIUM,6
9923,4,3,11,13,SOFT,0
9923,4,4,14,14,MEDIUM,10
9923,4,5,15,15,MEDIUM,11
9923,4,6,16,18,MEDIUM,0
9923,6,1,1,3,SOFT,0
9923,6,2,4,6,SOFT,3
9923,6,3,7,14,SOFT,6
9923,6,4,15,18,SOFT,0
9923,6,5,19,22,SOFT,0
9923,7,1,1,3,SOFT,0
9923,7,2,4,6,SOFT,3
9923,7,3,7,8,SOFT,0
9923,7,4,9,11,SOFT,0
9923,7,5,12,18,SOFT,3
9923,8,1,1,1,MEDIUM,0
9923,8,2,2,2,HARD,0
9923,8,3,3,7,MEDIUM,0
9923,8,4,8,11,MEDIUM,5
9923,8,5,12,14,SOFT,0
9923,8,6,15,18,SOFT,3
9923,9,1,1,3,SOFT,0
9923,9,2,4,6,SOFT,3
9923,9,3,7,9,SOFT,6
9923,9,4,10,12,SOFT,0
9923,9,5,13,17,SOFT,3
9923,10,1,1,1,MEDIUM,0
9923,10,2,2,2,HARD,0
9923,10,3,3,8,MEDIUM,0
9923,10,4,9,11,MEDIUM,6
9923,10,5,12,14,SOFT,0
9923,10,6,15,17,SOFT,3
9923,10,7,18,21,SOFT,6
9923,11,1,1,12,MEDIUM,0
9923,11,2,13,15,SOFT,0
9923,11,3,16,19,SOFT,3
9923,12,1,1,3,MEDIUM,0
9923,12,2,4,11,MEDIUM,3
9923,12,3,12,14,SOFT,0
9923,12,4,15,17,SOFT,3
9923,12,5,18,20,MEDIUM,11
9923,13,1,1,3,SOFT,0
9923,13,2,4,12,SOFT,3
9923,13,3,13,15,SOFT,0
9923,13,4,16,18,SOFT,3
9923,13,5,19,21,SOFT,6
9923,14,1,1,3,MEDIUM,0
9923,14,2,4,6,MEDIUM,3
9923,14,3,7,9,MEDIUM,0
9923,14,4,10,12,MEDIUM,0
9923,14,5,13,15,SOFT,0
9923,14,6,16,18,SOFT,3
9923,14,7,19,21,MEDIUM,12
9923,15,1,1,6,MEDIUM,0
9923,15,2,7,9,MEDIUM,6
9923,15,3,10,11,SOFT,0
9923,15,4,12,15,SOFT,2
9923,15,5,16,18,MEDIUM,9
9923,16,1,1,3,SOFT,0
9923,16,2,4,8,SOFT,3
9923,16,3,9,11,SOFT,0
9923,16,4,12,18,SOFT,3
9923,17,1,1,6,MEDIUM,0
9923,17,2,7,11,MEDIUM,6
9923,17,3,12,14,SOFT,0
9923,17,4,15,19,SOFT,3
9923,18,1,1,3,SOFT,0
9923,18,2,4,6,SOFT,3
9923,18,3,7,8,SOFT,6
9923,18,4,9,11,SOFT,0
9923,18,5,12,14,SOFT,3
9923,18,6,15,17,SOFT,0
9923,19,1,1,1,HARD,0
9923,19,2,2,4,SOFT,0
9923,19,3,5,8,SOFT,3
9923,19,4,9,11,SOFT,0
9923,19,5,12,14,SOFT,0
9923,19,6,15,17,SOFT,7
9923,20,1,1,3,MEDIUM,0
9923,20,2,4,7,MEDIUM,0
9923,20,3,8,9,MEDIUM,7
9923,20,4,10,12,SOFT,0
9923,20,5,13,14,SOFT,3
9923,20,6,15,17,MEDIUM,9
9923,29,1,1,3,SOFT,0
9923,29,2,4,7,SOFT,3
9923,29,3,8,10,SOFT,7
9923,29,4,11,13,SOFT,0
9923,29,5,14,16,SOFT,0
9923,29,6,17,21,SOFT,3
9924,1,1,1,3,SOFT,0
9924,1,2,4,6,SOFT,0
9924,1,3,7,9,SOFT,3
9924,1,4,10,12,SOFT,0
9924,1,5,13,15,SOFT,3
9924,1,6,16,18,SOFT,0
9924,2,1,1,3,SOFT,0
9924,2,2,4,6,SOFT,3
9924,2,3,7,9,SOFT,0
9924,2,4,10,12,SOFT,3
9924,2,5,13,15,SOFT,0
9924,2,6,16,18,SOFT,0
9924,3,1,1,3,SOFT,0
9924,3,2,4,6,SOFT,0
9924,3,3,7,9,SOFT,3
9924,3,4,10,12,SOFT,0
9924,3,5,13,15,SOFT,3
9924,3,6,16,18,SOFT,0
9924,4,1,1,3,SOFT,0
9924,4,2,4,6,SOFT,0
9924,4,3,7,9,SOFT,0
9924,4,4,10,12,SOFT,0
9924,4,5,13,15,SOFT,0
9924,6,1,1,3,SOFT,0
9924,6,2,4,6,SOFT,0
9924,7,1,1,3,SOFT,0
9924,7,2,4,6,SOFT,3
9924,7,3,7,9,SOFT,0
9924,8,1,1,3,SOFT,0
9924,8,2,4,6,SOFT,0
9924,8,3,7,9,SOFT,0
9924,8,4,10,12,SOFT,0
9924,8,5,13,15,SOFT,0
9924,9,1,1,3,SOFT,0
9924,9,2,4,6,SOFT,0
9924,9,3,7,9,SOFT,3
9924,9,4,10,12,SOFT,0
9924,9,5,13,15,SOFT,3
9924,9,6,16,18,SOFT,0
9924,10,1,1,3,SOFT,0
9924,10,2,4,6,SOFT,0
9924,10,3,7,9,SOFT,0
9924,10,4,10,12,SOFT,0
9924,10,5,13,15,SOFT,3
9924,10,6,16,18,SOFT,0
9924,11,1,1,3,SOFT,0
9924,11,2,4,6,SOFT,0
9924,12,1,1,3,SOFT,0
9924,12,2,4,6,SOFT,0
9924,12,3,7,9,SOFT,0
9924,13,1,1,3,SOFT,0
9924,13,2,4,6,SOFT,0
9924,14,1,1,3,SOFT,0
9924,14,2,4,6,SOFT,0
9924,14,3,7,9,SOFT,0
9924,14,4,10,12,SOFT,0
9924,14,5,13,15,SOFT,3
9924,14,6,16,18,SOFT,0
9924,15,1,1,3,SOFT,0
9924,15,2,4,6,SOFT,0
9924,16,1,1,3,SOFT,0
9924,16,2,4,6,SOFT,0
9924,16,3,7,9,SOFT,3
9924,16,4,10,12,SOFT,0
9924,17,1,1,3,SOFT,0
9924,17,2,4,6,SOFT,0
9924,17,3,7,9,SOFT,0
9924,17,4,10,12,SOFT,3
9924,17,5,13,15,SOFT,0
9924,18,1,1,3,SOFT,0
9924,18,2,4,6,SOFT,3
9924,18,3,7,9,SOFT,0
9924,18,4,10,12,SOFT,0
9924,18,5,13,15,SOFT,0
9924,19,1,1,3,SOFT,0
9924,19,2,4,6,SOFT,3
9924,19,3,7,9,SOFT,0
9924,19,4,10,12,SOFT,3
9924,19,5,13,15,SOFT,0
9924,19,6,16,18,SOFT,0
9924,20,1,1,3,SOFT,0
9924,20,2,4,6,SOFT,0
9924,20,3,7,9,SOFT,0
9924,20,4,10,12,SOFT,0
9924,29,1,1,3,SOFT,0
9924,29,2,4,6,SOFT,0
9924,29,3,7,9,SOFT,3
9924,29,4,10,12,SOFT,0
9928,1,1,1,17,MEDIUM,0
9928,1,2,18,48,HARD,0
9928,1,3,49,70,HARD,0
9928,2,1,1,31,MEDIUM,0
9928,2,2,32,70,HARD,0
9928,3,1,1,40,MEDIUM,0
9928,3,2,41,70,HARD,0
9928,4,1,1,33,MEDIUM,0
9928,4,2,34,69,HARD,0
9928,6,1,1,32,HARD,0
9928,6,2,33,69,MEDIUM,0
9928,7,1,1,21,MEDIUM,0
9928,7,2,22,69,HARD,0
9928,8,1,1,39,MEDIUM,1
9928,8,2,40,70,HARD,1
9928,9,1,1,19,MEDIUM,0
9928,9,2,20,40,HARD,0
9928,9,3,41,70,HARD,0
9928,10,1,1,36,MEDIUM,1
9928,10,2,37,70,HARD,1
9928,11,1,1,20,MEDIUM,0
9928,11,2,21,37,SOFT,0
9928,11,3,38,69,HARD,0
9928,12,1,1,14,SOFT,0
9928,12,2,15,38,MEDIUM,0
9928,12,3,39,69,HARD,0
9928,13,1,1,5,SOFT,0
9928,13,2,6,41,MEDIUM,0
9928,13,3,42,69,MEDIUM,0
9928,14,1,1,40,MEDIUM,0
9928,14,2,41,70,HARD,0
9928,15,1,1,14,MEDIUM,0
9928,15,2,15,69,HARD,0
9928,16,1,1,42,HARD,0
9928,16,2,43,69,MEDIUM,0
9928,17,1,1,15,SOFT,0
9928,17,2,16,51,HARD,0
9928,17,3,52,69,MEDIUM,0
9928,18,1,1,19,MEDIUM,0
9928,18,2,20,43,HARD,0
9928,18,3,44,70,HARD,0
9928,19,1,1,18,MEDIUM,0
9928,19,2,19,45,HARD,1
9928,19,3,46,70,HARD,0
9928,20,1,1,30,MEDIUM,0
9928,20,2,31,48,HARD,0
9928,29,1,1,13,MEDIUM,0
9928,29,2,14,35,HARD,0
9928,29,3,36,69,HARD,0
9929,1,1,1,3,MEDIUM,0
9929,1,2,4,6,MEDIUM,3
9929,1,3,7,8,MEDIUM,6
9929,1,4,9,16,MEDIUM,8
9929,1,5,17,19,SOFT,0
9929,1,6,20,23,SOFT,3
9929,2,1,1,7,HARD,0
9929,2,2,8,16,HARD,7
9929,2,3,17,22,SOFT,0
9929,3,1,1,9,HARD,0
9929,3,2,10,11,HARD,9
9929,3,3,12,19,HARD,0
9929,3,4,20,25,SOFT,0
9929,4,1,1,9,HARD,0
9929,4,2,10,13,HARD,9
9929,4,3,14,19,MEDIUM,0
9929,6,1,1,8,HARD,0
9929,6,2,9,12,HARD,8
9929,6,3,13,14,HARD,12
9929,6,4,15,21,SOFT,0
9929,7,1,1,8,HARD,0
9929,7,2,9,20,HARD,8
9929,7,3,21,23,MEDIUM,0
9929,8,1,1,7,HARD,0
9929,8,2,8,16,HARD,7
9929,8,3,17,19,SOFT,0
9929,8,4,20,22,HARD,16
9929,9,1,1,10,HARD,0
9929,9,2,11,16,HARD,10
9929,9,3,17,22,SOFT,0
9929,10,1,1,1,HARD,0
9929,10,2,2,10,HARD,1
9929,10,3,11,14,SOFT,0
9929,10,4,15,17,HARD,10
9929,11,1,1,3,MEDIUM,0
9929,11,2,4,6,MEDIUM,3
9929,11,3,7,9,MEDIUM,6
9929,11,4,10,17,MEDIUM,9
9929,11,5,18,23,SOFT,0
9929,12,1,1,8,HARD,0
9929,12,2,9,17,HARD,8
9929,12,3,18,24,SOFT,0
9929,13,1,1,6,HARD,0
9929,13,2,7,14,HARD,6
9929,13,3,15,20,SOFT,0
9929,14,1,1,9,HARD,0
9929,14,2,10,15,HARD,9
9929,14,3,16,21,MEDIUM,0
9929,15,1,1,9,MEDIUM,0
9929,15,2,10,16,MEDIUM,9
9929,15,3,17,22,SOFT,0
9929,16,1,1,11,HARD,0
9929,16,2,12,18,HARD,11
9929,16,3,19,24,SOFT,0
9929,17,1,1,1,HARD,0
9929,17,2,2,10,HARD,1
9929,17,3,11,16,SOFT,0
9929,18,1,1,8,HARD,0
9929,18,2,9,14,HARD,0
9929,18,3,15,21,HARD,14
9929,18,4,22,24,MEDIUM,0
9929,18,5,25,27,HARD,21
9929,19,1,1,7,HARD,0
9929,19,2,8,16,HARD,7
9929,19,3,17,19,SOFT,0
9929,19,4,20,23,SOFT,3
9929,20,1,1,9,MEDIUM,0
9929,20,2,10,16,MEDIUM,9
9929,20,3,17,22,SOFT,0
9929,29,1,1,6,HARD,0
9929,29,2,7,13,SOFT,0
9929,29,3,14,21,SOFT,7
9930,1,1,1,3,MEDIUM,0
9930,1,2,4,6,MEDIUM,0
9930,1,3,7,9,SOFT,0
9930,2,1,1,3,MEDIUM,0
9930,2,2,4,9,MEDIUM,0
9930,2,3,10,12,SOFT,0
9930,3,1,1,3,MEDIUM,0
9930,3,2,4,6,MEDIUM,3
9930,3,3,7,9,MEDIUM,0
9930,3,4,10,12,SOFT,0
9930,4,1,1,3,MEDIUM,0
9930,4,2,4,5,MEDIUM,3
9930,4,3,6,8,MEDIUM,0
9930,4,4,9,11,SOFT,0
9930,6,1,1,3,MEDIUM,0
9930,6,2,4,6,MEDIUM,3
9930,6,3,7,9,MEDIUM,0
9930,6,4,10,12,SOFT,0
9930,7,1,1,6,MEDIUM,0
9930,8,1,1,4,MEDIUM,0
9930,8,2,5,7,MEDIUM,0
9930,9,1,1,6,MEDIUM,0
9930,9,2,7,9,MEDIUM,0
9930,9,3,10,12,SOFT,0
9930,10,1,1,5,MEDIUM,0
9930,10,2,6,8,MEDIUM,0
9930,11,1,1,5,MEDIUM,0
9930,11,2,6,9,MEDIUM,0
9930,12,1,1,6,MEDIUM,0
9930,13,1,1,3,MEDIUM,0
9930,13,2,4,6,MEDIUM,3
9930,14,1,1,3,MEDIUM,0
9930,14,2,4,6,MEDIUM,3
9930,14,3,7,9,MEDIUM,0
9930,15,1,1,3,MEDIUM,0
9930,15,2,4,6,MEDIUM,3
9930,15,3,7,9,MEDIUM,0
9930,15,4,10,12,SOFT,0
9930,16,1,1,6,MEDIUM,0
9930,17,1,1,5,MEDIUM,0
9930,17,2,6,8,MEDIUM,0
9930,17,3,9,11,SOFT,0
9930,18,1,1,3,MEDIUM,0
9930,18,2,4,5,MEDIUM,3
9930,18,3,6,8,MEDIUM,0
9930,19,1,1,3,MEDIUM,0
9930,19,2,4,8,MEDIUM,0
9930,19,3,9,11,SOFT,0
9930,20,1,1,3,MEDIUM,0
9930,20,2,4,6,MEDIUM,3
9930,20,3,7,9,MEDIUM,0
9930,20,4,10,12,SOFT,0
9930,29,1,1,6,MEDIUM,0
9934,1,1,1,15,MEDIUM,3
9934,2,1,1,15,MEDIUM,0
9934,3,1,1,15,MEDIUM,0
9934,4,1,1,15,MEDIUM,0
9934,6,1,1,1,MEDIUM,0
9934,6,2,2,12,MEDIUM,6
9934,7,1,1,15,MEDIUM,3
9934,8,1,1,15,MEDIUM,3
9934,9,1,1,15,MEDIUM,3
9934,10,1,1,15,MEDIUM,3
9934,11,1,1,15,MEDIUM,5
9934,12,1,1,15,MEDIUM,0
9934,13,1,1,15,MEDIUM,0
9934,14,1,1,15,MEDIUM,3
9934,15,1,1,15,MEDIUM,3
9934,16,1,1,15,MEDIUM,0
9934,17,1,1,15,MEDIUM,0
9934,18,1,1,15,MEDIUM,3
9934,19,1,1,15,MEDIUM,0
9934,20,1,1,15,MEDIUM,3
9934,29,1,1,15,SOFT,0
9935,1,1,1,3,SOFT,0
9935,1,2,4,6,SOFT,0
9935,1,3,7,9,SOFT,0
9935,1,4,10,12,SOFT,3
9935,1,5,13,15,SOFT,0
9935,2,1,1,3,SOFT,3
9935,2,2,4,8,SOFT,0
9935,2,3,9,11,SOFT,0
9935,2,4,12,14,SOFT,3
9935,2,5,15,17,SOFT,0
9935,2,6,18,20,SOFT,0
9935,3,1,1,3,SOFT,0
9935,3,2,4,6,SOFT,0
9935,3,3,7,9,SOFT,0
9935,3,4,10,12,SOFT,0
9935,3,5,13,15,SOFT,3
9935,3,6,16,18,SOFT,3
9935,4,1,1,1,SOFT,3
9935,4,2,2,4,SOFT,0
9935,4,3,5,7,SOFT,0
9935,4,4,8,10,SOFT,0
9935,4,5,11,13,SOFT,0
9935,4,6,14,16,SOFT,3
9935,4,7,17,19,SOFT,0
9935,6,1,1,2,SOFT,0
9935,6,2,3,5,SOFT,0
9935,6,3,6,8,SOFT,0
9935,6,4,9,11,SOFT,0
9935,6,5,12,14,SOFT,0
9935,7,1,1,3,SOFT,0
9935,7,2,4,6,SOFT,0
9935,8,1,1,2,SOFT,3
9935,8,2,3,5,SOFT,0
9935,8,3,6,8,SOFT,0
9935,9,1,1,2,SOFT,0
9935,9,2,3,5,SOFT,0
9935,9,3,6,7,SOFT,3
9935,9,4,8,10,SOFT,0
9935,9,5,11,12,SOFT,0
9935,9,6,13,15,SOFT,0
9935,9,7,16,18,SOFT,0
9935,10,1,1,2,SOFT,4
9935,10,2,3,5,SOFT,0
9935,10,3,6,8,SOFT,0
9935,11,1,1,3,SOFT,0
9935,11,2,4,6,SOFT,0
9935,11,3,7,9,SOFT,0
9935,11,4,10,11,SOFT,0
9935,11,5,12,14,SOFT,3
9935,11,6,15,17,SOFT,0
9935,12,1,1,2,SOFT,7
9935,12,2,3,5,SOFT,0
9935,12,3,6,8,SOFT,0
9935,12,4,9,11,SOFT,0
9935,12,5,12,14,SOFT,0
9935,12,6,15,17,SOFT,3
9935,12,7,18,20,SOFT,0
9935,13,1,1,2,SOFT,0
9935,13,2,3,5,SOFT,0
9935,13,3,6,8,SOFT,0
9935,13,4,9,11,SOFT,0
9935,13,5,12,14,SOFT,0
9935,14,1,1,2,SOFT,0
9935,14,2,3,5,SOFT,0
9935,14,3,6,8,SOFT,0
9935,14,4,9,11,SOFT,0
9935,14,5,12,14,SOFT,0
9935,14,6,15,17,SOFT,2
9935,14,7,18,20,SOFT,0
9935,15,1,1,2,SOFT,6
9935,15,2,3,5,SOFT,3
9935,15,3,6,8,SOFT,0
9935,15,4,9,11,SOFT,0
9935,15,5,12,14,SOFT,0
9935,16,1,1,2,SOFT,6
9935,16,2,3,5,SOFT,0
9935,16,3,6,8,SOFT,0
9935,17,1,1,2,SOFT,0
9935,17,2,3,5,SOFT,0
9935,17,3,6,7,SOFT,0
9935,17,4,8,10,SOFT,0
9935,17,5,11,13,SOFT,0
9935,18,1,1,3,SOFT,0
9935,18,2,4,6,SOFT,0
9935,18,3,7,9,SOFT,0
9935,18,4,10,12,SOFT,0
9935,18,5,13,15,SOFT,0
9935,18,6,16,18,SOFT,0
9935,19,1,1,3,SOFT,3
9935,19,2,4,9,SOFT,0
9935,19,3,10,12,SOFT,0
9935,19,4,13,15,SOFT,3
9935,19,5,16,18,SOFT,0
9935,19,6,19,21,SOFT,0
9935,20,1,1,2,SOFT,3
9935,20,2,3,5,SOFT,6
9935,20,3,6,8,SOFT,0
9935,20,4,9,10,SOFT,0
9935,20,5,11,13,SOFT,0
9935,29,1,1,2,MEDIUM,0
9935,29,2,3,5,SOFT,0
9935,29,3,6,8,SOFT,0
9939,1,1,1,1,INTERMEDIATE,0
9939,1,2,2,12,MEDIUM,0
9939,1,3,13,44,MEDIUM,0
9939,2,1,1,1,INTERMEDIATE,0
9939,2,2,2,13,HARD,0
9939,2,3,14,44,HARD,0
9939,3,1,1,1,INTERMEDIATE,0
9939,3,2,2,12,MEDIUM,0
9939,3,3,13,44,MEDIUM,0
9939,4,1,1,1,INTERMEDIATE,0
9939,4,2,2,13,MEDIUM,0
9939,4,3,14,43,HARD,3
9939,6,1,1,1,INTERMEDIATE,0
9939,6,2,2,11,MEDIUM,0
9939,6,3,12,44,MEDIUM,0
9939,7,1,1,1,INTERMEDIATE,0
9939,7,2,2,12,MEDIUM,0
9939,7,3,13,44,MEDIUM,0
9939,8,1,1,1,INTERMEDIATE,0
9939,8,2,2,11,MEDIUM,0
9939,8,3,12,44,MEDIUM,0
9939,9,1,1,1,INTERMEDIATE,0
9939,9,2,2,12,MEDIUM,0
9939,9,3,13,44,MEDIUM,0
9939,10,1,1,1,INTERMEDIATE,0
9939,10,2,2,12,MEDIUM,0
9939,10,3,13,44,MEDIUM,0
9939,11,1,1,1,INTERMEDIATE,0
9939,11,2,2,13,MEDIUM,0
9939,11,3,14,44,MEDIUM,0
9939,12,1,1,1,INTERMEDIATE,0
9939,12,2,2,12,MEDIUM,0
9939,12,3,13,44,MEDIUM,0
9939,13,1,1,1,INTERMEDIATE,0
9939,13,2,2,11,MEDIUM,0
9939,13,3,12,44,MEDIUM,0
9939,14,1,1,1,INTERMEDIATE,0
9939,14,2,2,12,MEDIUM,0
9939,14,3,13,44,MEDIUM,0
9939,15,1,1,1,INTERMEDIATE,0
9939,15,2,2,13,MEDIUM,0
9939,15,3,14,44,MEDIUM,7
9939,16,1,1,1,INTERMEDIATE,0
9939,16,2,2,11,MEDIUM,0
9939,16,3,12,44,MEDIUM,0
9939,17,1,1,1,INTERMEDIATE,0
9939,17,2,2,12,MEDIUM,0
9939,17,3,13,44,HARD,0
9939,18,1,1,1,INTERMEDIATE,0
9939,18,2,2,12,MEDIUM,0
9939,18,3,13,44,MEDIUM,0
9939,19,1,1,1,INTERMEDIATE,0
9939,19,2,2,12,MEDIUM,0
9939,19,3,13,44,MEDIUM,0
9939,20,1,1,1,INTERMEDIATE,0
9939,20,2,2,12,MEDIUM,0
9939,20,3,13,44,MEDIUM,0
9939,29,1,1,1,INTERMEDIATE,0
9939,29,2,2,12,MEDIUM,0
9939,29,3,13,44,MEDIUM,0
9940,1,1,1,7,MEDIUM,0
9940,1,2,8,10,SOFT,0
9940,1,3,11,13,SOFT,3
9940,1,4,14,26,MEDIUM,7
9940,2,1,1,9,MEDIUM,0
9940,2,2,10,16,SOFT,0
9940,2,3,17,26,MEDIUM,9
9940,3,1,1,10,MEDIUM,0
9940,3,2,11,12,SOFT,0
9940,3,3,13,23,MEDIUM,10
9940,4,1,1,8,MEDIUM,0
9940,4,2,9,11,MEDIUM,0
9940,4,3,12,18,SOFT,0
9940,4,4,19,28,MEDIUM,11
9940,6,1,1,7,MEDIUM,0
9940,6,2,8,11,SOFT,0
9940,6,3,12,16,SOFT,4
9940,6,4,17,17,SOFT,9
9940,6,5,18,23,SOFT,10
9940,7,1,1,6,MEDIUM,0
9940,7,2,7,9,MEDIUM,6
9940,7,3,10,12,SOFT,0
9940,7,4,13,15,SOFT,3
9940,7,5,16,25,MEDIUM,9
9940,8,1,1,9,HARD,0
9940,8,2,10,12,SOFT,0
9940,8,3,13,17,SOFT,3
9940,8,4,18,24,HARD,9
9940,9,1,1,3,MEDIUM,0
9940,9,2,4,6,MEDIUM,3
9940,9,3,7,10,MEDIUM,6
9940,9,4,11,13,SOFT,0
9940,9,5,14,17,SOFT,3
9940,9,6,18,26,SOFT,7
9940,10,1,1,8,HARD,0
9940,10,2,9,11,SOFT,0
9940,10,3,12,16,SOFT,3
9940,10,4,17,22,HARD,8
9940,12,1,1,1,HARD,0
9940,12,2,2,12,HARD,1
9940,12,3,13,13,HARD,12
9940,12,4,14,19,HARD,13
9940,12,5,20,30,SOFT,0
9940,14,1,1,5,MEDIUM,0
9940,14,2,6,11,MEDIUM,5
9940,14,3,12,18,SOFT,0
9940,14,4,19,27,SOFT,5
9940,15,1,1,2,MEDIUM,0
9940,15,2,3,7,MEDIUM,2
9940,15,3,8,10,MEDIUM,7
9940,15,4,11,13,SOFT,0
9940,15,5,14,16,SOFT,3
9940,15,6,17,23,MEDIUM,10
9940,16,1,1,10,MEDIUM,0
9940,16,2,11,16,SOFT,0
9940,16,3,17,26,MEDIUM,6
9940,17,1,1,1,HARD,0
9940,17,2,2,12,HARD,1
9940,17,3,13,13,HARD,12
9940,17,4,14,18,HARD,13
9940,17,5,19,21,SOFT,0
9940,17,6,22,26,SOFT,3
9940,18,1,1,3,MEDIUM,0
9940,18,2,4,6,MEDIUM,3
9940,18,3,7,9,MEDIUM,6
9940,18,4,10,12,SOFT,0
9940,18,5,13,25,MEDIUM,9
9940,19,1,1,11,MEDIUM,0
9940,19,2,12,14,SOFT,0
9940,19,3,15,17,SOFT,3
9940,19,4,18,28,MEDIUM,11
9940,20,1,1,10,MEDIUM,0
9940,20,2,11,13,SOFT,0
9940,20,3,14,16,SOFT,3
9940,20,4,17,24,MEDIUM,0
9940,28,1,1,8,MEDIUM,0
9940,28,2,9,11,MEDIUM,0
9940,28,3,12,14,MEDIUM,3
9940,28,4,15,17,SOFT,0
9940,28,5,18,22,SOFT,3
9940,29,1,1,11,MEDIUM,0
9940,29,2,12,14,SOFT,0
9940,29,3,15,16,SOFT,3
9940,29,4,17,27,MEDIUM,11
9940,32,1,1,10,MEDIUM,0
9940,32,2,11,15,MEDIUM,10
9940,32,3,16,20,SOFT,0
9940,32,4,21,25,SOFT,5
9941,1,1,1,3,MEDIUM,0
9941,1,2,4,6,MEDIUM,3
9941,1,3,7,9,SOFT,0
9941,1,4,10,12,SOFT,3
9941,1,5,13,23,MEDIUM,6
9941,2,1,1,6,MEDIUM,0
9941,2,2,7,9,MEDIUM,6
9941,2,3,10,15,SOFT,0
9941,2,4,16,23,MEDIUM,9
9941,2,5,24,26,SOFT,6
9941,3,1,1,5,MEDIUM,0
9941,3,2,6,10,MEDIUM,5
9941,3,3,11,13,SOFT,0
9941,3,4,14,22,MEDIUM,10
9941,3,5,23,27,SOFT,3
9941,4,1,1,6,MEDIUM,0
9941,4,2,7,9,SOFT,0
9941,4,3,10,24,SOFT,3
9941,4,4,25,27,MEDIUM,6
9941,6,1,1,6,MEDIUM,0
9941,6,2,7,9,MEDIUM,6
9941,6,3,10,12,MEDIUM,9
9941,6,4,13,15,SOFT,0
9941,6,5,16,17,SOFT,3
9941,6,6,18,24,MEDIUM,7
9941,7,1,1,3,MEDIUM,0
9941,7,2,4,6,MEDIUM,3
9941,7,3,7,9,SOFT,0
9941,7,4,10,15,MEDIUM,6
9941,7,5,16,28,MEDIUM,12
9941,8,1,1,8,MEDIUM,0
9941,8,2,9,11,SOFT,0
9941,8,3,12,14,SOFT,0
9941,8,4,15,24,MEDIUM,8
9941,9,1,1,6,MEDIUM,0
9941,9,2,7,9,MEDIUM,6
9941,9,3,10,12,SOFT,0
9941,9,4,13,15,SOFT,3
9941,9,5,16,29,MEDIUM,9
9941,10,1,1,5,MEDIUM,0
9941,10,2,6,8,MEDIUM,5
9941,10,3,9,11,SOFT,0
9941,10,4,12,14,SOFT,3
9941,10,5,15,24,MEDIUM,8
9941,11,1,1,7,MEDIUM,0
9941,11,2,8,10,MEDIUM,7
9941,11,3,11,13,SOFT,8
9941,11,4,14,16,SOFT,11
9941,11,5,17,25,MEDIUM,10
9941,12,1,1,9,MEDIUM,0
9941,12,2,10,12,SOFT,0
9941,12,3,13,26,MEDIUM,9
9941,12,4,27,30,SOFT,3
9941,13,1,1,9,MEDIUM,0
9941,13,2,10,15,SOFT,0
9941,13,3,16,26,MEDIUM,9
9941,13,4,27,29,SOFT,6
9941,14,1,1,7,MEDIUM,0
9941,14,2,8,10,SOFT,0
9941,14,3,11,25,MEDIUM,7
9941,14,4,26,28,SOFT,3
9941,15,1,1,5,HARD,0
9941,15,2,6,8,HARD,5
9941,15,3,9,11,HARD,8
9941,15,4,12,14,SOFT,0
9941,15,5,15,17,SOFT,3
9941,15,6,18,26,HARD,11
9941,16,1,1,6,MEDIUM,0
9941,16,2,7,10,MEDIUM,6
9941,16,3,11,15,SOFT,0
9941,16,4,16,22,MEDIUM,10
9941,16,5,23,29,SOFT,5
9941,17,1,1,6,MEDIUM,0
9941,17,2,7,8,MEDIUM,0
9941,17,3,9,14,SOFT,0
9941,17,4,15,27,SOFT,0
9941,18,1,1,3,MEDIUM,0
9941,18,2,4,6,MEDIUM,3
9941,18,3,7,9,SOFT,0
9941,18,4,10,12,SOFT,3
9941,18,5,13,27,MEDIUM,6
9941,19,1,1,3,MEDIUM,0
9941,19,2,4,6,MEDIUM,3
9941,19,3,7,9,MEDIUM,6
9941,19,4,10,12,SOFT,9
9941,19,5,13,16,SOFT,3
9941,19,6,17,27,MEDIUM,9
9941,20,1,1,5,HARD,0
9941,20,2,6,8,HARD,0
9941,20,3,9,11,HARD,8
9941,20,4,12,14,SOFT,0
9941,20,5,15,17,SOFT,3
9941,20,6,18,27,HARD,11
9941,29,1,1,5,MEDIUM,0
9941,29,2,6,8,MEDIUM,0
9941,29,3,9,14,SOFT,0
9941,29,4,15,29,MEDIUM,8
9942,1,1,1,3,SOFT,0
9942,1,2,4,6,SOFT,3
9942,1,3,7,9,SOFT,6
9942,1,4,10,12,SOFT,0
9942,1,5,13,14,SOFT,3
9942,2,1,1,10,SOFT,0
9942,2,2,11,13,SOFT,0
9942,2,3,14,15,SOFT,3
9942,2,4,16,17,SOFT,5
9942,3,1,1,3,SOFT,0
9942,3,2,4,6,SOFT,3
9942,3,3,7,9,SOFT,0
9942,3,4,10,12,SOFT,0
9942,3,5,13,13,SOFT,3
9942,3,6,14,15,SOFT,4
9942,4,1,1,8,HARD,0
9942,4,2,9,9,HARD,0
9942,4,3,10,12,SOFT,0
9942,4,4,13,14,SOFT,3
9942,6,1,1,6,SOFT,0
9942,6,2,7,13,SOFT,6
9942,6,3,14,14,SOFT,0
9942,6,4,15,16,SOFT,1
9942,7,1,1,3,SOFT,0
9942,7,2,4,6,SOFT,3
9942,7,3,7,9,SOFT,0
9942,7,4,10,10,SOFT,3
9942,7,5,11,12,SOFT,4
9942,8,1,1,1,MEDIUM,0
9942,8,2,2,2,HARD,0
9942,8,3,3,8,MEDIUM,0
9942,8,4,9,13,MEDIUM,6
9942,8,5,14,14,SOFT,0
9942,8,6,15,16,SOFT,1
9942,9,1,1,3,SOFT,0
9942,9,2,4,6,SOFT,3
9942,9,3,7,10,SOFT,6
9942,9,4,11,13,SOFT,0
9942,9,5,14,14,SOFT,3
9942,10,1,1,1,MEDIUM,0
9942,10,2,2,2,HARD,0
9942,10,3,3,6,MEDIUM,0
9942,10,4,7,9,MEDIUM,4
9942,10,5,10,13,MEDIUM,7
9942,10,6,14,14,SOFT,0
9942,11,1,1,9,SOFT,0
9942,11,2,10,12,SOFT,0
9942,11,3,13,13,SOFT,3
9942,12,1,1,9,MEDIUM,0
9942,12,2,10,12,SOFT,0
9942,12,3,13,13,SOFT,3
9942,12,4,14,15,SOFT,4
9942,13,1,1,3,SOFT,0
9942,13,2,4,13,SOFT,3
9942,13,3,14,16,SOFT,0
9942,13,4,17,17,SOFT,3
9942,13,5,18,19,SOFT,4
9942,14,1,1,4,HARD,0
9942,14,2,5,10,HARD,0
9942,14,3,11,13,SOFT,0
9942,14,4,14,14,SOFT,0
9942,15,1,1,8,MEDIUM,0
9942,15,2,9,11,SOFT,0
9942,15,3,12,12,SOFT,3
9942,16,1,1,6,SOFT,0
9942,16,2,7,9,SOFT,6
9942,16,3,10,13,SOFT,0
9942,16,4,14,16,SOFT,0
9942,16,5,17,17,SOFT,3
9942,17,1,1,9,MEDIUM,0
9942,17,2,10,12,MEDIUM,9
9942,17,3,13,15,SOFT,0
9942,17,4,16,16,SOFT,3
9942,18,1,1,3,SOFT,0
9942,18,2,4,6,SOFT,3
9942,18,3,7,9,SOFT,0
9942,18,4,10,11,SOFT,3
9942,18,5,12,13,SOFT,5
9942,19,1,1,3,SOFT,0
9942,19,2,4,9,SOFT,3
9942,19,3,10,12,SOFT,0
9942,19,4,13,13,SOFT,3
9942,19,5,14,14,SOFT,4
9942,20,1,1,3,MEDIUM,0
9942,20,2,4,6,MEDIUM,3
9942,20,3,7,9,MEDIUM,6
9942,20,4,10,12,SOFT,0
9942,20,5,13,13,SOFT,3
9942,29,1,1,3,SOFT,0
9942,29,2,4,6,SOFT,3
9942,29,3,7,12,SOFT,6
9942,29,4,13,13,SOFT,0
9942,29,5,14,14,SOFT,1
9943,1,1,1,3,SOFT,0
9943,1,2,4,6,SOFT,3
9943,1,3,7,9,SOFT,0
9943,1,4,10,12,SOFT,3
9943,1,5,13,15,SOFT,0
9943,1,6,16,18,SOFT,0
9943,2,1,1,5,SOFT,0
9943,2,2,6,8,SOFT,5
9943,2,3,9,11,SOFT,0
9943,2,4,12,14,SOFT,3
9943,2,5,15,17,SOFT,0
9943,2,6,18,20,SOFT,0
9943,3,1,1,3,SOFT,0
9943,3,2,4,6,SOFT,3
9943,3,3,7,9,SOFT,0
9943,4,1,1,3,SOFT,0
9943,4,2,4,6,SOFT,0
9943,4,3,7,9,SOFT,0
9943,4,4,10,12,SOFT,0
9943,6,1,1,6,SOFT,0
9943,6,2,7,9,SOFT,0
9943,6,3,10,12,SOFT,3
9943,6,4,13,15,SOFT,0
9943,6,5,16,18,SOFT,3
9943,6,6,19,21,SOFT,0
9943,7,1,1,3,SOFT,0
9943,7,2,4,6,SOFT,0
9943,7,3,7,9,SOFT,3
9943,7,4,10,12,SOFT,0
9943,7,5,13,15,SOFT,0
9943,7,6,16,18,SOFT,0
9943,8,1,1,3,SOFT,0
9943,8,2,4,6,SOFT,0
9943,8,3,7,9,SOFT,0
9943,8,4,10,12,SOFT,0
9943,8,5,13,15,SOFT,0
9943,9,1,1,5,SOFT,0
9943,9,2,6,9,SOFT,5
9943,9,3,10,12,SOFT,9
9943,9,4,13,15,SOFT,0
9943,9,5,16,18,SOFT,0
9943,9,6,19,21,SOFT,0
9943,10,1,1,3,SOFT,0
9943,10,2,4,6,SOFT,0
9943,10,3,7,9,SOFT,0
9943,11,1,1,4,SOFT,0
9943,11,2,5,7,SOFT,0
9943,11,3,8,10,SOFT,4
9943,11,4,11,13,SOFT,0
9943,12,1,1,3,SOFT,0
9943,12,2,4,4,SOFT,0
9943,12,3,5,7,SOFT,0
9943,12,4,8,10,SOFT,1
9943,12,5,11,13,SOFT,0
9943,13,1,1,3,SOFT,0
9943,13,2,4,6,SOFT,3
9943,13,3,7,9,SOFT,0
9943,14,1,1,3,SOFT,0
9943,14,2,4,6,SOFT,0
9943,15,1,1,3,SOFT,0
9943,15,2,4,6,SOFT,0
9943,15,3,7,9,SOFT,0
9943,15,4,10,12,SOFT,0
9943,16,1,1,4,SOFT,0
9943,16,2,5,7,SOFT,4
9943,16,3,8,10,SOFT,7
9943,16,4,11,13,SOFT,0
9943,16,5,14,16,SOFT,0
9943,16,6,17,19,SOFT,0
9943,17,1,1,3,SOFT,0
9943,17,2,4,6,SOFT,0
9943,17,3,7,9,SOFT,0
9943,17,4,10,12,SOFT,0
9943,18,1,1,3,SOFT,0
9943,18,2,4,7,SOFT,3
9943,18,3,8,10,SOFT,0
9943,18,4,11,13,SOFT,0
9943,18,5,14,16,SOFT,3
9943,18,6,17,19,SOFT,0
9943,19,1,1,3,SOFT,0
9943,19,2,4,5,SOFT,3
9943,19,3,6,9,SOFT,5
9943,19,4,10,12,SOFT,0
9943,19,5,13,15,SOFT,3
9943,19,6,16,18,SOFT,0
9943,19,7,19,21,SOFT,0
9943,20,1,1,3,SOFT,0
9943,20,2,4,6,SOFT,0
9943,20,3,7,9,SOFT,3
9943,20,4,10,12,SOFT,0
9943,20,5,13,15,SOFT,0
9943,20,6,16,18,SOFT,0
9943,29,1,1,6,SOFT,0
9947,1,1,1,11,INTERMEDIATE,0
9947,1,2,12,41,INTERMEDIATE,0
9947,1,3,42,52,MEDIUM,0
9947,2,1,1,11,INTERMEDIATE,0
9947,2,2,12,44,INTERMEDIATE,0
9947,2,3,45,52,MEDIUM,0
9947,3,1,1,3,MEDIUM,0
9947,4,1,1,10,MEDIUM,0
9947,4,2,11,17,INTERMEDIATE,0
9947,6,1,1,11,INTERMEDIATE,0
9947,6,2,12,41,INTERMEDIATE,0
9947,6,3,42,52,MEDIUM,0
9947,7,1,1,2,INTERMEDIATE,0
9947,7,2,3,9,HARD,0
9947,7,3,10,20,INTERMEDIATE,0
9947,7,4,21,23,INTERMEDIATE,0
9947,8,1,1,11,INTERMEDIATE,0
9947,8,2,12,37,INTERMEDIATE,0
9947,8,3,38,52,MEDIUM,1
9947,9,1,1,10,MEDIUM,0
9947,9,2,11,42,INTERMEDIATE,0
9947,9,3,43,52,SOFT,3
9947,10,1,1,6,INTERMEDIATE,0
9947,10,2,7,10,SOFT,0
9947,10,3,11,41,INTERMEDIATE,0
9947,10,4,42,52,SOFT,0
9947,11,1,1,11,INTERMEDIATE,0
9947,11,2,12,41,INTERMEDIATE,0
9947,11,3,42,51,MEDIUM,0
9947,12,1,1,12,INTERMEDIATE,0
9947,12,2,13,42,INTERMEDIATE,0
9947,12,3,43,52,MEDIUM,0
9947,13,1,1,9,INTERMEDIATE,0
9947,13,2,10,42,INTERMEDIATE,0
9947,13,3,43,52,MEDIUM,0
9947,14,1,1,1,INTERMEDIATE,0
9947,15,1,1,18,INTERMEDIATE,0
9947,15,2,19,42,INTERMEDIATE,0
9947,15,3,43,52,MEDIUM,0
9947,16,1,1,11,INTERMEDIATE,0
9947,16,2,12,41,INTERMEDIATE,0
9947,16,3,42,52,SOFT,3
9947,17,1,1,11,INTERMEDIATE,0
9947,17,2,12,41,INTERMEDIATE,0
9947,17,3,42,52,MEDIUM,0
9947,18,1,1,10,HARD,0
9947,18,2,11,38,INTERMEDIATE,0
9947,18,3,39,52,HARD,0
9947,19,1,1,11,INTERMEDIATE,0
9947,19,2,12,43,INTERMEDIATE,0
9947,19,3,44,52,MEDIUM,0
9947,20,1,1,10,HARD,0
9947,20,2,11,41,INTERMEDIATE,0
9947,20,3,42,52,MEDIUM,0
9947,29,1,1,1,HARD,0
9948,1,1,1,4,MEDIUM,0
9948,1,2,5,8,MEDIUM,4
9948,1,3,9,11,MEDIUM,8
9948,1,4,12,17,SOFT,0
9948,1,5,18,30,MEDIUM,11
9948,3,1,1,6,HARD,0
9948,3,2,7,11,HARD,6
9948,3,3,12,14,SOFT,0
9948,3,4,15,17,SOFT,3
9948,3,5,18,20,SOFT,6
9948,3,6,21,35,SOFT,9
9948,4,1,1,14,MEDIUM,0
9948,4,2,15,18,SOFT,0
9948,4,3,19,21,SOFT,4
9948,4,4,22,30,SOFT,7
9948,4,5,31,33,SOFT,0
9948,6,1,1,12,MEDIUM,0
9948,6,2,13,14,MEDIUM,12
9948,6,3,15,22,SOFT,0
9948,6,4,23,34,MEDIUM,14
9948,7,1,1,3,HARD,0
9948,7,2,4,6,HARD,3
9948,7,3,7,9,HARD,6
9948,7,4,10,12,SOFT,0
9948,7,5,13,15,SOFT,3
9948,7,6,16,29,SOFT,6
9948,7,7,30,35,HARD,0
9948,8,1,1,13,HARD,0
9948,8,2,14,18,SOFT,0
9948,8,3,19,32,HARD,13
9948,10,1,1,11,MEDIUM,0
9948,10,2,12,18,SOFT,0
9948,10,3,19,32,SOFT,0
9948,11,1,1,5,HARD,0
9948,11,2,6,8,HARD,5
9948,11,3,9,12,HARD,8
9948,11,4,13,15,SOFT,0
9948,11,5,16,18,SOFT,3
9948,11,6,19,30,HARD,0
9948,12,1,1,14,MEDIUM,0
9948,12,2,15,17,SOFT,0
9948,12,3,18,20,SOFT,3
9948,12,4,21,23,SOFT,0
9948,12,5,24,35,MEDIUM,14
9948,13,1,1,7,HARD,0
9948,13,2,8,10,HARD,7
9948,13,3,11,13,SOFT,0
9948,13,4,14,17,SOFT,0
9948,13,5,18,29,HARD,10
9948,13,6,30,32,SOFT,0
9948,14,1,1,9,MEDIUM,0
9948,14,2,10,15,MEDIUM,9
9948,14,3,16,21,SOFT,0
9948,14,4,22,22,SOFT,6
9948,14,5,23,31,SOFT,0
9948,14,6,32,34,SOFT,0
9948,15,1,1,8,MEDIUM,0
9948,15,2,9,13,MEDIUM,8
9948,15,3,14,16,SOFT,0
9948,15,4,17,22,SOFT,3
9948,15,5,23,32,MEDIUM,13
9948,16,1,1,4,MEDIUM,0
9948,16,2,5,7,MEDIUM,4
9948,16,3,8,10,MEDIUM,7
9948,16,4,11,13,MEDIUM,10
9948,16,5,14,16,SOFT,0
9948,16,6,17,20,SOFT,3
9948,17,1,1,7,MEDIUM,0
9948,17,2,8,10,MEDIUM,0
9948,17,3,11,13,MEDIUM,10
9948,17,4,14,19,SOFT,0
9948,17,5,20,22,SOFT,6
9948,17,6,23,33,MEDIUM,13
9948,18,1,1,8,HARD,0
9948,18,2,9,11,SOFT,0
9948,18,3,12,14,SOFT,3
9948,18,4,15,27,SOFT,6
9948,18,5,28,34,HARD,8
9948,19,1,1,8,MEDIUM,0
9948,19,2,9,13,MEDIUM,8
9948,19,3,14,19,SOFT,0
9948,19,4,20,33,MEDIUM,13
9948,20,1,1,8,MEDIUM,0
9948,20,2,9,12,MEDIUM,8
9948,20,3,13,15,SOFT,0
9948,20,4,16,18,SOFT,3
9948,20,5,19,30,MEDIUM,12
9948,23,1,1,12,HARD,0
9948,23,2,13,22,SOFT,0
9948,23,3,23,32,SOFT,10
9948,29,1,1,14,HARD,0
9948,29,2,15,16,HARD,14
9948,29,3,17,19,SOFT,0
9948,29,4,20,22,SOFT,3
9948,29,5,23,34,HARD,16
9948,39,1,1,2,SOFT,0
9948,39,2,3,4,SOFT,2
9948,39,3,5,6,SOFT,4
9948,39,4,7,13,HARD,0
9948,39,5,14,19,SOFT,6
9948,39,6,20,24,SOFT,12
9948,39,7,25,29,SOFT,17
9949,1,1,1,6,SOFT,0
9949,1,2,7,12,SOFT,1
9949,1,3,13,19,SOFT,6
9949,1,4,20,24,SOFT,0
9949,2,1,1,8,MEDIUM,0
9949,2,2,9,11,MEDIUM,8
9949,2,3,12,18,SOFT,0
9949,2,4,19,32,MEDIUM,11
9949,2,5,33,35,SOFT,7
9949,3,1,1,3,MEDIUM,0
9949,3,2,4,6,MEDIUM,3
9949,3,3,7,9,MEDIUM,6
9949,3,4,10,12,MEDIUM,0
9949,3,5,13,15,SOFT,0
9949,3,6,16,18,SOFT,0
9949,3,7,19,28,MEDIUM,12
9949,3,8,29,31,SOFT,6
9949,4,1,1,9,HARD,0
9949,4,2,10,11,SOFT,1
9949,4,3,12,14,SOFT,0
9949,4,4,15,31,HARD,9
9949,4,5,32,34,SOFT,5
9949,6,1,1,11,HARD,0
9949,6,2,12,14,SOFT,1
9949,6,3,15,17,SOFT,2
9949,6,4,18,36,HARD,11
9949,7,1,1,3,MEDIUM,0
9949,7,2,4,5,MEDIUM,3
9949,7,3,6,7,MEDIUM,5
9949,7,4,8,10,SOFT,0
9949,7,5,11,13,SOFT,3
9949,7,6,14,31,MEDIUM,7
9949,7,7,32,35,SOFT,6
9949,8,1,1,12,MEDIUM,0
9949,8,2,13,12,SOFT,2
9949,8,3,13,15,SOFT,3
9949,8,4,16,28,MEDIUM,9
9949,8,5,29,31,SOFT,6
9949,9,1,1,8,MEDIUM,0
9949,9,2,9,12,MEDIUM,7
9949,9,3,13,18,SOFT,0
9949,9,4,19,32,MEDIUM,12
9949,10,1,1,6,HARD,0
9949,10,2,7,11,HARD,6
9949,10,3,12,14,SOFT,0
9949,10,4,15,17,SOFT,3
9949,10,5,18,19,SOFT,11
9949,10,6,20,32,HARD,11
9949,11,1,1,6,MEDIUM,0
9949,11,2,7,9,MEDIUM,6
9949,11,3,10,12,SOFT,0
9949,11,4,13,15,SOFT,3
9949,11,5,16,31,MEDIUM,9
9949,12,1,1,9,HARD,0
9949,12,2,10,13,SOFT,1
9949,12,3,14,17,SOFT,0
9949,12,4,18,18,SOFT,8
9949,12,5,19,37,HARD,9
9949,13,1,1,6,MEDIUM,0
9949,13,2,7,9,MEDIUM,6
9949,13,3,10,12,SOFT,0
9949,13,4,13,16,SOFT,0
9949,13,5,17,32,MEDIUM,9
9949,13,6,33,35,SOFT,7
9949,14,1,1,1,HARD,0
9949,14,2,2,6,HARD,1
9949,14,3,7,10,HARD,0
9949,14,4,11,13,SOFT,0
9949,14,5,14,31,SOFT,3
9949,15,1,1,5,MEDIUM,0
9949,15,2,6,10,MEDIUM,5
9949,15,3,11,16,SOFT,0
9949,15,4,17,19,SOFT,6
9949,15,5,20,20,MEDIUM,10
9949,15,6,21,31,SOFT,9
9949,16,1,1,11,HARD,0
9949,16,2,12,14,SOFT,0
9949,16,3,15,19,SOFT,2
9949,16,4,20,28,SOFT,11
9949,16,5,29,34,HARD,13
9949,17,1,1,7,HARD,0
9949,17,2,8,10,HARD,0
9949,17,3,11,13,SOFT,0
9949,17,4,14,16,SOFT,0
9949,17,5,17,19,SOFT,6
9949,17,6,20,33,HARD,10
9949,17,7,34,37,SOFT,9
9949,18,1,1,3,MEDIUM,0
9949,18,2,4,6,MEDIUM,3
9949,18,3,7,9,SOFT,0
9949,18,4,10,12,SOFT,0
9949,18,5,13,29,MEDIUM,0
9949,18,6,30,34,SOFT,6
9949,19,1,1,7,HARD,0
9949,19,2,8,10,HARD,7
9949,19,3,11,16,SOFT,0
9949,19,4,17,19,SOFT,6
9949,19,5,20,32,HARD,10
9949,19,6,33,35,SOFT,9
9949,20,1,1,8,MEDIUM,0
9949,20,2,9,11,MEDIUM,8
9949,20,3,12,14,SOFT,0
9949,20,4,15,17,SOFT,3
9949,20,5,18,19,SOFT,6
9949,20,6,20,35,MEDIUM,11
9949,29,1,1,3,MEDIUM,0
9949,29,2,4,6,MEDIUM,3
9949,29,3,7,9,MEDIUM,6
9949,29,4,10,12,SOFT,0
9949,29,5,13,15,SOFT,0
9949,29,6,16,34,MEDIUM,9
9950,1,1,1,9,HARD,0
9950,1,2,10,20,HARD,9
9950,1,3,21,28,SOFT,0
9950,2,1,1,9,SOFT,0
9950,2,2,10,15,SOFT,1
9950,2,3,16,18,SOFT,6
9950,2,4,19,21,SOFT,9
9950,3,1,1,3,SOFT,0
9950,3,2,4,6,SOFT,3
9950,3,3,7,9,SOFT,6
9950,3,4,10,12,SOFT,0
9950,3,5,13,15,SOFT,3
9950,3,6,16,18,SOFT,9
9950,4,1,1,6,MEDIUM,0
9950,4,2,7,12,MEDIUM,6
9950,4,3,13,15,SOFT,0
9950,4,4,16,18,MEDIUM,12
9950,6,1,1,3,MEDIUM,0
9950,6,2,4,6,MEDIUM,3
9950,6,3,7,9,MEDIUM,6
9950,6,4,10,19,MEDIUM,9
9950,6,5,20,22,SOFT,0
9950,6,6,23,26,SOFT,3
9950,7,1,1,3,SOFT,0
9950,7,2,4,6,SOFT,3
9950,7,3,7,9,SOFT,0
9950,7,4,10,12,SOFT,3
9950,7,5,13,15,SOFT,6
9950,7,6,16,18,SOFT,9
9950,8,1,1,1,MEDIUM,0
9950,8,2,2,2,HARD,1
9950,8,3,3,12,MEDIUM,0
9950,8,4,13,15,SOFT,0
9950,8,5,16,18,SOFT,3
9950,8,6,19,21,SOFT,6
9950,9,1,1,3,SOFT,0
9950,9,2,4,6,SOFT,3
9950,9,3,7,9,SOFT,6
9950,9,4,10,12,SOFT,9
9950,9,5,13,15,SOFT,0
9950,9,6,16,20,SOFT,3
9950,10,1,1,1,HARD,0
9950,10,2,2,2,MEDIUM,1
9950,10,3,3,13,MEDIUM,0
9950,10,4,14,16,SOFT,0
9950,10,5,17,20,SOFT,3
9950,11,1,1,6,SOFT,0
9950,11,2,7,9,SOFT,6
9950,11,3,10,12,SOFT,0
9950,11,4,13,14,SOFT,3
9950,11,5,15,17,SOFT,9
9950,12,1,1,7,SOFT,0
9950,12,2,8,10,SOFT,7
9950,12,3,11,13,SOFT,0
9950,12,4,14,16,SOFT,3
9950,12,5,17,19,SOFT,6
9950,12,6,20,22,SOFT,10
9950,13,1,1,3,SOFT,0
9950,13,2,4,6,SOFT,3
9950,13,3,7,9,SOFT,6
9950,13,4,10,12,SOFT,0
9950,13,5,13,15,SOFT,3
9950,13,6,16,18,SOFT,9
9950,14,1,1,6,MEDIUM,0
9950,14,2,7,9,MEDIUM,6
9950,14,3,10,12,SOFT,0
9950,14,4,13,19,SOFT,3
9950,15,1,1,6,SOFT,0
9950,15,2,7,9,SOFT,6
9950,15,3,10,12,SOFT,0
9950,15,4,13,15,SOFT,3
9950,15,5,16,18,SOFT,6
9950,15,6,19,21,SOFT,9
9950,16,1,1,9,SOFT,0
9950,16,2,10,16,SOFT,9
9950,16,3,17,19,SOFT,0
9950,16,4,20,23,SOFT,3
9950,17,1,1,3,SOFT,0
9950,17,2,4,9,SOFT,3
9950,17,3,10,12,SOFT,9
9950,17,4,13,15,SOFT,0
9950,17,5,16,21,SOFT,3
9950,18,1,1,3,SOFT,0
9950,18,2,4,6,SOFT,3
9950,18,3,7,9,SOFT,0
9950,18,4,10,12,SOFT,3
9950,18,5,13,18,SOFT,6
9950,19,1,1,3,SOFT,0
9950,19,2,4,7,SOFT,3
9950,19,3,8,10,SOFT,7
9950,19,4,11,14,SOFT,0
9950,19,5,15,17,SOFT,0
9950,19,6,18,20,SOFT,7
9950,20,1,1,3,SOFT,0
9950,20,2,4,6,SOFT,3
9950,20,3,7,9,SOFT,6
9950,20,4,10,12,SOFT,0
9950,20,5,13,15,SOFT,3
9950,20,6,16,18,SOFT,6
9950,20,7,19,21,SOFT,9
9950,29,1,1,3,MEDIUM,0
9950,29,2,4,6,MEDIUM,3
9950,29,3,7,10,MEDIUM,6
9950,29,4,11,19,MEDIUM,10
9950,29,5,20,22,SOFT,0
9950,29,6,23,26,SOFT,3
9951,1,1,1,3,SOFT,2
9951,1,2,4,6,,3
9951,1,3,7,9,SOFT,0
9951,1,4,10,12,SOFT,0
9951,1,5,13,15,SOFT,3
9951,1,6,16,18,SOFT,0
9951,2,1,1,3,SOFT,1
9951,2,2,4,6,SOFT,3
9951,2,3,7,9,SOFT,0
9951,2,4,10,12,SOFT,0
9951,2,5,13,15,SOFT,0
9951,2,6,16,18,SOFT,0
9951,3,1,1,3,SOFT,2
9951,3,2,4,6,,3
9951,3,3,7,9,SOFT,0
9951,3,4,10,12,SOFT,3
9951,3,5,13,15,SOFT,0
9951,3,6,16,18,SOFT,3
9951,3,7,19,21,SOFT,0
9951,4,1,1,3,SOFT,2
9951,4,2,4,6,,1
9951,4,3,7,9,SOFT,0
9951,4,4,10,12,SOFT,0
9951,6,1,1,3,SOFT,2
9951,6,2,4,6,,1
9951,6,3,7,9,SOFT,0
9951,6,4,10,12,SOFT,3
9951,6,5,13,15,SOFT,0
9951,6,6,16,18,SOFT,3
9951,6,7,19,21,SOFT,0
9951,7,1,1,3,SOFT,2
9951,7,2,4,6,,1
9951,7,3,7,9,SOFT,3
9951,7,4,10,12,SOFT,0
9951,7,5,13,15,SOFT,3
9951,7,6,16,17,SOFT,0
9951,8,1,1,2,SOFT,2
9951,8,2,3,5,,1
9951,8,3,6,8,SOFT,0
9951,8,4,9,11,SOFT,2
9951,8,5,12,14,SOFT,0
9951,9,1,1,3,SOFT,2
9951,9,2,4,6,,3
9951,9,3,7,9,SOFT,0
9951,9,4,10,12,SOFT,0
9951,9,5,13,15,SOFT,3
9951,9,6,16,18,SOFT,0
9951,9,7,19,21,SOFT,0
9951,10,1,1,3,SOFT,0
9951,10,2,4,6,SOFT,0
9951,10,3,7,9,SOFT,0
9951,11,1,1,3,SOFT,1
9951,11,2,4,6,SOFT,0
9951,12,1,1,3,SOFT,1
9951,12,2,4,6,SOFT,3
9951,12,3,7,9,,1
9951,12,4,10,10,SOFT,3
9951,12,5,11,13,SOFT,0
9951,12,6,14,15,SOFT,0
9951,12,7,16,18,SOFT,2
9951,13,1,1,3,SOFT,0
9951,13,2,4,6,SOFT,3
9951,13,3,7,9,SOFT,0
9951,14,1,1,3,SOFT,0
9951,14,2,4,6,SOFT,0
9951,14,3,7,9,SOFT,0
9951,14,4,10,12,SOFT,0
9951,14,5,13,14,SOFT,3
9951,14,6,15,17,SOFT,0
9951,15,1,1,3,SOFT,0
9951,15,2,4,6,SOFT,3
9951,15,3,7,9,SOFT,0
9951,16,1,1,3,SOFT,0
9951,16,2,4,6,SOFT,3
9951,16,3,7,9,SOFT,0
9951,16,4,10,12,SOFT,0
9951,16,5,13,15,SOFT,3
9951,16,6,16,18,SOFT,0
9951,16,7,19,21,SOFT,0
9951,17,1,1,3,SOFT,0
9951,17,2,4,6,SOFT,3
9951,17,3,7,9,SOFT,0
9951,17,4,10,12,SOFT,0
9951,18,1,1,3,SOFT,0
9951,18,2,4,6,SOFT,0
9951,18,3,7,9,SOFT,3
9951,18,4,10,12,SOFT,0
9951,18,5,13,15,SOFT,3
9951,18,6,16,18,SOFT,0
9951,19,1,1,5,SOFT,0
9951,19,2,6,8,SOFT,5
9951,19,3,9,11,SOFT,0
9951,19,4,12,14,SOFT,3
9951,19,5,15,17,SOFT,0
9951,19,6,18,19,SOFT,0
9951,20,1,1,3,SOFT,0
9951,20,2,4,6,SOFT,0
9951,20,3,7,9,SOFT,0
9951,20,4,10,12,SOFT,3
9951,20,5,13,15,SOFT,0
9951,29,1,1,3,SOFT,0
9951,29,2,4,6,SOFT,0
9951,29,3,7,9,SOFT,0
9951,29,4,10,12,SOFT,3
9951,29,5,13,15,SOFT,0
9955,1,1,1,1,MEDIUM,0
9955,2,1,1,20,MEDIUM,0
9955,2,2,21,52,HARD,0
9955,2,3,53,70,MEDIUM,0
9955,3,1,1,21,MEDIUM,0
9955,3,2,22,49,MEDIUM,0
9955,3,3,50,69,HARD,0
9955,4,1,1,2,SOFT,0
9955,4,2,3,28,MEDIUM,0
9955,4,3,29,69,HARD,0
9955,6,1,1,12,SOFT,3
9955,6,2,13,38,HARD,0
9955,6,3,39,69,MEDIUM,0
9955,7,1,1,1,MEDIUM,0
9955,8,1,1,33,MEDIUM,1
9955,8,2,34,69,HARD,1
9955,9,1,1,25,MEDIUM,0
9955,9,2,26,49,HARD,0
9955,9,3,50,70,MEDIUM,0
9955,10,1,1,26,MEDIUM,1
9955,10,2,27,53,HARD,1
9955,10,3,54,69,SOFT,0
9955,11,1,1,18,MEDIUM,0
9955,11,2,19,30,HARD,0
9955,11,3,31,60,MEDIUM,0
9955,11,4,61,68,SOFT,0
9955,12,1,1,13,MEDIUM,0
9955,12,2,14,15,MEDIUM,0
9955,13,1,1,12,SOFT,0
9955,13,2,13,42,MEDIUM,0
9955,13,3,43,69,MEDIUM,0
9955,14,1,1,32,MEDIUM,0
9955,14,2,33,70,HARD,0
9955,15,1,1,19,MEDIUM,0
9955,15,2,20,50,HARD,0
9955,15,3,51,69,HARD,0
9955,16,1,1,26,MEDIUM,0
9955,16,2,27,50,HARD,0
9955,16,3,51,70,MEDIUM,0
9955,17,1,1,1,MEDIUM,0
9955,18,1,1,18,MEDIUM,0
9955,18,2,19,45,MEDIUM,0
9955,18,3,46,70,HARD,0
9955,19,1,1,24,MEDIUM,0
9955,19,2,25,53,HARD,0
9955,19,3,54,70,MEDIUM,0
9955,20,1,1,11,SOFT,0
9955,20,2,12,39,HARD,0
9955,20,3,40,69,MEDIUM,0
9955,29,1,1,13,SOFT,0
9955,29,2,14,39,MEDIUM,0
9955,29,3,40,69,HARD,0
9956,1,1,1,8,SOFT,0
9956,1,2,9,12,SOFT,8
9956,1,3,13,17,SOFT,0
9956,1,4,18,25,SOFT,5
9956,1,5,26,28,SOFT,12
9956,2,1,1,4,SOFT,0
9956,2,2,5,9,SOFT,4
9956,2,3,10,15,SOFT,9
9956,2,4,16,30,SOFT,0
9956,3,1,1,9,MEDIUM,0
9956,3,2,10,18,SOFT,0
9956,3,3,19,27,MEDIUM,0
9956,3,4,28,30,SOFT,9
9956,4,1,1,6,MEDIUM,0
9956,4,2,7,9,MEDIUM,6
9956,4,3,10,15,MEDIUM,9
9956,4,4,16,24,SOFT,0
9956,4,5,25,31,SOFT,9
9956,6,1,1,9,SOFT,0
9956,6,2,10,21,SOFT,0
9956,6,3,22,29,SOFT,9
9956,7,1,1,7,SOFT,0
9956,7,2,8,12,SOFT,7
9956,7,3,13,20,SOFT,0
9956,7,4,21,27,SOFT,12
9956,7,5,28,30,SOFT,8
9956,8,1,1,5,SOFT,0
9956,8,2,6,10,SOFT,5
9956,8,3,11,16,SOFT,0
9956,8,4,17,25,SOFT,6
9956,9,1,1,9,SOFT,0
9956,10,1,1,6,SOFT,0
9956,10,2,7,11,SOFT,6
9956,10,3,12,18,SOFT,0
9956,10,4,19,25,SOFT,7
9956,11,1,1,8,SOFT,0
9956,11,2,9,19,SOFT,0
9956,11,3,20,27,SOFT,8
9956,12,1,1,9,SOFT,0
9956,12,2,10,19,SOFT,0
9956,12,3,20,28,SOFT,10
9956,13,1,1,1,MEDIUM,0
9956,13,2,2,6,MEDIUM,1
9956,13,3,7,7,MEDIUM,0
9956,13,4,8,11,SOFT,0
9956,13,5,12,14,SOFT,4
9956,13,6,15,25,MEDIUM,7
9956,13,7,26,28,SOFT,7
9956,14,1,1,8,MEDIUM,0
9956,14,2,9,9,MEDIUM,8
9956,14,3,10,16,MEDIUM,9
9956,14,4,17,23,SOFT,0
9956,14,5,24,30,MEDIUM,16
9956,15,1,1,2,SOFT,0
9956,15,2,3,6,SOFT,2
9956,15,3,7,10,SOFT,6
9956,15,4,11,17,SOFT,0
9956,15,5,18,23,SOFT,7
9956,16,1,1,9,SOFT,0
9956,16,2,10,11,SOFT,9
9956,16,3,12,16,SOFT,0
9956,16,4,17,27,SOFT,5
9956,16,5,28,30,SOFT,11
9956,17,1,1,8,SOFT,0
9956,17,2,9,19,SOFT,0
9956,17,3,20,27,SOFT,11
9956,17,4,28,31,SOFT,8
9956,18,1,1,7,SOFT,0
9956,18,2,8,11,SOFT,7
9956,18,3,12,17,SOFT,11
9956,18,4,18,23,SOFT,11
9956,18,5,24,29,SOFT,6
9956,19,1,1,2,SOFT,0
9956,19,2,3,4,SOFT,2
9956,19,3,5,12,SOFT,4
9956,19,4,13,17,SOFT,0
9956,19,5,18,21,SOFT,5
9956,19,6,22,28,SOFT,12
9956,20,1,1,9,SOFT,0
9956,20,2,10,13,SOFT,9
9956,20,3,14,23,SOFT,0
9956,20,4,24,30,SOFT,10
9956,29,1,1,9,SOFT,0
9956,29,2,10,14,SOFT,9
9956,29,3,15,24,SOFT,0
9956,29,4,25,29,SOFT,10
9957,1,1,1,8,SOFT,0
9957,1,2,9,15,MEDIUM,0
9957,1,3,16,31,MEDIUM,7
9957,2,1,1,8,MEDIUM,0
9957,2,2,9,16,SOFT,0
9957,2,3,17,17,MEDIUM,8
9957,2,4,18,29,MEDIUM,0
9957,2,5,30,32,SOFT,0
9957,3,1,1,10,HARD,0
9957,3,2,11,18,SOFT,0
9957,3,3,19,29,HARD,10
9957,3,4,30,32,SOFT,8
9957,4,1,1,4,MEDIUM,0
9957,4,2,5,7,MEDIUM,0
9957,4,3,8,15,SOFT,0
9957,4,4,16,16,MEDIUM,7
9957,4,5,17,28,MEDIUM,0
9957,4,6,29,31,SOFT,0
9957,6,1,1,9,MEDIUM,0
9957,6,2,10,16,SOFT,0
9957,6,3,17,30,MEDIUM,9
9957,6,4,31,34,SOFT,7
9957,7,1,1,6,MEDIUM,0
9957,7,2,7,13,SOFT,0
9957,7,3,14,29,MEDIUM,6
9957,7,4,30,33,SOFT,7
9957,8,1,1,12,SOFT,0
9957,8,2,13,21,SOFT,0
9957,8,3,22,28,SOFT,9
9957,8,4,29,31,SOFT,0
9957,10,1,1,2,SOFT,0
9957,11,1,1,12,MEDIUM,0
9957,11,2,13,18,SOFT,0
9957,11,3,19,21,SOFT,6
9957,11,4,22,35,MEDIUM,12
9957,12,1,1,10,SOFT,0
9957,12,2,11,11,SOFT,0
9957,12,3,12,23,MEDIUM,0
9957,12,4,24,34,MEDIUM,12
9957,12,5,35,36,SOFT,11
9957,13,1,1,10,HARD,0
9957,13,2,11,19,SOFT,0
9957,13,3,20,30,HARD,10
9957,13,4,31,33,SOFT,9
9957,14,1,1,7,MEDIUM,0
9957,14,2,8,15,SOFT,7
9957,14,3,16,16,MEDIUM,7
9957,14,4,17,30,MEDIUM,8
9957,15,1,1,10,MEDIUM,0
9957,15,2,11,17,SOFT,0
9957,15,3,18,30,MEDIUM,10
9957,15,4,31,33,SOFT,7
9957,16,1,1,9,MEDIUM,0
9957,16,2,10,14,SOFT,0
9957,16,3,15,18,SOFT,5
9957,16,4,19,34,MEDIUM,9
9957,17,1,1,11,MEDIUM,0
9957,17,2,12,20,SOFT,0
9957,17,3,21,21,SOFT,9
9957,17,4,22,37,MEDIUM,0
9957,18,1,1,8,SOFT,0
9957,18,2,9,11,MEDIUM,0
9957,18,3,12,29,MEDIUM,3
9957,18,4,30,33,SOFT,12
9957,19,1,1,10,MEDIUM,0
9957,19,2,11,20,SOFT,0
9957,19,3,21,21,MEDIUM,10
9957,19,4,22,32,MEDIUM,11
9957,20,1,1,12,MEDIUM,0
9957,20,2,13,17,SOFT,0
9957,20,3,18,30,MEDIUM,12
9957,20,4,31,36,SOFT,5
9957,29,1,1,7,MEDIUM,0
9957,29,2,8,14,SOFT,0
9957,29,3,15,33,MEDIUM,7
9958,1,1,1,9,SOFT,0
9958,1,2,10,20,SOFT,0
9958,2,1,1,5,MEDIUM,0
9958,2,2,6,13,MEDIUM,5
9958,2,3,14,18,SOFT,0
9958,2,4,19,24,SOFT,5
9958,3,1,1,4,SOFT,0
9958,3,2,5,7,SOFT,4
9958,3,3,8,10,SOFT,0
9958,3,4,11,19,SOFT,0
9958,3,5,20,22,SOFT,9
9958,4,1,1,1,HARD,0
9958,4,2,2,2,HARD,0
9958,4,3,3,5,SOFT,0
9958,4,4,6,13,SOFT,3
9958,4,5,14,19,SOFT,0
9958,4,6,20,22,SOFT,11
9958,6,1,1,8,SOFT,0
9958,6,2,9,16,SOFT,8
9958,6,3,17,27,SOFT,0
9958,7,1,1,1,HARD,0
9958,7,2,2,2,SOFT,0
9958,7,3,3,8,SOFT,0
9958,7,4,9,14,SOFT,0
9958,7,5,15,21,SOFT,7
9958,8,1,1,1,HARD,0
9958,8,2,2,2,HARD,0
9958,8,3,3,8,SOFT,0
9958,8,4,9,13,SOFT,6
9958,8,5,14,21,SOFT,0
9958,9,1,1,9,MEDIUM,0
9958,9,2,10,17,MEDIUM,9
9958,9,3,18,29,SOFT,0
9958,10,1,1,1,HARD,0
9958,10,2,2,2,HARD,0
9958,10,3,3,7,SOFT,0
9958,10,4,8,17,SOFT,5
9958,10,5,18,28,SOFT,0
9958,11,1,1,4,MEDIUM,0
9958,11,2,5,7,MEDIUM,0
9958,11,3,8,14,SOFT,0
9958,12,1,1,11,SOFT,0
9958,12,2,12,22,SOFT,0
9958,13,1,1,7,SOFT,0
9958,13,2,8,13,SOFT,0
9958,13,3,14,19,SOFT,6
9958,14,1,1,1,HARD,0
9958,14,2,2,2,HARD,0
9958,14,3,3,5,SOFT,0
9958,14,4,6,16,SOFT,3
9958,14,5,17,19,SOFT,0
9958,14,6,20,27,SOFT,3
9958,15,1,1,8,MEDIUM,0
9958,15,2,9,10,MEDIUM,0
9958,15,3,11,19,SOFT,0
9958,15,4,20,22,MEDIUM,10
9958,16,1,1,6,MEDIUM,0
9958,16,2,7,14,MEDIUM,0
9958,16,3,15,17,SOFT,0
9958,16,4,18,22,SOFT,0
9958,16,5,23,26,SOFT,8
9958,17,1,1,12,SOFT,0
9958,17,2,13,22,SOFT,0
9958,18,1,1,1,HARD,0
9958,18,2,2,10,SOFT,0
9958,18,3,11,17,SOFT,0
9958,18,4,18,20,SOFT,9
9958,19,1,1,5,MEDIUM,0
9958,19,2,6,11,SOFT,0
9958,19,3,12,18,SOFT,6
9958,20,1,1,8,MEDIUM,0
9958,20,2,9,14,MEDIUM,8
9958,20,3,15,24,SOFT,0
9958,20,4,25,27,MEDIUM,14
9958,29,1,1,3,SOFT,0
9958,29,2,4,11,SOFT,3
9958,29,3,12,17,SOFT,11
9958,29,4,18,27,SOFT,0
9959,1,1,1,3,SOFT,0
9959,1,2,4,6,SOFT,3
9959,1,3,7,11,MEDIUM,0
9959,1,4,12,14,SOFT,0
9959,1,5,15,17,SOFT,0
9959,1,6,18,20,MEDIUM,0
9959,2,1,1,5,SOFT,0
9959,2,2,6,8,SOFT,0
9959,2,3,9,11,SOFT,3
9959,2,4,12,14,SOFT,6
9959,2,5,15,19,SOFT,0
9959,2,6,20,22,SOFT,0
9959,3,1,1,4,SOFT,0
9959,3,2,5,7,SOFT,4
9959,3,3,8,11,SOFT,0
9959,4,1,1,6,SOFT,0
9959,4,2,7,9,SOFT,0
9959,4,3,10,12,SOFT,0
9959,4,4,13,15,SOFT,0
9959,4,5,16,18,SOFT,3
9959,4,6,19,21,SOFT,0
9959,6,1,1,5,MEDIUM,0
9959,6,2,6,7,SOFT,0
9959,6,3,8,12,SOFT,0
9959,7,1,1,3,MEDIUM,0
9959,7,2,4,6,MEDIUM,3
9959,7,3,7,9,SOFT,0
9959,7,4,10,12,SOFT,3
9959,7,5,13,15,MEDIUM,0
9959,7,6,16,18,SOFT,0
9959,7,7,19,21,MEDIUM,0
9959,8,1,1,7,MEDIUM,0
9959,8,2,8,11,MEDIUM,7
9959,8,3,12,15,SOFT,0
9959,8,4,16,19,MEDIUM,0
9959,8,5,20,22,SOFT,0
9959,8,6,23,27,MEDIUM,0
9959,9,1,1,7,SOFT,0
9959,9,2,8,12,SOFT,7
9959,9,3,13,15,SOFT,12
9959,9,4,16,20,SOFT,0
9959,9,5,21,25,SOFT,0
9959,9,6,26,27,SOFT,0
9959,10,1,1,5,SOFT,0
9959,10,2,6,8,MEDIUM,0
9959,10,3,9,12,MEDIUM,3
9959,11,1,1,3,SOFT,0
9959,11,2,4,6,SOFT,3
9959,11,3,7,9,SOFT,0
9959,11,4,10,12,SOFT,0
9959,11,5,13,15,SOFT,0
9959,12,1,1,6,SOFT,0
9959,12,2,7,9,SOFT,0
9959,12,3,10,12,SOFT,0
9959,12,4,13,15,SOFT,6
9959,12,5,16,22,MEDIUM,0
9959,12,6,23,23,SOFT,0
9959,12,7,24,27,MEDIUM,0
9959,12,8,28,30,SOFT,0
9959,13,1,1,4,SOFT,0
9959,13,2,5,6,SOFT,0
9959,13,3,7,10,SOFT,0
9959,13,4,11,14,SOFT,4
9959,13,5,15,18,SOFT,0
9959,14,1,1,7,SOFT,0
9959,14,2,8,10,SOFT,0
9959,15,1,1,6,SOFT,0
9959,15,2,7,9,SOFT,0
9959,15,3,10,13,SOFT,0
9959,15,4,14,17,SOFT,4
9959,15,5,18,21,SOFT,3
9959,16,1,1,7,SOFT,0
9959,16,2,8,11,SOFT,0
9959,16,3,12,17,SOFT,4
9959,16,4,18,19,SOFT,0
9959,16,5,20,23,SOFT,2
9959,16,6,24,27,SOFT,0
9959,17,1,1,6,SOFT,0
9959,17,2,7,9,SOFT,19
9959,17,3,10,13,SOFT,3
9959,18,1,1,3,SOFT,0
9959,18,2,4,6,SOFT,3
9959,18,3,7,9,SOFT,0
9959,18,4,10,12,SOFT,3
9959,18,5,13,15,MEDIUM,0
9959,18,6,16,18,SOFT,0
9959,18,7,19,21,MEDIUM,0
9959,19,1,1,4,SOFT,0
9959,19,2,5,9,SOFT,4
9959,19,3,10,12,SOFT,0
9959,19,4,13,15,SOFT,3
9959,19,5,16,20,SOFT,0
9959,19,6,21,23,SOFT,0
9959,20,1,1,6,SOFT,0
9959,20,2,7,9,SOFT,0
9959,20,3,10,13,SOFT,0
9959,20,4,14,16,SOFT,4
9959,20,5,17,19,SOFT,3
9959,29,1,1,5,MEDIUM,0
9959,29,2,6,7,SOFT,0
9959,29,3,8,11,SOFT,0
9959,29,4,12,16,SOFT,4
9959,29,5,17,20,MEDIUM,0
9963,1,1,1,11,MEDIUM,3
9963,1,2,12,36,HARD,0
9963,1,3,37,66,HARD,0
9963,1,4,67,67,HARD,0
9963,1,5,68,68,HARD,0
9963,1,6,69,70,HARD,32
9963,2,1,1,28,HARD,0
9963,2,2,29,46,MEDIUM,0
9963,2,3,47,66,HARD,0
9963,3,1,1,48,HARD,0
9963,3,2,49,65,MEDIUM,0
9963,3,3,66,66,MEDIUM,0
9963,3,4,67,67,MEDIUM,0
9963,3,5,68,69,MEDIUM,0
9963,4,1,1,12,MEDIUM,0
9963,4,2,13,65,HARD,1
9963,4,3,66,66,SOFT,3
9963,4,4,67,67,SOFT,0
9963,4,5,68,69,SOFT,0
9963,6,1,1,52,HARD,0
9963,6,2,53,65,MEDIUM,0
9963,6,3,66,66,MEDIUM,13
9963,6,4,67,67,MEDIUM,14
9963,6,5,68,69,MEDIUM,15
9963,7,1,1,13,MEDIUM,6
9963,7,2,14,37,HARD,1
9963,7,3,38,66,HARD,0
9963,7,4,67,67,HARD,29
9963,7,5,68,68,HARD,30
9963,7,6,69,70,HARD,31
9963,8,1,1,14,MEDIUM,4
9963,8,2,15,49,HARD,1
9963,8,3,50,65,HARD,1
9963,8,4,66,66,HARD,17
9963,8,5,67,67,HARD,18
9963,8,6,68,68,HARD,19
9963,8,7,69,70,HARD,20
9963,9,1,1,27,HARD,0
9963,9,2,28,52,HARD,0
9963,9,3,53,66,MEDIUM,0
9963,9,4,67,67,MEDIUM,14
9963,9,5,68,68,MEDIUM,15
9963,9,6,69,70,MEDIUM,16
9963,10,1,1,23,HARD,1
9963,10,2,24,50,HARD,1
9963,10,3,51,65,MEDIUM,0
9963,10,4,66,66,SOFT,0
9963,10,5,67,67,SOFT,1
9963,10,6,68,69,SOFT,2
9963,11,1,1,55,HARD,0
9963,11,2,56,65,MEDIUM,0
9963,11,3,66,66,MEDIUM,10
9963,11,4,67,67,MEDIUM,0
9963,11,5,68,69,MEDIUM,12
9963,12,1,1,22,MEDIUM,4
9963,12,2,23,46,HARD,0
9963,13,1,1,18,MEDIUM,0
9963,13,2,19,65,HARD,0
9963,13,3,66,66,HARD,47
9963,13,4,67,67,HARD,0
9963,13,5,68,68,HARD,0
9963,13,6,69,70,HARD,0
9963,14,1,1,37,HARD,1
9963,14,2,38,53,MEDIUM,0
9963,15,1,1,56,HARD,0
9963,15,2,57,65,MEDIUM,0
9963,15,3,66,66,MEDIUM,9
9963,15,4,67,67,MEDIUM,10
9963,15,5,68,69,MEDIUM,11
9963,16,1,1,14,MEDIUM,0
9963,16,2,15,44,HARD,0
9963,16,3,45,66,HARD,0
9963,16,4,67,67,HARD,22
9963,16,5,68,68,HARD,0
9963,16,6,69,70,HARD,24
9963,17,1,1,56,HARD,0
9963,17,2,57,65,MEDIUM,0
9963,17,3,66,66,MEDIUM,9
9963,17,4,67,67,MEDIUM,10
9963,17,5,68,69,MEDIUM,0
9963,18,1,1,12,MEDIUM,3
9963,18,2,13,41,HARD,1
9963,18,3,42,66,HARD,0
9963,18,4,67,67,HARD,25
9963,18,5,68,68,HARD,26
9963,18,6,69,70,HARD,27
9963,19,1,1,15,MEDIUM,0
9963,19,2,16,44,HARD,0
9963,19,3,45,66,HARD,0
9963,19,4,67,67,SOFT,0
9963,19,5,68,68,SOFT,0
9963,19,6,69,70,SOFT,5
9963,20,1,1,17,MEDIUM,0
9963,20,2,18,65,HARD,0
9963,20,3,66,66,SOFT,0
9963,20,4,67,67,SOFT,1
9963,20,5,68,69,SOFT,2
9963,29,1,1,13,MEDIUM,5
9963,29,2,14,65,HARD,0
9963,29,3,66,66,HARD,52
9963,29,4,67,67,HARD,53
9963,29,5,68,69,HARD,54
9964,1,1,1,5,HARD,0
9964,1,2,6,8,HARD,5
9964,1,3,9,11,SOFT,0
9964,1,4,12,18,SOFT,3
9964,2,1,1,8,HARD,0
9964,2,2,9,11,HARD,0
9964,2,3,12,14,SOFT,0
9964,2,4,15,17,SOFT,3
9964,2,5,18,29,SOFT,0
9964,3,1,1,1,HARD,0
9964,3,2,2,6,HARD,1
9964,3,3,7,9,HARD,6
9964,3,4,10,12,SOFT,0
9964,3,5,13,14,SOFT,0
9964,3,6,15,23,HARD,9
9964,4,1,1,5,HARD,0
9964,4,2,6,11,HARD,5
9964,4,3,12,14,SOFT,0
9964,4,4,15,15,HARD,11
9964,4,5,16,22,HARD,0
9964,4,6,23,23,SOFT,0
9964,4,7,24,26,SOFT,0
9964,6,1,1,8,HARD,0
9964,6,2,9,11,HARD,8
9964,6,3,12,14,HARD,11
9964,6,4,15,15,HARD,14
9964,6,5,16,18,SOFT,0
9964,6,6,19,20,SOFT,3
9964,6,7,21,28,HARD,15
9964,7,1,1,3,HARD,0
9964,7,2,4,6,HARD,3
9964,7,3,7,9,HARD,0
9964,7,4,10,12,MEDIUM,0
9964,7,5,13,31,MEDIUM,0
9964,8,1,1,9,HARD,0
9964,8,2,10,14,HARD,0
9964,8,3,15,20,SOFT,0
9964,9,1,1,3,HARD,0
9964,9,2,4,6,HARD,3
9964,9,3,7,12,HARD,6
9964,9,4,13,15,SOFT,0
9964,9,5,16,17,SOFT,3
9964,9,6,18,31,SOFT,0
9964,10,1,1,8,MEDIUM,0
9964,10,2,9,13,MEDIUM,8
9964,10,3,14,24,SOFT,0
9964,11,1,1,9,HARD,0
9964,11,2,10,12,SOFT,0
9964,11,3,13,20,SOFT,3
9964,11,4,21,27,HARD,9
9964,13,1,1,1,HARD,0
9964,13,2,2,8,HARD,1
9964,13,3,9,11,SOFT,0
9964,13,4,12,14,SOFT,0
9964,13,5,15,21,SOFT,0
9964,14,1,1,2,HARD,0
9964,14,2,3,4,HARD,2
9964,14,3,5,10,HARD,4
9964,14,4,11,16,HARD,0
9964,14,5,17,19,SOFT,0
9964,14,6,20,28,SOFT,0
9964,16,1,1,11,HARD,0
9964,16,2,12,14,SOFT,0
9964,16,3,15,16,SOFT,3
9964,16,4,17,29,HARD,11
9964,17,1,1,5,HARD,0
9964,17,2,6,8,HARD,5
9964,17,3,9,11,MEDIUM,0
9964,17,4,12,14,MEDIUM,3
9964,17,5,15,23,MEDIUM,6
9964,17,6,24,26,HARD,8
9964,18,1,1,5,HARD,0
9964,18,2,6,8,HARD,5
9964,18,3,9,12,MEDIUM,8
9964,18,4,13,32,MEDIUM,0
9964,19,1,1,7,HARD,0
9964,19,2,8,10,HARD,7
9964,19,3,11,13,SOFT,0
9964,19,4,14,16,SOFT,3
9964,19,5,17,25,SOFT,6
9964,19,6,26,28,HARD,10
9964,20,1,1,5,HARD,0
9964,20,2,6,11,HARD,5
9964,20,3,12,14,SOFT,0
9964,20,4,15,26,HARD,0
9964,25,1,1,3,HARD,0
9964,25,2,4,6,HARD,0
9964,25,3,7,12,HARD,6
9964,25,4,13,15,SOFT,0
9964,25,5,16,17,SOFT,3
9964,25,6,18,23,HARD,0
9964,29,1,1,5,MEDIUM,0
9964,29,2,6,10,MEDIUM,5
9964,29,3,11,13,MEDIUM,10
9964,29,4,14,16,MEDIUM,0
9964,29,5,17,19,SOFT,0
9964,40,1,1,1,HARD,0
9964,40,2,2,3,HARD,0
9964,40,3,4,12,HARD,3
9964,40,4,13,15,HARD,12
9964,40,5,16,23,MEDIUM,0
9964,40,6,24,26,HARD,15
9965,1,1,1,3,MEDIUM,0
9965,1,2,4,5,MEDIUM,3
9965,1,3,6,8,SOFT,0
9965,1,4,9,18,MEDIUM,5
9965,1,5,19,30,SOFT,3
9965,2,1,1,3,MEDIUM,0
9965,2,2,4,6,MEDIUM,3
9965,2,3,7,9,SOFT,0
9965,2,4,10,11,SOFT,3
9965,2,5,12,23,SOFT,6
9965,2,6,24,31,MEDIUM,6
9965,3,1,1,3,MEDIUM,0
9965,3,2,4,6,MEDIUM,0
9965,3,3,7,8,MEDIUM,6
9965,3,4,9,11,SOFT,0
9965,3,5,12,13,SOFT,0
9965,3,6,14,27,SOFT,5
9965,4,1,1,3,MEDIUM,0
9965,4,2,4,6,MEDIUM,3
9965,4,3,7,9,MEDIUM,6
9965,4,4,10,12,SOFT,0
9965,4,5,13,13,SOFT,3
9965,4,6,14,26,SOFT,0
9965,4,7,27,29,MEDIUM,9
9965,6,1,1,3,MEDIUM,0
9965,6,2,4,6,MEDIUM,3
9965,6,3,7,8,MEDIUM,6
9965,6,4,9,11,SOFT,0
9965,6,5,12,13,SOFT,3
9965,6,6,14,20,SOFT,5
9965,6,7,21,30,MEDIUM,8
9965,7,1,1,3,MEDIUM,0
9965,7,2,4,6,MEDIUM,3
9965,7,3,7,9,SOFT,0
9965,7,4,10,26,SOFT,3
9965,7,5,27,31,MEDIUM,0
9965,8,1,1,9,MEDIUM,0
9965,8,2,10,12,SOFT,0
9965,8,3,13,25,SOFT,3
9965,8,4,26,28,MEDIUM,0
9965,9,1,1,3,MEDIUM,0
9965,9,2,4,5,MEDIUM,0
9965,9,3,6,8,MEDIUM,5
9965,9,4,9,11,MEDIUM,8
9965,9,5,12,14,SOFT,0
9965,9,6,15,16,SOFT,3
9965,9,7,17,23,MEDIUM,0
9965,9,8,24,33,SOFT,5
9965,10,1,1,6,HARD,0
9965,10,2,7,8,HARD,6
9965,10,3,9,11,SOFT,0
9965,10,4,12,13,SOFT,8
9965,10,5,14,17,HARD,8
9965,11,1,1,3,MEDIUM,0
9965,11,2,4,6,MEDIUM,3
9965,11,3,7,9,SOFT,0
9965,11,4,10,20,MEDIUM,0
9965,11,5,21,31,SOFT,3
9965,12,1,1,6,MEDIUM,0
9965,12,2,7,9,MEDIUM,6
9965,12,3,10,12,SOFT,0
9965,12,4,13,18,MEDIUM,9
9965,12,5,19,32,SOFT,3
9965,13,1,1,3,MEDIUM,0
9965,13,2,4,7,MEDIUM,0
9965,13,3,8,10,SOFT,0
9965,13,4,11,12,SOFT,3
9965,13,5,13,26,MEDIUM,7
9965,13,6,27,30,SOFT,0
9965,14,1,1,3,MEDIUM,0
9965,14,2,4,6,MEDIUM,3
9965,14,3,7,9,MEDIUM,6
9965,14,4,10,12,SOFT,0
9965,14,5,13,13,SOFT,3
9965,14,6,14,29,SOFT,4
9965,15,1,1,3,MEDIUM,0
9965,15,2,4,9,MEDIUM,3
9965,15,3,10,12,MEDIUM,9
9965,15,4,13,15,SOFT,0
9965,15,5,16,18,SOFT,3
9965,15,6,19,30,MEDIUM,12
9965,16,1,1,3,MEDIUM,0
9965,16,2,4,7,MEDIUM,3
9965,16,3,8,10,MEDIUM,7
9965,16,4,11,13,SOFT,0
9965,16,5,14,23,MEDIUM,10
9965,16,6,24,29,SOFT,3
9965,17,1,1,6,MEDIUM,0
9965,17,2,7,8,MEDIUM,6
9965,17,3,9,11,SOFT,0
9965,17,4,12,20,SOFT,3
9965,17,5,21,34,MEDIUM,8
9965,18,1,1,3,MEDIUM,0
9965,18,2,4,6,MEDIUM,3
9965,18,3,7,9,SOFT,0
9965,18,4,10,28,SOFT,0
9965,18,5,29,32,MEDIUM,6
9965,19,1,1,3,MEDIUM,0
9965,19,2,4,6,MEDIUM,3
9965,19,3,7,9,SOFT,0
9965,19,4,10,25,MEDIUM,0
9965,19,5,26,28,SOFT,3
9965,20,1,1,3,MEDIUM,0
9965,20,2,4,5,MEDIUM,3
9965,20,3,6,8,SOFT,0
9965,20,4,9,20,SOFT,3
9965,29,1,1,3,HARD,0
9965,29,2,4,6,HARD,3
9965,29,3,7,9,HARD,6
9965,29,4,10,12,SOFT,0
9965,29,5,13,15,SOFT,3
9965,29,6,16,20,SOFT,6
9965,29,7,21,31,HARD,9
9966,1,1,1,6,MEDIUM,0
9966,1,2,7,9,SOFT,0
9966,1,3,10,14,SOFT,0
9966,2,1,1,1,MEDIUM,2
9966,2,2,2,10,MEDIUM,3
9966,2,3,11,12,SOFT,0
9966,2,4,13,15,SOFT,2
9966,2,5,16,18,SOFT,0
9966,3,1,1,1,MEDIUM,3
9966,3,3,3,9,MEDIUM,6
9966,3,4,10,11,MEDIUM,9
9966,3,5,12,14,SOFT,0
9966,3,6,15,16,SOFT,0
9966,3,7,17,19,SOFT,0
9966,4,1,1,3,MEDIUM,0
9966,4,2,4,8,MEDIUM,3
9966,4,3,9,9,MEDIUM,8
9966,4,4,10,12,SOFT,0
9966,4,5,13,13,SOFT,3
9966,4,6,14,14,SOFT,0
9966,4,7,15,17,SOFT,5
9966,6,1,1,1,MEDIUM,2
9966,6,2,2,6,MEDIUM,0
9966,6,3,7,13,MEDIUM,6
9966,6,4,14,16,SOFT,0
9966,6,5,17,20,SOFT,0
9966,7,1,1,3,SOFT,0
9966,7,2,4,6,SOFT,3
9966,7,3,7,9,SOFT,0
9966,7,4,10,12,SOFT,0
9966,8,1,1,1,HARD,1
9966,8,3,2,5,MEDIUM,0
9966,8,4,6,8,MEDIUM,0
9966,8,5,9,11,SOFT,0
9966,8,6,12,14,SOFT,3
9966,8,7,15,17,SOFT,6
9966,9,1,1,3,SOFT,0
9966,9,2,4,9,SOFT,3
9966,9,3,10,12,SOFT,9
9966,9,4,13,17,SOFT,3
9966,10,1,1,1,HARD,1
9966,10,3,2,5,MEDIUM,0
9966,10,4,6,8,MEDIUM,0
9966,10,5,9,11,MEDIUM,0
9966,10,6,12,14,SOFT,0
9966,10,7,15,17,SOFT,3
9966,10,8,18,20,SOFT,6
9966,11,1,1,3,MEDIUM,2
9966,11,2,4,6,MEDIUM,0
9966,11,3,7,9,SOFT,0
9966,11,4,10,13,SOFT,3
9966,12,1,1,3,SOFT,0
9966,12,2,4,5,SOFT,3
9966,13,1,1,1,MEDIUM,2
9966,13,2,2,12,MEDIUM,3
9966,13,3,13,15,SOFT,0
9966,13,4,16,18,SOFT,3
9966,14,1,1,3,MEDIUM,0
9966,14,2,4,6,MEDIUM,3
9966,14,3,7,10,MEDIUM,0
9966,14,4,11,15,SOFT,0
9966,14,5,16,18,SOFT,5
9966,15,1,1,3,SOFT,3
9966,15,2,4,6,SOFT,3
9966,15,3,7,9,SOFT,0
9966,15,4,10,14,SOFT,0
9966,16,1,1,3,MEDIUM,0
9966,16,2,4,6,MEDIUM,3
9966,16,3,7,10,MEDIUM,6
9966,16,4,11,13,SOFT,0
9966,16,5,14,17,SOFT,0
9966,17,1,1,1,SOFT,1
9966,17,2,2,6,SOFT,3
9966,17,3,7,9,SOFT,6
9966,17,4,10,10,SOFT,9
9966,17,5,11,13,SOFT,0
9966,17,6,14,16,SOFT,10
9966,18,1,1,3,SOFT,0
9966,18,2,4,12,SOFT,3
9966,18,3,13,15,SOFT,0
9966,18,4,16,18,SOFT,0
9966,19,1,1,3,MEDIUM,0
9966,19,2,4,8,MEDIUM,3
9966,19,3,9,11,SOFT,0
9966,19,4,12,14,SOFT,3
9966,20,1,1,3,SOFT,1
9966,20,2,4,6,SOFT,0
9966,20,3,7,9,SOFT,0
9966,20,4,10,12,SOFT,0
9966,29,1,1,1,MEDIUM,3
9966,29,3,3,13,MEDIUM,6
9966,29,4,14,16,MEDIUM,13
9966,29,5,17,19,SOFT,0
9966,29,6,20,23,SOFT,3
9967,1,1,1,3,SOFT,0
9967,1,2,4,6,SOFT,0
9967,1,3,7,9,SOFT,0
9967,1,4,10,12,SOFT,0
9967,2,1,1,3,SOFT,0
9967,2,2,4,6,SOFT,3
9967,2,3,7,9,SOFT,0
9967,2,4,10,12,SOFT,0
9967,2,5,13,15,SOFT,0
9967,3,1,1,3,SOFT,0
9967,3,2,4,6,SOFT,0
9967,3,3,7,9,SOFT,0
9967,3,4,10,12,SOFT,0
9967,4,1,1,3,SOFT,0
9967,4,2,4,6,SOFT,0
9967,4,3,7,9,SOFT,0
9967,4,4,10,12,SOFT,0
9967,4,5,13,15,SOFT,0
9967,6,1,1,3,SOFT,0
9967,6,2,4,6,SOFT,0
9967,6,3,7,9,SOFT,0
9967,6,4,10,12,SOFT,0
9967,6,5,13,15,SOFT,3
9967,6,6,16,18,SOFT,0
9967,7,1,1,3,SOFT,0
9967,7,2,4,6,SOFT,0
9967,7,3,7,9,SOFT,0
9967,7,4,10,12,SOFT,0
9967,7,5,13,15,SOFT,0
9967,7,6,16,18,SOFT,0
9967,8,1,1,3,SOFT,0
9967,8,2,4,5,SOFT,0
9967,8,3,6,6,SOFT,2
9967,8,4,7,9,SOFT,0
9967,8,5,10,11,SOFT,0
9967,8,6,12,14,SOFT,0
9967,9,1,1,3,SOFT,0
9967,9,2,4,4,SOFT,0
9967,9,3,5,7,SOFT,0
9967,9,4,8,9,SOFT,0
9967,9,5,10,12,SOFT,0
9967,10,1,1,3,SOFT,0
9967,10,2,4,6,SOFT,0
9967,10,3,7,9,SOFT,0
9967,10,4,10,12,SOFT,0
9967,10,5,13,15,SOFT,0
9967,11,1,1,3,SOFT,0
9967,11,2,4,6,SOFT,0
9967,12,1,1,3,SOFT,0
9967,12,2,4,6,SOFT,3
9967,12,3,7,8,SOFT,0
9967,12,4,9,11,SOFT,2
9967,12,5,12,14,SOFT,0
9967,13,1,1,3,SOFT,0
9967,13,2,4,6,SOFT,0
9967,14,1,1,3,SOFT,0
9967,14,2,4,6,SOFT,0
9967,14,3,7,9,SOFT,0
9967,14,4,10,12,SOFT,0
9967,15,1,1,3,SOFT,0
9967,15,2,4,6,SOFT,0
9967,15,3,7,9,SOFT,0
9967,16,1,1,3,SOFT,0
9967,16,2,4,6,SOFT,0
9967,16,3,7,9,SOFT,0
9967,16,4,10,12,SOFT,0
9967,16,5,13,15,SOFT,0
9967,17,1,1,3,SOFT,0
9967,17,2,4,6,SOFT,0
9967,18,1,1,3,SOFT,0
9967,18,2,4,6,SOFT,0
9967,18,3,7,9,SOFT,0
9967,18,4,10,12,SOFT,3
9967,19,1,1,3,SOFT,0
9967,19,2,4,5,SOFT,3
9967,19,3,6,8,SOFT,0
9967,19,4,9,11,SOFT,0
9967,19,5,12,14,SOFT,0
9967,20,1,1,3,SOFT,0
9967,20,2,4,6,SOFT,0
9967,20,3,7,9,SOFT,0
9967,20,4,10,12,SOFT,3
9967,20,5,13,15,SOFT,3
9967,29,1,1,3,SOFT,0
9967,29,2,4,6,SOFT,0
9967,29,3,7,7,SOFT,0
9971,1,1,1,13,SOFT,3
9971,1,2,14,29,SOFT,0
9971,1,3,30,47,MEDIUM,0
9971,1,4,48,55,SOFT,3
9971,1,5,56,66,HARD,0
9971,2,1,1,21,SOFT,0
9971,2,2,22,48,MEDIUM,0
9971,2,3,49,55,SOFT,3
9971,2,4,56,66,SOFT,3
9971,3,1,1,19,SOFT,3
9971,3,2,20,49,MEDIUM,0
9971,3,3,50,66,SOFT,0
9971,4,1,1,19,SOFT,3
9971,4,2,20,48,MEDIUM,0
9971,4,3,49,55,SOFT,0
9971,4,4,56,66,SOFT,3
9971,6,1,1,10,SOFT,2
9971,6,2,11,31,SOFT,3
9971,6,3,32,55,MEDIUM,0
9971,6,4,56,66,SOFT,3
9971,7,1,1,21,SOFT,3
9971,7,2,22,49,MEDIUM,0
9971,7,3,50,53,SOFT,3
9971,8,1,1,15,SOFT,2
9971,8,2,16,42,MEDIUM,1
9971,8,3,43,54,SOFT,3
9971,8,4,55,66,SOFT,3
9971,9,1,1,17,SOFT,1
9971,9,2,18,40,MEDIUM,0
9971,9,3,41,55,MEDIUM,0
9971,9,4,56,66,SOFT,3
9971,11,1,1,8,MEDIUM,0
9971,11,2,9,24,SOFT,0
9971,11,3,25,44,SOFT,0
9971,11,4,45,54,SOFT,0
9971,11,5,55,66,SOFT,3
9971,12,1,1,6,SOFT,3
9971,12,2,7,26,SOFT,0
9971,12,3,27,27,SOFT,20
9971,13,1,1,9,SOFT,0
9971,13,2,10,45,MEDIUM,0
9971,13,3,46,56,SOFT,0
9971,13,4,57,66,SOFT,0
9971,14,1,1,18,SOFT,0
9971,14,2,19,44,MEDIUM,0
9971,14,3,45,66,SOFT,0
9971,15,1,1,20,SOFT,0
9971,15,2,21,43,MEDIUM,0
9971,15,3,44,66,MEDIUM,0
9971,16,1,1,16,SOFT,3
9971,16,2,17,46,MEDIUM,0
9971,16,3,47,55,SOFT,3
9971,16,4,56,66,SOFT,3
9971,17,1,1,9,SOFT,0
9971,17,2,10,34,SOFT,0
9971,17,3,35,55,MEDIUM,0
9971,17,4,56,66,SOFT,0
9971,18,1,1,20,SOFT,3
9971,18,2,21,41,MEDIUM,0
9971,18,3,42,55,SOFT,0
9971,18,4,56,66,SOFT,0
9971,19,1,1,22,SOFT,0
9971,19,2,23,49,MEDIUM,0
9971,19,3,50,55,SOFT,3
9971,19,4,56,66,SOFT,3
9971,20,1,1,8,SOFT,0
9971,20,2,9,35,MEDIUM,0
9971,20,3,36,54,MEDIUM,0
9971,20,4,55,66,SOFT,6
9971,29,1,1,14,SOFT,0
9971,29,2,15,39,MEDIUM,0
9971,29,3,40,54,SOFT,0
9971,29,4,55,66,SOFT,1
9972,1,1,1,6,HARD,0
9972,1,2,7,17,HARD,6
9972,1,3,18,23,SOFT,0
9972,1,4,24,30,SOFT,6
9972,2,1,1,6,SOFT,0
9972,2,2,7,15,SOFT,0
9972,2,3,16,23,MEDIUM,0
9972,2,4,24,32,MEDIUM,8
9972,3,1,1,5,MEDIUM,0
9972,3,2,6,17,MEDIUM,5
9972,3,3,18,29,SOFT,0
9972,4,1,1,6,HARD,0
9972,4,2,7,17,HARD,6
9972,4,3,18,19,MEDIUM,0
9972,4,4,20,35,MEDIUM,0
9972,6,1,1,1,HARD,0
9972,6,2,2,14,HARD,1
9972,6,3,15,29,SOFT,0
9972,7,1,1,5,SOFT,0
9972,7,2,6,13,SOFT,5
9972,7,3,14,34,SOFT,0
9972,8,1,1,5,SOFT,0
9972,8,2,6,13,SOFT,5
9972,8,3,14,18,SOFT,0
9972,8,4,19,28,SOFT,5
9972,9,1,1,4,MEDIUM,0
9972,9,2,5,23,SOFT,0
9972,9,3,24,33,SOFT,0
9972,10,1,1,4,SOFT,0
9972,11,1,1,6,HARD,0
9972,11,2,7,19,HARD,6
9972,11,3,20,22,SOFT,0
9972,11,4,23,32,SOFT,3
9972,12,1,1,4,HARD,0
9972,12,2,5,14,HARD,0
9972,12,3,15,27,SOFT,0
9972,12,4,28,33,HARD,14
9972,13,1,1,6,MEDIUM,0
9972,13,2,7,16,MEDIUM,6
9972,13,3,17,30,SOFT,0
9972,14,1,1,6,HARD,0
9972,14,2,7,17,HARD,6
9972,14,3,18,37,MEDIUM,0
9972,15,1,1,6,HARD,0
9972,15,2,7,17,HARD,6
9972,15,3,18,31,SOFT,0
9972,16,1,1,5,MEDIUM,0
9972,16,2,6,13,MEDIUM,5
9972,16,3,14,23,SOFT,0
9972,16,4,24,30,SOFT,10
9972,17,1,1,4,HARD,0
9972,17,2,5,13,HARD,4
9972,17,3,14,20,SOFT,0
9972,17,4,21,28,SOFT,7
9972,17,5,29,36,HARD,13
9972,18,1,1,4,SOFT,0
9972,18,2,5,14,SOFT,4
9972,18,3,15,17,SOFT,0
9972,18,4,18,22,SOFT,3
9972,18,5,23,33,SOFT,8
9972,19,1,1,5,SOFT,0
9972,19,2,6,12,SOFT,5
9972,19,3,13,18,MEDIUM,0
9972,19,4,19,22,MEDIUM,0
9972,19,5,23,28,SOFT,12
9972,20,1,1,6,HARD,0
9972,20,2,7,17,HARD,6
9972,20,3,18,25,SOFT,0
9972,20,4,26,34,SOFT,8
9972,29,1,1,5,HARD,0
9972,29,2,6,16,HARD,5
9972,29,3,17,25,SOFT,0
9972,29,4,26,32,SOFT,9
9973,1,1,1,4,MEDIUM,0
9973,1,2,5,7,MEDIUM,4
9973,1,3,8,12,SOFT,0
9973,1,4,13,17,SOFT,5
9973,1,5,18,29,MEDIUM,7
9973,2,1,1,4,MEDIUM,0
9973,2,2,5,8,MEDIUM,4
9973,2,3,9,11,MEDIUM,8
9973,2,4,12,20,SOFT,0
9973,2,5,21,32,MEDIUM,11
9973,3,1,1,5,HARD,0
9973,3,2,6,9,HARD,5
9973,3,3,10,14,SOFT,0
9973,3,4,15,19,SOFT,0
9973,3,5,20,29,SOFT,10
9973,4,1,1,2,MEDIUM,0
9973,4,2,3,17,SOFT,0
9973,6,1,1,5,MEDIUM,0
9973,6,2,6,10,MEDIUM,5
9973,6,3,11,22,SOFT,0
9973,6,4,23,34,MEDIUM,0
9973,7,1,1,4,MEDIUM,0
9973,7,2,5,8,MEDIUM,4
9973,7,3,9,14,SOFT,0
9973,7,4,15,17,SOFT,6
9973,7,5,18,20,SOFT,9
9973,7,6,21,32,MEDIUM,8
9973,8,1,1,4,MEDIUM,0
9973,8,2,5,8,MEDIUM,4
9973,8,3,9,13,SOFT,0
9973,8,4,14,19,SOFT,8
9973,8,5,20,30,MEDIUM,8
9973,9,1,1,5,HARD,0
9973,9,2,6,9,HARD,5
9973,9,3,10,12,HARD,9
9973,9,4,13,20,SOFT,0
9973,9,5,21,32,HARD,12
9973,10,1,1,4,MEDIUM,0
9973,10,2,5,8,MEDIUM,4
9973,10,3,9,13,SOFT,0
9973,10,4,14,22,SOFT,8
9973,10,5,23,30,MEDIUM,8
9973,11,1,1,4,MEDIUM,0
9973,11,2,5,7,MEDIUM,4
9973,11,3,8,18,SOFT,0
9973,11,4,19,30,MEDIUM,7
9973,12,1,1,5,MEDIUM,0
9973,12,2,6,9,MEDIUM,5
9973,12,3,10,12,MEDIUM,9
9973,12,4,13,19,SOFT,0
9973,12,5,20,34,MEDIUM,12
9973,13,1,1,4,HARD,0
9973,13,2,5,9,HARD,4
9973,13,3,10,16,SOFT,0
9973,13,4,17,28,SOFT,0
9973,13,5,29,32,HARD,9
9973,14,1,1,5,MEDIUM,0
9973,14,2,6,8,MEDIUM,5
9973,14,3,9,13,MEDIUM,8
9973,14,4,14,21,SOFT,0
9973,14,5,22,32,MEDIUM,8
9973,15,1,1,5,MEDIUM,0
9973,15,2,6,8,MEDIUM,5
9973,15,3,9,20,SOFT,0
9973,15,4,21,33,MEDIUM,8
9973,16,1,1,5,MEDIUM,0
9973,16,2,6,8,MEDIUM,5
9973,16,3,9,12,MEDIUM,8
9973,16,4,13,20,SOFT,0
9973,16,5,21,30,MEDIUM,12
9973,17,1,1,4,SOFT,0
9973,17,2,5,8,SOFT,4
9973,17,3,9,11,SOFT,8
9973,17,4,12,19,MEDIUM,11
9973,17,5,20,20,SOFT,11
9973,17,6,21,32,MEDIUM,8
9973,18,1,1,4,MEDIUM,0
9973,18,2,5,8,MEDIUM,4
9973,18,3,9,16,SOFT,0
9973,18,4,17,20,SOFT,8
9973,18,5,21,32,MEDIUM,8
9973,19,1,1,4,MEDIUM,0
9973,19,2,5,8,MEDIUM,4
9973,19,3,9,15,SOFT,0
9973,19,4,16,22,SOFT,7
9973,19,5,23,28,SOFT,14
9973,20,1,1,5,SOFT,0
9973,20,2,6,8,SOFT,5
9973,20,3,9,18,MEDIUM,0
9973,20,4,19,33,SOFT,8
9973,29,1,1,5,MEDIUM,0
9973,29,2,6,9,MEDIUM,0
9973,29,3,10,16,SOFT,0
9973,29,4,17,20,SOFT,7
9973,29,5,21,31,MEDIUM,9
9974,1,1,1,11,MEDIUM,0
9974,1,2,12,17,SOFT,0
9974,1,3,18,18,SOFT,5
9974,1,4,19,23,SOFT,6
9974,2,1,1,7,SOFT,0
9974,2,2,8,13,SOFT,7
9974,2,3,14,18,SOFT,0
9974,2,4,19,23,SOFT,5
9974,3,1,1,14,MEDIUM,0
9974,3,2,15,17,SOFT,0
9974,3,3,18,28,SOFT,0
9974,4,1,1,1,HARD,0
9974,4,2,2,17,SOFT,0
9974,4,3,18,22,SOFT,0
9974,4,4,23,28,SOFT,4
9974,4,5,29,30,SOFT,10
9974,6,1,1,12,SOFT,0
9974,6,2,13,20,SOFT,0
9974,7,1,1,10,SOFT,0
9974,7,2,11,13,SOFT,10
9974,7,3,14,16,SOFT,0
9974,7,4,17,19,SOFT,0
9974,7,5,20,22,SOFT,6
9974,7,6,23,23,SOFT,9
9974,8,1,1,1,HARD,0
9974,8,2,2,2,HARD,0
9974,8,3,3,3,MEDIUM,0
9974,8,4,4,13,SOFT,0
9974,8,5,14,22,MEDIUM,0
9974,9,1,1,11,SOFT,0
9974,9,2,12,14,SOFT,10
9974,9,3,15,20,SOFT,0
9974,9,4,21,25,SOFT,5
9974,10,1,1,1,HARD,0
9974,10,2,2,2,HARD,0
9974,10,3,3,3,MEDIUM,0
9974,10,4,4,16,MEDIUM,0
9974,10,5,17,24,SOFT,0
9974,11,1,1,12,MEDIUM,0
9974,11,2,13,18,SOFT,0
9974,11,3,19,21,SOFT,5
9974,12,1,1,11,SOFT,0
9974,12,2,12,24,SOFT,0
9974,13,1,1,12,MEDIUM,0
9974,13,2,13,25,SOFT,0
9974,14,1,1,1,HARD,0
9974,14,2,2,19,SOFT,0
9974,14,3,20,22,SOFT,18
9974,14,4,23,27,SOFT,0
9974,14,5,28,30,SOFT,4
9974,14,6,31,33,SOFT,0
9974,15,1,1,15,SOFT,0
9974,15,2,16,25,SOFT,0
9974,16,1,1,1,HARD,0
9974,16,2,2,15,SOFT,0
9974,16,3,16,26,SOFT,0
9974,17,1,1,6,SOFT,0
9974,17,2,7,13,SOFT,6
9974,17,3,14,24,SOFT,0
9974,18,1,1,12,SOFT,0
9974,18,2,13,15,SOFT,0
9974,18,3,16,18,SOFT,2
9974,18,4,19,20,SOFT,6
9974,18,5,21,22,SOFT,0
9974,19,1,1,7,SOFT,0
9974,19,2,8,12,SOFT,7
9974,19,3,13,18,SOFT,0
9974,19,4,19,21,SOFT,6
9974,20,1,1,5,SOFT,0
9974,20,2,6,11,SOFT,4
9974,20,3,12,15,SOFT,0
9974,20,4,16,20,SOFT,4
9974,29,1,1,12,SOFT,0
9974,29,2,13,20,SOFT,11
9974,29,3,21,30,SOFT,0
9974,29,4,31,32,SOFT,10
9975,1,1,1,5,SOFT,0
9975,1,2,6,9,SOFT,0
9975,1,3,10,12,SOFT,0
9975,1,4,13,15,SOFT,3
9975,1,5,16,18,SOFT,0
9975,1,6,19,21,SOFT,0
9975,2,1,1,7,SOFT,0
9975,2,2,8,11,SOFT,7
9975,2,3,12,14,SOFT,0
9975,2,4,15,19,SOFT,3
9975,2,5,20,22,SOFT,0
9975,2,6,23,27,SOFT,0
9975,3,1,1,7,SOFT,0
9975,3,2,8,13,SOFT,0
9975,4,1,1,6,SOFT,0
9975,4,2,7,12,SOFT,0
9975,4,3,13,15,SOFT,0
9975,4,4,16,18,SOFT,3
9975,4,5,19,21,SOFT,0
9975,4,6,22,24,SOFT,6
9975,4,7,25,27,SOFT,0
9975,6,1,1,6,MEDIUM,0
9975,6,2,7,11,SOFT,0
9975,7,1,1,6,SOFT,0
9975,7,2,7,11,SOFT,0
9975,8,1,1,7,SOFT,0
9975,8,2,8,12,SOFT,0
9975,8,3,13,16,SOFT,0
9975,8,4,17,22,MEDIUM,1
9975,8,5,23,26,SOFT,4
9975,8,6,27,30,SOFT,0
9975,9,1,1,12,SOFT,0
9975,9,2,13,15,MEDIUM,0
9975,9,3,16,21,SOFT,0
9975,9,4,22,24,SOFT,0
9975,9,5,25,27,SOFT,0
9975,10,1,1,7,SOFT,0
9975,10,2,8,11,SOFT,0
9975,11,1,1,6,SOFT,0
9975,11,2,7,11,SOFT,0
9975,11,3,12,14,SOFT,0
9975,11,4,15,20,SOFT,0
9975,12,1,1,8,SOFT,0
9975,12,2,9,13,SOFT,0
9975,12,3,14,17,MEDIUM,0
9975,12,4,18,21,MEDIUM,4
9975,12,5,22,25,SOFT,0
9975,12,6,26,26,SOFT,4
9975,12,7,27,30,MEDIUM,0
9975,12,8,31,34,SOFT,0
9975,13,1,1,7,SOFT,0
9975,13,2,8,13,SOFT,0
9975,13,3,14,17,SOFT,0
9975,13,4,18,20,SOFT,3
9975,13,5,21,23,SOFT,0
9975,14,1,1,6,SOFT,0
9975,14,2,7,11,SOFT,0
9975,14,3,12,14,SOFT,0
9975,14,4,15,20,SOFT,0
9975,14,5,21,23,SOFT,3
9975,14,6,24,26,SOFT,0
9975,15,1,1,7,SOFT,0
9975,15,2,8,13,SOFT,0
9975,15,3,14,17,SOFT,6
9975,15,4,18,20,SOFT,10
9975,15,5,21,24,SOFT,0
9975,15,6,25,28,MEDIUM,0
9975,15,7,29,32,SOFT,0
9975,16,1,1,9,SOFT,0
9975,16,2,10,12,SOFT,0
9975,16,3,13,15,MEDIUM,0
9975,16,4,16,22,SOFT,0
9975,16,5,23,25,SOFT,3
9975,16,6,26,28,SOFT,0
9975,17,1,1,8,SOFT,0
9975,17,2,9,13,SOFT,0
9975,17,3,14,17,MEDIUM,0
9975,17,4,18,21,MEDIUM,4
9975,17,5,22,25,SOFT,0
9975,18,1,1,11,SOFT,0
9975,18,2,12,13,MEDIUM,0
9975,19,1,1,7,SOFT,0
9975,19,2,8,10,SOFT,7
9975,19,3,11,13,SOFT,0
9975,19,4,14,21,SOFT,3
9975,19,5,22,24,SOFT,0
9975,19,6,25,29,SOFT,0
9975,20,1,1,7,SOFT,0
9975,20,2,8,13,SOFT,0
9975,29,1,1,7,MEDIUM,0
9975,29,2,8,12,SOFT,0
9979,1,1,1,27,HARD,0
9979,1,2,28,76,MEDIUM,0
9979,1,3,77,78,SOFT,3
9979,2,1,1,18,MEDIUM,0
9979,2,2,19,49,HARD,0
9979,2,3,50,78,HARD,0
9979,3,1,1,0,MEDIUM,0
9979,3,2,1,25,HARD,0
9979,3,3,26,34,SOFT,0
9979,3,4,35,76,MEDIUM,0
9979,4,1,1,13,MEDIUM,0
9979,4,2,14,18,SOFT,3
9979,4,3,19,77,HARD,1
9979,6,1,1,0,MEDIUM,6
9979,6,2,1,7,MEDIUM,0
9979,7,1,1,68,HARD,0
9979,7,2,69,70,MEDIUM,0
9979,7,3,71,75,HARD,0
9979,8,1,1,15,HARD,1
9979,8,2,16,36,HARD,1
9979,9,1,1,21,MEDIUM,0
9979,9,2,22,48,HARD,0
9979,9,3,49,78,MEDIUM,0
9979,10,1,1,16,HARD,1
9979,10,2,17,63,HARD,1
9979,10,3,64,76,MEDIUM,1
9979,11,1,1,0,SOFT,0
9979,11,2,1,72,HARD,0
9979,11,3,73,76,MEDIUM,0
9979,12,1,1,31,MEDIUM,4
9979,12,2,32,39,MEDIUM,8
9979,12,3,40,76,HARD,0
9979,13,1,1,11,MEDIUM,0
9979,13,2,12,43,HARD,0
9979,13,3,44,76,SOFT,0
9979,14,1,1,30,MEDIUM,6
9979,14,2,31,39,SOFT,3
9979,14,3,40,77,HARD,1
9979,15,1,1,15,MEDIUM,0
9979,15,2,16,27,MEDIUM,4
9979,15,3,28,77,HARD,0
9979,16,1,1,17,HARD,0
9979,16,2,18,55,HARD,1
9979,16,3,56,78,MEDIUM,0
9979,17,1,1,47,HARD,0
9979,17,2,48,52,MEDIUM,0
9979,17,3,53,76,MEDIUM,8
9979,18,1,1,52,HARD,0
9979,18,2,53,67,MEDIUM,53
9979,18,3,68,76,HARD,0
9979,19,1,1,19,MEDIUM,0
9979,19,2,20,47,HARD,0
9979,19,3,48,78,HARD,0
9979,20,1,1,0,MEDIUM,0
9979,20,2,1,16,HARD,0
9979,20,3,17,76,MEDIUM,0
9979,29,1,1,12,HARD,0
9979,29,2,13,25,MEDIUM,7
9979,29,3,26,76,MEDIUM,0
9980,1,1,1,3,SOFT,0
9980,1,2,4,9,SOFT,3
9980,1,3,10,15,SOFT,0
9980,2,1,1,6,SOFT,0
9980,2,2,7,9,SOFT,6
9980,2,3,10,14,SOFT,0
9980,2,4,15,23,SOFT,5
9980,3,1,1,1,MEDIUM,0
9980,3,2,2,10,MEDIUM,1
9980,3,3,11,13,SOFT,0
9980,3,4,14,16,SOFT,0
9980,3,5,17,23,SOFT,6
9980,4,1,1,9,SOFT,0
9980,4,2,10,11,SOFT,0
9980,4,3,12,14,SOFT,2
9980,4,4,15,15,SOFT,0
9980,4,5,16,19,SOFT,0
9980,6,1,1,3,MEDIUM,0
9980,6,2,4,6,MEDIUM,3
9980,6,3,7,9,MEDIUM,6
9980,6,4,10,12,MEDIUM,9
9980,6,5,13,15,SOFT,0
9980,6,6,16,18,SOFT,0
9980,6,7,19,19,SOFT,6
9980,6,8,20,21,MEDIUM,12
9980,7,1,1,3,SOFT,0
9980,7,2,4,6,SOFT,3
9980,7,3,7,9,SOFT,0
9980,7,4,10,12,SOFT,3
9980,7,5,13,21,SOFT,6
9980,7,6,22,23,SOFT,6
9980,8,1,1,9,SOFT,0
9980,8,2,10,15,SOFT,0
9980,8,3,16,22,SOFT,0
9980,9,1,1,8,SOFT,0
9980,9,2,9,11,SOFT,8
9980,9,3,12,14,SOFT,0
9980,9,4,15,17,SOFT,3
9980,9,5,18,23,SOFT,0
9980,10,1,1,10,SOFT,0
9980,10,2,11,13,SOFT,0
9980,10,3,14,17,SOFT,3
9980,10,4,18,23,SOFT,7
9980,11,1,1,3,SOFT,0
9980,11,2,4,6,SOFT,3
9980,11,3,7,10,SOFT,6
9980,11,4,11,12,SOFT,0
9980,11,5,13,17,SOFT,2
9980,11,6,18,18,SOFT,7
9980,12,1,1,10,SOFT,0
9980,12,2,11,19,SOFT,0
9980,12,3,20,21,SOFT,10
9980,13,1,1,2,MEDIUM,0
9980,13,2,3,10,MEDIUM,2
9980,13,3,11,13,SOFT,0
9980,13,4,14,16,SOFT,0
9980,13,5,17,23,MEDIUM,10
9980,14,1,1,6,SOFT,0
9980,14,2,7,12,SOFT,6
9980,14,3,13,15,SOFT,0
9980,14,4,16,18,SOFT,3
9980,14,5,19,22,SOFT,6
9980,15,1,1,5,MEDIUM,0
9980,15,2,6,10,MEDIUM,5
9980,15,3,11,13,SOFT,0
9980,15,4,14,16,SOFT,3
9980,15,5,17,20,MEDIUM,10
9980,16,1,1,8,SOFT,0
9980,16,2,9,11,SOFT,8
9980,16,3,12,15,SOFT,0
9980,16,4,16,17,SOFT,4
9980,16,5,18,22,SOFT,6
9980,17,1,1,1,MEDIUM,0
9980,17,2,2,5,SOFT,0
9980,17,3,6,8,SOFT,4
9980,17,4,9,11,SOFT,7
9980,17,5,12,14,SOFT,0
9980,17,6,15,17,SOFT,3
9980,17,7,18,19,SOFT,6
9980,18,1,1,6,SOFT,0
9980,18,2,7,9,SOFT,0
9980,18,3,10,18,SOFT,6
9980,18,4,19,26,SOFT,3
9980,19,1,1,9,SOFT,0
9980,19,2,10,15,SOFT,0
9980,19,3,16,23,SOFT,6
9980,20,1,1,3,MEDIUM,0
9980,20,2,4,6,MEDIUM,3
9980,20,3,7,9,MEDIUM,6
9980,20,4,10,12,SOFT,0
9980,20,5,13,15,SOFT,3
9980,20,6,16,20,MEDIUM,9
9980,29,1,1,3,MEDIUM,0
9980,29,2,4,6,MEDIUM,3
9980,29,3,7,9,MEDIUM,6
9980,29,4,10,12,MEDIUM,9
9980,29,5,13,13,MEDIUM,12
9980,29,6,14,15,SOFT,0
9980,29,7,16,18,SOFT,0
9980,29,8,19,21,MEDIUM,13
9981,1,1,1,6,MEDIUM,0
9981,1,2,7,11,SOFT,0
9981,1,3,12,23,MEDIUM,6
9981,1,4,24,26,SOFT,5
9981,2,1,1,6,MEDIUM,0
9981,2,2,7,12,SOFT,0
9981,2,3,13,21,MEDIUM,6
9981,2,4,22,25,SOFT,6
9981,3,1,1,3,MEDIUM,0
9981,3,2,4,8,MEDIUM,0
9981,3,3,9,11,SOFT,0
9981,3,4,12,14,SOFT,3
9981,3,5,15,24,MEDIUM,0
9981,3,6,25,27,MEDIUM,17
9981,4,1,1,3,MEDIUM,0
9981,4,2,4,6,MEDIUM,3
9981,4,3,7,9,SOFT,0
9981,4,4,10,12,SOFT,0
9981,4,5,13,13,MEDIUM,6
9981,4,6,14,22,MEDIUM,0
9981,6,1,1,3,MEDIUM,0
9981,6,2,4,6,MEDIUM,0
9981,6,3,7,9,MEDIUM,0
9981,6,4,10,12,SOFT,0
9981,6,5,13,26,MEDIUM,9
9981,6,6,27,29,MEDIUM,22
9981,7,1,1,3,MEDIUM,0
9981,7,2,4,6,MEDIUM,3
9981,7,3,7,8,SOFT,0
9981,7,4,9,12,SOFT,2
9981,7,5,13,23,MEDIUM,6
9981,7,6,24,27,MEDIUM,16
9981,8,1,1,8,SOFT,0
9981,8,2,9,11,SOFT,8
9981,8,3,12,14,MEDIUM,0
9981,8,4,15,18,MEDIUM,3
9981,8,5,19,21,MEDIUM,6
9981,9,1,1,8,MEDIUM,0
9981,9,2,9,11,SOFT,0
9981,9,3,12,15,SOFT,3
9981,9,4,16,24,MEDIUM,8
9981,9,5,25,28,MEDIUM,16
9981,10,1,1,7,MEDIUM,0
9981,10,2,8,10,SOFT,0
9981,10,3,11,13,SOFT,7
9981,10,4,14,20,MEDIUM,7
9981,10,5,21,23,MEDIUM,13
9981,11,1,1,9,MEDIUM,0
9981,11,2,10,15,SOFT,0
9981,11,3,16,26,MEDIUM,9
9981,11,4,27,29,SOFT,6
9981,12,1,1,9,MEDIUM,0
9981,12,2,10,15,SOFT,0
9981,12,3,16,16,SOFT,6
9981,12,4,17,25,MEDIUM,9
9981,12,5,26,29,MEDIUM,17
9981,13,1,1,6,MEDIUM,0
9981,13,2,7,9,SOFT,0
9981,13,3,10,11,SOFT,3
9981,13,4,12,22,MEDIUM,6
9981,13,5,23,26,MEDIUM,16
9981,14,1,1,3,MEDIUM,0
9981,14,2,4,6,MEDIUM,3
9981,14,3,7,9,SOFT,0
9981,14,4,10,12,SOFT,3
9981,14,5,13,13,MEDIUM,6
9981,14,6,14,19,MEDIUM,0
9981,14,7,20,22,MEDIUM,0
9981,15,1,1,3,MEDIUM,0
9981,15,2,4,6,MEDIUM,0
9981,15,3,7,9,MEDIUM,6
9981,15,4,10,12,SOFT,0
9981,15,5,13,15,SOFT,3
9981,15,6,16,21,MEDIUM,9
9981,15,7,22,24,MEDIUM,14
9981,16,1,1,8,MEDIUM,0
9981,16,2,9,13,SOFT,0
9981,16,3,14,22,MEDIUM,8
9981,16,4,23,26,MEDIUM,16
9981,17,1,1,6,MEDIUM,1
9981,17,2,7,8,MEDIUM,7
9981,17,3,9,15,SOFT,0
9981,17,4,16,25,MEDIUM,9
9981,17,5,26,29,MEDIUM,18
9981,18,1,1,3,MEDIUM,0
9981,18,2,4,6,SOFT,0
9981,18,3,7,20,MEDIUM,3
9981,18,4,21,23,MEDIUM,16
9981,19,1,1,8,MEDIUM,0
9981,19,2,9,11,SOFT,0
9981,19,3,12,14,SOFT,3
9981,19,4,15,24,MEDIUM,8
9981,19,5,25,28,SOFT,6
9981,20,1,1,3,MEDIUM,0
9981,20,2,4,6,MEDIUM,3
9981,20,3,7,9,SOFT,0
9981,20,4,10,11,SOFT,3
9981,20,5,12,23,MEDIUM,6
9981,20,6,24,26,SOFT,5
9981,29,1,1,3,MEDIUM,0
9981,29,2,4,6,MEDIUM,0
9981,29,3,7,9,MEDIUM,6
9981,29,4,10,12,SOFT,0
9981,29,5,13,26,MEDIUM,9
9981,29,6,27,29,MEDIUM,22
9982,1,1,1,3,MEDIUM,0
9982,1,2,4,6,MEDIUM,0
9982,1,3,7,9,MEDIUM,0
9982,1,4,10,12,SOFT,0
9982,1,5,13,17,SOFT,3
9982,2,1,1,1,HARD,0
9982,2,2,2,4,MEDIUM,0
9982,2,3,5,9,MEDIUM,3
9982,2,4,10,12,SOFT,0
9982,2,5,13,15,SOFT,0
9982,2,6,16,19,SOFT,6
9982,3,1,1,3,SOFT,0
9982,3,2,4,7,SOFT,3
9982,3,3,8,10,SOFT,0
9982,3,4,11,13,SOFT,3
9982,3,5,14,17,SOFT,7
9982,4,1,1,6,MEDIUM,0
9982,4,2,7,9,MEDIUM,6
9982,4,3,10,10,MEDIUM,0
9982,4,4,11,11,MEDIUM,0
9982,4,5,12,14,SOFT,0
9982,4,6,15,17,SOFT,3
9982,4,7,18,20,MEDIUM,11
9982,6,1,1,3,SOFT,0
9982,6,2,4,6,SOFT,3
9982,6,3,7,9,SOFT,0
9982,6,4,10,14,SOFT,3
9982,7,1,1,3,MEDIUM,0
9982,7,2,4,6,MEDIUM,3
9982,7,3,7,9,MEDIUM,6
9982,7,4,10,12,SOFT,0
9982,7,5,13,15,MEDIUM,9
9982,8,1,1,1,HARD,0
9982,8,2,2,9,HARD,0
9982,8,3,10,15,SOFT,0
9982,8,4,16,18,HARD,8
9982,9,1,1,3,MEDIUM,0
9982,9,2,4,6,MEDIUM,0
9982,9,3,7,15,MEDIUM,6
9982,9,4,16,26,SOFT,0
9982,10,1,1,1,HARD,0
9982,10,2,2,9,HARD,0
9982,10,3,10,14,HARD,8
9982,10,4,15,22,SOFT,0
9982,11,1,1,6,MEDIUM,0
9982,11,2,7,9,SOFT,0
9982,11,3,10,14,SOFT,3
9982,12,1,1,9,MEDIUM,0
9982,12,2,10,12,SOFT,0
9982,12,3,13,16,SOFT,3
9982,12,4,17,20,SOFT,7
9982,13,1,1,3,SOFT,0
9982,13,2,4,6,SOFT,3
9982,13,3,7,7,SOFT,6
9982,13,4,8,10,SOFT,0
9982,13,5,11,13,SOFT,3
9982,13,6,14,16,SOFT,0
9982,14,1,1,6,MEDIUM,0
9982,14,2,7,9,MEDIUM,6
9982,14,3,10,10,MEDIUM,9
9982,14,4,11,11,MEDIUM,10
9982,14,5,12,12,MEDIUM,11
9982,14,6,13,15,SOFT,0
9982,14,7,16,18,SOFT,3
9982,14,8,19,21,SOFT,0
9982,15,1,1,3,SOFT,0
9982,15,2,4,6,SOFT,3
9982,15,3,7,9,SOFT,0
9982,15,4,10,12,SOFT,3
9982,15,5,13,15,SOFT,6
9982,16,1,1,3,MEDIUM,0
9982,16,2,4,6,MEDIUM,0
9982,16,3,7,15,MEDIUM,0
9982,16,4,16,18,SOFT,0
9982,16,5,19,21,SOFT,3
9982,16,6,22,25,SOFT,6
9982,17,1,1,3,MEDIUM,0
9982,17,2,4,6,MEDIUM,3
9982,17,3,7,9,MEDIUM,6
9982,17,4,10,12,MEDIUM,9
9982,17,5,13,21,SOFT,0
9982,18,1,1,6,MEDIUM,0
9982,18,2,7,8,SOFT,0
9982,18,3,9,11,SOFT,2
9982,18,4,12,14,MEDIUM,6
9982,19,1,1,8,MEDIUM,0
9982,19,2,9,13,SOFT,0
9982,19,3,14,16,SOFT,5
9982,19,4,17,19,MEDIUM,8
9982,20,1,1,3,SOFT,0
9982,20,2,4,5,SOFT,3
9982,20,3,6,8,SOFT,0
9982,20,4,9,11,SOFT,3
9982,20,5,12,14,SOFT,5
9982,29,1,1,3,SOFT,0
9982,29,2,4,6,SOFT,3
9982,29,3,7,9,SOFT,0
9982,29,4,10,14,SOFT,3
9983,1,1,1,2,SOFT,0
9983,1,2,3,5,SOFT,2
9983,1,3,6,8,SOFT,0
9983,1,4,9,11,SOFT,3
9983,1,5,12,14,SOFT,0
9983,1,6,15,17,SOFT,0
9983,2,1,1,1,SOFT,0
9983,2,2,2,4,SOFT,1
9983,2,3,5,7,SOFT,4
9983,2,4,8,10,SOFT,0
9983,2,5,11,13,SOFT,3
9983,2,6,14,16,SOFT,0
9983,2,7,17,19,SOFT,0
9983,3,1,1,3,SOFT,0
9983,3,2,4,6,SOFT,3
9983,3,3,7,9,SOFT,0
9983,3,4,10,12,SOFT,3
9983,3,5,13,15,SOFT,0
9983,4,1,1,1,SOFT,0
9983,4,2,2,4,SOFT,0
9983,4,3,5,6,SOFT,0
9983,4,4,7,9,SOFT,0
9983,4,5,10,12,SOFT,0
9983,4,6,13,15,SOFT,3
9983,4,7,16,17,SOFT,0
9983,6,1,1,3,SOFT,0
9983,6,2,4,5,SOFT,0
9983,6,3,6,8,SOFT,3
9983,6,4,9,11,SOFT,0
9983,6,5,12,14,SOFT,2
9983,6,6,15,17,SOFT,0
9983,7,1,1,1,SOFT,0
9983,7,2,2,4,SOFT,1
9983,7,3,5,7,SOFT,0
9983,7,4,8,10,SOFT,4
9983,7,5,11,13,SOFT,0
9983,8,1,1,3,SOFT,0
9983,8,2,4,6,SOFT,0
9983,8,3,7,7,MEDIUM,0
9983,8,4,8,10,SOFT,0
9983,8,5,11,13,MEDIUM,0
9983,8,6,14,16,SOFT,0
9983,8,7,17,19,MEDIUM,1
9983,9,1,1,3,SOFT,0
9983,9,2,4,6,SOFT,3
9983,9,3,7,8,SOFT,0
9983,9,4,9,11,SOFT,2
9983,9,5,12,14,SOFT,0
9983,10,1,1,3,SOFT,0
9983,10,2,4,6,SOFT,0
9983,10,3,7,9,MEDIUM,0
9983,10,4,10,12,SOFT,0
9983,10,5,13,15,MEDIUM,0
9983,10,6,16,18,SOFT,0
9983,10,7,19,21,MEDIUM,3
9983,11,1,1,2,SOFT,0
9983,12,1,1,3,SOFT,0
9983,12,2,4,6,SOFT,3
9983,12,3,7,8,SOFT,0
9983,12,4,9,11,SOFT,2
9983,12,5,12,14,SOFT,0
9983,12,6,15,17,SOFT,3
9983,12,7,18,20,SOFT,0
9983,13,1,1,3,SOFT,0
9983,13,2,4,6,SOFT,0
9983,13,3,7,9,SOFT,0
9983,14,1,1,1,SOFT,0
9983,14,2,2,4,SOFT,1
9983,14,3,5,6,SOFT,0
9983,15,1,1,3,SOFT,0
9983,15,2,4,6,SOFT,3
9983,15,3,7,9,SOFT,0
9983,16,1,1,3,SOFT,0
9983,16,2,4,6,SOFT,3
9983,16,3,7,8,SOFT,0
9983,16,4,9,11,SOFT,2
9983,16,5,12,14,SOFT,0
9983,17,1,1,3,SOFT,0
9983,17,2,4,6,SOFT,3
9983,17,3,7,9,SOFT,0
9983,17,4,10,12,SOFT,3
9983,17,5,13,15,SOFT,0
9983,17,6,16,18,SOFT,3
9983,17,7,19,21,SOFT,0
9983,18,1,1,1,SOFT,0
9983,18,2,2,4,SOFT,0
9983,18,3,5,5,SOFT,0
9983,18,4,6,8,SOFT,1
9983,18,5,9,11,SOFT,0
9983,18,6,12,14,SOFT,0
9983,18,7,15,17,MEDIUM,0
9983,19,1,1,1,SOFT,0
9983,19,2,2,6,SOFT,1
9983,19,3,7,9,SOFT,0
9983,19,4,10,12,SOFT,3
9983,19,5,13,15,SOFT,0
9983,19,6,16,18,SOFT,0
9983,20,1,1,3,SOFT,0
9983,20,2,4,6,SOFT,3
9983,20,3,7,8,SOFT,0
9983,29,1,1,3,SOFT,0
9983,29,2,4,5,SOFT,0
9987,1,1,1,29,MEDIUM,0
9987,1,2,30,46,HARD,0
9987,1,3,47,63,HARD,0
9987,2,1,1,28,MEDIUM,0
9987,2,2,29,46,HARD,0
9987,2,3,47,63,HARD,1
9987,3,1,1,12,MEDIUM,0
9987,3,2,13,29,HARD,0
9987,3,3,30,46,HARD,0
9987,3,4,47,63,MEDIUM,12
9987,4,1,1,29,MEDIUM,0
9987,4,2,30,46,HARD,0
9987,4,3,47,63,HARD,0
9987,6,1,1,9,MEDIUM,0
9987,6,2,10,29,HARD,0
9987,6,3,30,63,HARD,0
9987,7,1,1,29,HARD,0
9987,7,2,30,44,MEDIUM,0
9987,8,1,1,12,MEDIUM,3
9987,8,2,13,46,HARD,1
9987,8,3,47,63,MEDIUM,4
9987,9,1,1,10,MEDIUM,0
9987,9,2,11,29,HARD,0
9987,9,3,30,63,HARD,0
9987,10,1,1,14,MEDIUM,3
9987,10,2,15,46,HARD,1
9987,10,3,47,63,MEDIUM,6
9987,11,1,1,29,HARD,0
9987,11,2,30,63,MEDIUM,0
9987,12,1,1,29,MEDIUM,0
9987,12,2,30,47,HARD,0
9987,12,3,48,63,HARD,0
9987,13,1,1,29,HARD,0
9987,13,2,30,63,MEDIUM,0
9987,14,1,1,10,MEDIUM,0
9987,14,2,11,29,HARD,0
9987,14,3,30,63,HARD,0
9987,15,1,1,1,MEDIUM,0
9987,15,2,2,27,HARD,0
9987,16,1,1,29,HARD,0
9987,16,2,30,46,MEDIUM,0
9987,16,3,47,63,HARD,0
9987,17,1,1,11,MEDIUM,0
9987,17,2,12,29,HARD,0
9987,17,3,30,63,HARD,0
9987,18,1,1,11,MEDIUM,3
9987,18,2,12,29,HARD,0
9987,18,3,30,63,HARD,0
9987,19,1,1,13,MEDIUM,0
9987,19,2,14,30,HARD,0
9987,19,3,31,63,HARD,0
9987,20,1,1,29,HARD,0
9987,20,2,30,31,MEDIUM,0
9987,20,3,32,63,HARD,0
9987,29,1,1,22,MEDIUM,0
9987,29,2,23,46,HARD,0
9987,29,3,47,63,HARD,0
9988,1,1,1,9,MEDIUM,0
9988,1,2,9,20,MEDIUM,8
9988,1,3,20,22,SOFT,0
9988,1,4,22,24,MEDIUM,0
9988,2,1,1,8,MEDIUM,0
9988,2,2,8,18,MEDIUM,7
9988,2,3,18,23,SOFT,0
9988,3,1,1,7,MEDIUM,0
9988,3,2,7,19,MEDIUM,6
9988,3,3,19,24,SOFT,0
9988,4,1,1,8,MEDIUM,0
9988,4,2,8,11,MEDIUM,7
9988,4,3,11,18,MEDIUM,10
9988,4,4,18,23,SOFT,0
9988,5,1,1,10,MEDIUM,0
9988,5,2,10,17,MEDIUM,9
9988,6,1,1,8,MEDIUM,0
9988,6,2,9,18,MEDIUM,0
9988,6,3,18,21,SOFT,0
9988,6,4,21,23,MEDIUM,17
9988,7,1,1,10,MEDIUM,0
9988,7,2,10,22,MEDIUM,9
9988,7,3,22,25,SOFT,0
9988,7,4,25,27,MEDIUM,21
9988,8,1,1,6,MEDIUM,0
9988,8,2,6,9,MEDIUM,5
9988,8,3,9,18,MEDIUM,8
9988,8,4,18,21,SOFT,0
9988,8,5,21,23,MEDIUM,17
9988,9,1,1,10,MEDIUM,0
9988,9,2,10,16,MEDIUM,9
9988,9,3,16,21,SOFT,0
9988,10,1,1,6,MEDIUM,0
9988,10,2,6,9,MEDIUM,5
9988,10,3,9,16,MEDIUM,8
9988,10,4,16,19,SOFT,0
9988,11,1,1,13,MEDIUM,0
9988,11,2,13,19,MEDIUM,12
9988,11,3,19,23,SOFT,0
9988,12,1,1,10,MEDIUM,0
9988,12,2,11,18,MEDIUM,0
9988,12,3,18,19,MEDIUM,17
9988,12,4,19,22,SOFT,0
9988,12,5,22,24,MEDIUM,18
9988,13,1,1,6,MEDIUM,0
9988,13,2,6,11,MEDIUM,5
9988,13,3,11,16,MEDIUM,10
9988,13,4,16,21,SOFT,0
9988,14,1,1,11,MEDIUM,0
9988,14,2,11,18,MEDIUM,10
9988,14,3,18,23,SOFT,0
9988,15,1,1,11,MEDIUM,0
9988,15,2,11,18,MEDIUM,10
9988,15,3,18,23,SOFT,0
9988,16,1,1,10,MEDIUM,0
9988,16,2,10,17,MEDIUM,9
9988,16,3,17,20,SOFT,0
9988,16,4,20,22,SOFT,0
9988,17,1,1,11,MEDIUM,0
9988,17,2,11,12,MEDIUM,10
9988,17,3,12,20,MEDIUM,11
9988,17,4,20,20,MEDIUM,19
9988,17,5,21,24,SOFT,0
9988,17,6,24,26,MEDIUM,20
9988,18,1,1,11,MEDIUM,0
9988,18,2,11,21,MEDIUM,10
9988,18,3,21,24,SOFT,0
9988,18,4,24,26,MEDIUM,20
9988,19,1,1,9,MEDIUM,0
9988,19,2,9,19,MEDIUM,8
9988,19,3,19,24,SOFT,0
9988,20,1,1,10,MEDIUM,0
9988,20,2,10,18,MEDIUM,9
9988,20,3,18,23,SOFT,0
9989,1,1,1,4,MEDIUM,0
9989,1,2,4,7,MEDIUM,3
9989,1,3,7,10,MEDIUM,0
9989,1,4,10,12,SOFT,0
9989,2,1,1,7,MEDIUM,0
9989,2,2,7,10,MEDIUM,0
9989,2,3,10,13,SOFT,0
9989,3,1,1,4,MEDIUM,0
9989,3,2,4,7,MEDIUM,0
9989,3,3,7,10,MEDIUM,0
9989,3,4,10,12,MEDIUM,3
9989,4,1,1,4,MEDIUM,0
9989,4,2,4,7,MEDIUM,0
9989,4,3,7,8,MEDIUM,0
9989,5,1,1,6,MEDIUM,0
9989,6,1,1,6,MEDIUM,0
9989,7,1,1,5,MEDIUM,0
9989,7,2,5,8,MEDIUM,4
9989,7,3,8,15,MEDIUM,0
9989,7,4,15,17,SOFT,0
9989,8,1,1,6,MEDIUM,0
9989,8,2,6,8,MEDIUM,0
9989,9,1,1,4,MEDIUM,0
9989,9,2,4,7,MEDIUM,3
9989,9,3,7,13,MEDIUM,0
9989,9,4,13,15,SOFT,0
9989,10,1,1,7,MEDIUM,0
9989,10,2,7,10,MEDIUM,0
9989,10,3,10,12,SOFT,4
9989,11,1,1,4,MEDIUM,0
9989,11,2,4,7,MEDIUM,3
9989,11,3,7,10,MEDIUM,0
9989,11,4,10,12,SOFT,0
9989,12,1,1,7,MEDIUM,0
9989,12,2,7,11,MEDIUM,0
9989,12,3,11,14,SOFT,0
9989,13,1,1,4,MEDIUM,0
9989,13,2,4,6,MEDIUM,3
9989,14,1,1,5,MEDIUM,0
9989,15,1,1,4,MEDIUM,0
9989,15,2,4,6,MEDIUM,3
9989,16,1,1,4,MEDIUM,0
9989,16,2,4,7,MEDIUM,3
9989,16,3,7,13,MEDIUM,0
9989,16,4,13,15,SOFT,0
9989,17,1,1,4,MEDIUM,0
9989,17,2,4,7,MEDIUM,3
9989,17,3,7,10,MEDIUM,0
9989,18,1,1,9,MEDIUM,0
9989,18,2,9,16,MEDIUM,0
9989,18,3,16,18,SOFT,0
9989,19,1,1,5,MEDIUM,0
9989,19,2,5,9,MEDIUM,0
9989,19,3,9,13,SOFT,0
9989,20,1,1,4,MEDIUM,0
9989,20,2,4,7,MEDIUM,3
9989,20,3,7,9,MEDIUM,0
9993,1,1,1,19,MEDIUM,3
9993,2,1,1,19,MEDIUM,3
9993,3,1,1,19,MEDIUM,6
9993,4,1,1,19,MEDIUM,2
9993,5,1,1,19,MEDIUM,6
9993,6,1,1,19,MEDIUM,6
9993,7,1,1,19,MEDIUM,7
9993,8,1,1,19,MEDIUM,3
9993,9,1,1,19,MEDIUM,6
9993,10,1,1,19,MEDIUM,3
9993,11,1,1,19,MEDIUM,3
9993,12,1,1,19,MEDIUM,4
9993,13,1,1,19,MEDIUM,6
9993,14,1,1,19,MEDIUM,5
9993,15,1,1,19,MEDIUM,6
9993,16,1,1,19,MEDIUM,6
9993,17,1,1,11,MEDIUM,4
9993,17,2,12,19,MEDIUM,0
9993,18,1,1,19,MEDIUM,8
9993,19,1,1,19,MEDIUM,4
9993,20,1,1,19,MEDIUM,3
9994,1,1,1,4,SOFT,2
9994,1,2,4,7,SOFT,0
9994,1,3,7,10,SOFT,0
9994,1,4,10,13,SOFT,0
9994,1,5,13,15,SOFT,0
9994,2,1,1,4,SOFT,4
9994,2,2,4,10,SOFT,0
9994,2,3,10,13,SOFT,0
9994,2,4,13,16,SOFT,0
9994,2,5,16,17,SOFT,0
9994,3,1,1,4,SOFT,0
9994,3,2,4,7,SOFT,0
9994,3,3,7,9,SOFT,0
9994,4,1,1,3,SOFT,0
9994,4,2,3,6,SOFT,0
9994,4,3,6,9,SOFT,0
9994,4,4,9,12,SOFT,0
9994,4,5,12,15,SOFT,0
9994,4,6,15,18,SOFT,3
9994,4,7,18,20,SOFT,0
9994,5,1,1,3,SOFT,0
9994,5,2,3,6,SOFT,0
9994,5,3,6,8,SOFT,0
9994,6,1,1,4,SOFT,3
9994,6,2,4,7,SOFT,0
9994,6,3,7,9,SOFT,0
9994,7,1,1,4,SOFT,3
9994,7,2,4,10,SOFT,0
9994,7,3,10,13,SOFT,3
9994,7,4,13,17,SOFT,0
9994,7,5,17,20,SOFT,0
9994,7,6,20,22,SOFT,0
9994,8,1,1,4,SOFT,3
9994,8,2,4,7,SOFT,0
9994,8,3,7,10,SOFT,0
9994,8,4,10,13,SOFT,0
9994,8,5,13,15,SOFT,0
9994,9,1,1,4,SOFT,0
9994,9,2,4,10,SOFT,0
9994,9,3,10,13,SOFT,6
9994,9,4,13,16,SOFT,0
9994,9,5,16,19,SOFT,0
9994,9,6,19,21,SOFT,0
9994,10,1,1,4,SOFT,7
9994,10,2,4,7,SOFT,0
9994,10,3,7,10,SOFT,0
9994,10,4,10,13,SOFT,0
9994,10,5,13,15,SOFT,0
9994,11,1,1,3,SOFT,5
9994,11,2,3,6,SOFT,3
9994,11,3,6,9,SOFT,0
9994,11,4,9,12,SOFT,0
9994,11,5,12,15,SOFT,0
9994,11,6,15,18,SOFT,3
9994,11,7,18,19,SOFT,0
9994,12,1,1,3,SOFT,3
9994,12,2,3,6,SOFT,0
9994,12,3,6,9,SOFT,0
9994,12,4,9,12,SOFT,0
9994,12,5,12,15,SOFT,0
9994,12,6,15,18,SOFT,3
9994,12,7,18,20,SOFT,3
9994,13,1,1,4,SOFT,0
9994,13,2,4,7,SOFT,0
9994,13,3,7,10,SOFT,0
9994,13,4,10,13,SOFT,0
9994,13,5,13,15,SOFT,0
9994,14,1,1,3,SOFT,6
9994,14,2,3,6,SOFT,0
9994,14,3,6,8,SOFT,0
9994,15,1,1,4,SOFT,0
9994,15,2,4,7,SOFT,0
9994,15,3,7,10,SOFT,0
9994,15,4,10,13,SOFT,0
9994,15,5,13,15,SOFT,0
9994,16,1,1,4,SOFT,3
9994,16,2,4,10,SOFT,0
9994,16,3,10,13,SOFT,6
9994,16,4,13,16,SOFT,0
9994,16,5,16,19,SOFT,0
9994,16,6,19,21,SOFT,0
9994,17,1,1,4,SOFT,3
9994,17,2,4,7,SOFT,0
9994,17,3,7,10,SOFT,0
9994,17,4,10,13,SOFT,0
9994,17,5,13,15,SOFT,0
9994,18,1,1,4,SOFT,3
9994,18,2,4,10,SOFT,0
9994,18,3,10,13,SOFT,3
9994,18,4,13,16,SOFT,0
9994,18,5,16,20,SOFT,0
9994,18,6,20,22,SOFT,0
9994,19,1,1,4,SOFT,5
9994,19,2,4,9,SOFT,0
9994,19,3,9,12,SOFT,0
9994,19,4,12,15,SOFT,3
9994,19,5,15,18,SOFT,0
9994,19,6,18,20,SOFT,0
9994,20,1,1,4,SOFT,0
9994,20,2,4,7,SOFT,0
9994,20,3,7,8,SOFT,0
9998,1,1,1,13,MEDIUM,0
9998,1,2,14,56,HARD,0
9998,2,1,1,15,MEDIUM,0
9998,2,2,16,56,HARD,0
9998,3,1,1,1,MEDIUM,0
9998,3,2,2,26,HARD,0
9998,3,3,27,55,HARD,0
9998,4,1,1,12,MEDIUM,0
9998,4,2,13,33,HARD,0
9998,4,3,34,56,HARD,0
9998,5,1,1,11,MEDIUM,0
9998,5,2,12,56,HARD,0
9998,6,1,1,10,MEDIUM,0
9998,6,2,11,56,HARD,0
9998,7,1,1,12,MEDIUM,0
9998,7,2,13,56,HARD,0
9998,8,1,1,4,MEDIUM,5
9998,9,1,1,15,MEDIUM,0
9998,9,2,16,56,HARD,0
9998,10,1,1,36,HARD,0
9998,10,2,37,56,MEDIUM,0
9998,11,1,1,11,MEDIUM,0
9998,11,2,12,35,HARD,0
9998,11,3,36,46,HARD,0
9998,11,4,47,55,MEDIUM,6
9998,12,1,1,20,MEDIUM,0
9998,12,2,21,56,HARD,0
9998,13,1,1,20,MEDIUM,0
9998,13,2,21,55,HARD,0
9998,14,1,1,18,HARD,0
9998,14,2,19,30,MEDIUM,0
9998,14,3,31,56,HARD,0
9998,15,1,1,11,MEDIUM,0
9998,15,2,12,56,HARD,0
9998,16,1,1,13,MEDIUM,0
9998,16,2,14,37,HARD,0
9998,16,3,38,56,HARD,0
9998,17,1,1,17,MEDIUM,0
9998,17,2,18,56,HARD,0
9998,18,1,1,14,MEDIUM,0
9998,18,2,15,56,HARD,0
9998,19,1,1,14,MEDIUM,0
9998,19,2,15,56,HARD,0
9998,20,1,1,26,HARD,0
9998,20,2,27,56,MEDIUM,0
9999,1,1,1,6,SOFT,0
9999,1,2,6,9,SOFT,5
9999,1,3,9,12,SOFT,0
9999,1,4,12,23,SOFT,3
9999,2,1,1,8,MEDIUM,0
9999,2,2,8,10,MEDIUM,7
9999,2,3,10,15,SOFT,0
9999,2,4,15,24,MEDIUM,9
9999,3,1,1,8,HARD,0
9999,3,2,8,11,SOFT,0
9999,3,3,11,14,SOFT,3
9999,3,4,14,26,HARD,0
9999,4,1,1,9,HARD,0
9999,4,2,9,14,HARD,0
9999,4,3,14,17,SOFT,0
9999,4,4,17,20,SOFT,3
9999,4,5,20,21,HARD,13
9999,4,6,21,28,SOFT,6
9999,6,1,1,10,MEDIUM,0
9999,6,2,10,16,SOFT,0
9999,6,3,16,23,MEDIUM,9
9999,7,1,1,10,MEDIUM,0
9999,7,2,10,13,SOFT,0
9999,7,3,13,16,SOFT,3
9999,7,4,16,28,MEDIUM,9
9999,8,1,1,8,HARD,0
9999,8,2,8,13,HARD,7
9999,8,3,13,16,SOFT,0
9999,8,4,16,19,SOFT,3
9999,8,5,19,25,SOFT,6
9999,9,1,1,10,MEDIUM,0
9999,9,2,10,16,SOFT,0
9999,9,3,16,27,MEDIUM,9
9999,10,1,1,8,HARD,0
9999,10,2,8,13,HARD,7
9999,10,3,13,16,SOFT,0
9999,10,4,16,19,SOFT,3
9999,10,5,19,25,SOFT,6
9999,11,1,1,10,SOFT,0
9999,11,2,10,16,SOFT,0
9999,11,3,16,25,SOFT,6
9999,12,1,1,6,MEDIUM,0
9999,12,2,6,11,HARD,0
9999,12,3,11,14,SOFT,0
9999,12,4,14,19,SOFT,3
9999,12,5,19,25,MEDIUM,10
9999,13,1,1,1,MEDIUM,0
9999,13,2,2,9,MEDIUM,0
9999,13,3,9,12,SOFT,0
9999,13,4,12,14,SOFT,3
9999,13,5,14,21,MEDIUM,8
9999,14,1,1,6,HARD,0
9999,14,2,6,14,HARD,5
9999,14,3,14,17,SOFT,0
9999,14,4,17,19,SOFT,0
9999,14,5,19,20,HARD,13
9999,14,6,20,28,SOFT,0
9999,15,1,1,10,MEDIUM,0
9999,15,2,10,13,MEDIUM,9
9999,15,3,13,16,MEDIUM,12
9999,15,4,16,21,SOFT,0
9999,16,1,1,10,MEDIUM,0
9999,16,2,10,16,SOFT,0
9999,16,3,16,25,MEDIUM,9
9999,17,1,1,8,MEDIUM,0
9999,17,2,8,9,MEDIUM,7
9999,17,3,9,12,MEDIUM,8
9999,17,4,12,15,SOFT,0
9999,17,5,15,18,SOFT,3
9999,17,6,18,21,SOFT,6
9999,17,7,21,28,SOFT,9
9999,18,1,1,3,MEDIUM,0
9999,18,2,3,10,MEDIUM,0
9999,18,3,10,15,SOFT,0
9999,18,4,16,29,MEDIUM,0
9999,19,1,1,8,MEDIUM,0
9999,19,2,8,11,SOFT,0
9999,19,3,11,14,SOFT,3
9999,19,4,14,25,MEDIUM,7
9999,20,1,1,2,MEDIUM,0
9999,20,2,2,11,MEDIUM,1
9999,20,3,11,14,SOFT,0
9999,20,4,14,17,SOFT,3
9999,25,1,1,11,MEDIUM,0
9999,25,2,11,14,SOFT,0
9999,25,3,14,17,SOFT,0
9999,25,4,17,24,MEDIUM,0
10000,1,1,1,3,MEDIUM,0
10000,1,2,3,4,SOFT,0
10000,1,3,4,7,SOFT,1
10000,1,4,7,9,MEDIUM,0
10000,2,1,1,3,MEDIUM,0
10000,2,2,3,5,MEDIUM,0
10000,2,3,5,6,SOFT,0
10000,2,4,6,9,SOFT,1
10000,2,5,9,12,SOFT,4
10000,3,1,1,5,MEDIUM,0
10000,3,2,5,7,SOFT,0
10000,3,3,7,10,SOFT,2
10000,3,4,10,13,MEDIUM,4
10000,4,1,1,5,MEDIUM,0
10000,4,2,5,6,MEDIUM,0
10000,4,3,6,9,SOFT,0
10000,4,4,9,12,MEDIUM,4
10000,5,1,1,4,HARD,0
10000,6,1,1,5,HARD,0
10000,6,2,5,7,SOFT,0
10000,6,3,7,10,SOFT,2
10000,6,4,10,13,SOFT,5
10000,7,1,1,4,HARD,0
10000,7,2,4,7,HARD,3
10000,7,3,7,10,SOFT,0
10000,7,4,10,13,HARD,0
10000,8,1,1,4,MEDIUM,0
10000,8,2,4,5,SOFT,0
10000,9,1,1,5,HARD,0
10000,9,2,5,8,HARD,4
10000,9,3,8,11,SOFT,0
10000,9,4,11,14,SOFT,3
10000,10,1,1,4,MEDIUM,0
10000,10,2,4,6,SOFT,0
10000,10,3,6,9,SOFT,2
10000,10,4,9,12,SOFT,5
10000,11,1,1,5,MEDIUM,0
10000,11,2,5,7,SOFT,0
10000,11,3,7,9,MEDIUM,4
10000,11,4,9,12,MEDIUM,6
10000,12,1,1,5,HARD,0
10000,12,2,5,7,SOFT,0
10000,12,3,7,8,SOFT,0
10000,12,4,8,11,SOFT,3
10000,13,1,1,5,HARD,0
10000,13,2,5,6,SOFT,0
10000,13,3,6,9,SOFT,1
10000,13,4,9,12,HARD,4
10000,14,1,1,5,MEDIUM,0
10000,14,2,5,7,MEDIUM,3
10000,14,3,7,10,SOFT,0
10000,14,4,10,13,MEDIUM,5
10000,15,1,1,5,MEDIUM,0
10000,15,2,5,7,SOFT,0
10000,15,3,7,10,SOFT,2
10000,15,4,10,13,MEDIUM,4
10000,16,1,1,5,HARD,0
10000,16,2,5,7,HARD,4
10000,16,3,7,10,SOFT,0
10000,16,4,10,14,HARD,6
10000,17,1,1,2,HARD,0
10000,17,2,2,4,SOFT,0
10000,17,3,4,7,SOFT,2
10000,17,4,7,9,SOFT,5
10000,18,1,1,4,HARD,0
10000,18,2,4,6,HARD,3
10000,18,3,6,9,SOFT,0
10000,18,4,9,13,HARD,5
10000,19,1,1,4,HARD,0
10000,19,2,4,7,HARD,0
10000,19,3,7,10,SOFT,0
10000,19,4,10,13,SOFT,6
10000,20,1,1,4,MEDIUM,0
10000,20,2,4,5,SOFT,0
10000,20,3,5,7,SOFT,1
10000,20,4,7,10,MEDIUM,3
10001,1,1,1,5,HARD,0
10001,1,2,5,16,HARD,4
10001,1,3,16,19,SOFT,0
10001,1,4,19,21,SOFT,3
10001,2,1,1,2,HARD,0
10001,2,2,2,12,SOFT,0
10001,2,3,12,17,SOFT,0
10001,3,1,1,4,MEDIUM,0
10001,3,2,4,6,MEDIUM,0
10001,3,3,6,12,MEDIUM,5
10001,3,4,12,13,SOFT,0
10001,4,1,1,3,MEDIUM,0
10001,4,2,3,9,MEDIUM,2
10001,4,3,9,14,HARD,0
10001,4,4,14,16,SOFT,0
10001,5,1,1,5,SOFT,0
10001,5,2,5,11,SOFT,4
10001,5,3,11,15,SOFT,0
10001,6,1,1,6,MEDIUM,0
10001,6,2,6,11,MEDIUM,5
10001,6,3,11,14,SOFT,0
10001,6,4,14,15,SOFT,0
10001,7,1,1,4,MEDIUM,0
10001,7,2,4,7,MEDIUM,3
10001,7,3,7,16,MEDIUM,6
10001,7,4,16,20,SOFT,0
10001,8,1,1,1,MEDIUM,0
10001,8,2,2,3,HARD,0
10001,8,3,3,9,MEDIUM,0
10001,8,4,9,17,MEDIUM,6
10001,8,5,17,17,SOFT,0
10001,9,1,1,4,SOFT,0
10001,9,2,4,7,SOFT,3
10001,9,3,7,10,SOFT,0
10001,9,4,10,13,SOFT,0
10001,10,1,1,2,MEDIUM,0
10001,10,2,2,3,HARD,0
10001,10,3,3,8,MEDIUM,0
10001,10,4,8,16,MEDIUM,5
10001,10,5,16,16,SOFT,0
10001,11,1,1,4,HARD,0
10001,11,2,4,7,HARD,3
10001,11,3,7,10,HARD,0
10001,11,4,10,13,HARD,0
10001,11,5,13,15,SOFT,0
10001,12,1,1,2,MEDIUM,0
10001,12,2,2,6,MEDIUM,0
10001,12,3,6,16,MEDIUM,0
10001,12,4,16,19,SOFT,0
10001,13,1,1,3,MEDIUM,0
10001,13,2,4,7,MEDIUM,0
10001,13,3,7,16,MEDIUM,6
10001,13,4,16,17,SOFT,0
10001,14,1,1,4,MEDIUM,0
10001,14,2,4,7,MEDIUM,3
10001,14,3,7,17,MEDIUM,0
10001,14,4,17,19,SOFT,0
10001,15,1,1,2,HARD,0
10001,15,2,2,7,HARD,0
10001,15,3,7,16,HARD,0
10001,15,4,16,17,SOFT,0
10001,16,1,1,2,SOFT,0
10001,16,2,2,5,SOFT,0
10001,16,3,5,8,SOFT,0
10001,16,4,8,11,SOFT,7
10001,16,5,11,13,SOFT,0
10001,17,1,1,4,HARD,0
10001,17,2,4,11,HARD,4
10001,17,3,11,19,HARD,11
10001,17,4,19,22,SOFT,0
10001,17,5,22,22,SOFT,0
10001,18,1,1,2,MEDIUM,0
10001,18,2,2,5,SOFT,0
10001,18,3,5,8,SOFT,3
10001,18,4,8,11,SOFT,6
10001,18,5,11,15,SOFT,0
10001,19,1,1,2,MEDIUM,0
10001,19,2,2,12,SOFT,0
10001,19,3,12,15,SOFT,0
10001,19,4,15,17,SOFT,3
10001,20,1,1,2,HARD,0
10001,20,2,2,7,HARD,0
10001,20,3,7,16,HARD,5
10001,20,4,16,17,SOFT,0
10002,1,1,1,4,SOFT,0
10002,1,2,4,7,SOFT,3
10002,1,3,7,10,SOFT,0
10002,1,4,10,12,SOFT,3
10002,1,5,12,15,SOFT,0
10002,1,6,15,17,SOFT,0
10002,2,1,1,7,SOFT,0
10002,2,2,7,10,SOFT,0
10002,2,3,10,13,SOFT,0
10002,2,4,13,15,SOFT,0
10002,3,1,1,4,SOFT,0
10002,3,2,4,7,SOFT,0
10002,3,3,7,9,SOFT,0
10002,4,1,1,4,SOFT,0
10002,4,2,4,7,SOFT,0
10002,4,3,7,10,SOFT,0
10002,4,4,10,13,SOFT,0
10002,4,5,13,16,SOFT,3
10002,4,6,16,18,SOFT,0
10002,5,1,1,4,SOFT,0
10002,5,2,4,7,SOFT,0
10002,5,3,7,9,SOFT,0
10002,6,1,1,4,SOFT,0
10002,6,2,4,7,SOFT,0
10002,6,3,7,10,SOFT,0
10002,6,4,10,12,SOFT,0
10002,7,1,1,4,SOFT,0
10002,7,2,4,7,SOFT,0
10002,7,3,7,10,SOFT,0
10002,7,4,10,13,SOFT,0
10002,7,5,13,16,SOFT,3
10002,7,6,16,18,SOFT,0
10002,8,1,1,4,SOFT,0
10002,8,2,4,7,SOFT,0
10002,8,3,7,10,SOFT,0
10002,8,4,10,12,SOFT,0
10002,9,1,1,4,SOFT,0
10002,9,2,4,7,SOFT,3
10002,9,3,7,10,SOFT,6
10002,9,4,10,13,SOFT,0
10002,9,5,13,16,SOFT,3
10002,9,6,16,19,SOFT,0
10002,9,7,19,21,SOFT,0
10002,10,1,1,4,SOFT,0
10002,10,2,4,5,SOFT,0
10002,11,1,1,4,SOFT,0
10002,11,2,4,7,SOFT,0
10002,11,3,7,10,SOFT,0
10002,11,4,10,12,SOFT,0
10002,12,1,1,4,SOFT,0
10002,12,2,4,7,SOFT,0
10002,12,3,7,10,SOFT,0
10002,12,4,10,12,SOFT,0
10002,12,5,12,15,SOFT,0
10002,12,6,15,18,SOFT,3
10002,12,7,18,20,SOFT,0
10002,13,1,1,4,SOFT,0
10002,13,2,4,7,SOFT,0
10002,13,3,7,9,SOFT,0
10002,14,1,1,4,SOFT,0
10002,14,2,4,7,SOFT,0
10002,14,3,7,10,SOFT,0
10002,14,4,10,12,SOFT,0
10002,15,1,1,4,SOFT,0
10002,15,2,4,7,SOFT,0
10002,15,3,7,9,SOFT,0
10002,16,1,1,4,MEDIUM,0
10002,16,2,4,10,SOFT,0
10002,16,3,10,13,SOFT,6
10002,16,4,13,16,SOFT,0
10002,16,5,16,18,SOFT,3
10002,16,6,18,21,SOFT,0
10002,16,7,21,23,SOFT,0
10002,17,1,1,7,SOFT,0
10002,17,2,7,10,SOFT,0
10002,17,3,10,13,SOFT,0
10002,17,4,13,15,SOFT,0
10002,18,1,1,4,SOFT,0
10002,18,2,4,7,SOFT,0
10002,18,3,7,10,SOFT,0
10002,18,4,10,12,SOFT,3
10002,18,5,12,15,SOFT,0
10002,18,6,15,17,SOFT,0
10002,19,1,1,4,SOFT,0
10002,19,2,4,7,SOFT,3
10002,19,3,7,10,SOFT,0
10002,19,4,10,13,SOFT,3
10002,19,5,13,16,SOFT,0
10002,19,6,16,18,SOFT,0
10002,20,1,1,4,SOFT,0
10002,20,2,4,7,SOFT,0
10002,20,3,7,10,SOFT,0
10002,20,4,10,13,SOFT,3
10002,20,5,13,16,SOFT,0
10002,20,6,16,19,SOFT,3
10002,20,7,19,21,SOFT,0
10006,1,1,1,21,MEDIUM,0
10006,1,2,22,53,HARD,0
10006,2,1,1,21,MEDIUM,0
10006,2,2,22,53,HARD,0
10006,3,1,1,31,HARD,0
10006,3,2,32,53,MEDIUM,0
10006,4,1,1,25,MEDIUM,0
10006,4,2,26,53,HARD,0
10006,5,1,1,15,SOFT,0
10006,5,2,16,53,HARD,0
10006,6,1,1,24,MEDIUM,0
10006,6,2,25,53,HARD,0
10006,7,1,1,31,MEDIUM,0
10006,7,2,32,53,HARD,0
10006,8,1,1,24,MEDIUM,1
10006,8,2,25,53,HARD,1
10006,9,1,1,21,MEDIUM,0
10006,9,2,22,53,HARD,0
10006,10,1,1,9,SOFT,0
10006,10,2,10,30,HARD,1
10006,10,3,31,52,MEDIUM,0
10006,11,1,1,23,MEDIUM,0
10006,11,2,24,53,HARD,0
10006,12,1,1,24,MEDIUM,0
10006,12,2,25,53,HARD,0
10006,13,1,1,22,MEDIUM,0
10006,13,2,23,53,HARD,0
10006,14,1,1,33,MEDIUM,0
10006,14,2,34,53,SOFT,0
10006,15,1,1,32,HARD,1
10006,15,2,33,53,MEDIUM,0
10006,16,1,1,30,HARD,0
10006,16,2,31,53,MEDIUM,0
10006,17,1,1,33,MEDIUM,0
10006,17,2,34,53,SOFT,0
10006,18,1,1,19,MEDIUM,0
10006,18,2,20,53,HARD,0
10006,19,1,1,20,MEDIUM,0
10006,19,2,21,53,HARD,0
10006,20,1,1,23,MEDIUM,0
10006,20,2,24,53,HARD,1
10007,2,1,1,6,MEDIUM,0
10007,2,2,6,11,MEDIUM,5
10007,2,3,11,23,SOFT,0
10007,3,1,1,9,HARD,0
10007,3,2,9,12,SOFT,0
10007,3,3,12,15,SOFT,3
10007,3,4,15,23,SOFT,6
10007,4,1,1,4,HARD,0
10007,4,2,4,7,HARD,3
10007,4,3,7,10,HARD,6
10007,4,4,10,13,SOFT,0
10007,4,5,13,16,SOFT,3
10007,4,6,16,17,HARD,9
10007,4,7,17,22,HARD,10
10007,5,1,1,6,HARD,0
10007,5,2,6,9,HARD,5
10007,5,3,9,11,HARD,8
10007,5,4,11,14,SOFT,0
10007,5,5,14,17,SOFT,3
10007,5,6,17,23,HARD,10
10007,6,1,1,8,MEDIUM,0
10007,6,2,8,11,MEDIUM,7
10007,6,3,11,14,SOFT,0
10007,6,4,14,17,SOFT,3
10007,6,5,17,23,SOFT,6
10007,7,1,1,3,HARD,0
10007,10,1,1,8,HARD,0
10007,10,2,8,13,HARD,7
10007,10,3,13,19,SOFT,0
10007,10,4,19,23,SOFT,6
10007,11,1,1,9,MEDIUM,0
10007,11,2,9,11,MEDIUM,0
10007,11,3,11,16,SOFT,0
10007,11,4,16,23,MEDIUM,10
10007,12,1,1,6,MEDIUM,0
10007,12,2,6,12,MEDIUM,5
10007,12,3,12,13,MEDIUM,11
10007,12,4,13,16,SOFT,0
10007,12,5,16,19,SOFT,3
10007,12,6,19,24,MEDIUM,12
10007,13,1,1,11,HARD,0
10007,13,2,11,14,SOFT,0
10007,13,3,14,16,SOFT,0
10007,13,4,16,24,HARD,10
10007,14,1,1,4,HARD,0
10007,14,2,4,7,HARD,3
10007,14,3,7,13,HARD,6
10007,14,4,13,16,SOFT,0
10007,14,5,16,19,SOFT,0
10007,14,6,19,23,SOFT,0
10007,15,1,1,9,MEDIUM,0
10007,15,2,9,12,SOFT,0
10007,15,3,12,14,SOFT,3
10007,15,4,14,19,MEDIUM,8
10007,16,1,1,9,HARD,0
10007,16,2,9,17,HARD,8
10007,16,3,17,23,SOFT,0
10007,19,1,1,6,MEDIUM,0
10007,19,2,6,9,MEDIUM,5
10007,19,3,9,12,SOFT,0
10007,19,4,12,22,MEDIUM,8
10007,19,5,22,25,SOFT,0
10007,21,1,1,6,HARD,0
10007,21,2,6,14,HARD,5
10007,21,3,14,17,SOFT,0
10007,21,4,17,19,SOFT,0
10007,22,1,1,5,MEDIUM,0
10007,22,2,5,11,MEDIUM,4
10007,22,3,11,14,MEDIUM,10
10007,22,4,14,17,MEDIUM,0
10007,22,5,17,20,MEDIUM,3
10007,23,1,1,9,HARD,0
10007,23,2,9,13,HARD,8
10007,23,3,13,20,SOFT,0
10007,24,1,1,3,MEDIUM,0
10007,24,2,3,6,MEDIUM,2
10007,24,3,6,7,MEDIUM,5
10007,24,4,7,8,MEDIUM,6
10007,24,5,8,10,MEDIUM,7
10007,24,6,10,12,MEDIUM,0
10007,24,7,12,13,MEDIUM,11
10007,24,8,13,14,MEDIUM,12
10007,24,9,14,20,SOFT,0
10007,25,1,1,9,MEDIUM,0
10007,25,2,9,12,SOFT,0
10007,25,3,12,15,SOFT,0
10007,25,4,15,20,MEDIUM,8
10007,26,1,1,10,HARD,0
10007,26,2,10,16,MEDIUM,0
10007,26,3,16,26,MEDIUM,6
10008,1,1,1,7,SOFT,0
10008,1,2,7,10,SOFT,0
10008,1,3,10,27,SOFT,3
10008,2,1,1,8,HARD,0
10008,2,2,8,11,SOFT,0
10008,2,3,11,26,SOFT,3
10008,2,4,26,28,HARD,7
10008,3,1,1,7,MEDIUM,0
10008,3,2,7,10,SOFT,0
10008,3,3,10,11,SOFT,0
10008,3,4,11,22,MEDIUM,6
10008,3,5,22,25,SOFT,4
10008,4,1,1,4,MEDIUM,0
10008,4,2,4,7,MEDIUM,3
10008,4,3,7,9,MEDIUM,0
10008,4,4,10,22,MEDIUM,6
10008,4,5,22,24,SOFT,0
10008,5,1,1,6,MEDIUM,0
10008,5,2,6,9,MEDIUM,5
10008,5,3,9,12,SOFT,0
10008,5,4,12,15,SOFT,3
10008,5,5,15,27,MEDIUM,8
10008,6,1,1,6,HARD,0
10008,6,2,6,9,HARD,5
10008,6,3,9,12,SOFT,0
10008,6,4,12,15,SOFT,3
10008,6,5,15,17,SOFT,6
10008,6,6,17,27,HARD,8
10008,7,1,1,4,SOFT,0
10008,7,2,4,8,SOFT,0
10008,7,3,8,11,SOFT,0
10008,7,4,11,25,SOFT,3
10008,7,5,25,27,SOFT,7
10008,8,1,1,3,MEDIUM,0
10008,8,2,3,7,MEDIUM,2
10008,8,3,7,10,SOFT,0
10008,8,4,10,19,SOFT,3
10008,9,1,1,7,MEDIUM,0
10008,9,2,7,10,SOFT,0
10008,9,3,10,13,SOFT,3
10008,9,4,13,16,SOFT,0
10008,9,5,16,27,MEDIUM,6
10008,10,1,1,8,MEDIUM,0
10008,10,2,8,14,SOFT,0
10008,10,3,14,27,SOFT,7
10008,11,1,1,4,MEDIUM,0
10008,11,2,4,8,MEDIUM,3
10008,11,3,8,12,SOFT,0
10008,11,4,12,25,MEDIUM,7
10008,12,1,1,9,MEDIUM,0
10008,12,2,9,12,SOFT,0
10008,12,3,12,18,MEDIUM,8
10008,12,4,18,29,SOFT,3
10008,13,1,1,6,MEDIUM,0
10008,13,2,6,8,MEDIUM,5
10008,13,3,8,11,SOFT,0
10008,13,4,11,14,SOFT,3
10008,13,5,14,24,SOFT,6
10008,14,1,1,4,MEDIUM,0
10008,14,2,4,7,MEDIUM,3
10008,14,3,7,9,SOFT,0
10008,14,4,10,12,SOFT,0
10008,14,5,13,27,MEDIUM,0
10008,15,1,1,10,MEDIUM,0
10008,15,2,10,16,SOFT,0
10008,15,3,16,27,MEDIUM,9
10008,16,1,1,4,MEDIUM,0
10008,16,2,4,9,SOFT,0
10008,16,3,9,12,SOFT,0
10008,16,4,12,19,SOFT,5
10008,16,5,19,23,SOFT,0
10008,17,1,1,7,MEDIUM,0
10008,17,2,7,10,MEDIUM,6
10008,17,3,10,15,SOFT,0
10008,17,4,15,18,SOFT,5
10008,17,5,18,28,MEDIUM,9
10008,18,1,1,4,SOFT,0
10008,18,2,4,7,SOFT,3
10008,18,3,7,10,SOFT,0
10008,18,4,10,23,SOFT,3
10008,18,5,23,25,SOFT,6
10008,19,1,1,9,HARD,0
10008,19,2,9,12,SOFT,0
10008,19,3,12,22,HARD,8
10008,19,4,22,29,SOFT,3
10008,20,1,1,7,MEDIUM,0
10008,20,2,7,10,MEDIUM,6
10008,20,3,10,13,SOFT,0
10008,20,4,13,27,SOFT,3
10009,1,1,1,3,SOFT,0
10009,1,2,3,7,SOFT,2
10009,1,3,7,10,SOFT,0
10009,1,4,10,13,SOFT,3
10009,2,1,1,4,SOFT,0
10009,2,2,4,11,SOFT,3
10009,2,3,11,13,SOFT,0
10009,2,4,13,16,SOFT,0
10009,2,5,16,18,SOFT,5
10009,3,1,1,4,SOFT,0
10009,3,2,4,7,SOFT,3
10009,3,3,7,10,SOFT,0
10009,3,4,10,12,SOFT,3
10009,3,5,12,13,SOFT,6
10009,3,6,13,14,SOFT,0
10009,3,7,14,16,SOFT,0
10009,4,1,1,4,MEDIUM,0
10009,4,2,4,7,MEDIUM,3
10009,4,3,7,8,MEDIUM,0
10009,4,4,8,11,SOFT,0
10009,4,5,11,12,SOFT,3
10009,4,6,12,15,SOFT,0
10009,5,1,1,4,MEDIUM,0
10009,5,2,4,7,MEDIUM,3
10009,5,3,7,10,MEDIUM,6
10009,5,4,10,13,SOFT,0
10009,5,5,13,16,SOFT,3
10009,5,6,16,18,SOFT,6
10009,6,1,1,4,MEDIUM,0
10009,6,2,4,7,MEDIUM,0
10009,6,3,7,10,MEDIUM,6
10009,6,4,10,13,SOFT,0
10009,6,5,13,18,SOFT,3
10009,7,1,1,4,MEDIUM,0
10009,7,2,4,7,MEDIUM,3
10009,7,3,7,10,SOFT,0
10009,7,4,10,12,SOFT,3
10009,8,1,1,10,SOFT,0
10009,8,2,10,13,SOFT,0
10009,8,3,13,16,SOFT,3
10009,8,4,16,18,SOFT,6
10009,9,1,1,4,SOFT,3
10009,9,2,4,7,SOFT,6
10009,9,3,7,13,SOFT,9
10009,9,4,13,16,SOFT,0
10009,9,5,16,19,SOFT,3
10009,10,1,1,4,SOFT,0
10009,10,2,4,10,SOFT,0
10009,10,3,10,12,SOFT,0
10009,10,4,12,16,SOFT,2
10009,11,1,1,4,HARD,0
10009,11,2,4,7,HARD,3
10009,11,3,7,8,HARD,6
10009,11,4,8,11,SOFT,0
10009,11,5,11,15,HARD,7
10009,12,1,1,4,HARD,0
10009,12,2,4,6,HARD,0
10009,12,3,6,9,HARD,5
10009,12,4,9,12,SOFT,0
10009,12,5,12,16,SOFT,3
10009,13,1,1,4,SOFT,0
10009,13,2,4,7,SOFT,3
10009,13,3,7,7,SOFT,6
10009,14,1,1,4,MEDIUM,0
10009,14,2,4,7,MEDIUM,3
10009,14,3,7,8,MEDIUM,6
10009,14,4,8,11,SOFT,0
10009,14,5,11,14,SOFT,0
10009,15,1,1,4,HARD,0
10009,15,2,4,7,HARD,3
10009,15,3,7,12,HARD,6
10009,15,4,12,15,SOFT,0
10009,15,5,15,17,HARD,11
10009,16,1,1,3,SOFT,3
10009,16,2,3,6,SOFT,5
10009,16,3,6,13,SOFT,0
10009,16,4,13,16,SOFT,0
10009,16,5,16,18,SOFT,3
10009,17,1,1,4,HARD,0
10009,17,2,4,6,HARD,3
10009,17,3,6,9,HARD,5
10009,17,4,9,12,SOFT,0
10009,17,5,12,15,SOFT,3
10009,18,1,1,6,MEDIUM,0
10009,18,2,6,8,MEDIUM,5
10009,18,3,8,11,SOFT,0
10009,18,4,11,13,SOFT,0
10009,19,1,1,4,SOFT,0
10009,19,2,4,8,SOFT,3
10009,19,3,8,11,SOFT,0
10009,19,4,11,13,SOFT,3
10009,20,1,1,4,HARD,0
10009,20,2,4,7,HARD,3
10009,20,3,7,13,HARD,6
10009,20,4,13,16,SOFT,0
10009,20,5,16,18,HARD,12
10010,1,1,1,3,SOFT,0
10010,1,2,3,6,SOFT,0
10010,1,3,6,7,SOFT,3
10010,1,4,7,9,SOFT,4
10010,1,5,9,12,SOFT,0
10010,1,6,12,15,SOFT,2
10010,1,7,15,17,SOFT,0
10010,2,1,1,4,SOFT,0
10010,2,2,4,6,SOFT,0
10010,2,3,6,7,SOFT,0
10010,2,4,7,10,SOFT,0
10010,2,5,10,13,SOFT,3
10010,2,6,13,16,SOFT,1
10010,2,7,16,18,SOFT,0
10010,3,1,1,4,SOFT,0
10010,3,2,4,6,SOFT,0
10010,4,1,1,4,SOFT,0
10010,4,2,4,7,SOFT,0
10010,4,3,7,8,SOFT,0
10010,4,4,8,10,SOFT,0
10010,4,5,10,12,SOFT,0
10010,5,1,1,4,SOFT,0
10010,5,2,4,7,SOFT,0
10010,5,3,7,8,SOFT,0
10010,5,4,8,11,SOFT,1
10010,5,5,11,13,SOFT,0
10010,6,1,1,4,SOFT,0
10010,6,2,4,7,SOFT,0
10010,6,3,7,8,SOFT,0
10010,6,4,8,11,SOFT,1
10010,6,5,11,14,SOFT,0
10010,6,6,14,17,SOFT,3
10010,6,7,17,19,SOFT,0
10010,7,1,1,4,SOFT,0
10010,7,2,4,7,SOFT,0
10010,7,3,7,9,SOFT,3
10010,7,4,9,12,SOFT,0
10010,7,5,12,15,SOFT,0
10010,7,6,15,18,SOFT,0
10010,7,7,18,20,SOFT,0
10010,8,1,1,4,SOFT,0
10010,8,2,4,7,SOFT,0
10010,8,3,7,10,SOFT,0
10010,8,4,10,11,SOFT,3
10010,8,5,11,13,SOFT,3
10010,8,6,13,15,SOFT,3
10010,9,1,1,4,SOFT,0
10010,9,2,4,5,SOFT,3
10010,9,3,5,8,SOFT,0
10010,9,4,8,11,SOFT,0
10010,9,5,11,14,SOFT,3
10010,9,6,14,16,SOFT,0
10010,10,1,1,4,SOFT,0
10010,10,2,4,7,SOFT,0
10010,10,3,7,9,SOFT,0
10010,11,1,1,4,SOFT,0
10010,11,2,4,7,SOFT,0
10010,11,3,7,9,SOFT,0
10010,11,4,9,12,SOFT,0
10010,11,5,12,15,SOFT,0
10010,11,6,15,17,SOFT,0
10010,12,1,1,4,SOFT,0
10010,12,2,4,6,SOFT,0
10010,13,1,1,4,SOFT,0
10010,13,2,4,7,SOFT,0
10010,13,3,7,10,SOFT,0
10010,13,4,10,12,SOFT,3
10010,13,5,12,15,SOFT,3
10010,13,6,15,17,SOFT,3
10010,14,1,1,4,SOFT,0
10010,14,2,4,6,SOFT,0
10010,15,1,1,4,SOFT,0
10010,15,2,4,7,SOFT,0
10010,15,3,7,8,SOFT,0
10010,16,1,1,4,SOFT,0
10010,16,2,4,7,SOFT,0
10010,16,3,7,8,SOFT,3
10010,16,4,8,10,SOFT,4
10010,16,5,10,13,SOFT,0
10010,16,6,13,16,SOFT,3
10010,16,7,16,18,SOFT,0
10010,17,1,1,4,SOFT,0
10010,17,2,4,7,SOFT,0
10010,17,3,7,8,SOFT,0
10010,17,4,8,11,SOFT,1
10010,17,5,11,14,SOFT,0
10010,17,6,14,17,SOFT,3
10010,17,7,17,19,SOFT,0
10010,18,1,1,4,SOFT,0
10010,18,2,4,7,SOFT,0
10010,18,3,7,9,SOFT,3
10010,18,4,9,12,SOFT,0
10010,18,5,12,15,SOFT,0
10010,18,6,15,18,SOFT,0
10010,18,7,18,20,SOFT,0
10010,19,1,1,4,SOFT,0
10010,19,2,4,6,SOFT,3
10010,19,3,6,7,SOFT,0
10010,19,4,7,10,SOFT,0
10010,19,5,10,13,SOFT,1
10010,19,6,13,15,SOFT,0
10010,20,1,1,4,SOFT,0
10010,20,2,4,6,SOFT,0
10014,1,1,1,10,SOFT,3
10014,1,2,11,26,HARD,0
10014,1,3,27,57,MEDIUM,0
10014,2,1,1,10,SOFT,3
10014,2,2,11,32,MEDIUM,0
10014,2,3,33,57,MEDIUM,0
10014,3,1,1,13,MEDIUM,0
10014,3,2,14,32,HARD,0
10014,3,3,33,57,MEDIUM,0
10014,4,1,1,6,SOFT,0
10014,4,2,7,28,MEDIUM,0
10014,4,3,29,57,HARD,0
10014,5,1,1,9,SOFT,0
10014,5,2,10,28,MEDIUM,0
10014,5,3,29,57,HARD,0
10014,6,1,1,10,SOFT,3
10014,6,2,11,28,MEDIUM,0
10014,6,3,29,57,HARD,0
10014,7,1,1,12,SOFT,3
10014,7,2,13,27,MEDIUM,0
10014,7,3,28,32,SOFT,3
10014,7,4,33,57,SOFT,3
10014,8,1,1,16,MEDIUM,0
10014,8,2,17,32,MEDIUM,0
10014,8,3,33,57,HARD,0
10014,9,1,1,17,MEDIUM,0
10014,9,2,18,32,MEDIUM,0
10014,9,3,33,57,HARD,0
10014,10,1,1,12,SOFT,0
10014,10,2,13,32,MEDIUM,0
10014,10,3,33,57,HARD,0
10014,11,1,1,11,SOFT,3
10014,11,2,12,32,MEDIUM,0
10014,11,3,33,57,SOFT,0
10014,12,1,1,16,SOFT,0
10014,12,2,17,32,HARD,0
10014,12,3,33,57,MEDIUM,0
10014,13,1,1,5,SOFT,0
10014,13,2,6,27,MEDIUM,0
10014,13,3,28,57,MEDIUM,0
10014,14,1,1,14,MEDIUM,0
10014,14,2,15,32,HARD,0
10014,14,3,33,57,SOFT,0
10014,15,1,1,8,SOFT,0
10014,15,2,9,27,MEDIUM,0
10014,15,3,28,57,HARD,0
10014,16,1,1,17,MEDIUM,0
10014,16,2,18,32,MEDIUM,0
10014,16,3,33,57,HARD,0
10014,17,1,1,14,SOFT,3
10014,17,2,15,32,MEDIUM,0
10014,17,3,33,44,HARD,0
10014,17,4,45,45,SOFT,3
10014,18,1,1,13,SOFT,3
10014,18,2,14,32,MEDIUM,0
10014,18,3,33,57,SOFT,3
10014,19,1,1,14,SOFT,3
10014,19,2,15,32,MEDIUM,0
10014,19,3,33,57,MEDIUM,0
10014,20,1,1,14,SOFT,0
10014,20,2,15,32,HARD,0
10014,20,3,33,57,SOFT,0
10015,1,1,1,9,MEDIUM,0
10015,1,2,9,14,SOFT,0
10015,1,3,14,19,MEDIUM,0
10015,1,4,19,26,MEDIUM,13
10015,2,1,1,8,MEDIUM,0
10015,2,2,8,11,SOFT,0
10015,2,3,11,14,SOFT,0
10015,2,4,14,23,MEDIUM,7
10015,2,5,23,25,SOFT,0
10015,3,1,1,9,MEDIUM,0
10015,3,2,9,12,SOFT,0
10015,3,3,12,15,SOFT,0
10015,3,4,15,23,MEDIUM,8
10015,4,1,1,6,MEDIUM,0
10015,4,2,6,9,MEDIUM,5
10015,4,3,9,15,SOFT,0
10015,5,1,1,7,MEDIUM,0
10015,5,2,7,10,MEDIUM,6
10015,5,3,10,13,MEDIUM,9
10015,5,4,13,16,SOFT,0
10015,5,5,16,19,SOFT,3
10015,5,6,19,25,MEDIUM,12
10015,6,1,1,6,MEDIUM,0
10015,6,2,6,12,MEDIUM,5
10015,6,3,12,15,SOFT,0
10015,6,4,15,17,SOFT,3
10015,6,5,17,25,MEDIUM,11
10015,7,1,1,7,MEDIUM,0
10015,7,2,7,10,MEDIUM,6
10015,7,3,10,13,SOFT,0
10015,7,4,13,16,SOFT,2
10015,7,5,16,24,MEDIUM,9
10015,8,1,1,11,MEDIUM,0
10015,8,2,11,14,SOFT,0
10015,8,3,14,17,SOFT,0
10015,8,4,17,24,MEDIUM,10
10015,9,1,1,11,MEDIUM,0
10015,9,2,11,14,SOFT,0
10015,9,3,14,17,SOFT,0
10015,9,4,17,28,MEDIUM,0
10015,10,1,1,10,MEDIUM,0
10015,10,2,10,18,SOFT,0
10015,10,3,18,23,SOFT,8
10015,11,1,1,8,MEDIUM,0
10015,11,2,8,11,MEDIUM,7
10015,11,3,11,14,SOFT,0
10015,11,4,14,17,SOFT,0
10015,11,5,17,26,MEDIUM,10
10015,12,1,1,2,MEDIUM,0
10015,12,2,2,10,MEDIUM,1
10015,12,3,10,16,SOFT,0
10015,12,4,16,23,MEDIUM,9
10015,13,1,1,6,MEDIUM,0
10015,13,2,6,9,MEDIUM,0
10015,13,3,9,12,SOFT,0
10015,13,4,12,15,SOFT,0
10015,13,5,15,21,SOFT,0
10015,13,6,21,25,MEDIUM,0
10015,14,1,1,12,MEDIUM,0
10015,14,2,12,19,SOFT,0
10015,15,1,1,3,HARD,0
10015,15,2,3,10,HARD,2
10015,15,3,10,13,SOFT,0
10015,15,4,13,17,SOFT,3
10015,15,5,17,21,HARD,0
10015,16,1,1,11,MEDIUM,0
10015,16,2,11,14,SOFT,0
10015,16,3,14,20,SOFT,3
10015,16,4,20,27,MEDIUM,10
10015,17,1,1,10,HARD,0
10015,17,2,10,13,SOFT,0
10015,17,3,13,16,SOFT,3
10015,17,4,16,19,SOFT,0
10015,17,5,19,26,HARD,9
10015,18,1,1,8,MEDIUM,0
10015,18,2,8,11,SOFT,0
10015,18,3,11,13,SOFT,0
10015,18,4,13,17,MEDIUM,7
10015,18,5,17,21,MEDIUM,11
10015,19,1,1,8,MEDIUM,0
10015,19,2,8,16,SOFT,0
10015,19,3,16,23,MEDIUM,0
10015,19,4,23,25,SOFT,0
10015,20,1,1,7,HARD,0
10015,20,2,7,10,SOFT,0
10015,20,3,10,12,SOFT,3
10015,20,4,12,15,SOFT,5
10015,20,5,15,21,SOFT,8
10016,1,1,1,8,MEDIUM,0
10016,1,2,8,11,SOFT,0
10016,1,3,11,21,MEDIUM,7
10016,1,4,21,23,SOFT,3
10016,2,1,1,9,MEDIUM,0
10016,2,2,9,12,SOFT,0
10016,2,3,12,14,SOFT,3
10016,2,4,15,19,MEDIUM,8
10016,2,5,19,21,MEDIUM,0
10016,4,1,1,5,MEDIUM,0
10016,4,2,5,8,MEDIUM,4
10016,4,3,8,11,SOFT,0
10016,4,4,11,14,SOFT,0
10016,4,5,14,15,SOFT,3
10016,4,6,15,17,MEDIUM,7
10016,5,1,1,6,MEDIUM,0
10016,5,2,6,9,MEDIUM,5
10016,5,3,9,14,SOFT,0
10016,5,4,14,19,MEDIUM,8
10016,5,5,19,21,MEDIUM,0
10016,6,1,1,9,MEDIUM,0
10016,6,2,9,13,SOFT,0
10016,6,3,13,15,SOFT,4
10016,6,4,15,20,MEDIUM,8
10016,6,5,20,22,MEDIUM,13
10016,7,1,1,11,MEDIUM,0
10016,7,2,11,15,SOFT,0
10016,7,3,15,16,SOFT,4
10016,8,1,1,8,MEDIUM,0
10016,8,2,8,12,SOFT,0
10016,8,3,12,15,SOFT,7
10016,8,4,15,16,MEDIUM,7
10016,8,5,16,18,MEDIUM,0
10016,9,1,1,5,MEDIUM,0
10016,9,2,5,9,MEDIUM,4
10016,9,3,9,13,SOFT,0
10016,9,4,13,16,SOFT,4
10016,9,5,16,20,MEDIUM,8
10016,9,6,20,22,MEDIUM,12
10016,10,1,1,5,MEDIUM,0
10016,10,2,5,8,SOFT,0
10016,10,3,8,12,SOFT,3
10016,10,4,12,15,SOFT,7
10016,10,5,15,16,SOFT,10
10016,10,6,16,18,SOFT,11
10016,11,1,1,4,MEDIUM,0
10016,11,2,4,7,MEDIUM,3
10016,11,3,7,10,MEDIUM,6
10016,11,4,10,14,SOFT,0
10016,11,5,14,16,SOFT,4
10016,11,6,16,19,MEDIUM,0
10016,12,1,1,9,HARD,0
10016,12,2,9,14,SOFT,0
10016,12,3,14,16,SOFT,0
10016,12,4,16,21,HARD,8
10016,12,5,21,23,HARD,0
10016,13,1,1,8,MEDIUM,0
10016,13,2,8,11,SOFT,0
10016,13,3,11,14,SOFT,0
10016,13,4,14,19,MEDIUM,7
10016,13,5,19,21,SOFT,6
10016,14,1,1,6,MEDIUM,0
10016,14,2,6,9,SOFT,0
10016,14,3,9,12,SOFT,3
10016,14,4,12,16,SOFT,0
10016,14,5,16,20,MEDIUM,0
10016,14,6,20,22,MEDIUM,9
10016,15,1,1,9,MEDIUM,0
10016,15,2,9,12,SOFT,0
10016,15,3,12,15,SOFT,3
10016,15,4,15,20,SOFT,6
10016,15,5,20,22,MEDIUM,8
10016,16,1,1,10,MEDIUM,0
10016,16,2,10,14,SOFT,0
10016,16,3,14,17,SOFT,4
10016,16,4,17,21,MEDIUM,0
10016,16,5,21,23,MEDIUM,0
10016,17,1,1,9,MEDIUM,0
10016,17,2,9,13,SOFT,0
10016,17,3,14,15,SOFT,0
10016,17,4,15,22,MEDIUM,0
10016,17,5,22,24,MEDIUM,15
10016,18,1,1,8,MEDIUM,0
10016,18,2,8,16,SOFT,0
10016,18,3,16,19,MEDIUM,7
10016,18,4,19,21,MEDIUM,10
10016,19,1,1,9,MEDIUM,0
10016,19,2,9,12,SOFT,0
10016,19,3,12,14,SOFT,0
10016,19,4,14,20,MEDIUM,0
10016,19,5,20,22,SOFT,5
10016,20,1,1,6,MEDIUM,0
10016,20,2,6,9,MEDIUM,5
10016,20,3,9,12,SOFT,0
10016,20,4,12,15,SOFT,3
10016,20,5,15,17,MEDIUM,8
10016,20,6,17,19,MEDIUM,10
10017,1,1,1,4,SOFT,0
10017,1,2,4,7,SOFT,3
10017,1,3,7,10,SOFT,0
10017,1,4,10,14,SOFT,0
10017,2,1,1,10,SOFT,0
10017,2,2,10,13,SOFT,0
10017,2,3,13,16,SOFT,3
10017,2,4,16,18,SOFT,0
10017,3,1,1,10,MEDIUM,0
10017,3,2,10,17,MEDIUM,0
10017,3,3,17,20,SOFT,0
10017,3,4,20,24,SOFT,0
10017,4,1,1,2,HARD,0
10017,4,2,2,5,SOFT,3
10017,4,3,5,7,SOFT,6
10017,4,4,7,10,SOFT,8
10017,4,5,10,17,SOFT,11
10017,5,1,1,4,SOFT,0
10017,5,2,4,7,SOFT,3
10017,5,3,7,8,SOFT,6
10017,5,4,8,11,SOFT,7
10017,5,5,11,14,SOFT,0
10017,5,6,14,17,SOFT,0
10017,5,7,17,21,SOFT,3
10017,6,1,1,4,SOFT,0
10017,6,2,4,7,SOFT,3
10017,6,3,7,10,SOFT,6
10017,6,4,10,13,SOFT,0
10017,6,5,13,16,SOFT,3
10017,7,1,1,4,SOFT,0
10017,7,2,4,7,SOFT,0
10017,7,3,7,10,SOFT,0
10017,7,4,10,13,SOFT,3
10017,7,5,13,16,SOFT,6
10017,7,6,16,18,SOFT,9
10017,8,1,1,2,HARD,0
10017,8,2,2,3,HARD,0
10017,8,3,3,4,MEDIUM,0
10017,8,4,4,7,SOFT,0
10017,8,5,7,10,SOFT,3
10017,8,6,10,14,SOFT,6
10017,8,7,14,17,SOFT,0
10017,8,8,17,19,SOFT,3
10017,9,1,1,4,SOFT,0
10017,9,2,4,7,SOFT,0
10017,9,3,7,12,SOFT,6
10017,9,4,12,15,SOFT,0
10017,9,5,15,21,SOFT,3
10017,10,1,1,2,HARD,0
10017,10,2,2,3,HARD,0
10017,10,3,3,4,MEDIUM,0
10017,10,4,4,7,SOFT,0
10017,10,5,7,10,SOFT,3
10017,10,6,10,14,SOFT,0
10017,10,7,14,17,SOFT,0
10017,10,8,17,19,SOFT,3
10017,11,1,1,7,SOFT,0
10017,11,2,7,10,SOFT,0
10017,11,3,10,14,SOFT,3
10017,12,1,1,4,SOFT,0
10017,12,2,4,8,SOFT,3
10017,12,3,8,11,SOFT,0
10017,12,4,11,14,SOFT,3
10017,12,5,14,16,SOFT,0
10017,13,1,1,4,SOFT,0
10017,13,2,4,7,SOFT,0
10017,13,3,7,8,SOFT,0
10017,13,4,8,11,SOFT,0
10017,13,5,11,14,SOFT,0
10017,13,6,14,16,SOFT,7
10017,14,1,1,2,HARD,0
10017,14,2,2,5,SOFT,4
10017,14,3,5,7,SOFT,7
10017,14,4,7,8,SOFT,0
10017,14,5,8,9,SOFT,0
10017,14,6,9,10,SOFT,11
10017,14,7,10,13,SOFT,0
10017,14,8,13,18,SOFT,3
10017,15,1,1,4,SOFT,0
10017,15,2,4,7,SOFT,0
10017,15,3,7,10,SOFT,0
10017,15,4,10,13,SOFT,3
10017,15,5,13,20,SOFT,6
10017,16,1,1,4,SOFT,0
10017,16,2,4,7,SOFT,3
10017,16,3,7,9,SOFT,6
10017,16,4,9,11,SOFT,0
10017,16,5,11,14,SOFT,0
10017,16,6,14,20,SOFT,0
10017,17,1,1,4,SOFT,0
10017,17,2,4,7,SOFT,3
10017,17,3,7,12,SOFT,0
10017,17,4,12,15,SOFT,5
10017,18,1,1,4,SOFT,0
10017,18,2,4,7,SOFT,3
10017,18,3,7,10,SOFT,0
10017,18,4,10,12,SOFT,6
10017,18,5,12,15,SOFT,0
10017,18,6,15,17,SOFT,6
10017,19,1,1,4,SOFT,0
10017,19,2,4,7,SOFT,3
10017,19,3,7,10,SOFT,6
10017,19,4,10,13,SOFT,0
10017,19,5,13,17,SOFT,3
10017,19,6,17,19,SOFT,7
10017,20,1,1,4,SOFT,0
10017,20,2,4,7,SOFT,3
10017,20,3,7,10,SOFT,0
10017,20,4,10,13,SOFT,0
10017,20,5,13,15,SOFT,6
10018,1,1,1,4,SOFT,0
10018,1,2,4,7,SOFT,3
10018,1,3,7,10,SOFT,0
10018,1,4,10,13,SOFT,3
10018,1,5,13,14,SOFT,0
10018,1,6,14,17,SOFT,1
10018,1,7,17,19,SOFT,0
10018,2,1,1,7,SOFT,0
10018,2,2,7,10,SOFT,0
10018,2,3,10,11,SOFT,0
10018,3,1,1,4,SOFT,0
10018,3,2,4,4,SOFT,0
10018,3,3,5,7,SOFT,0
10018,3,4,7,8,SOFT,0
10018,4,1,1,4,SOFT,0
10018,4,2,4,7,SOFT,0
10018,4,3,7,10,SOFT,3
10018,4,4,10,12,SOFT,0
10018,5,1,1,7,SOFT,0
10018,5,2,7,9,SOFT,0
10018,6,1,1,7,SOFT,0
10018,6,2,7,10,SOFT,0
10018,6,3,10,13,SOFT,0
10018,6,4,13,16,SOFT,0
10018,6,5,16,18,SOFT,3
10018,6,6,18,20,SOFT,0
10018,6,7,20,22,SOFT,0
10018,7,1,1,4,SOFT,0
10018,7,2,4,7,SOFT,0
10018,7,3,7,10,SOFT,0
10018,7,4,10,13,SOFT,0
10018,7,5,13,15,SOFT,3
10018,7,6,15,17,SOFT,0
10018,8,1,1,4,SOFT,0
10018,8,2,4,7,SOFT,0
10018,8,3,7,9,SOFT,0
10018,8,4,9,12,SOFT,3
10018,8,5,12,14,SOFT,2
10018,9,1,1,4,SOFT,0
10018,9,2,4,7,SOFT,3
10018,9,3,7,9,SOFT,0
10018,9,4,9,12,SOFT,2
10018,9,5,12,15,SOFT,0
10018,9,6,15,17,SOFT,3
10018,9,7,17,19,SOFT,0
10018,10,1,1,4,SOFT,0
10018,10,2,4,7,SOFT,0
10018,10,3,7,9,SOFT,0
10018,11,1,1,4,SOFT,0
10018,11,2,4,7,SOFT,0
10018,11,3,7,10,SOFT,3
10018,11,4,10,13,SOFT,0
10018,11,5,13,14,SOFT,3
10018,11,6,14,16,SOFT,0
10018,12,1,1,6,SOFT,0
10018,12,2,6,9,SOFT,0
10018,12,3,9,12,SOFT,0
10018,12,4,12,14,SOFT,0
10018,13,1,1,4,SOFT,0
10018,13,2,4,7,SOFT,3
10018,13,3,7,8,SOFT,0
10018,14,1,1,4,SOFT,0
10018,14,2,4,7,SOFT,0
10018,14,3,7,9,SOFT,3
10018,14,4,9,11,SOFT,0
10018,15,1,1,4,SOFT,0
10018,15,2,4,7,SOFT,3
10018,15,3,7,9,SOFT,0
10018,16,1,1,4,SOFT,0
10018,16,2,4,7,SOFT,0
10018,16,3,7,10,SOFT,0
10018,16,4,10,13,SOFT,3
10018,16,5,13,16,SOFT,0
10018,16,6,16,18,SOFT,3
10018,16,7,18,20,SOFT,0
10018,17,1,1,7,SOFT,0
10018,17,2,7,10,SOFT,0
10018,17,3,10,13,SOFT,3
10018,17,4,13,16,SOFT,0
10018,17,5,16,18,SOFT,3
10018,17,6,18,21,SOFT,0
10018,17,7,21,23,SOFT,0
10018,18,1,1,4,SOFT,0
10018,18,2,4,6,SOFT,3
10018,18,3,6,9,SOFT,5
10018,18,4,9,12,SOFT,0
10018,18,5,12,14,SOFT,0
10018,18,6,14,16,SOFT,0
10018,19,1,1,4,SOFT,0
10018,19,2,4,7,SOFT,3
10018,19,3,7,10,SOFT,0
10018,19,4,10,13,SOFT,3
10018,19,5,13,16,SOFT,0
10018,19,6,16,18,SOFT,0
10018,20,1,1,4,SOFT,0
10018,20,2,4,7,SOFT,0
10018,20,3,7,10,SOFT,0
10018,20,4,10,13,SOFT,3
10018,20,5,13,15,SOFT,0
10022,1,1,1,21,MEDIUM,0
10022,1,2,22,50,HARD,0
10022,2,1,1,34,HARD,0
10022,2,2,35,50,MEDIUM,0
10022,3,1,1,1,MEDIUM,0
10022,3,2,2,49,HARD,0
10022,4,1,1,34,HARD,0
10022,4,2,35,50,MEDIUM,0
10022,5,1,1,1,MEDIUM,0
10022,5,2,2,32,HARD,0
10022,5,3,33,49,HARD,0
10022,6,1,,,MEDIUM,0
10022,7,1,1,19,MEDIUM,0
10022,7,2,20,50,HARD,0
10022,8,1,1,19,MEDIUM,1
10022,8,2,20,50,HARD,1
10022,9,1,1,29,MEDIUM,0
10022,9,2,30,50,HARD,0
10022,10,1,1,39,HARD,1
10022,10,2,40,49,MEDIUM,1
10022,11,1,1,1,MEDIUM,0
10022,12,1,1,22,MEDIUM,0
10022,12,2,23,50,HARD,0
10022,13,1,1,33,HARD,0
10022,13,2,34,49,MEDIUM,0
10022,14,1,1,20,MEDIUM,0
10022,14,2,21,50,HARD,1
10022,15,1,1,1,MEDIUM,0
10022,15,2,2,50,HARD,0
10022,16,1,1,23,MEDIUM,0
10022,16,2,24,50,HARD,0
10022,17,1,1,21,MEDIUM,0
10022,17,2,22,50,HARD,0
10022,18,1,1,20,MEDIUM,0
10022,18,2,21,50,HARD,0
10022,19,1,1,19,MEDIUM,0
10022,19,2,20,50,HARD,0
10022,20,1,1,18,MEDIUM,0
10022,20,2,19,50,HARD,0
10023,1,1,1,5,MEDIUM,0
10023,1,2,6,8,MEDIUM,5
10023,1,3,9,17,MEDIUM,8
10023,1,4,18,20,SOFT,0
10023,2,1,1,1,MEDIUM,0
10023,2,2,2,8,MEDIUM,1
10023,2,3,9,18,MEDIUM,8
10023,2,4,19,19,MEDIUM,18
10023,2,5,20,21,SOFT,0
10023,3,1,1,6,MEDIUM,0
10023,3,2,7,9,MEDIUM,6
10023,3,3,10,16,MEDIUM,0
10023,3,4,17,19,SOFT,0
10023,4,1,1,12,HARD,0
10023,4,2,13,20,HARD,0
10023,4,3,21,23,SOFT,0
10023,5,1,1,12,MEDIUM,0
10023,5,2,13,21,MEDIUM,12
10023,5,3,22,22,SOFT,0
10023,6,1,1,10,MEDIUM,0
10023,6,2,11,21,MEDIUM,10
10023,6,3,22,22,SOFT,0
10023,7,1,1,3,MEDIUM,0
10023,7,2,4,6,MEDIUM,3
10023,7,3,7,9,MEDIUM,6
10023,7,4,10,12,MEDIUM,0
10023,7,5,13,28,MEDIUM,12
10023,8,1,1,1,HARD,0
10023,8,2,2,2,MEDIUM,0
10023,8,3,3,3,SOFT,0
10023,8,4,4,8,MEDIUM,0
10023,8,5,9,16,MEDIUM,5
10023,8,6,17,18,MEDIUM,0
10023,8,7,19,24,SOFT,0
10023,9,1,1,10,MEDIUM,0
10023,9,2,11,19,MEDIUM,10
10023,9,3,20,22,SOFT,0
10023,10,1,1,1,HARD,0
10023,10,2,2,2,MEDIUM,0
10023,10,3,3,3,SOFT,0
10023,10,4,4,8,MEDIUM,0
10023,10,5,9,17,MEDIUM,5
10023,10,6,18,21,SOFT,0
10023,11,1,1,5,MEDIUM,0
10023,11,2,6,8,MEDIUM,5
10023,11,3,9,17,MEDIUM,0
10023,11,4,18,20,SOFT,0
10023,11,5,21,21,SOFT,3
10023,12,1,1,5,MEDIUM,0
10023,12,2,6,8,MEDIUM,5
10023,12,3,9,11,MEDIUM,0
10023,12,4,12,19,MEDIUM,0
10023,12,5,20,20,MEDIUM,19
10023,12,6,21,25,SOFT,0
10023,13,1,1,4,MEDIUM,0
10023,13,2,5,7,SOFT,0
10023,13,3,8,10,SOFT,0
10023,13,4,11,13,SOFT,6
10023,14,1,1,10,HARD,0
10023,14,2,11,18,HARD,10
10023,14,3,19,21,SOFT,0
10023,15,1,1,5,MEDIUM,0
10023,15,2,6,8,MEDIUM,5
10023,15,3,9,17,MEDIUM,8
10023,15,4,18,19,SOFT,0
10023,16,1,1,11,MEDIUM,0
10023,16,2,12,18,MEDIUM,11
10023,16,3,19,20,SOFT,0
10023,17,1,1,5,MEDIUM,0
10023,17,2,6,12,MEDIUM,5
10023,17,3,13,20,MEDIUM,0
10023,17,4,21,23,SOFT,0
10023,18,1,1,8,MEDIUM,0
10023,18,2,9,26,MEDIUM,0
10023,19,1,1,8,MEDIUM,0
10023,19,2,9,11,MEDIUM,8
10023,19,3,12,19,MEDIUM,11
10023,19,4,20,22,SOFT,0
10023,20,1,1,3,MEDIUM,0
10023,20,2,4,6,MEDIUM,3
10023,20,3,7,9,MEDIUM,6
10023,20,4,10,20,MEDIUM,9
10023,20,5,21,22,SOFT,0
10024,1,1,1,3,MEDIUM,0
10024,1,2,4,4,MEDIUM,3
10024,1,3,5,10,MEDIUM,0
10024,1,4,11,16,SOFT,0
10024,2,1,1,3,MEDIUM,0
10024,2,2,4,5,MEDIUM,0
10024,2,3,6,11,MEDIUM,0
10024,2,4,12,14,SOFT,0
10024,3,1,1,3,MEDIUM,0
10024,3,2,4,6,MEDIUM,3
10024,4,1,1,3,MEDIUM,0
10024,4,2,4,6,MEDIUM,3
10024,4,3,7,9,MEDIUM,0
10024,4,4,10,12,SOFT,0
10024,5,1,1,3,MEDIUM,0
10024,5,2,4,5,MEDIUM,3
10024,6,1,1,3,MEDIUM,0
10024,6,2,4,6,MEDIUM,3
10024,6,3,7,9,MEDIUM,0
10024,7,1,1,6,MEDIUM,0
10024,7,2,7,9,MEDIUM,0
10024,7,3,10,12,MEDIUM,3
10024,7,4,13,15,SOFT,0
10024,8,1,1,3,MEDIUM,0
10024,8,2,4,6,MEDIUM,3
10024,8,3,7,7,MEDIUM,0
10024,8,4,8,10,MEDIUM,1
10024,8,5,11,13,SOFT,1
10024,9,1,1,7,MEDIUM,0
10024,9,2,8,13,MEDIUM,0
10024,9,3,14,16,SOFT,0
10024,10,1,1,3,MEDIUM,0
10024,10,2,4,6,MEDIUM,3
10024,11,1,1,3,MEDIUM,0
10024,11,2,4,5,MEDIUM,3
10024,12,1,1,3,MEDIUM,0
10024,12,2,4,6,MEDIUM,3
10024,12,3,7,9,MEDIUM,0
10024,12,4,10,12,MEDIUM,3
10024,12,5,13,15,SOFT,0
10024,13,1,1,3,MEDIUM,0
10024,13,2,4,6,MEDIUM,3
10024,13,3,7,9,MEDIUM,0
10024,14,1,1,3,MEDIUM,0
10024,14,2,4,5,MEDIUM,3
10024,14,3,6,8,MEDIUM,0
10024,15,1,1,3,MEDIUM,0
10024,15,2,4,6,MEDIUM,3
10024,15,3,7,9,MEDIUM,0
10024,16,1,1,6,MEDIUM,0
10024,16,2,7,9,MEDIUM,0
10024,16,3,10,12,MEDIUM,3
10024,16,4,13,15,SOFT,0
10024,17,1,1,3,MEDIUM,0
10024,17,2,4,6,MEDIUM,0
10024,17,3,7,8,MEDIUM,0
10024,18,1,1,6,MEDIUM,0
10024,18,2,7,9,MEDIUM,0
10024,18,3,10,12,MEDIUM,0
10024,18,4,13,15,SOFT,0
10024,19,1,1,6,MEDIUM,0
10024,19,2,7,9,MEDIUM,0
10024,19,3,10,12,SOFT,0
10024,20,1,1,3,MEDIUM,0
10024,20,2,4,5,MEDIUM,3
10028,1,1,1,1,INTERMEDIATE,0
10028,1,2,2,18,SOFT,0
10028,2,1,1,1,INTERMEDIATE,0
10028,2,2,2,18,SOFT,0
10028,3,1,1,1,INTERMEDIATE,0
10028,3,2,2,18,MEDIUM,0
10028,4,1,1,1,INTERMEDIATE,0
10028,4,2,2,18,MEDIUM,0
10028,5,1,1,1,INTERMEDIATE,0
10028,5,2,2,18,SOFT,0
10028,6,1,1,1,INTERMEDIATE,0
10028,6,2,2,18,MEDIUM,0
10028,7,1,1,1,INTERMEDIATE,0
10028,7,2,2,13,INTERMEDIATE,0
10028,7,3,14,18,MEDIUM,0
10028,8,1,1,1,INTERMEDIATE,0
10028,8,2,2,13,MEDIUM,0
10028,10,1,1,1,INTERMEDIATE,0
10028,10,2,2,18,MEDIUM,0
10028,11,1,1,1,INTERMEDIATE,0
10028,11,2,2,18,MEDIUM,0
10028,12,1,1,1,INTERMEDIATE,0
10028,12,2,2,18,MEDIUM,0
10028,13,1,1,1,INTERMEDIATE,0
10028,13,2,2,18,MEDIUM,0
10028,14,1,1,1,INTERMEDIATE,0
10028,14,2,2,18,MEDIUM,0
10028,15,1,1,1,INTERMEDIATE,0
10028,15,2,2,18,MEDIUM,0
10028,16,1,1,1,INTERMEDIATE,0
10028,16,2,2,18,SOFT,0
10028,17,1,1,1,INTERMEDIATE,0
10028,17,2,2,12,MEDIUM,0
10028,18,1,1,1,INTERMEDIATE,0
10028,18,2,2,18,MEDIUM,0
10028,19,1,1,1,INTERMEDIATE,0
10028,19,2,2,18,MEDIUM,0
10028,20,1,1,1,INTERMEDIATE,0
10028,20,2,2,18,MEDIUM,0
10029,1,1,1,3,SOFT,9
10029,1,2,4,6,SOFT,0
10029,1,3,7,9,SOFT,0
10029,1,4,10,12,SOFT,3
10029,1,5,13,15,SOFT,0
10029,1,6,16,18,SOFT,0
10029,2,1,1,3,SOFT,0
10029,2,2,4,9,SOFT,0
10029,2,3,10,12,SOFT,0
10029,2,4,13,15,SOFT,3
10029,2,5,16,18,SOFT,0
10029,2,6,19,21,SOFT,0
10029,3,1,1,3,SOFT,0
10029,3,2,4,6,SOFT,0
10029,3,3,7,9,SOFT,0
10029,3,4,10,12,SOFT,0
10029,3,5,13,15,SOFT,0
10029,4,1,1,2,SOFT,3
10029,4,2,3,5,SOFT,0
10029,4,3,6,8,SOFT,0
10029,4,4,9,10,SOFT,0
10029,4,5,11,13,SOFT,0
10029,5,1,1,3,SOFT,0
10029,5,2,4,6,SOFT,0
10029,5,3,7,9,SOFT,0
10029,5,4,10,12,SOFT,0
10029,5,5,13,15,SOFT,0
10029,6,1,1,3,SOFT,1
10029,6,2,4,6,SOFT,0
10029,6,3,7,9,SOFT,0
10029,7,1,1,2,SOFT,0
10029,7,2,3,5,SOFT,0
10029,7,3,6,8,SOFT,0
10029,7,4,9,11,SOFT,0
10029,7,5,12,14,SOFT,0
10029,7,6,15,17,SOFT,0
10029,7,7,18,20,SOFT,0
10029,8,1,1,3,SOFT,4
10029,8,2,4,6,SOFT,0
10029,8,3,7,9,SOFT,0
10029,9,1,1,3,SOFT,3
10029,9,2,4,9,SOFT,0
10029,9,3,10,12,SOFT,0
10029,9,4,13,15,SOFT,0
10029,9,5,16,17,SOFT,0
10029,9,6,18,20,SOFT,3
10029,10,1,1,3,SOFT,4
10029,10,2,4,6,SOFT,0
10029,10,3,7,9,SOFT,1
10029,11,1,1,3,SOFT,4
10029,11,2,4,6,SOFT,0
10029,11,3,7,9,SOFT,0
10029,11,4,10,12,SOFT,0
10029,11,5,13,15,SOFT,0
10029,11,6,16,18,SOFT,3
10029,11,7,19,21,SOFT,0
10029,12,1,1,3,SOFT,3
10029,12,2,4,6,SOFT,0
10029,12,3,7,9,SOFT,3
10029,12,4,10,12,SOFT,0
10029,12,5,13,14,SOFT,0
10029,12,6,15,17,SOFT,2
10029,12,7,18,20,SOFT,0
10029,13,1,1,3,SOFT,0
10029,13,2,4,6,SOFT,0
10029,13,3,7,9,SOFT,0
10029,14,1,1,2,SOFT,3
10029,14,2,3,5,SOFT,0
10029,14,3,6,8,SOFT,0
10029,14,4,9,11,SOFT,0
10029,14,5,12,14,SOFT,0
10029,15,1,1,3,SOFT,2
10029,15,2,4,6,SOFT,0
10029,15,3,7,9,SOFT,0
10029,15,4,10,12,SOFT,0
10029,15,5,13,15,SOFT,0
10029,15,6,16,18,SOFT,3
10029,15,7,19,21,SOFT,0
10029,16,1,1,3,SOFT,2
10029,16,2,4,6,SOFT,0
10029,16,3,7,9,SOFT,0
10029,16,4,10,12,SOFT,3
10029,16,5,13,15,SOFT,0
10029,17,1,1,3,SOFT,3
10029,17,2,4,6,SOFT,0
10029,17,3,7,8,SOFT,0
10029,17,4,9,11,SOFT,0
10029,17,5,12,14,SOFT,0
10029,17,6,15,17,SOFT,2
10029,17,7,18,20,SOFT,0
10029,18,1,1,2,SOFT,3
10029,18,2,3,5,SOFT,0
10029,18,3,6,8,SOFT,0
10029,18,4,9,11,SOFT,3
10029,18,5,12,14,SOFT,0
10029,18,6,15,17,SOFT,0
10029,18,7,18,20,SOFT,0
10029,19,1,1,3,SOFT,3
10029,19,2,4,7,SOFT,0
10029,19,3,8,10,SOFT,0
10029,19,4,11,13,SOFT,0
10029,19,5,14,16,SOFT,0
10029,20,1,1,6,SOFT,0
10029,20,2,7,9,SOFT,0
10033,1,1,1,32,MEDIUM,24
10033,1,2,33,57,HARD,6
10033,2,1,1,32,MEDIUM,24
10033,2,2,33,57,HARD,3
10033,3,1,1,23,MEDIUM,19
10033,3,2,24,30,HARD,4
10033,4,1,1,23,MEDIUM,22
10033,4,2,24,57,HARD,1
10033,5,1,1,1,MEDIUM,0
10033,6,1,1,32,HARD,23
10033,6,2,33,57,MEDIUM,0
10033,7,1,1,32,MEDIUM,24
10033,7,2,33,57,HARD,7
10033,8,1,1,32,HARD,24
10033,8,2,33,56,MEDIUM,5
10033,9,1,1,32,MEDIUM,24
10033,9,2,33,57,HARD,3
10033,10,1,1,23,MEDIUM,21
10033,10,2,24,56,HARD,4
10033,11,1,1,32,MEDIUM,24
10033,11,2,33,57,HARD,5
10033,12,1,1,32,MEDIUM,24
10033,12,2,33,57,HARD,6
10033,13,1,1,36,HARD,23
10033,13,2,37,56,MEDIUM,0
10033,14,1,1,31,HARD,23
10033,14,2,32,36,MEDIUM,3
10033,15,1,1,23,MEDIUM,23
10033,15,2,24,57,HARD,0
10033,16,1,1,32,HARD,23
10033,16,2,33,57,MEDIUM,4
10033,17,1,1,32,MEDIUM,30
10033,17,2,33,57,HARD,7
10033,18,1,1,32,HARD,24
10033,18,2,33,57,MEDIUM,3
10033,19,1,1,32,MEDIUM,24
10033,19,2,33,57,HARD,3
10033,20,1,1,27,HARD,23
11227,1,1,1,10,MEDIUM,0
11227,1,2,11,13,MEDIUM,10
11227,1,3,14,16,SOFT,0
11227,1,4,17,19,SOFT,3
11227,1,5,20,27,MEDIUM,13
11227,2,1,1,2,MEDIUM,0
11227,2,2,3,3,MEDIUM,2
11227,2,3,4,7,MEDIUM,3
11227,3,1,1,1,MEDIUM,0
11227,3,2,2,8,MEDIUM,1
11227,3,3,9,11,MEDIUM,8
11227,3,4,12,16,SOFT,0
11227,3,5,17,17,MEDIUM,0
11227,3,6,18,23,MEDIUM,0
11227,4,1,1,9,MEDIUM,0
11227,4,2,10,12,MEDIUM,9
11227,4,3,13,15,SOFT,0
11227,4,4,16,17,SOFT,3
11227,4,5,18,24,MEDIUM,12
11227,6,1,1,11,MEDIUM,0
11227,6,2,12,13,MEDIUM,11
11227,6,3,14,27,SOFT,0
11227,7,1,1,1,MEDIUM,0
11227,7,2,2,9,MEDIUM,1
11227,7,3,10,10,MEDIUM,9
11227,7,4,11,14,SOFT,0
11227,7,5,15,21,MEDIUM,10
11227,7,6,22,24,SOFT,4
11227,9,1,1,16,MEDIUM,0
11227,9,2,17,19,SOFT,0
11227,9,3,20,24,SOFT,3
11227,9,4,25,33,SOFT,8
11227,10,1,1,3,HARD,0
11227,12,1,1,18,MEDIUM,0
11227,12,2,19,24,SOFT,0
11227,13,1,1,2,MEDIUM,0
11227,13,2,3,10,MEDIUM,2
11227,13,3,11,15,SOFT,0
11227,13,4,16,16,SOFT,5
11227,13,5,17,17,SOFT,6
11227,13,6,18,18,SOFT,7
11227,13,7,19,21,SOFT,0
11227,14,1,1,13,MEDIUM,0
11227,14,2,14,21,MEDIUM,13
11227,14,3,22,28,SOFT,0
11227,15,1,1,3,MEDIUM,0
11227,15,2,4,18,MEDIUM,3
11227,15,3,19,21,MEDIUM,18
11227,15,4,22,24,SOFT,0
11227,15,5,25,28,SOFT,3
11227,16,1,1,16,MEDIUM,0
11227,16,2,17,24,SOFT,0
11227,16,3,25,30,MEDIUM,16
11227,17,1,1,1,HARD,0
11227,17,2,2,15,HARD,1
11227,17,3,16,21,SOFT,0
11227,17,4,22,30,SOFT,6
11227,18,1,1,10,MEDIUM,0
11227,18,2,11,11,MEDIUM,10
11227,18,3,12,14,SOFT,0
11227,18,4,15,17,SOFT,0
11227,18,5,18,23,MEDIUM,0
11227,18,6,24,26,SOFT,6
11227,19,1,1,3,MEDIUM,0
11227,19,2,4,8,MEDIUM,3
11227,19,3,9,13,MEDIUM,8
11227,19,4,14,21,SOFT,0
11227,20,1,1,16,MEDIUM,0
11227,20,2,17,19,MEDIUM,16
11227,20,3,20,25,SOFT,0
11227,27,1,1,5,MEDIUM,0
11227,27,2,6,8,MEDIUM,5
11227,27,3,9,12,SOFT,0
11227,27,4,13,14,SOFT,4
11227,28,1,1,1,MEDIUM,0
11227,28,2,2,22,SOFT,0
11227,29,1,1,6,MEDIUM,0
11227,29,2,7,11,MEDIUM,6
11227,29,3,12,18,SOFT,0
11227,29,4,19,26,MEDIUM,11
11227,30,1,1,4,MEDIUM,0
11227,30,2,5,9,MEDIUM,0
11227,30,3,10,24,SOFT,0
11228,1,1,1,5,MEDIUM,0
11228,1,2,6,8,SOFT,0
11228,1,3,9,13,MEDIUM,5
11228,2,1,1,4,HARD,0
11228,2,2,5,10,HARD,4
11228,2,3,11,13,HARD,0
11228,2,4,14,29,SOFT,0
11228,3,1,1,5,MEDIUM,0
11228,3,2,6,8,MEDIUM,0
11228,3,3,9,15,SOFT,0
11228,3,4,16,16,MEDIUM,8
11228,3,5,17,25,MEDIUM,9
11228,3,6,26,28,SOFT,0
11228,4,1,1,9,MEDIUM,0
11228,4,2,10,15,SOFT,0
11228,4,3,16,28,MEDIUM,0
11228,6,1,1,11,MEDIUM,0
11228,6,2,12,16,SOFT,0
11228,7,1,1,7,HARD,0
11228,7,2,8,10,SOFT,0
11228,7,3,11,13,SOFT,3
11228,7,4,14,28,HARD,7
11228,7,5,29,31,SOFT,6
11228,8,1,1,2,SOFT,0
11228,8,2,3,9,SOFT,2
11228,8,3,10,12,SOFT,0
11228,8,4,13,18,SOFT,3
11228,9,1,1,10,HARD,0
11228,9,2,11,15,SOFT,10
11228,9,3,16,20,SOFT,5
11228,9,4,21,25,HARD,0
11228,9,5,26,30,SOFT,0
11228,10,1,1,2,SOFT,0
11228,10,2,3,10,SOFT,2
11228,10,3,11,13,SOFT,0
11228,12,1,1,11,HARD,0
11228,12,2,12,19,SOFT,0
11228,12,3,20,23,HARD,11
11228,12,4,24,29,HARD,15
11228,12,5,30,32,SOFT,0
11228,13,1,1,10,MEDIUM,0
11228,13,2,11,19,SOFT,0
11228,13,3,20,29,MEDIUM,10
11228,13,4,30,34,SOFT,9
11228,14,1,1,8,MEDIUM,0
11228,14,2,9,14,SOFT,0
11228,14,3,15,15,SOFT,6
11228,14,4,16,29,MEDIUM,8
11228,15,1,1,10,HARD,0
11228,15,2,11,13,SOFT,0
11228,15,3,14,16,SOFT,3
11228,15,4,17,17,HARD,10
11228,15,5,18,24,HARD,11
11228,15,6,25,29,HARD,0
11228,16,1,1,13,HARD,0
11228,16,2,14,17,SOFT,0
11228,16,3,18,22,SOFT,4
11228,16,4,23,32,HARD,13
11228,17,1,1,3,MEDIUM,0
11228,17,2,4,10,MEDIUM,3
11228,18,1,1,5,HARD,0
11228,18,2,6,9,SOFT,0
11228,18,3,10,12,SOFT,4
11228,18,4,13,25,HARD,5
11228,18,5,26,28,SOFT,7
11228,19,1,1,10,HARD,0
11228,19,2,11,13,SOFT,0
11228,19,3,14,22,SOFT,3
11228,19,4,23,26,HARD,0
11228,20,1,1,10,HARD,0
11228,20,2,11,15,SOFT,0
11228,20,3,16,16,HARD,10
11228,20,4,17,31,HARD,11
11228,27,1,1,2,SOFT,0
11228,28,1,1,4,MEDIUM,0
11228,28,2,5,5,MEDIUM,4
11228,28,3,6,6,MEDIUM,5
11228,28,4,7,7,MEDIUM,6
11228,28,5,8,15,SOFT,0
11228,28,6,16,30,SOFT,8
11228,29,1,1,10,MEDIUM,0
11228,29,2,11,16,SOFT,0
11228,29,3,17,27,MEDIUM,0
11228,30,1,1,7,MEDIUM,0
11228,30,2,8,13,SOFT,0
11228,30,3,14,28,MEDIUM,0
11229,1,1,1,3,SOFT,0
11229,1,2,4,11,SOFT,3
11229,1,3,12,15,SOFT,0
11229,2,1,1,5,SOFT,0
11229,2,2,6,17,SOFT,5
11229,2,3,18,22,SOFT,0
11229,3,1,1,6,SOFT,0
11229,3,2,7,12,SOFT,6
11229,3,3,13,14,SOFT,0
11229,3,4,15,19,SOFT,2
11229,4,1,1,11,SOFT,0
11229,4,2,12,15,SOFT,0
11229,6,1,1,8,HARD,0
11229,6,2,9,19,HARD,8
11229,6,3,20,20,HARD,0
11229,6,4,21,21,SOFT,0
11229,6,5,22,26,SOFT,1
11229,7,1,1,4,SOFT,0
11229,7,2,5,7,SOFT,4
11229,7,3,8,16,SOFT,7
11229,7,4,17,18,SOFT,0
11229,8,1,1,5,MEDIUM,0
11229,8,2,6,6,MEDIUM,5
11229,8,3,7,11,SOFT,0
11229,8,4,12,16,SOFT,5
11229,8,5,17,20,SOFT,0
11229,9,1,1,4,SOFT,0
11229,9,2,5,9,SOFT,0
11229,9,3,10,15,SOFT,9
11229,9,4,16,20,SOFT,0
11229,12,1,1,12,MEDIUM,0
11229,12,2,13,17,SOFT,0
11229,13,1,1,7,SOFT,0
11229,13,2,8,11,SOFT,7
11229,13,3,12,14,SOFT,11
11229,13,4,15,18,SOFT,0
11229,13,5,19,22,SOFT,4
11229,14,1,1,9,HARD,0
11229,14,2,10,10,HARD,9
11229,14,3,11,11,SOFT,0
11229,14,4,12,13,SOFT,1
11229,15,1,1,5,MEDIUM,0
11229,15,2,6,12,MEDIUM,5
11229,15,3,13,14,SOFT,0
11229,15,4,15,19,SOFT,2
11229,16,1,1,8,SOFT,0
11229,16,2,9,18,SOFT,8
11229,16,3,19,22,SOFT,0
11229,17,1,1,1,SOFT,0
11229,18,1,1,3,SOFT,0
11229,18,2,4,7,SOFT,3
11229,18,3,8,16,SOFT,7
11229,18,4,17,18,SOFT,0
11229,18,5,19,23,SOFT,2
11229,19,1,1,12,SOFT,0
11229,19,2,13,13,SOFT,12
11229,19,3,14,17,SOFT,0
11229,20,1,1,3,MEDIUM,0
11229,20,2,4,10,MEDIUM,3
11229,20,3,11,12,MEDIUM,0
11229,20,4,13,13,MEDIUM,0
11229,20,5,14,14,SOFT,1
11229,20,6,15,18,SOFT,0
11229,27,1,1,5,MEDIUM,0
11229,27,2,6,17,MEDIUM,0
11229,27,3,18,21,SOFT,0
11229,28,1,1,8,HARD,0
11229,28,2,9,9,HARD,8
11229,28,3,10,11,SOFT,0
11229,28,4,12,15,SOFT,2
11229,29,1,1,8,HARD,0
11229,29,2,9,10,HARD,8
11229,29,3,11,17,HARD,10
11229,29,4,18,18,SOFT,0
11229,29,5,19,22,SOFT,0
11229,30,1,1,5,SOFT,0
11229,30,2,6,8,SOFT,5
11229,30,3,9,12,SOFT,0
11230,1,1,1,2,SOFT,0
11230,2,1,1,6,SOFT,0
11230,2,2,7,11,SOFT,6
11230,2,3,12,15,SOFT,0
11230,2,4,16,18,SOFT,4
11230,2,5,19,20,SOFT,0
11230,2,6,21,23,SOFT,0
11230,2,7,24,26,SOFT,0
11230,3,1,1,6,SOFT,0
11230,3,2,7,10,SOFT,0
11230,3,3,11,14,SOFT,0
11230,4,1,1,3,SOFT,0
11230,4,2,4,6,SOFT,0
11230,4,3,7,9,SOFT,0
11230,4,4,10,12,SOFT,3
11230,4,5,13,13,SOFT,0
11230,4,6,14,16,SOFT,0
11230,4,7,17,19,SOFT,0
11230,6,1,1,6,SOFT,0
11230,6,2,7,10,SOFT,0
11230,6,3,11,14,SOFT,0
11230,6,4,15,18,SOFT,0
11230,7,1,1,5,SOFT,0
11230,7,2,6,8,SOFT,0
11230,7,3,9,11,SOFT,0
11230,7,4,12,13,SOFT,0
11230,7,5,14,15,SOFT,1
11230,7,6,16,18,SOFT,0
11230,8,1,1,5,SOFT,0
11230,8,2,6,10,SOFT,0
11230,9,1,1,5,MEDIUM,0
11230,9,2,6,7,MEDIUM,5
11230,9,3,8,13,SOFT,0
11230,9,4,14,16,SOFT,0
11230,9,5,17,18,SOFT,0
11230,9,6,19,21,SOFT,2
11230,9,7,22,24,SOFT,0
11230,12,1,1,5,SOFT,0
11230,12,2,6,6,SOFT,0
11230,12,3,7,11,SOFT,1
11230,12,4,12,14,SOFT,5
11230,12,5,15,17,SOFT,0
11230,12,6,18,19,SOFT,0
11230,13,1,1,6,SOFT,0
11230,13,2,7,10,SOFT,0
11230,13,3,11,13,SOFT,4
11230,13,4,14,18,SOFT,0
11230,14,1,1,5,SOFT,0
11230,14,2,6,10,SOFT,0
11230,14,3,11,14,SOFT,0
11230,14,4,15,18,SOFT,0
11230,14,5,19,20,SOFT,4
11230,14,6,21,24,SOFT,0
11230,15,1,1,5,SOFT,0
11230,15,2,6,10,SOFT,0
11230,15,3,11,14,SOFT,0
11230,15,4,15,18,SOFT,0
11230,16,1,1,6,MEDIUM,0
11230,16,2,7,9,MEDIUM,6
11230,16,3,10,13,SOFT,0
11230,16,4,14,17,SOFT,0
11230,16,5,18,19,SOFT,0
11230,16,6,20,22,SOFT,2
11230,16,7,23,25,SOFT,0
11230,18,1,1,3,SOFT,0
11230,18,2,4,4,SOFT,3
11230,18,3,5,8,SOFT,0
11230,18,4,9,11,SOFT,0
11230,18,5,12,14,SOFT,3
11230,18,6,15,16,SOFT,0
11230,18,7,17,19,SOFT,1
11230,18,8,20,22,SOFT,0
11230,19,1,1,6,SOFT,0
11230,19,2,7,10,SOFT,6
11230,19,3,11,14,SOFT,0
11230,19,4,15,17,SOFT,4
11230,19,5,18,20,SOFT,0
11230,19,6,21,23,SOFT,0
11230,19,7,24,26,SOFT,0
11230,20,1,1,5,SOFT,0
11230,20,2,6,10,SOFT,0
11230,20,3,11,14,SOFT,0
11230,20,4,15,18,SOFT,0
11230,27,1,1,3,SOFT,0
11230,27,2,4,4,SOFT,0
11230,27,3,5,7,SOFT,0
11230,28,1,1,6,SOFT,0
11230,28,2,7,11,SOFT,0
11230,28,3,12,15,SOFT,0
11230,28,4,16,19,SOFT,0
11230,28,5,20,21,SOFT,4
11230,28,6,22,25,SOFT,0
11230,29,1,1,6,SOFT,0
11230,29,2,7,10,SOFT,0
11230,29,3,11,14,SOFT,0
11230,29,4,15,18,SOFT,0
11230,30,1,1,3,SOFT,0
11230,30,2,4,5,SOFT,0
11230,30,3,6,8,SOFT,0
11234,1,1,1,17,HARD,0
11234,1,2,18,40,MEDIUM,0
11234,1,3,41,58,HARD,0
11234,2,1,1,10,MEDIUM,0
11234,2,2,11,33,HARD,0
11234,2,3,34,58,MEDIUM,0
11234,3,1,1,17,MEDIUM,0
11234,3,2,18,32,HARD,0
11234,3,3,33,57,HARD,0
11234,4,1,1,10,MEDIUM,0
11234,6,1,1,10,,2
11234,6,2,11,57,HARD,0
11234,7,1,1,11,MEDIUM,0
11234,7,2,12,58,HARD,0
11234,8,1,1,10,SOFT,0
11234,8,2,11,12,SOFT,0
11234,8,3,13,21,SOFT,2
11234,9,1,1,24,MEDIUM,0
11234,9,2,25,58,HARD,0
11234,10,1,1,10,MEDIUM,0
11234,10,2,11,25,HARD,0
11234,10,3,26,33,SOFT,0
11234,10,4,34,38,SOFT,0
11234,10,5,39,43,SOFT,0
11234,12,1,1,11,,2
11234,12,2,12,32,HARD,0
11234,12,3,33,57,SOFT,0
11234,13,1,1,1,HARD,0
11234,14,1,1,10,,2
11234,14,2,11,32,HARD,0
11234,14,3,33,57,SOFT,0
11234,15,1,1,10,,2
11234,15,2,11,57,HARD,0
11234,16,1,1,27,MEDIUM,0
11234,16,2,28,58,HARD,0
11234,17,1,1,10,SOFT,0
11234,17,2,11,32,HARD,0
11234,17,3,33,44,MEDIUM,0
11234,17,4,45,56,SOFT,0
11234,18,1,1,11,,2
11234,18,2,12,58,HARD,0
11234,20,1,1,17,MEDIUM,0
11234,20,2,18,57,HARD,0
11234,27,1,1,17,,2
11234,27,2,18,42,HARD,0
11234,27,3,43,55,SOFT,0
11234,28,1,1,17,MEDIUM,0
11234,28,2,18,57,HARD,0
11234,29,1,1,8,HARD,0
11234,29,2,9,45,HARD,9
11234,29,3,46,56,SOFT,0
11234,30,1,1,11,HARD,0
11234,30,2,12,15,HARD,12
11235,1,2,8,16,MEDIUM,0
11235,1,3,17,24,SOFT,0
11235,2,4,21,29,SOFT,0
11235,3,2,10,18,MEDIUM,0
11235,3,3,19,26,SOFT,0
11235,4,3,20,26,SOFT,0
11235,6,4,25,28,MEDIUM,19
11235,7,2,9,19,MEDIUM,0
11235,7,4,27,30,SOFT,7
11235,8,4,13,18,MEDIUM,0
11235,9,2,13,17,MEDIUM,0
11235,9,4,22,28,SOFT,4
11235,10,4,15,20,MEDIUM,0
11235,12,1,1,12,MEDIUM,0
11235,12,4,22,31,SOFT,0
11235,13,4,12,17,MEDIUM,0
11235,13,5,18,27,SOFT,0
11235,14,2,12,20,MEDIUM,0
11235,14,4,26,29,MEDIUM,20
11235,15,2,5,5,MEDIUM,0
11235,15,3,6,10,MEDIUM,0
11235,15,6,20,25,SOFT,3
11235,16,2,8,14,SOFT,0
11235,16,3,15,22,SOFT,0
11235,16,4,23,26,SOFT,15
11235,17,3,10,18,SOFT,0
11235,18,2,9,19,MEDIUM,0
11235,18,4,26,29,SOFT,6
11235,19,2,6,9,MEDIUM,0
11235,19,4,20,28,SOFT,0
11235,20,3,19,19,MEDIUM,0
11235,20,4,20,28,SOFT,0
11235,27,2,9,13,MEDIUM,8
11235,28,1,1,6,MEDIUM,0
11235,29,3,20,26,SOFT,0
11235,30,2,9,17,MEDIUM,0
11235,30,3,18,25,SOFT,0
11236,1,3,13,17,SOFT,0
11236,2,3,11,13,SOFT,0
11236,3,2,9,14,MEDIUM,0
11236,4,3,13,15,SOFT,0
11236,6,1,1,6,MEDIUM,0
11236,6,2,7,12,MEDIUM,0
11236,6,3,13,15,SOFT,0
11236,7,3,9,13,SOFT,0
11236,8,1,1,5,MEDIUM,0
11236,9,4,12,16,SOFT,0
11236,10,1,1,7,MEDIUM,0
11236,12,1,1,6,MEDIUM,0
11236,13,2,9,14,MEDIUM,0
11236,14,2,8,13,MEDIUM,0
11236,15,2,8,13,MEDIUM,0
11236,16,3,11,15,SOFT,0
11236,17,1,1,6,MEDIUM,0
11236,18,3,9,13,SOFT,0
11236,19,3,11,13,SOFT,0
11236,20,3,14,16,SOFT,7
11236,28,2,8,13,MEDIUM,0
11236,29,1,1,6,MEDIUM,0
11236,29,2,7,12,MEDIUM,0
11236,30,1,1,8,MEDIUM,0
11240,1,2,14,19,SOFT,8
11240,2,2,14,19,SOFT,3
11240,3,1,1,19,MEDIUM,6
11240,4,2,14,19,SOFT,7
11240,6,1,1,19,MEDIUM,6
11240,7,2,14,19,SOFT,5
11240,8,1,1,19,HARD,0
11240,9,2,14,19,SOFT,0
11240,10,2,14,19,MEDIUM,0
11240,12,2,14,19,SOFT,0
11240,13,1,1,12,MEDIUM,6
11240,14,1,1,19,HARD,0
11240,15,1,1,19,MEDIUM,7
11240,16,2,14,19,SOFT,5
11240,17,1,1,19,HARD,0
11240,18,2,14,19,SOFT,0
11240,19,2,14,19,SOFT,0
11240,20,1,1,19,MEDIUM,6
11240,27,2,14,19,SOFT,0
11240,28,1,1,11,MEDIUM,6
11240,29,2,14,19,SOFT,0
11240,30,1,1,12,MEDIUM,0
11241,1,3,9,11,SOFT,0
11241,1,4,12,14,SOFT,0
11241,1,6,18,20,SOFT,0
11241,2,5,15,17,SOFT,0
11241,2,6,18,20,SOFT,0
11241,3,5,13,14,SOFT,0
11241,4,4,12,14,SOFT,0
11241,4,6,18,20,SOFT,0
11241,6,3,10,12,SOFT,0
11241,6,5,16,18,SOFT,0
11241,6,6,19,21,SOFT,0
11241,7,4,10,12,SOFT,0
11241,7,5,13,15,SOFT,0
11241,8,1,1,3,SOFT,0
11241,8,2,4,6,SOFT,0
11241,8,3,7,9,SOFT,0
11241,9,2,5,7,SOFT,0
11241,9,5,15,17,SOFT,0
11241,9,6,18,20,SOFT,0
11241,10,3,7,9,SOFT,0
11241,12,3,8,10,SOFT,0
11241,13,4,10,12,SOFT,0
11241,14,1,1,3,SOFT,0
11241,14,2,4,9,SOFT,0
11241,14,4,13,15,SOFT,0
11241,15,4,12,14,SOFT,0
11241,16,4,10,13,SOFT,0
11241,16,6,17,19,SOFT,0
11241,17,3,8,10,SOFT,0
11241,18,5,11,13,SOFT,0
11241,19,1,1,3,SOFT,0
11241,19,2,4,6,SOFT,0
11241,19,6,18,20,SOFT,0
11241,20,3,9,11,SOFT,0
11241,20,6,17,19,SOFT,0
11241,27,2,4,6,SOFT,0
11241,28,1,1,6,SOFT,0
11241,28,4,13,15,SOFT,0
11241,29,2,4,6,SOFT,0
11241,29,5,13,15,SOFT,0
11241,30,1,1,3,SOFT,0
11241,30,3,7,9,SOFT,0
11245,1,1,1,9,SOFT,3
11245,1,2,10,45,HARD,0
11245,2,1,1,1,HARD,0
11245,3,1,1,1,HARD,0
11245,4,1,1,1,SOFT,3
11245,4,2,2,10,HARD,0
11245,4,3,11,56,HARD,0
11245,6,1,1,10,MEDIUM,0
11245,6,2,11,56,HARD,0
11245,7,1,1,10,MEDIUM,0
11245,7,2,11,56,HARD,0
11245,8,1,1,31,HARD,0
11245,8,2,32,32,MEDIUM,0
11245,9,1,1,10,MEDIUM,0
11245,9,2,11,56,HARD,0
11245,10,1,1,9,HARD,0
11245,12,1,1,1,HARD,0
11245,13,1,1,35,HARD,0
11245,13,2,36,55,MEDIUM,0
11245,14,1,1,9,MEDIUM,0
11245,14,2,10,56,HARD,0
11245,15,1,1,29,HARD,0
11245,15,2,30,46,MEDIUM,0
11245,15,3,47,55,SOFT,0
11245,16,1,1,10,MEDIUM,0
11245,16,2,11,56,HARD,0
11245,17,1,1,9,MEDIUM,0
11245,17,2,10,55,HARD,0
11245,18,1,1,10,MEDIUM,0
11245,18,2,11,56,HARD,0
11245,19,1,1,1,MEDIUM,0
11245,20,1,1,10,MEDIUM,0
11245,20,2,11,56,HARD,0
11245,27,1,1,11,MEDIUM,0
11245,27,2,12,55,HARD,0
11245,28,1,1,42,HARD,0
11245,28,2,43,55,MEDIUM,0
11245,29,1,1,32,HARD,0
11245,29,2,33,55,MEDIUM,0
11245,30,1,1,10,MEDIUM,0
11245,30,2,11,55,HARD,0
11246,1,1,1,5,MEDIUM,0
11246,1,2,6,8,MEDIUM,5
11246,1,3,9,11,SOFT,0
11246,1,4,12,14,SOFT,3
11246,1,5,15,27,MEDIUM,8
11246,2,1,1,1,MEDIUM,0
11246,2,2,2,11,MEDIUM,1
11246,2,3,12,20,SOFT,0
11246,3,1,1,1,HARD,0
11246,3,2,2,2,HARD,1
11246,3,3,3,12,HARD,2
11246,3,4,13,27,SOFT,0
11246,4,1,1,8,MEDIUM,0
11246,4,2,9,11,MEDIUM,8
11246,4,3,12,15,,1
11246,4,4,16,21,MEDIUM,10
11246,4,5,22,27,MEDIUM,16
11246,6,1,1,5,MEDIUM,0
11246,6,2,6,10,MEDIUM,5
11246,6,3,11,13,MEDIUM,0
11246,6,4,14,17,SOFT,0
11246,6,5,18,25,MEDIUM,13
11246,7,1,1,9,HARD,0
11246,7,2,10,15,SOFT,0
11246,7,3,16,23,SOFT,6
11246,7,4,24,26,HARD,0
11246,9,1,1,8,HARD,0
11246,9,2,9,9,HARD,8
11246,9,3,10,10,HARD,9
11246,9,4,11,18,SOFT,0
11246,9,5,19,25,SOFT,8
11246,10,1,1,3,HARD,0
11246,10,2,4,11,HARD,3
11246,10,3,12,15,HARD,0
11246,10,4,16,22,SOFT,0
11246,12,1,1,1,HARD,0
11246,12,2,2,13,HARD,0
11246,12,3,14,18,SOFT,0
11246,12,4,19,19,HARD,13
11246,12,5,20,22,SOFT,5
11246,13,1,1,1,MEDIUM,0
11246,13,2,2,8,MEDIUM,1
11246,13,3,9,13,SOFT,0
11246,13,4,14,17,SOFT,0
11246,13,5,18,26,MEDIUM,8
11246,14,1,1,6,HARD,0
11246,14,2,7,11,HARD,0
11246,14,3,12,19,SOFT,0
11246,14,4,20,27,SOFT,8
11246,15,1,1,1,HARD,0
11246,15,2,2,10,HARD,0
11246,15,3,11,13,SOFT,0
11246,15,4,14,16,SOFT,3
11246,15,5,17,23,HARD,10
11246,16,1,1,9,HARD,0
11246,16,2,10,10,HARD,9
11246,16,3,11,11,HARD,10
11246,16,4,12,18,SOFT,0
11246,16,5,19,23,SOFT,7
11246,17,1,1,9,MEDIUM,0
11246,17,2,10,19,SOFT,0
11246,17,3,20,26,MEDIUM,9
11246,18,1,1,1,HARD,0
11246,18,2,2,8,HARD,0
11246,18,3,9,15,SOFT,0
11246,18,4,16,24,HARD,0
11246,18,5,25,27,SOFT,0
11246,19,1,1,5,MEDIUM,0
11246,19,2,6,10,MEDIUM,0
11246,19,3,11,16,SOFT,0
11246,19,4,17,23,MEDIUM,10
11246,20,1,1,5,HARD,0
11246,20,2,6,10,HARD,5
11246,20,3,11,16,SOFT,0
11246,20,4,17,27,SOFT,6
11246,27,1,1,5,MEDIUM,0
11246,27,2,6,8,MEDIUM,5
11246,27,3,9,13,SOFT,0
11246,27,4,14,18,MEDIUM,8
11246,28,1,1,6,HARD,0
11246,28,2,7,11,HARD,6
11246,28,3,12,13,HARD,0
11246,28,4,14,22,SOFT,0
11246,28,5,23,23,SOFT,9
11246,28,6,24,29,HARD,13
11246,29,1,1,4,HARD,0
11246,29,2,5,10,HARD,4
11246,29,3,11,24,SOFT,0
11246,30,1,1,9,HARD,0
11246,30,2,10,16,SOFT,0
11246,30,3,17,24,HARD,9
11246,31,1,1,2,HARD,0
11246,31,2,3,4,HARD,2
11246,31,3,5,11,HARD,4
11247,1,1,1,4,HARD,0
11247,1,2,5,8,HARD,4
11247,1,3,9,11,SOFT,0
11247,1,4,12,29,HARD,8
11247,2,1,1,2,MEDIUM,0
11247,2,2,3,8,MEDIUM,2
11247,2,3,9,17,SOFT,0
11247,3,1,1,2,MEDIUM,0
11247,3,2,3,4,SOFT,0
11247,3,3,5,11,SOFT,2
11247,4,1,1,6,HARD,0
11247,4,2,7,9,HARD,6
11247,4,3,10,12,SOFT,0
11247,4,4,13,15,SOFT,3
11247,4,5,16,29,HARD,9
11247,6,1,1,10,HARD,0
11247,6,2,11,16,SOFT,0
11247,6,3,17,29,HARD,10
11247,7,1,1,1,MEDIUM,0
11247,7,2,2,8,MEDIUM,1
11247,7,3,9,11,SOFT,0
11247,7,4,12,14,SOFT,3
11247,7,5,15,24,MEDIUM,0
11247,7,6,25,28,SOFT,0
11247,8,1,1,4,SOFT,0
11247,8,2,5,9,SOFT,4
11247,8,3,10,12,SOFT,9
11247,8,4,13,17,SOFT,0
11247,8,5,18,24,SOFT,5
11247,9,1,1,7,MEDIUM,0
11247,9,2,8,14,SOFT,0
11247,9,3,15,16,SOFT,7
11247,9,4,17,28,MEDIUM,7
11247,10,1,1,7,MEDIUM,0
11247,10,2,8,10,MEDIUM,0
11247,10,3,11,13,SOFT,0
11247,10,4,14,16,SOFT,3
11247,10,5,17,21,SOFT,6
11247,12,1,1,10,MEDIUM,0
11247,12,2,11,15,SOFT,0
11247,12,3,16,26,MEDIUM,10
11247,12,4,27,30,SOFT,5
11247,13,1,1,7,HARD,0
11247,13,2,8,12,SOFT,0
11247,13,3,13,20,HARD,7
11247,13,4,21,27,SOFT,0
11247,14,1,1,9,MEDIUM,0
11247,14,2,10,15,SOFT,0
11247,14,3,16,16,SOFT,6
11247,14,4,17,31,MEDIUM,9
11247,15,1,1,9,MEDIUM,0
11247,15,2,10,12,SOFT,0
11247,15,3,13,15,SOFT,3
11247,15,4,16,30,MEDIUM,9
11247,16,1,1,7,MEDIUM,0
11247,16,2,8,16,SOFT,0
11247,16,3,17,19,MEDIUM,7
11247,16,4,20,27,MEDIUM,10
11247,17,1,1,5,HARD,0
11247,17,2,6,10,HARD,5
11247,17,3,11,14,SOFT,0
11247,17,4,15,26,HARD,0
11247,17,5,27,30,SOFT,4
11247,18,1,1,1,MEDIUM,0
11247,18,2,2,4,MEDIUM,1
11247,18,3,5,9,MEDIUM,4
11247,18,4,10,13,SOFT,0
11247,18,5,14,16,SOFT,4
11247,18,6,17,25,MEDIUM,9
11247,18,7,26,29,SOFT,0
11247,19,1,1,7,MEDIUM,0
11247,19,2,8,12,SOFT,0
11247,19,3,13,15,SOFT,7
11247,19,4,16,25,MEDIUM,7
11247,19,5,26,29,SOFT,8
11247,20,1,1,7,MEDIUM,0
11247,20,2,8,10,SOFT,0
11247,20,3,11,13,SOFT,3
11247,20,4,14,28,MEDIUM,7
11247,27,1,1,5,SOFT,0
11247,27,2,6,14,HARD,0
11247,28,1,1,1,MEDIUM,0
11247,29,1,1,8,MEDIUM,0
11247,29,2,9,14,SOFT,0
11247,29,3,15,28,MEDIUM,8
11247,30,1,1,7,MEDIUM,0
11247,30,2,8,10,SOFT,0
11247,30,3,11,13,SOFT,3
11247,30,4,14,28,MEDIUM,7
11248,1,1,1,3,MEDIUM,0
11248,1,2,4,8,MEDIUM,3
11248,1,3,9,13,MEDIUM,8
11248,1,4,14,16,SOFT,0
11248,1,5,17,19,SOFT,3
11248,1,6,20,22,SOFT,6
11248,2,1,1,6,SOFT,0
11248,2,2,7,13,SOFT,0
11248,3,1,1,5,MEDIUM,0
11248,3,2,6,10,MEDIUM,5
11248,3,3,11,12,SOFT,0
11248,3,4,13,15,SOFT,2
11248,3,5,16,18,SOFT,0
11248,3,6,19,21,SOFT,0
11248,4,1,1,12,MEDIUM,0
11248,4,2,13,21,SOFT,0
11248,6,1,1,7,MEDIUM,0
11248,6,2,8,9,MEDIUM,7
11248,6,3,10,11,MEDIUM,9
11248,6,4,12,20,SOFT,0
11248,7,1,1,3,SOFT,0
11248,7,2,4,6,SOFT,3
11248,7,3,7,9,SOFT,6
11248,7,4,10,12,SOFT,0
11248,7,5,13,15,SOFT,3
11248,7,6,16,18,SOFT,9
11248,8,1,1,5,SOFT,0
11248,8,2,6,8,SOFT,5
11248,8,3,9,13,SOFT,0
11248,8,4,14,14,SOFT,0
11248,9,1,1,7,SOFT,0
11248,9,2,8,9,SOFT,7
11248,9,3,10,20,SOFT,0
11248,10,1,1,5,SOFT,0
11248,10,2,6,10,SOFT,5
11248,10,3,11,13,SOFT,0
11248,10,4,14,19,SOFT,3
11248,12,1,1,9,SOFT,0
11248,12,2,10,20,SOFT,0
11248,13,1,1,10,MEDIUM,0
11248,13,2,11,15,SOFT,0
11248,13,3,16,18,SOFT,0
11248,13,4,19,21,SOFT,8
11248,14,1,1,11,MEDIUM,0
11248,14,2,12,14,MEDIUM,0
11248,14,3,15,21,SOFT,0
11248,15,1,1,3,MEDIUM,0
11248,15,2,4,10,MEDIUM,3
11248,15,3,11,16,SOFT,0
11248,15,4,17,19,SOFT,0
11248,15,5,20,22,MEDIUM,10
11248,16,1,1,5,SOFT,0
11248,16,2,6,13,SOFT,5
11248,16,3,14,23,SOFT,0
11248,17,1,1,6,MEDIUM,0
11248,17,2,7,9,MEDIUM,6
11248,17,3,10,17,MEDIUM,0
11248,17,4,18,23,SOFT,0
11248,17,5,24,26,SOFT,6
11248,18,1,1,3,SOFT,0
11248,18,2,4,9,SOFT,3
11248,18,3,10,12,SOFT,0
11248,18,4,13,15,SOFT,3
11248,18,5,16,18,SOFT,9
11248,19,1,1,7,SOFT,0
11248,19,2,8,8,SOFT,7
11248,19,3,9,11,SOFT,0
11248,19,4,12,16,SOFT,3
11248,19,5,17,19,SOFT,8
11248,20,1,1,9,MEDIUM,0
11248,20,2,10,10,MEDIUM,9
11248,20,3,11,12,SOFT,0
11248,20,4,13,15,MEDIUM,0
11248,20,5,16,18,MEDIUM,0
11248,27,1,1,7,SOFT,0
11248,27,2,8,11,SOFT,7
11248,27,3,12,18,SOFT,0
11248,28,1,1,8,SOFT,0
11248,28,2,9,9,SOFT,8
11248,28,3,10,10,SOFT,9
11248,28,4,11,14,SOFT,0
11248,28,5,15,17,SOFT,4
11248,29,1,1,7,MEDIUM,0
11248,29,2,8,10,MEDIUM,7
11248,29,3,11,18,MEDIUM,0
11248,29,4,19,25,SOFT,0
11248,30,1,1,3,SOFT,0
11248,30,2,4,6,SOFT,0
11248,30,3,7,9,SOFT,6
11248,30,4,10,12,SOFT,9
11248,30,5,13,13,SOFT,0
11248,30,6,14,20,SOFT,0
11249,1,1,1,3,SOFT,0
11249,1,2,4,6,SOFT,3
11249,1,3,7,9,SOFT,0
11249,1,4,10,12,SOFT,0
11249,2,1,1,5,SOFT,0
11249,2,2,6,8,SOFT,5
11249,2,3,9,11,SOFT,0
11249,2,4,12,14,SOFT,0
11249,2,5,15,17,SOFT,0
11249,2,6,18,20,SOFT,0
11249,3,1,1,5,SOFT,0
11249,3,2,6,8,SOFT,0
11249,3,3,9,11,SOFT,0
11249,3,4,12,14,SOFT,0
11249,3,5,15,17,SOFT,3
11249,3,6,18,20,SOFT,0
11249,4,1,1,3,SOFT,0
11249,4,2,4,6,SOFT,3
11249,4,3,7,9,SOFT,0
11249,4,4,10,12,SOFT,0
11249,4,5,13,15,SOFT,0
11249,4,6,16,17,SOFT,0
11249,6,1,1,3,SOFT,0
11249,6,2,4,6,SOFT,0
11249,6,3,7,9,SOFT,0
11249,6,4,10,12,SOFT,0
11249,6,5,13,15,SOFT,3
11249,6,6,16,18,SOFT,0
11249,7,1,1,3,SOFT,0
11249,7,2,4,6,SOFT,3
11249,7,3,7,9,SOFT,0
11249,7,4,10,12,SOFT,0
11249,7,5,13,15,SOFT,0
11249,8,1,1,3,SOFT,0
11249,8,2,4,6,SOFT,0
11249,8,3,7,9,SOFT,0
11249,9,1,1,6,SOFT,0
11249,9,2,7,9,SOFT,6
11249,9,3,10,12,SOFT,0
11249,9,4,13,15,SOFT,0
11249,9,5,16,18,SOFT,0
11249,10,1,1,3,SOFT,0
11249,10,2,4,6,SOFT,0
11249,10,3,7,9,SOFT,0
11249,12,1,1,3,SOFT,0
11249,12,2,4,6,SOFT,0
11249,12,3,7,9,SOFT,0
11249,13,1,1,5,SOFT,0
11249,13,2,6,8,SOFT,0
11249,13,3,9,11,SOFT,0
11249,13,4,12,14,SOFT,0
11249,14,1,1,6,SOFT,0
11249,14,2,7,9,SOFT,0
11249,14,3,10,12,SOFT,0
11249,14,4,13,15,SOFT,0
11249,15,1,1,6,SOFT,0
11249,15,2,7,9,SOFT,0
11249,15,3,10,12,SOFT,0
11249,15,4,13,15,SOFT,0
11249,16,1,1,6,SOFT,0
11249,16,2,7,9,SOFT,6
11249,16,3,10,14,SOFT,0
11249,16,4,15,17,SOFT,0
11249,16,5,18,20,SOFT,0
11249,17,1,1,3,SOFT,0
11249,17,2,4,6,SOFT,0
11249,17,3,7,9,SOFT,0
11249,17,4,10,12,SOFT,3
11249,17,5,13,15,SOFT,0
11249,18,1,1,3,SOFT,0
11249,18,2,4,6,SOFT,0
11249,18,3,7,9,SOFT,6
11249,18,4,10,15,SOFT,0
11249,18,5,16,18,SOFT,0
11249,18,6,19,21,SOFT,0
11249,19,1,1,5,SOFT,0
11249,19,2,6,8,SOFT,5
11249,19,3,9,11,SOFT,0
11249,19,4,12,14,SOFT,3
11249,19,5,15,17,SOFT,0
11249,19,6,18,20,SOFT,0
11249,20,1,1,6,SOFT,0
11249,20,2,7,9,SOFT,0
11249,27,1,1,3,SOFT,0
11249,27,2,4,6,SOFT,0
11249,28,1,1,6,SOFT,0
11249,28,2,7,9,SOFT,0
11249,28,3,10,12,SOFT,0
11249,28,4,13,15,SOFT,0
11249,28,5,16,18,SOFT,3
11249,28,6,19,21,SOFT,0
11249,29,1,1,3,SOFT,0
11249,29,2,4,6,SOFT,0
11249,29,3,7,9,SOFT,0
11249,29,4,10,12,SOFT,0
11249,30,1,1,3,SOFT,0
11249,30,2,4,6,SOFT,0
11249,30,3,7,9,SOFT,0
11253,1,1,1,22,MEDIUM,0
11253,1,2,23,53,HARD,0
11253,2,1,1,16,MEDIUM,0
11253,2,2,17,53,HARD,0
11253,3,1,1,22,MEDIUM,0
11253,3,2,23,53,HARD,0
11253,4,1,1,19,MEDIUM,0
11253,4,2,20,53,HARD,0
11253,6,1,1,22,MEDIUM,0
11253,6,2,23,53,HARD,0
11253,7,1,1,22,MEDIUM,0
11253,7,2,23,53,HARD,0
11253,8,1,1,21,MEDIUM,0
11253,8,2,22,23,HARD,0
11253,8,3,24,52,MEDIUM,0
11253,9,1,1,17,MEDIUM,0
11253,9,2,18,53,HARD,0
11253,10,1,1,21,MEDIUM,0
11253,10,2,22,24,HARD,0
11253,10,3,25,30,MEDIUM,0
11253,12,1,1,22,MEDIUM,0
11253,12,2,23,45,HARD,0
11253,12,3,46,46,SOFT,0
11253,12,4,47,47,SOFT,1
11253,12,5,48,48,SOFT,2
11253,12,6,49,49,SOFT,3
11253,12,7,50,51,MEDIUM,0
11253,13,1,1,23,MEDIUM,0
11253,13,2,24,53,HARD,0
11253,14,1,1,22,MEDIUM,0
11253,14,2,23,53,HARD,0
11253,15,1,1,19,MEDIUM,0
11253,15,2,20,53,HARD,0
11253,16,1,1,22,MEDIUM,0
11253,16,2,23,53,HARD,0
11253,17,1,1,22,MEDIUM,0
11253,17,2,23,53,HARD,0
11253,18,1,1,21,MEDIUM,0
11253,18,2,22,53,HARD,0
11253,19,1,1,18,MEDIUM,0
11253,19,2,19,53,HARD,0
11253,20,1,1,16,MEDIUM,0
11253,20,2,17,20,HARD,0
11253,27,1,1,21,MEDIUM,0
11253,27,2,22,53,HARD,0
11253,28,1,1,18,MEDIUM,0
11253,28,2,19,53,HARD,0
11253,29,1,1,17,MEDIUM,0
11253,29,2,18,53,HARD,0
11253,30,1,1,19,HARD,0
11253,30,2,20,52,MEDIUM,0
11270,1,1,1,7,HARD,0
11270,1,2,8,10,MEDIUM,0
11270,1,3,11,13,MEDIUM,0
11270,1,4,14,30,MEDIUM,0
11270,1,5,31,41,SOFT,0
11270,2,1,1,9,HARD,0
11270,2,2,10,16,HARD,9
11270,2,3,17,26,HARD,16
11270,2,4,27,35,SOFT,0
11270,3,1,1,12,HARD,0
11270,3,2,13,18,HARD,0
11270,3,3,19,21,SOFT,0
11270,3,4,22,28,SOFT,0
11270,4,1,1,5,HARD,0
11270,4,2,6,8,HARD,5
11270,4,3,9,14,MEDIUM,0
11270,4,4,15,30,MEDIUM,0
11270,4,5,31,33,SOFT,0
11270,4,6,34,40,SOFT,3
11270,6,1,1,10,HARD,0
11270,6,2,11,24,HARD,0
11270,6,3,25,30,SOFT,0
11270,6,4,31,34,HARD,24
11270,7,1,1,3,HARD,0
11270,7,2,4,6,HARD,3
11270,7,3,7,9,HARD,6
11270,7,4,10,24,HARD,0
11270,8,1,1,1,HARD,0
11270,8,2,2,8,HARD,1
11270,8,3,9,20,SOFT,0
11270,8,4,21,29,MEDIUM,0
11270,9,1,1,10,HARD,0
11270,9,2,11,13,HARD,10
11270,9,3,14,19,HARD,0
11270,9,4,20,30,HARD,0
11270,9,5,31,41,SOFT,0
11270,10,1,1,1,HARD,0
11270,10,2,2,9,HARD,1
11270,10,3,10,14,SOFT,0
11270,10,4,15,19,SOFT,5
11270,10,5,20,22,MEDIUM,0
11270,10,6,23,28,MEDIUM,0
11270,12,1,1,9,HARD,0
11270,12,2,10,11,HARD,9
11270,12,3,12,20,HARD,0
11270,12,4,21,22,HARD,0
11270,12,5,23,31,HARD,0
11270,12,6,32,39,SOFT,0
11270,13,1,1,9,HARD,0
11270,13,2,10,15,HARD,0
11270,13,3,16,25,HARD,0
11270,13,4,26,28,SOFT,0
11270,13,5,29,33,SOFT,3
11270,14,1,1,11,HARD,0
11270,14,2,12,14,HARD,0
11270,14,3,15,28,HARD,0
11270,14,4,29,32,MEDIUM,0
11270,14,5,33,37,MEDIUM,4
11270,14,6,38,41,MEDIUM,0
11270,15,1,1,9,HARD,0
11270,15,2,10,12,HARD,9
11270,15,3,13,23,HARD,12
11270,15,4,24,26,MEDIUM,0
11270,15,5,27,36,SOFT,0
11270,16,1,1,10,HARD,0
11270,16,2,11,14,HARD,0
11270,16,3,15,17,HARD,0
11270,16,4,18,28,HARD,17
11270,16,5,29,35,SOFT,0
11270,17,1,1,9,HARD,0
11270,17,2,10,11,HARD,9
11270,17,3,12,16,HARD,0
11270,17,4,17,18,HARD,0
11270,17,5,19,29,HARD,0
11270,17,6,30,37,SOFT,0
11270,18,1,1,3,HARD,0
11270,18,2,4,5,HARD,3
11270,18,3,6,11,HARD,0
11270,18,4,12,24,HARD,0
11270,18,5,25,27,SOFT,0
11270,18,6,28,30,SOFT,3
11270,18,7,31,34,SOFT,6
11270,19,1,1,9,HARD,0
11270,19,2,10,14,HARD,1
11270,19,3,15,24,HARD,16
11270,19,4,25,35,SOFT,17
11270,20,1,1,9,HARD,0
11270,20,2,10,12,HARD,9
11270,20,3,13,24,HARD,0
11270,20,4,25,27,MEDIUM,0
11270,20,5,28,30,SOFT,0
11270,20,6,31,35,SOFT,0
11270,27,1,1,7,MEDIUM,0
11270,27,2,8,17,MEDIUM,0
11270,27,3,18,20,SOFT,0
11270,27,4,21,25,SOFT,3
11270,28,1,1,15,HARD,0
11270,28,2,16,24,HARD,0
11270,28,3,25,32,MEDIUM,0
11270,28,4,33,41,MEDIUM,8
11270,29,1,1,11,HARD,0
11270,29,2,12,12,HARD,0
11270,29,3,13,24,HARD,0
11270,29,4,25,29,SOFT,0
11270,29,5,30,33,HARD,24
11270,30,1,1,7,MEDIUM,0
11270,30,2,8,10,MEDIUM,7
11270,30,3,11,20,MEDIUM,10
11270,30,4,21,25,SOFT,0
11270,30,5,26,33,SOFT,0
11271,1,1,1,3,MEDIUM,0
11271,1,2,4,9,MEDIUM,0
11271,1,3,10,12,SOFT,0
11271,2,1,1,7,MEDIUM,0
11271,2,2,8,12,MEDIUM,0
11271,2,3,13,15,SOFT,0
11271,3,1,1,6,MEDIUM,0
11271,3,2,7,9,MEDIUM,0
11271,3,3,10,12,MEDIUM,3
11271,4,1,1,6,MEDIUM,0
11271,4,2,7,12,MEDIUM,0
11271,4,3,13,15,SOFT,0
11271,6,1,1,6,MEDIUM,0
11271,6,2,7,12,MEDIUM,0
11271,6,3,13,15,SOFT,6
11271,7,1,1,3,MEDIUM,0
11271,7,2,4,5,MEDIUM,2
11271,7,3,6,8,MEDIUM,0
11271,7,4,9,11,MEDIUM,3
11271,7,5,12,14,SOFT,0
11271,8,1,1,6,MEDIUM,0
11271,9,1,1,6,MEDIUM,0
11271,9,2,7,12,MEDIUM,0
11271,9,3,13,15,SOFT,0
11271,10,1,1,3,MEDIUM,0
11271,12,1,1,6,MEDIUM,0
11271,12,2,7,12,MEDIUM,0
11271,13,1,1,6,MEDIUM,0
11271,13,2,7,9,MEDIUM,0
11271,13,3,10,12,MEDIUM,3
11271,14,1,1,2,MEDIUM,0
11271,14,2,3,5,MEDIUM,0
11271,15,1,1,3,MEDIUM,0
11271,15,2,4,6,MEDIUM,3
11271,16,1,1,6,MEDIUM,0
11271,16,2,7,12,MEDIUM,0
11271,16,3,13,15,SOFT,0
11271,17,1,1,6,MEDIUM,0
11271,17,2,7,12,MEDIUM,0
11271,18,1,1,3,MEDIUM,0
11271,18,2,4,6,MEDIUM,0
11271,18,3,7,9,MEDIUM,0
11271,18,4,10,12,MEDIUM,3
11271,18,5,13,15,SOFT,0
11271,19,1,1,5,MEDIUM,0
11271,19,2,6,8,MEDIUM,0
11271,19,3,9,11,SOFT,0
11271,20,1,1,3,MEDIUM,0
11271,20,2,4,6,MEDIUM,2
11271,20,3,7,9,MEDIUM,0
11271,27,1,1,3,MEDIUM,0
11271,28,1,1,3,MEDIUM,0
11271,28,2,4,6,MEDIUM,0
11271,28,3,7,9,MEDIUM,0
11271,29,1,1,6,MEDIUM,0
11271,29,2,7,12,MEDIUM,0
11271,29,3,13,15,SOFT,5
11271,30,1,1,3,MEDIUM,0
11271,30,2,4,6,MEDIUM,3
11275,1,1,1,19,MEDIUM,3
11275,2,1,1,19,MEDIUM,0
11275,3,1,1,19,MEDIUM,6
11275,4,1,1,19,MEDIUM,6
11275,6,1,1,19,MEDIUM,0
11275,7,1,1,19,MEDIUM,0
11275,8,1,1,19,SOFT,0
11275,9,1,1,19,MEDIUM,0
11275,10,1,1,19,SOFT,0
11275,12,1,1,13,MEDIUM,6
11275,12,2,14,19,MEDIUM,6
11275,13,1,1,1,MEDIUM,6
11275,14,1,1,19,MEDIUM,0
11275,15,1,1,19,MEDIUM,3
11275,16,1,1,19,MEDIUM,0
11275,17,1,1,19,MEDIUM,6
11275,18,1,1,19,MEDIUM,0
11275,19,1,1,19,MEDIUM,0
11275,20,1,1,19,MEDIUM,3
11275,27,1,1,19,HARD,0
11275,28,1,1,1,MEDIUM,3
11275,29,1,1,19,MEDIUM,0
11275,30,1,1,19,HARD,0
11276,1,1,1,3,SOFT,3
11276,1,2,4,6,SOFT,0
11276,1,3,7,9,SOFT,0
11276,1,4,10,12,SOFT,0
11276,1,5,13,15,SOFT,0
11276,2,1,1,3,SOFT,3
11276,2,2,4,6,SOFT,6
11276,2,3,7,8,SOFT,0
11276,2,4,9,14,SOFT,0
11276,2,5,15,17,SOFT,0
11276,2,6,18,20,SOFT,0
11276,3,1,1,3,SOFT,0
11276,4,1,1,3,SOFT,3
11276,4,2,4,9,SOFT,0
11276,4,3,10,12,SOFT,0
11276,4,4,13,15,SOFT,0
11276,4,5,16,18,SOFT,0
11276,4,6,19,21,SOFT,0
11276,6,1,1,2,SOFT,9
11276,6,2,3,8,SOFT,0
11276,6,3,9,11,SOFT,0
11276,6,4,12,14,SOFT,0
11276,6,5,15,17,SOFT,0
11276,6,6,18,20,SOFT,0
11276,7,1,1,3,SOFT,3
11276,7,2,4,6,SOFT,0
11276,7,3,7,9,SOFT,0
11276,7,4,10,12,SOFT,0
11276,7,5,13,15,SOFT,0
11276,7,6,16,17,SOFT,0
11276,8,1,1,3,SOFT,0
11276,8,2,4,6,SOFT,0
11276,8,3,7,8,SOFT,0
11276,9,1,1,3,SOFT,3
11276,9,2,4,9,SOFT,6
11276,9,3,10,12,SOFT,0
11276,9,4,13,15,SOFT,0
11276,9,5,16,18,SOFT,0
11276,9,6,19,21,SOFT,0
11276,10,1,1,3,SOFT,0
11276,10,2,4,6,SOFT,0
11276,10,3,7,9,SOFT,0
11276,12,1,1,3,SOFT,0
11276,12,2,4,6,SOFT,0
11276,12,3,7,9,SOFT,0
11276,12,4,10,12,SOFT,0
11276,12,5,13,15,SOFT,0
11276,13,1,1,3,MEDIUM,6
11276,13,2,4,6,SOFT,0
11276,13,3,7,8,SOFT,0
11276,13,4,9,11,SOFT,0
11276,13,5,12,14,SOFT,0
11276,14,1,1,2,SOFT,0
11276,14,2,3,5,SOFT,0
11276,14,3,6,8,SOFT,0
11276,14,4,9,11,SOFT,0
11276,14,5,12,14,SOFT,0
11276,15,1,1,3,SOFT,0
11276,15,2,4,6,SOFT,0
11276,15,3,7,9,SOFT,0
11276,15,4,10,12,SOFT,0
11276,15,5,13,15,SOFT,0
11276,16,1,1,3,SOFT,3
11276,16,2,4,9,SOFT,6
11276,16,3,10,12,SOFT,0
11276,16,4,13,15,SOFT,0
11276,16,5,16,18,SOFT,0
11276,16,6,19,21,SOFT,0
11276,17,1,1,3,SOFT,0
11276,17,2,4,6,SOFT,0
11276,17,3,7,9,SOFT,0
11276,17,4,10,12,SOFT,0
11276,17,5,13,15,SOFT,0
11276,18,1,1,3,SOFT,3
11276,18,2,4,6,SOFT,0
11276,18,3,7,9,SOFT,0
11276,18,4,10,12,SOFT,0
11276,18,5,13,15,SOFT,0
11276,18,6,16,18,SOFT,0
11276,19,1,1,3,SOFT,3
11276,19,2,4,8,SOFT,6
11276,19,3,9,11,SOFT,0
11276,19,4,12,14,SOFT,0
11276,19,5,15,17,SOFT,0
11276,19,6,18,20,SOFT,0
11276,20,1,1,3,SOFT,0
11276,20,2,4,6,SOFT,0
11276,20,3,7,9,SOFT,0
11276,20,4,10,12,SOFT,0
11276,27,1,1,3,SOFT,0
11276,27,2,4,6,SOFT,0
11276,27,3,7,9,SOFT,0
11276,28,1,1,3,SOFT,0
11276,28,2,4,6,SOFT,0
11276,28,3,7,9,SOFT,0
11276,29,1,1,2,SOFT,0
11276,29,2,3,8,SOFT,0
11276,29,3,9,11,SOFT,0
11276,29,4,12,14,SOFT,0
11276,29,5,15,17,SOFT,0
11276,29,6,18,19,SOFT,0
11276,30,1,1,3,SOFT,0
11276,30,2,4,6,SOFT,0
11276,30,3,7,9,SOFT,0
11280,1,1,1,6,MEDIUM,0
11280,1,2,7,57,HARD,0
11280,2,1,1,27,MEDIUM,0
11280,2,2,28,57,HARD,0
11280,3,1,1,32,MEDIUM,0
11280,3,2,33,56,HARD,0
11280,4,1,1,4,HARD,0
11280,6,1,1,4,MEDIUM,0
11280,7,1,1,26,MEDIUM,0
11280,7,2,27,57,HARD,0
11280,8,1,1,41,MEDIUM,0
11280,8,2,42,56,SOFT,0
11280,9,1,1,21,MEDIUM,0
11280,9,2,22,57,HARD,0
11280,10,1,1,21,MEDIUM,0
11280,10,2,22,37,SOFT,3
11280,10,3,38,56,SOFT,0
11280,12,1,1,27,MEDIUM,3
11280,12,2,28,57,HARD,0
11280,13,1,1,1,MEDIUM,0
11280,13,2,2,7,MEDIUM,0
11280,14,1,1,6,MEDIUM,0
11280,15,1,1,31,MEDIUM,0
11280,15,2,32,56,HARD,0
11280,16,1,1,27,MEDIUM,0
11280,16,2,28,57,HARD,0
11280,17,1,1,28,MEDIUM,0
11280,17,2,29,57,HARD,0
11280,18,1,1,20,MEDIUM,0
11280,18,2,21,57,HARD,0
11280,19,1,1,28,MEDIUM,0
11280,19,2,29,57,HARD,0
11280,20,1,1,26,MEDIUM,0
11280,20,2,27,56,HARD,0
11280,27,1,1,29,MEDIUM,0
11280,27,2,30,56,HARD,0
11280,28,1,1,28,MEDIUM,0
11280,28,2,29,56,HARD,0
11280,29,1,1,31,MEDIUM,0
11280,29,2,32,57,HARD,0
11280,30,1,1,6,MEDIUM,0
11280,30,2,7,21,SOFT,0
11280,30,3,22,30,MEDIUM,0
11280,30,4,31,55,MEDIUM,9
11281,1,1,1,5,HARD,0
11281,1,2,6,7,HARD,5
11281,1,3,8,8,HARD,7
11281,1,4,9,23,HARD,8
11281,1,5,24,27,SOFT,0
11281,1,6,28,31,SOFT,4
11281,2,1,1,5,HARD,0
11281,2,2,6,6,HARD,0
11281,2,3,7,12,HARD,0
11281,2,4,13,24,HARD,12
11281,2,5,25,28,SOFT,0
11281,2,6,29,32,SOFT,4
11281,3,1,1,6,HARD,0
11281,3,2,7,12,HARD,6
11281,3,3,13,25,HARD,12
11281,3,4,26,29,SOFT,0
11281,3,5,30,33,SOFT,4
11281,4,1,1,7,HARD,0
11281,4,2,8,8,HARD,7
11281,4,3,9,23,HARD,8
11281,4,4,24,25,SOFT,0
11281,4,5,26,29,SOFT,2
11281,6,1,1,7,HARD,0
11281,6,2,8,21,HARD,7
11281,6,3,22,25,SOFT,0
11281,6,4,26,29,SOFT,0
11281,7,1,1,6,HARD,0
11281,7,2,7,13,HARD,6
11281,7,3,14,24,HARD,13
11281,7,4,25,29,SOFT,0
11281,7,5,30,33,SOFT,5
11281,8,1,1,1,HARD,0
11281,8,2,2,7,HARD,0
11281,8,3,8,13,SOFT,0
11281,8,4,14,23,SOFT,6
11281,8,5,24,27,MEDIUM,0
11281,8,6,28,31,SOFT,16
11281,9,1,1,7,HARD,0
11281,9,2,8,13,HARD,7
11281,9,3,14,25,HARD,13
11281,9,4,26,32,SOFT,0
11281,9,5,33,36,SOFT,7
11281,10,1,1,1,HARD,0
11281,10,2,2,7,HARD,1
11281,10,3,8,11,SOFT,0
11281,10,4,12,22,SOFT,4
11281,10,5,23,26,MEDIUM,0
11281,10,6,27,30,MEDIUM,4
11281,12,1,1,7,HARD,0
11281,12,2,8,15,HARD,7
11281,13,1,1,5,HARD,0
11281,13,2,6,8,HARD,5
11281,13,3,9,9,HARD,0
11281,13,4,10,13,HARD,9
11281,13,5,14,21,HARD,13
11281,13,6,22,24,SOFT,0
11281,13,7,25,28,SOFT,3
11281,14,1,1,5,MEDIUM,0
11281,15,1,1,3,HARD,0
11281,15,2,4,4,HARD,3
11281,15,3,5,9,HARD,0
11281,15,4,10,22,HARD,9
11281,15,5,23,28,MEDIUM,0
11281,15,6,29,32,HARD,22
11281,16,1,1,6,HARD,0
11281,16,2,7,13,HARD,6
11281,16,3,14,27,HARD,13
11281,16,4,28,32,SOFT,0
11281,16,5,33,36,SOFT,5
11281,17,1,1,6,HARD,0
11281,17,2,7,7,HARD,6
11281,17,3,8,15,HARD,7
11281,17,4,16,29,HARD,15
11281,17,5,30,32,SOFT,0
11281,17,6,33,36,SOFT,3
11281,18,1,1,6,HARD,0
11281,18,2,7,15,HARD,6
11281,18,3,16,23,HARD,15
11281,18,4,24,31,SOFT,0
11281,18,5,32,35,HARD,23
11281,19,1,1,5,HARD,0
11281,19,2,6,13,HARD,5
11281,19,3,14,22,HARD,13
11281,19,4,23,23,HARD,22
11281,19,5,24,28,SOFT,0
11281,19,6,29,32,HARD,23
11281,20,1,1,3,HARD,0
11281,20,2,4,8,HARD,3
11281,20,3,9,16,HARD,8
11281,20,4,17,19,HARD,0
11281,20,5,20,22,MEDIUM,0
11281,20,6,23,26,MEDIUM,3
11281,27,1,1,7,SOFT,0
11281,27,2,8,10,SOFT,7
11281,27,3,11,23,SOFT,10
11281,27,4,24,24,MEDIUM,0
11281,27,5,25,28,MEDIUM,1
11281,28,1,1,7,MEDIUM,0
11281,28,2,8,11,MEDIUM,0
11281,28,3,12,23,MEDIUM,11
11281,28,4,24,29,SOFT,0
11281,28,5,30,33,MEDIUM,23
11281,29,1,1,1,HARD,0
11281,30,1,1,6,MEDIUM,0
11281,30,2,7,9,MEDIUM,6
11281,30,3,10,14,MEDIUM,9
11281,30,4,15,23,MEDIUM,14
11281,30,5,24,24,SOFT,0
11281,30,6,25,28,SOFT,1
11282,1,1,1,6,MEDIUM,0
11282,1,2,7,10,MEDIUM,0
11282,1,3,11,15,SOFT,0
11282,2,1,1,7,MEDIUM,0
11282,2,2,8,10,MEDIUM,6
11282,2,3,11,15,SOFT,0
11282,3,1,1,6,MEDIUM,0
11282,3,2,7,7,MEDIUM,6
11282,3,3,8,14,MEDIUM,0
11282,4,1,1,6,MEDIUM,0
11282,4,2,7,11,MEDIUM,0
11282,4,3,12,17,SOFT,0
11282,6,1,1,6,MEDIUM,0
11282,6,2,7,8,MEDIUM,6
11282,7,1,1,6,MEDIUM,0
11282,7,2,7,11,MEDIUM,0
11282,7,3,12,16,SOFT,0
11282,8,1,1,7,MEDIUM,0
11282,9,1,1,7,MEDIUM,0
11282,9,2,8,13,MEDIUM,0
11282,9,3,14,19,SOFT,0
11282,10,1,1,7,MEDIUM,0
11282,10,2,8,9,MEDIUM,7
11282,13,1,1,6,MEDIUM,0
11282,13,2,7,7,MEDIUM,6
11282,13,3,8,14,MEDIUM,0
11282,15,1,1,7,MEDIUM,0
11282,15,2,8,9,MEDIUM,7
11282,15,3,10,17,MEDIUM,0
11282,16,1,1,8,MEDIUM,0
11282,16,2,9,11,MEDIUM,8
11282,16,3,12,17,MEDIUM,0
11282,16,4,18,23,SOFT,0
11282,17,1,1,7,MEDIUM,0
11282,17,2,8,10,MEDIUM,7
11282,17,3,11,18,MEDIUM,0
11282,17,4,19,24,SOFT,0
11282,18,1,1,6,MEDIUM,0
11282,18,2,7,13,MEDIUM,0
11282,18,3,14,19,SOFT,0
11282,19,1,1,6,MEDIUM,0
11282,19,2,7,10,MEDIUM,0
11282,19,3,11,15,SOFT,0
11282,20,1,1,7,MEDIUM,0
11282,20,2,8,9,MEDIUM,7
11282,20,3,10,17,MEDIUM,0
11282,27,1,1,7,MEDIUM,0
11282,27,2,8,8,MEDIUM,7
11282,28,1,1,7,MEDIUM,0
11282,28,2,8,14,MEDIUM,0
11282,28,3,15,19,SOFT,0
11282,29,1,1,6,MEDIUM,0
11282,29,2,7,8,MEDIUM,6
11282,29,3,9,16,MEDIUM,0
11282,30,1,1,7,MEDIUM,0
11282,30,2,8,8,MEDIUM,7
11286,1,1,1,23,MEDIUM,0
11286,2,1,1,23,MEDIUM,0
11286,3,1,1,23,MEDIUM,7
11286,4,1,1,6,MEDIUM,0
11286,4,2,7,8,MEDIUM,0
11286,4,3,9,20,SOFT,5
11286,6,1,1,18,MEDIUM,0
11286,6,2,19,22,SOFT,0
11286,7,1,1,23,MEDIUM,6
11286,8,1,1,14,MEDIUM,4
11286,8,2,15,15,HARD,0
11286,9,1,1,23,MEDIUM,0
11286,10,1,1,22,SOFT,0
11286,12,1,1,13,MEDIUM,0
11286,12,2,14,22,SOFT,0
11286,13,1,1,23,MEDIUM,6
11286,14,1,1,23,MEDIUM,0
11286,15,1,1,23,MEDIUM,7
11286,16,1,1,23,MEDIUM,0
11286,17,1,1,23,MEDIUM,0
11286,18,1,1,23,MEDIUM,6
11286,19,1,1,23,MEDIUM,0
11286,20,1,1,17,MEDIUM,9
11286,20,2,18,22,MEDIUM,8
11286,27,1,1,23,SOFT,0
11286,28,1,1,23,HARD,0
11286,29,1,1,23,MEDIUM,8
11286,30,1,1,22,SOFT,0
11287,1,1,1,5,SOFT,4
11287,1,2,6,10,SOFT,0
11287,1,3,11,14,SOFT,0
11287,1,4,15,18,SOFT,0
11287,1,5,19,23,SOFT,0
11287,2,1,1,4,SOFT,5
11287,2,2,5,10,SOFT,0
11287,2,3,11,16,SOFT,0
11287,2,4,17,20,SOFT,0
11287,2,5,21,24,SOFT,0
11287,2,6,25,28,SOFT,0
11287,3,1,1,6,SOFT,0
11287,3,2,7,12,SOFT,0
11287,3,3,13,16,SOFT,0
11287,3,4,17,22,SOFT,0
11287,4,1,1,5,SOFT,5
11287,4,2,6,10,SOFT,0
11287,4,3,11,14,SOFT,0
11287,4,4,15,18,SOFT,0
11287,4,5,19,22,SOFT,0
11287,6,1,1,5,SOFT,0
11287,6,2,6,10,SOFT,0
11287,6,3,11,14,SOFT,0
11287,6,4,15,20,SOFT,0
11287,7,1,1,6,SOFT,5
11287,7,2,7,10,SOFT,0
11287,7,3,11,16,SOFT,0
11287,7,4,17,20,SOFT,0
11287,7,5,21,24,SOFT,0
11287,8,1,1,5,SOFT,0
11287,8,2,6,11,SOFT,0
11287,9,1,1,11,SOFT,5
11287,9,2,12,17,SOFT,0
11287,9,3,18,21,SOFT,0
11287,9,4,22,25,SOFT,0
11287,9,5,26,29,SOFT,0
11287,10,1,1,5,SOFT,0
11287,10,2,6,10,SOFT,0
11287,12,1,1,6,SOFT,0
11287,12,2,7,13,SOFT,0
11287,13,1,1,5,SOFT,0
11287,13,2,6,11,SOFT,0
11287,13,3,12,15,SOFT,0
11287,13,4,16,21,SOFT,0
11287,14,1,1,6,SOFT,0
11287,14,2,7,12,SOFT,0
11287,14,3,13,16,SOFT,0
11287,14,4,17,22,SOFT,0
11287,15,1,1,6,SOFT,0
11287,15,2,7,12,SOFT,0
11287,16,1,1,11,SOFT,5
11287,16,2,12,16,SOFT,0
11287,16,3,17,20,SOFT,0
11287,16,4,21,24,SOFT,0
11287,16,5,25,27,SOFT,0
11287,17,1,1,6,SOFT,0
11287,17,2,7,12,SOFT,0
11287,17,3,13,13,SOFT,6
11287,17,4,14,17,SOFT,0
11287,17,5,18,21,SOFT,0
11287,18,1,1,6,SOFT,6
11287,18,2,7,10,SOFT,0
11287,18,3,11,15,SOFT,0
11287,18,4,16,18,SOFT,0
11287,18,5,19,24,SOFT,0
11287,19,1,1,5,SOFT,5
11287,19,2,6,11,SOFT,10
11287,19,3,12,16,SOFT,0
11287,19,4,17,21,UNKNOWN,0
11287,19,5,22,25,SOFT,0
11287,19,6,26,29,SOFT,0
11287,20,1,1,6,SOFT,0
11287,20,2,7,12,SOFT,0
11287,20,3,13,17,SOFT,0
11287,20,4,18,22,SOFT,0
11287,27,1,1,6,SOFT,0
11287,27,2,7,11,SOFT,0
11287,28,1,1,4,SOFT,6
11287,28,2,5,12,SOFT,0
11287,28,3,13,16,SOFT,0
11287,28,4,17,20,SOFT,0
11287,28,5,21,24,SOFT,4
11287,28,6,25,28,SOFT,0
11287,29,1,1,4,SOFT,0
11287,29,2,5,10,SOFT,0
11287,29,3,11,14,SOFT,0
11287,29,4,15,19,SOFT,0
11287,29,5,20,23,SOFT,0
11287,29,6,24,27,SOFT,0
11287,30,1,1,6,SOFT,0
11287,30,2,7,10,SOFT,0
11291,1,1,1,30,SOFT,5
11291,1,2,31,68,MEDIUM,0
11291,2,1,1,1,INTERMEDIATE,0
11291,2,2,2,14,MEDIUM,0
11291,2,3,15,38,MEDIUM,3
11291,3,1,1,1,INTERMEDIATE,0
11291,3,2,2,17,SOFT,0
11291,3,3,18,66,MEDIUM,0
11291,4,1,1,30,SOFT,4
11291,4,2,31,51,MEDIUM,0
11291,4,3,52,61,SOFT,4
11291,4,4,62,67,SOFT,14
11291,6,1,1,29,MEDIUM,0
11291,6,2,30,67,HARD,0
11291,7,1,1,30,SOFT,4
11291,7,2,31,68,MEDIUM,0
11291,8,1,1,19,SOFT,0
11291,8,2,20,23,SOFT,0
11291,9,1,1,30,SOFT,4
11291,9,2,31,68,MEDIUM,0
11291,10,1,1,13,SOFT,0
11291,10,2,14,48,SOFT,0
11291,10,3,49,64,MEDIUM,0
11291,12,1,1,11,SOFT,0
11291,13,1,1,1,INTERMEDIATE,0
11291,13,2,2,19,SOFT,4
11291,13,3,20,66,MEDIUM,0
11291,14,1,1,29,MEDIUM,0
11291,14,2,30,67,SOFT,0
11291,15,1,1,15,SOFT,0
11291,15,2,16,29,MEDIUM,0
11291,15,3,30,66,SOFT,0
11291,16,1,1,30,SOFT,3
11291,16,2,31,68,MEDIUM,0
11291,17,1,1,1,INTERMEDIATE,0
11291,17,2,2,29,MEDIUM,8
11291,17,3,30,67,MEDIUM,0
11291,18,1,1,29,SOFT,3
11291,19,1,1,0,INTERMEDIATE,0
11291,19,2,1,11,MEDIUM,0
11291,19,3,12,50,MEDIUM,0
11291,19,4,51,66,SOFT,4
11291,20,1,1,29,SOFT,5
11291,20,2,30,67,MEDIUM,0
11291,27,1,1,1,INTERMEDIATE,0
11291,27,2,2,14,SOFT,0
11291,27,3,15,28,MEDIUM,0
11291,27,4,29,39,SOFT,0
11291,28,1,1,1,MEDIUM,0
11291,29,1,1,29,MEDIUM,0
11291,29,2,30,67,HARD,0
11291,30,1,1,2,INTERMEDIATE,0
11291,30,2,3,8,SOFT,0
11291,30,3,9,28,MEDIUM,0
11291,30,4,29,48,SOFT,0
11291,30,5,49,64,MEDIUM,0
11292,1,1,1,11,HARD,0
11292,1,2,12,16,HARD,11
11292,1,3,17,26,MEDIUM,0
11292,2,1,1,11,HARD,0
11292,2,2,12,15,MEDIUM,0
11292,2,3,16,24,MEDIUM,0
11292,2,4,25,27,HARD,0
11292,3,1,1,7,HARD,0
11292,3,2,8,18,HARD,7
11292,3,3,19,28,MEDIUM,0
11292,3,4,29,31,MEDIUM,9
11292,4,1,1,11,HARD,0
11292,4,2,12,14,HARD,11
11292,6,1,1,19,HARD,0
11292,6,2,20,29,MEDIUM,0
11292,6,3,30,32,MEDIUM,9
11292,7,1,1,13,HARD,0
11292,7,2,14,21,MEDIUM,0
11292,7,3,22,28,MEDIUM,8
11292,7,4,29,31,HARD,13
11292,8,1,1,4,HARD,0
11292,8,2,5,12,HARD,4
11292,8,3,13,21,MEDIUM,0
11292,9,1,1,4,HARD,0
11292,9,2,5,19,HARD,4
11292,9,3,20,28,MEDIUM,0
11292,9,4,29,31,MEDIUM,8
11292,10,1,1,1,MEDIUM,0
11292,10,2,2,13,MEDIUM,1
11292,10,3,14,16,MEDIUM,0
11292,12,1,1,21,HARD,0
11292,12,2,22,30,MEDIUM,0
11292,12,3,31,33,MEDIUM,8
11292,13,1,1,14,HARD,0
11292,13,2,15,24,MEDIUM,0
11292,13,3,25,27,MEDIUM,9
11292,14,1,1,11,HARD,0
11292,14,2,12,18,HARD,0
11292,14,3,19,21,MEDIUM,0
11292,14,4,22,28,MEDIUM,3
11292,14,5,29,31,MEDIUM,9
11292,15,1,1,19,HARD,0
11292,15,2,20,28,MEDIUM,0
11292,15,3,29,31,MEDIUM,8
11292,16,1,1,12,HARD,0
11292,16,2,13,17,HARD,0
11292,16,3,18,25,MEDIUM,0
11292,16,4,26,28,MEDIUM,7
11292,17,1,1,7,HARD,0
11292,17,2,8,19,HARD,7
11292,17,3,20,28,MEDIUM,0
11292,17,4,29,31,MEDIUM,0
11292,18,1,1,9,HARD,0
11292,18,2,10,18,MEDIUM,0
11292,18,3,19,26,MEDIUM,9
11292,18,4,27,29,MEDIUM,16
11292,19,1,1,5,HARD,0
11292,19,2,6,13,HARD,5
11292,19,3,14,14,HARD,13
11292,19,4,15,18,MEDIUM,0
11292,19,5,19,26,MEDIUM,0
11292,19,6,27,29,HARD,0
11292,20,1,1,18,HARD,0
11292,20,2,19,19,MEDIUM,0
11292,20,3,20,28,MEDIUM,0
11292,20,4,29,31,MEDIUM,8
11292,27,1,1,6,MEDIUM,0
11292,27,2,7,13,MEDIUM,0
11292,27,3,14,18,MEDIUM,13
11292,27,4,19,25,SOFT,0
11292,27,5,26,28,SOFT,6
11292,28,1,1,18,HARD,0
11292,28,2,19,22,MEDIUM,0
11292,28,3,23,31,MEDIUM,4
11292,28,4,32,34,MEDIUM,12
11292,29,1,1,21,HARD,0
11292,29,2,22,29,MEDIUM,0
11292,29,3,30,32,MEDIUM,0
11292,30,1,1,15,MEDIUM,0
11292,30,2,16,24,SOFT,0
11292,30,3,25,27,SOFT,8
11293,1,1,1,10,MEDIUM,0
11293,1,2,11,20,SOFT,0
11293,1,3,21,30,SOFT,0
11293,1,4,31,31,MEDIUM,10
11293,1,5,32,35,MEDIUM,11
11293,2,1,1,6,MEDIUM,0
11293,2,2,7,8,MEDIUM,0
11293,3,1,1,9,MEDIUM,0
11293,3,2,10,11,MEDIUM,9
11293,3,3,12,27,SOFT,0
11293,3,4,28,30,MEDIUM,11
11293,3,5,31,35,MEDIUM,14
11293,4,1,1,3,MEDIUM,0
11293,4,2,4,11,MEDIUM,0
11293,4,3,12,19,SOFT,0
11293,4,4,20,20,MEDIUM,11
11293,4,5,21,24,MEDIUM,12
11293,6,1,1,9,MEDIUM,0
11293,6,2,10,25,SOFT,0
11293,6,3,26,32,MEDIUM,9
11293,6,4,33,37,MEDIUM,0
11293,7,1,1,7,MEDIUM,0
11293,7,2,8,10,MEDIUM,7
11293,7,3,11,26,SOFT,0
11293,7,4,27,30,SOFT,16
11293,7,5,31,35,SOFT,20
11293,8,1,1,8,SOFT,0
11293,8,2,9,15,SOFT,8
11293,8,3,16,23,SOFT,0
11293,8,4,24,26,SOFT,8
11293,8,5,27,30,SOFT,11
11293,9,1,1,16,MEDIUM,0
11293,9,2,17,30,SOFT,0
11293,9,3,31,31,MEDIUM,16
11293,9,4,32,36,MEDIUM,17
11293,10,1,1,15,SOFT,0
11293,10,2,16,27,SOFT,0
11293,12,1,1,17,MEDIUM,0
11293,12,2,18,29,SOFT,0
11293,12,3,30,34,MEDIUM,17
11293,12,4,35,39,SOFT,12
11293,13,1,1,10,MEDIUM,0
11293,13,2,11,20,SOFT,0
11293,13,3,21,30,MEDIUM,10
11293,13,4,31,34,MEDIUM,20
11293,14,1,1,15,MEDIUM,0
11293,14,2,16,28,SOFT,0
11293,14,3,29,31,MEDIUM,15
11293,14,4,32,36,MEDIUM,0
11293,15,1,1,15,MEDIUM,0
11293,15,2,16,26,SOFT,0
11293,15,3,27,30,MEDIUM,15
11293,15,4,31,35,MEDIUM,19
11293,16,1,1,19,MEDIUM,0
11293,16,2,20,26,SOFT,0
11293,16,3,27,30,SOFT,0
11293,16,4,31,31,MEDIUM,19
11293,16,5,32,36,MEDIUM,0
11293,17,1,1,9,MEDIUM,0
11293,17,2,10,14,MEDIUM,9
11293,17,3,15,26,SOFT,0
11293,17,4,27,30,SOFT,12
11293,17,5,31,34,SOFT,16
11293,18,1,1,11,MEDIUM,0
11293,18,2,12,25,SOFT,0
11293,18,3,26,31,SOFT,14
11293,18,4,32,35,MEDIUM,20
11293,19,1,1,8,MEDIUM,0
11293,19,2,9,11,SOFT,0
11293,19,3,12,19,SOFT,3
11293,19,4,20,27,SOFT,11
11293,19,5,28,31,MEDIUM,0
11293,20,1,1,14,MEDIUM,1
11293,20,2,15,25,SOFT,0
11293,20,3,26,32,SOFT,11
11293,20,4,33,37,MEDIUM,15
11293,27,1,1,14,MEDIUM,0
11293,27,2,15,23,SOFT,0
11293,27,3,24,24,MEDIUM,14
11293,27,4,25,31,SOFT,0
11293,28,1,1,14,MEDIUM,0
11293,28,2,15,29,SOFT,0
11293,28,3,30,32,SOFT,15
11293,28,4,33,37,SOFT,0
11293,29,1,1,10,MEDIUM,0
11293,29,2,11,20,SOFT,0
11293,29,3,21,26,MEDIUM,10
11293,29,4,27,31,MEDIUM,0
11293,30,1,1,9,MEDIUM,0
11293,30,2,10,20,SOFT,0
11293,30,3,21,28,SOFT,11
11294,1,1,1,5,SOFT,0
11294,1,2,6,14,SOFT,0
11294,1,3,15,18,SOFT,0
11294,1,4,19,23,SOFT,4
11294,2,1,1,8,SOFT,0
11294,2,2,9,16,SOFT,0
11294,2,3,17,20,SOFT,0
11294,2,4,21,24,SOFT,4
11294,3,1,1,7,SOFT,0
11294,3,2,8,17,SOFT,7
11294,3,3,18,22,SOFT,0
11294,3,4,23,27,SOFT,5
11294,4,1,1,5,SOFT,0
11294,4,2,6,15,SOFT,5
11294,4,3,16,19,SOFT,0
11294,4,4,20,20,SOFT,4
11294,4,5,21,25,SOFT,5
11294,6,1,1,15,SOFT,0
11294,6,2,16,17,SOFT,0
11294,6,3,18,22,SOFT,2
11294,7,1,1,6,SOFT,0
11294,7,2,7,12,SOFT,6
11294,7,3,13,19,SOFT,0
11294,7,4,20,22,SOFT,7
11294,8,1,1,11,SOFT,0
11294,8,2,12,19,SOFT,11
11294,8,3,20,21,SOFT,0
11294,8,4,22,26,SOFT,0
11294,9,1,1,17,SOFT,0
11294,9,2,18,21,SOFT,0
11294,9,3,22,27,SOFT,0
11294,9,4,28,32,SOFT,6
11294,10,1,1,8,SOFT,0
11294,10,2,9,13,SOFT,8
11294,10,3,14,19,SOFT,0
11294,10,4,20,22,SOFT,0
11294,12,1,1,16,SOFT,0
11294,12,2,17,19,SOFT,0
11294,12,3,20,24,SOFT,3
11294,13,1,1,11,SOFT,0
11294,13,2,12,17,SOFT,0
11294,13,3,18,22,SOFT,0
11294,14,1,1,6,SOFT,0
11294,14,2,7,9,SOFT,6
11294,14,3,10,19,SOFT,9
11294,14,4,20,22,SOFT,0
11294,14,5,23,23,SOFT,0
11294,14,6,24,27,SOFT,1
11294,15,1,1,13,SOFT,0
11294,15,2,14,19,SOFT,0
11294,15,3,20,24,SOFT,6
11294,16,1,1,17,SOFT,0
11294,16,2,18,21,SOFT,0
11294,16,3,22,26,SOFT,0
11294,16,4,27,30,SOFT,5
11294,17,1,1,17,SOFT,0
11294,17,2,18,21,SOFT,0
11294,17,3,22,26,SOFT,4
11294,18,1,1,10,SOFT,0
11294,18,2,11,13,SOFT,10
11294,18,3,14,19,SOFT,0
11294,18,4,20,23,SOFT,6
11294,19,1,1,10,SOFT,0
11294,19,2,11,15,SOFT,10
11294,19,3,16,16,SOFT,0
11294,19,4,17,20,SOFT,1
11294,20,1,1,12,SOFT,0
11294,20,2,13,18,SOFT,0
11294,27,1,1,3,SOFT,10
11294,27,2,4,7,SOFT,13
11294,27,3,8,14,SOFT,0
11294,27,4,15,19,SOFT,0
11294,28,1,1,4,SOFT,0
11294,28,2,5,12,SOFT,4
11294,28,3,13,18,SOFT,12
11294,28,4,19,19,SOFT,0
11294,28,5,20,24,SOFT,1
11294,29,1,1,16,SOFT,0
11294,29,2,17,21,SOFT,0
11294,30,1,1,4,SOFT,0
11294,30,2,5,12,SOFT,0
11294,30,3,13,17,SOFT,0
11295,1,1,1,8,SOFT,0
11295,1,2,9,14,SOFT,0
11295,1,3,15,18,SOFT,0
11295,1,4,19,22,SOFT,0
11295,1,5,23,26,SOFT,0
11295,2,1,1,11,SOFT,0
11295,2,2,12,17,SOFT,0
11295,2,3,18,21,SOFT,0
11295,2,4,22,25,SOFT,0
11295,2,5,26,28,SOFT,0
11295,3,1,1,7,SOFT,0
11295,3,2,8,10,SOFT,0
11295,4,1,1,8,SOFT,0
11295,4,2,9,9,SOFT,0
11295,4,3,10,13,SOFT,0
11295,4,4,14,17,SOFT,0
11295,4,5,18,21,SOFT,0
11295,4,6,22,25,SOFT,0
11295,6,1,1,5,SOFT,0
11295,6,2,6,11,SOFT,0
11295,6,3,12,13,SOFT,6
11295,6,4,14,18,SOFT,0
11295,6,5,19,24,SOFT,0
11295,6,6,25,28,SOFT,5
11295,6,7,29,32,SOFT,0
11295,7,1,1,10,SOFT,0
11295,7,2,11,16,SOFT,0
11295,7,3,17,20,SOFT,0
11295,7,4,21,24,SOFT,0
11295,7,5,25,28,SOFT,0
11295,8,1,1,6,SOFT,0
11295,8,2,7,11,SOFT,0
11295,8,3,12,13,SOFT,0
11295,9,1,1,10,SOFT,0
11295,9,2,11,17,SOFT,0
11295,9,3,18,21,SOFT,0
11295,9,4,22,24,SOFT,0
11295,9,5,25,29,SOFT,0
11295,10,1,1,6,SOFT,0
11295,10,2,7,10,SOFT,0
11295,10,3,11,11,SOFT,6
11295,12,1,1,7,SOFT,0
11295,12,2,8,11,SOFT,0
11295,12,3,12,14,SOFT,0
11295,12,4,15,20,SOFT,0
11295,12,5,21,24,SOFT,0
11295,13,1,1,7,SOFT,0
11295,13,2,8,11,SOFT,0
11295,13,3,12,17,SOFT,3
11295,13,4,18,21,SOFT,0
11295,14,1,1,6,SOFT,0
11295,14,2,7,11,SOFT,0
11295,14,3,12,17,SOFT,0
11295,14,4,18,21,SOFT,0
11295,14,5,22,25,SOFT,0
11295,14,6,26,29,SOFT,5
11295,15,1,1,7,SOFT,0
11295,15,2,8,11,SOFT,0
11295,15,3,12,14,SOFT,0
11295,16,1,1,10,SOFT,0
11295,16,2,11,14,SOFT,0
11295,16,3,15,16,SOFT,0
11295,16,4,17,20,SOFT,0
11295,16,5,21,24,SOFT,0
11295,16,6,25,28,SOFT,0
11295,17,1,1,7,SOFT,0
11295,17,2,8,10,SOFT,0
11295,17,3,11,13,SOFT,3
11295,17,4,14,19,SOFT,0
11295,17,5,20,23,SOFT,0
11295,18,1,1,10,SOFT,0
11295,18,2,11,16,SOFT,0
11295,18,3,17,20,SOFT,0
11295,18,4,21,24,SOFT,0
11295,18,5,25,28,SOFT,0
11295,19,1,1,10,SOFT,0
11295,19,2,11,11,SOFT,10
11295,19,3,12,15,SOFT,0
11295,19,4,16,21,SOFT,0
11295,19,5,22,25,SOFT,0
11295,19,6,26,29,SOFT,0
11295,20,1,1,8,SOFT,0
11295,20,2,9,11,SOFT,0
11295,20,3,12,14,SOFT,0
11295,27,1,1,6,SOFT,0
11295,27,2,7,10,SOFT,0
11295,27,3,11,12,SOFT,3
11295,28,1,1,6,SOFT,0
11295,28,2,7,11,SOFT,0
11295,28,3,12,12,SOFT,0
11295,28,4,13,18,SOFT,0
11295,28,5,19,23,SOFT,0
11295,29,1,1,5,SOFT,0
11295,29,2,6,11,SOFT,0
11295,29,3,12,13,SOFT,6
11295,29,4,14,18,SOFT,0
11295,29,5,19,24,SOFT,0
11295,30,1,1,7,SOFT,0
11295,30,2,8,10,SOFT,0
11295,30,3,11,13,SOFT,3
11299,1,1,1,1,MEDIUM,0
11299,2,1,1,43,MEDIUM,0
11299,3,1,1,0,SOFT,0
11299,3,2,1,42,HARD,0
11299,3,3,43,57,MEDIUM,0
11299,3,4,58,58,MEDIUM,0
11299,3,5,59,64,SOFT,0
11299,3,6,65,66,SOFT,0
11299,3,7,67,67,SOFT,0
11299,3,8,68,78,SOFT,0
11299,4,1,1,31,MEDIUM,0
11299,4,2,32,59,HARD,0
11299,4,3,60,65,HARD,28
11299,4,4,66,67,HARD,34
11299,4,5,68,78,SOFT,4
11299,6,1,1,44,MEDIUM,0
11299,6,2,45,59,HARD,0
11299,6,3,60,65,HARD,0
11299,6,4,66,67,HARD,0
11299,6,5,68,78,SOFT,4
11299,7,1,1,36,MEDIUM,0
11299,7,2,37,60,HARD,0
11299,7,3,61,65,SOFT,4
11299,7,4,66,67,SOFT,9
11299,7,5,68,78,SOFT,4
11299,8,1,1,2,MEDIUM,0
11299,8,2,3,57,SOFT,0
11299,8,3,58,58,SOFT,0
11299,8,4,59,64,SOFT,0
11299,8,5,65,66,SOFT,7
11299,8,6,67,67,SOFT,8
11299,8,7,68,78,SOFT,8
11299,9,1,1,34,MEDIUM,0
11299,9,2,35,59,HARD,0
11299,9,3,60,60,SOFT,4
11299,9,4,61,64,SOFT,5
11299,10,1,1,3,MEDIUM,0
11299,10,2,4,56,SOFT,0
11299,12,1,1,42,MEDIUM,0
11299,12,2,43,58,SOFT,0
11299,12,3,59,64,SOFT,16
11299,12,4,65,66,SOFT,22
11299,12,5,67,67,SOFT,6
11299,12,6,68,78,SOFT,6
11299,13,1,1,11,MEDIUM,0
11299,13,2,12,57,HARD,0
11299,13,3,58,58,HARD,0
11299,13,4,59,64,HARD,0
11299,13,5,65,66,HARD,53
11299,13,6,67,67,SOFT,0
11299,13,7,68,78,SOFT,0
11299,14,1,1,43,MEDIUM,0
11299,14,2,44,59,SOFT,4
11299,14,3,60,65,SOFT,0
11299,14,4,66,67,SOFT,26
11299,14,5,68,78,SOFT,6
11299,15,1,1,8,MEDIUM,0
11299,15,2,9,58,HARD,0
11299,15,3,59,64,HARD,50
11299,15,4,65,66,HARD,56
11299,15,5,67,67,SOFT,0
11299,15,6,68,78,SOFT,0
11299,16,1,1,27,MEDIUM,0
11299,16,2,28,59,HARD,0
11299,16,3,60,60,SOFT,4
11299,16,4,61,65,SOFT,5
11299,16,5,66,67,SOFT,10
11299,16,6,68,78,SOFT,4
11299,17,1,1,51,MEDIUM,0
11299,17,2,52,58,SOFT,0
11299,17,3,59,64,SOFT,7
11299,17,4,65,66,SOFT,13
11299,17,5,67,67,SOFT,0
11299,17,6,68,70,SOFT,4
11299,18,1,1,30,MEDIUM,0
11299,18,2,31,59,HARD,0
11299,18,3,60,65,SOFT,4
11299,18,4,66,67,SOFT,10
11299,18,5,68,71,SOFT,4
11299,18,6,72,78,SOFT,8
11299,19,1,1,47,MEDIUM,0
11299,19,2,48,58,HARD,0
11299,19,3,59,59,SOFT,4
11299,19,4,60,65,SOFT,5
11299,19,5,66,67,SOFT,11
11299,19,6,68,78,SOFT,4
11299,20,1,1,0,MEDIUM,0
11299,20,2,1,27,HARD,0
11299,27,1,1,3,SOFT,0
11299,27,2,4,8,MEDIUM,0
11299,27,3,9,58,MEDIUM,5
11299,27,4,59,64,SOFT,0
11299,27,5,65,66,SOFT,6
11299,27,6,67,67,SOFT,6
11299,27,7,68,78,SOFT,0
11299,28,1,1,58,MEDIUM,0
11299,28,2,59,64,MEDIUM,0
11299,28,3,65,66,MEDIUM,65
11299,28,4,67,67,SOFT,0
11299,28,5,68,78,SOFT,0
11299,29,1,1,34,MEDIUM,0
11299,29,2,35,58,HARD,0
11299,29,3,59,64,HARD,24
11299,29,4,65,66,HARD,0
11299,29,5,67,67,SOFT,0
11299,29,6,68,78,SOFT,0
11299,30,1,1,0,SOFT,0
11299,30,2,1,15,MEDIUM,0
11300,1,1,1,5,MEDIUM,0
11300,1,2,6,10,MEDIUM,5
11300,1,3,11,13,SOFT,0
11300,1,4,14,16,SOFT,3
11300,1,5,17,22,MEDIUM,10
11300,1,6,23,29,SOFT,6
11300,3,1,1,2,MEDIUM,0
11300,3,2,3,5,MEDIUM,0
11300,3,3,6,8,MEDIUM,0
11300,3,4,9,11,MEDIUM,8
11300,3,5,12,13,MEDIUM,11
11300,3,6,14,16,SOFT,0
11300,3,7,17,19,SOFT,0
11300,3,8,20,28,SOFT,6
11300,6,1,1,2,MEDIUM,0
11300,6,2,3,11,MEDIUM,2
11300,6,3,12,15,MEDIUM,11
11300,6,4,16,18,SOFT,0
11300,6,5,19,20,SOFT,3
11300,6,6,21,23,MEDIUM,15
11300,8,1,1,7,MEDIUM,0
11300,8,2,8,12,MEDIUM,7
11300,8,3,13,15,SOFT,0
11300,8,4,16,18,SOFT,3
11300,8,5,19,23,SOFT,6
11300,9,1,1,6,MEDIUM,0
11300,9,2,7,8,MEDIUM,6
11300,9,3,9,11,MEDIUM,8
11300,9,4,12,14,MEDIUM,11
11300,9,5,15,17,SOFT,0
11300,9,6,18,20,SOFT,0
11300,9,7,21,29,MEDIUM,14
11300,10,1,1,5,MEDIUM,0
11300,10,2,6,8,MEDIUM,0
11300,10,3,9,12,MEDIUM,8
11300,10,4,13,18,SOFT,0
11300,10,5,19,21,SOFT,6
11300,14,1,1,4,MEDIUM,0
11300,14,2,5,7,MEDIUM,0
11300,14,3,8,9,MEDIUM,0
11300,14,4,10,14,MEDIUM,9
11300,14,5,15,18,SOFT,0
11300,14,6,19,19,MEDIUM,14
11300,14,7,20,24,SOFT,4
11300,15,1,1,6,HARD,0
11300,15,2,7,12,HARD,0
11300,15,3,13,15,SOFT,0
11300,15,4,16,20,HARD,12
11300,15,5,21,27,HARD,0
11300,17,1,1,1,MEDIUM,0
11300,17,2,2,9,MEDIUM,1
11300,17,3,10,12,MEDIUM,9
11300,17,4,13,16,SOFT,0
11300,17,5,17,27,SOFT,4
11300,18,1,1,9,MEDIUM,0
11300,18,2,10,12,SOFT,0
11300,18,3,13,24,SOFT,3
11300,18,4,25,27,MEDIUM,9
11300,19,1,1,8,MEDIUM,0
11300,19,2,9,14,MEDIUM,8
11300,19,3,15,17,SOFT,0
11300,19,4,18,20,SOFT,3
11300,19,5,21,25,SOFT,6
11300,19,6,26,29,MEDIUM,14
11300,20,1,1,2,HARD,0
11300,20,2,3,8,HARD,2
11300,20,3,9,11,HARD,0
11300,20,4,12,14,HARD,0
11300,20,5,15,17,HARD,0
11300,20,6,18,25,SOFT,0
11300,22,1,1,3,MEDIUM,0
11300,22,2,4,5,MEDIUM,3
11300,22,3,6,14,MEDIUM,5
11300,22,4,15,21,SOFT,0
11300,23,1,1,9,MEDIUM,0
11300,23,2,10,18,MEDIUM,0
11300,23,3,19,30,SOFT,0
11300,26,1,1,1,MEDIUM,0
11300,26,2,2,6,MEDIUM,1
11300,26,3,7,15,SOFT,0
11300,26,4,16,25,SOFT,9
11300,26,5,26,28,SOFT,19
11300,28,1,1,5,MEDIUM,0
11300,28,2,6,8,MEDIUM,0
11300,28,3,9,11,MEDIUM,0
11300,28,4,12,14,SOFT,0
11300,28,5,15,17,SOFT,0
11300,28,6,18,25,SOFT,6
11300,28,7,26,29,MEDIUM,0
11300,29,1,1,2,MEDIUM,0
11300,29,2,3,8,MEDIUM,2
11300,29,3,9,11,MEDIUM,0
11300,29,4,12,14,SOFT,0
11300,29,5,15,23,SOFT,0
11300,29,6,24,28,MEDIUM,0
11300,30,1,1,1,MEDIUM,0
11300,30,2,2,4,MEDIUM,1
11300,30,3,5,10,MEDIUM,4
11300,30,4,11,23,SOFT,0
11300,32,1,1,2,SOFT,0
11300,32,2,3,11,SOFT,2
11300,32,3,12,17,SOFT,0
11300,32,4,18,24,SOFT,6
11300,33,1,1,11,SOFT,0
11300,33,2,12,14,SOFT,0
11300,33,3,15,17,SOFT,3
11300,33,4,18,27,SOFT,6
11300,34,1,1,1,MEDIUM,0
11300,34,2,2,2,MEDIUM,0
11300,34,3,3,3,MEDIUM,0
11300,34,4,4,4,MEDIUM,0
11300,34,5,5,5,MEDIUM,0
11300,34,6,6,6,MEDIUM,5
11300,34,7,7,12,MEDIUM,0
11300,34,8,13,22,SOFT,0
11301,1,1,1,3,HARD,0
11301,1,2,4,6,HARD,3
11301,1,3,7,9,SOFT,0
11301,1,4,10,21,HARD,6
11301,1,5,22,33,SOFT,3
11301,2,1,1,3,MEDIUM,0
11301,2,2,4,12,MEDIUM,3
11301,2,3,13,15,SOFT,0
11301,2,4,16,26,SOFT,12
11301,2,5,27,30,MEDIUM,12
11301,3,1,1,3,MEDIUM,0
11301,3,2,4,6,MEDIUM,3
11301,3,3,7,9,MEDIUM,0
11301,3,4,10,12,SOFT,0
11301,3,5,13,14,SOFT,3
11301,3,6,15,24,MEDIUM,9
11301,3,7,25,27,SOFT,5
11301,4,1,1,6,MEDIUM,0
11301,4,2,7,8,MEDIUM,6
11301,4,3,9,14,SOFT,0
11301,4,4,15,23,MEDIUM,8
11301,4,5,24,30,SOFT,6
11301,6,1,1,3,MEDIUM,0
11301,6,2,4,6,MEDIUM,3
11301,6,3,7,9,MEDIUM,6
11301,6,4,10,11,SOFT,0
11301,6,5,12,14,SOFT,5
11301,6,6,15,29,MEDIUM,9
11301,7,1,1,3,MEDIUM,0
11301,7,2,4,5,MEDIUM,3
11301,7,3,6,7,MEDIUM,5
11301,7,4,8,10,MEDIUM,7
11301,7,5,11,13,SOFT,0
11301,7,6,14,25,SOFT,3
11301,7,7,26,31,MEDIUM,0
11301,8,1,1,7,MEDIUM,0
11301,8,2,8,10,SOFT,0
11301,8,3,11,12,SOFT,3
11301,8,4,13,17,SOFT,5
11301,8,5,18,21,MEDIUM,7
11301,9,1,1,3,MEDIUM,0
11301,9,2,4,6,MEDIUM,3
11301,9,3,7,9,MEDIUM,0
11301,9,4,10,12,SOFT,0
11301,9,5,13,14,SOFT,3
11301,9,6,15,23,MEDIUM,9
11301,9,7,24,25,SOFT,5
11301,9,8,26,29,SOFT,7
11301,10,1,1,6,MEDIUM,0
11301,10,2,7,9,SOFT,0
11301,10,3,10,11,SOFT,3
11301,10,4,12,16,MEDIUM,6
11301,10,5,17,20,MEDIUM,11
11301,12,1,1,9,MEDIUM,0
11301,12,2,10,14,SOFT,0
11301,12,3,15,18,MEDIUM,9
11301,12,4,19,29,SOFT,5
11301,13,1,1,6,MEDIUM,0
11301,13,2,7,9,MEDIUM,6
11301,13,3,10,12,SOFT,0
11301,13,4,13,15,SOFT,3
11301,13,5,16,26,MEDIUM,9
11301,13,6,27,31,SOFT,0
11301,14,1,1,3,MEDIUM,0
11301,14,2,4,4,MEDIUM,0
11301,14,3,5,8,SOFT,0
11301,15,1,1,3,MEDIUM,0
11301,15,2,4,7,MEDIUM,0
11301,15,3,8,10,SOFT,0
11301,15,4,11,12,SOFT,3
11301,15,5,13,29,MEDIUM,7
11301,16,1,1,6,MEDIUM,0
11301,16,2,7,11,MEDIUM,6
11301,16,3,12,14,SOFT,0
11301,16,4,15,18,SOFT,0
11301,16,5,19,28,MEDIUM,11
11301,17,1,1,3,MEDIUM,0
11301,17,2,4,6,MEDIUM,3
11301,17,3,7,9,SOFT,0
11301,17,4,10,15,MEDIUM,6
11301,17,5,16,25,MEDIUM,12
11301,17,6,26,29,SOFT,3
11301,18,1,1,4,MEDIUM,0
11301,18,2,5,7,MEDIUM,4
11301,18,3,8,10,SOFT,0
11301,18,4,11,21,MEDIUM,7
11301,18,5,22,28,SOFT,3
11301,19,1,1,3,MEDIUM,0
11301,19,2,4,6,MEDIUM,3
11301,19,3,7,9,SOFT,0
11301,19,4,10,11,MEDIUM,3
11301,19,5,12,20,MEDIUM,8
11301,19,6,21,24,SOFT,3
11301,20,1,1,3,MEDIUM,0
11301,20,2,4,6,MEDIUM,0
11301,20,3,7,10,MEDIUM,0
11301,20,4,11,13,SOFT,0
11301,20,5,14,25,SOFT,3
11301,20,6,26,31,MEDIUM,10
11301,27,1,1,6,MEDIUM,0
11301,27,2,7,9,MEDIUM,0
11301,27,3,10,10,MEDIUM,9
11301,27,4,11,16,SOFT,0
11301,27,5,17,28,MEDIUM,10
11301,27,6,29,34,SOFT,6
11301,28,1,1,3,MEDIUM,0
11301,28,2,4,4,MEDIUM,3
11301,28,3,5,7,MEDIUM,0
11301,28,4,8,10,SOFT,0
11301,28,5,11,29,MEDIUM,7
11301,29,1,1,3,MEDIUM,0
11301,29,2,4,6,MEDIUM,0
11301,29,3,7,9,MEDIUM,0
11301,29,4,10,12,SOFT,0
11301,29,5,13,15,SOFT,0
11301,29,6,16,30,MEDIUM,9
11301,30,1,1,3,MEDIUM,0
11301,30,2,4,6,SOFT,0
11302,1,1,1,3,SOFT,0
11302,1,2,4,6,SOFT,3
11302,1,3,7,9,SOFT,0
11302,1,4,10,12,SOFT,3
11302,2,1,1,3,SOFT,0
11302,2,2,4,9,SOFT,3
11302,2,3,10,12,SOFT,0
11302,2,4,13,15,SOFT,3
11302,3,1,1,3,SOFT,0
11302,3,2,4,6,SOFT,3
11302,3,3,7,9,SOFT,0
11302,3,4,10,10,SOFT,3
11302,3,5,11,13,SOFT,0
11302,4,1,1,3,SOFT,0
11302,4,2,4,6,SOFT,0
11302,4,3,7,8,SOFT,0
11302,4,4,9,10,SOFT,2
11302,4,5,11,15,SOFT,4
11302,6,1,1,3,SOFT,0
11302,6,2,4,5,SOFT,3
11302,6,3,6,8,SOFT,5
11302,6,4,9,10,SOFT,0
11302,6,5,11,15,SOFT,0
11302,7,1,1,3,SOFT,0
11302,7,2,4,6,SOFT,3
11302,7,3,7,9,SOFT,0
11302,7,4,10,12,SOFT,6
11302,8,1,1,4,SOFT,0
11302,8,2,5,6,SOFT,4
11302,8,3,7,8,SOFT,6
11302,8,4,9,11,SOFT,8
11302,8,5,12,14,SOFT,0
11302,8,6,15,18,SOFT,0
11302,9,1,1,3,SOFT,0
11302,9,2,4,6,SOFT,0
11302,9,3,7,10,SOFT,6
11302,9,4,11,13,SOFT,0
11302,9,5,14,17,SOFT,3
11302,10,1,1,6,SOFT,0
11302,10,2,7,7,SOFT,6
11302,10,3,8,10,SOFT,7
11302,10,4,11,13,SOFT,0
11302,10,5,14,17,SOFT,3
11302,12,1,1,3,SOFT,0
11302,12,2,4,5,SOFT,3
11302,12,3,6,8,SOFT,5
11302,12,4,9,10,SOFT,0
11302,12,5,11,15,SOFT,2
11302,13,1,1,3,MEDIUM,0
11302,13,2,4,6,MEDIUM,3
11302,13,3,7,13,MEDIUM,6
11302,13,4,14,16,SOFT,0
11302,13,5,17,19,SOFT,3
11302,13,6,20,22,SOFT,6
11302,14,1,1,4,SOFT,0
11302,14,2,5,7,SOFT,4
11302,14,3,8,8,SOFT,0
11302,14,4,9,10,SOFT,0
11302,14,5,11,12,SOFT,3
11302,14,6,13,15,SOFT,0
11302,15,1,1,3,SOFT,0
11302,15,2,4,6,SOFT,0
11302,15,3,7,7,SOFT,6
11302,15,4,8,8,SOFT,0
11302,15,5,9,12,SOFT,0
11302,15,6,13,15,SOFT,4
11302,16,1,1,4,SOFT,0
11302,16,2,5,7,SOFT,0
11302,16,3,8,10,SOFT,0
11302,16,4,11,16,SOFT,3
11302,17,1,1,4,SOFT,0
11302,17,2,5,7,SOFT,4
11302,17,3,8,14,SOFT,0
11302,17,4,15,19,SOFT,0
11302,18,1,1,3,SOFT,0
11302,18,2,4,5,SOFT,3
11302,18,3,6,8,SOFT,0
11302,18,4,9,11,SOFT,5
11302,19,1,1,3,SOFT,0
11302,19,2,4,6,SOFT,3
11302,19,3,7,9,SOFT,0
11302,19,4,10,12,SOFT,3
11302,20,1,1,3,SOFT,0
11302,20,2,4,6,SOFT,3
11302,20,3,7,10,SOFT,0
11302,20,4,11,13,SOFT,4
11302,27,1,1,3,MEDIUM,0
11302,27,2,4,7,MEDIUM,3
11302,27,3,8,9,MEDIUM,7
11302,27,4,10,12,MEDIUM,9
11302,27,5,13,18,MEDIUM,12
11302,27,6,19,21,SOFT,0
11302,28,1,1,3,SOFT,0
11302,28,2,4,5,SOFT,3
11302,28,3,6,8,SOFT,0
11302,28,4,9,11,SOFT,0
11302,28,5,12,16,SOFT,3
11302,29,1,1,3,SOFT,0
11302,29,2,4,4,SOFT,3
11302,29,3,5,7,SOFT,0
11302,29,4,8,10,SOFT,0
11302,29,5,11,14,SOFT,0
11302,30,1,1,3,SOFT,0
11302,30,2,4,6,SOFT,3
11302,30,3,7,14,SOFT,6
11303,1,1,1,3,SOFT,0
11303,1,2,4,6,SOFT,0
11303,1,3,7,9,SOFT,0
11303,1,4,10,12,SOFT,0
11303,2,1,1,3,SOFT,0
11303,2,2,4,6,SOFT,3
11303,2,3,7,9,SOFT,0
11303,2,4,10,11,SOFT,0
11303,2,5,12,14,SOFT,0
11303,3,1,1,3,SOFT,0
11303,3,2,4,6,SOFT,0
11303,3,3,7,9,SOFT,0
11303,4,1,1,3,SOFT,0
11303,4,2,4,6,SOFT,0
11303,4,3,7,8,SOFT,0
11303,4,4,9,11,SOFT,2
11303,4,5,12,14,SOFT,0
11303,6,1,1,3,SOFT,0
11303,6,2,4,6,SOFT,0
11303,6,3,7,9,SOFT,3
11303,6,4,10,12,SOFT,0
11303,7,1,1,3,SOFT,0
11303,7,2,4,6,SOFT,0
11303,7,3,7,8,SOFT,0
11303,7,4,9,11,SOFT,2
11303,7,5,12,14,SOFT,0
11303,8,1,1,3,SOFT,0
11303,8,2,4,5,SOFT,0
11303,8,3,6,8,SOFT,0
11303,9,1,1,3,SOFT,0
11303,9,2,4,6,SOFT,0
11303,9,3,7,8,SOFT,0
11303,10,1,1,3,SOFT,0
11303,10,2,4,5,SOFT,0
11303,10,3,6,8,SOFT,0
11303,12,1,1,3,SOFT,0
11303,12,2,4,6,SOFT,0
11303,12,3,7,9,SOFT,0
11303,13,1,1,3,SOFT,0
11303,13,2,4,6,SOFT,0
11303,13,3,7,9,SOFT,3
11303,13,4,10,12,SOFT,0
11303,13,5,13,14,SOFT,3
11303,13,6,15,17,SOFT,3
11303,14,1,1,3,SOFT,0
11303,14,2,4,6,SOFT,0
11303,14,3,7,9,SOFT,0
11303,14,4,10,11,SOFT,3
11303,14,5,12,14,SOFT,3
11303,15,1,1,3,MEDIUM,0
11303,15,2,4,6,SOFT,0
11303,15,3,7,9,SOFT,0
11303,16,1,1,3,SOFT,0
11303,16,2,4,6,SOFT,0
11303,16,3,7,8,SOFT,0
11303,16,4,9,11,SOFT,2
11303,16,5,12,14,SOFT,0
11303,17,1,1,3,SOFT,0
11303,17,2,4,6,SOFT,0
11303,17,3,7,9,SOFT,0
11303,17,4,10,12,SOFT,3
11303,17,5,13,15,SOFT,3
11303,18,1,1,3,SOFT,0
11303,18,2,4,6,SOFT,0
11303,18,3,7,7,SOFT,0
11303,18,4,8,10,SOFT,1
11303,18,5,11,13,SOFT,0
11303,19,1,1,3,SOFT,0
11303,19,2,4,6,SOFT,3
11303,19,3,7,9,SOFT,0
11303,19,4,10,12,SOFT,0
11303,19,5,13,15,SOFT,0
11303,20,1,1,3,MEDIUM,0
11303,20,2,4,6,SOFT,0
11303,20,3,7,9,SOFT,0
11303,20,4,10,12,SOFT,3
11303,20,5,13,15,SOFT,0
11303,27,1,1,3,SOFT,0
11303,27,2,4,6,SOFT,0
11303,28,1,1,3,SOFT,0
11303,28,2,4,6,SOFT,0
11303,28,3,7,8,SOFT,0
11303,29,1,1,3,SOFT,0
11303,29,2,4,6,SOFT,0
11303,29,3,7,9,SOFT,3
11303,29,4,10,12,SOFT,0
11303,30,1,1,3,SOFT,0
11303,30,2,4,6,SOFT,0
11303,30,3,7,9,SOFT,0
11307,1,1,1,12,SOFT,3
11307,1,2,13,29,MEDIUM,0
11307,1,3,30,40,HARD,0
11307,1,4,41,66,MEDIUM,0
11307,2,1,1,13,MEDIUM,0
11307,2,2,14,35,HARD,0
11307,2,3,36,66,HARD,0
11307,3,1,1,15,MEDIUM,0
11307,3,2,16,33,HARD,0
11307,3,3,34,53,HARD,0
11307,3,4,54,64,SOFT,0
11307,4,1,1,15,MEDIUM,0
11307,4,2,16,32,HARD,0
11307,4,3,33,58,HARD,0
11307,4,4,59,65,SOFT,3
11307,6,1,1,14,MEDIUM,0
11307,6,2,15,40,HARD,0
11307,6,3,41,65,HARD,0
11307,7,1,1,14,MEDIUM,0
11307,7,2,15,37,HARD,0
11307,7,3,38,61,HARD,0
11307,8,1,1,21,HARD,0
11307,8,2,22,37,HARD,0
11307,9,1,1,16,MEDIUM,0
11307,9,2,17,39,HARD,0
11307,9,3,40,62,HARD,0
11307,10,1,1,5,HARD,0
11307,12,1,1,13,MEDIUM,0
11307,12,2,14,29,HARD,0
11307,12,3,30,34,HARD,0
11307,12,4,35,50,SOFT,0
11307,12,5,51,55,SOFT,3
11307,13,1,1,13,SOFT,0
11307,13,2,14,29,HARD,0
11307,14,1,1,11,MEDIUM,0
11307,14,2,12,35,HARD,0
11307,14,3,36,65,HARD,0
11307,15,1,1,13,SOFT,0
11307,15,2,14,34,HARD,0
11307,15,3,35,58,MEDIUM,0
11307,15,4,59,64,SOFT,0
11307,16,1,1,11,SOFT,2
11307,16,2,12,27,HARD,0
11307,16,3,28,41,MEDIUM,0
11307,16,4,42,66,HARD,0
11307,17,1,1,14,SOFT,0
11307,17,2,15,30,HARD,0
11307,17,3,31,55,HARD,0
11307,17,4,56,64,MEDIUM,0
11307,18,1,1,12,MEDIUM,0
11307,18,2,13,36,HARD,0
11307,18,3,37,66,HARD,0
11307,19,1,1,14,MEDIUM,0
11307,19,2,15,36,HARD,0
11307,19,3,37,66,HARD,0
11307,20,1,1,18,MEDIUM,0
11307,20,2,19,28,HARD,0
11307,20,3,29,60,SOFT,0
11307,27,1,1,12,SOFT,0
11307,27,2,13,31,HARD,0
11307,27,3,32,39,HARD,0
11307,27,4,40,63,MEDIUM,0
11307,28,1,1,22,MEDIUM,0
11307,28,2,23,37,HARD,0
11307,28,3,38,65,HARD,0
11307,29,1,1,12,SOFT,0
11307,29,2,13,34,HARD,0
11307,29,3,35,65,HARD,0
11307,30,1,1,14,MEDIUM,0
11307,30,2,15,15,HARD,0
11308,1,1,1,3,SOFT,0
11308,1,2,4,10,SOFT,3
11308,1,3,11,13,SOFT,0
11308,1,4,14,17,SOFT,3
11308,2,1,1,5,MEDIUM,0
11308,2,2,6,9,SOFT,0
11308,4,1,1,3,SOFT,0
11308,4,2,4,5,SOFT,3
11308,4,3,6,11,SOFT,4
11308,6,1,1,3,HARD,0
11308,6,2,4,10,HARD,3
11308,6,3,11,13,HARD,0
11308,6,4,14,18,SOFT,0
11308,6,5,19,28,HARD,13
11308,7,1,1,5,MEDIUM,0
11308,7,2,6,9,MEDIUM,5
11308,7,3,10,12,MEDIUM,9
11308,7,4,13,15,SOFT,0
11308,7,5,16,29,MEDIUM,12
11308,8,1,1,8,HARD,0
11308,8,2,9,15,HARD,8
11308,8,3,16,18,SOFT,0
11308,8,4,19,21,SOFT,3
11308,12,1,1,5,HARD,0
11308,12,2,6,16,HARD,5
11308,12,3,17,22,SOFT,0
11308,12,4,23,31,SOFT,6
11308,13,1,1,7,MEDIUM,0
11308,13,2,8,13,MEDIUM,7
11308,13,3,14,16,SOFT,0
11308,13,4,17,19,SOFT,0
11308,13,5,20,30,MEDIUM,0
11308,16,1,1,4,MEDIUM,0
11308,16,2,5,14,MEDIUM,4
11308,16,3,15,20,SOFT,0
11308,16,4,21,25,MEDIUM,14
11308,18,1,1,3,MEDIUM,0
11308,18,2,4,12,MEDIUM,3
11308,18,3,13,18,SOFT,0
11308,18,4,19,30,MEDIUM,12
11308,19,1,1,1,MEDIUM,0
11308,19,2,2,2,MEDIUM,1
11308,19,3,3,7,MEDIUM,2
11308,19,4,8,13,MEDIUM,0
11308,19,5,14,19,SOFT,0
11308,19,6,20,26,MEDIUM,13
11308,20,1,1,5,MEDIUM,0
11308,20,2,6,8,MEDIUM,5
11308,20,3,9,15,MEDIUM,8
11308,20,4,16,18,SOFT,0
11308,20,5,19,26,MEDIUM,15
11308,22,1,1,3,HARD,0
11308,22,2,4,5,HARD,3
11308,22,3,6,7,HARD,0
11308,22,4,8,13,SOFT,0
11308,22,5,14,19,HARD,7
11308,23,1,1,3,MEDIUM,0
11308,23,2,4,14,MEDIUM,3
11308,23,3,15,26,SOFT,0
11308,24,1,1,1,HARD,0
11308,24,2,2,3,HARD,1
11308,24,3,4,14,HARD,3
11308,24,4,15,18,SOFT,0
11308,24,5,19,20,SOFT,4
11308,24,6,21,29,HARD,14
11308,25,1,1,3,MEDIUM,0
11308,25,2,4,6,MEDIUM,3
11308,25,3,7,11,MEDIUM,6
11308,25,4,12,17,MEDIUM,11
11308,25,5,18,20,SOFT,0
11308,25,6,21,23,SOFT,3
11308,27,1,1,6,HARD,0
11308,27,2,7,10,HARD,6
11308,27,3,11,12,SOFT,0
11308,27,4,13,14,SOFT,2
11308,28,1,1,7,HARD,0
11308,28,2,8,13,HARD,7
11308,28,3,14,16,SOFT,0
11308,28,4,17,18,SOFT,3
11308,29,1,1,3,MEDIUM,0
11308,29,2,4,9,MEDIUM,3
11308,29,3,10,12,MEDIUM,9
11308,29,4,13,15,SOFT,0
11308,29,5,16,18,SOFT,0
11308,29,6,19,19,SOFT,6
11308,29,7,20,27,MEDIUM,0
11308,30,1,1,7,HARD,0
11308,30,2,8,12,HARD,7
11308,30,3,13,15,SOFT,0
11308,30,4,16,21,SOFT,3
11308,31,1,1,3,HARD,0
11308,31,2,4,10,HARD,3
11308,31,3,11,17,HARD,10
11308,31,4,18,21,SOFT,0
11308,31,5,22,22,SOFT,4
11308,32,1,1,2,MEDIUM,0
11308,32,2,3,10,MEDIUM,2
11308,32,3,11,16,MEDIUM,10
11308,32,4,17,20,SOFT,0
11309,1,1,1,5,MEDIUM,0
11309,1,2,6,8,MEDIUM,5
11309,1,3,9,12,MEDIUM,8
11309,1,4,13,15,SOFT,0
11309,1,5,16,29,MEDIUM,12
11309,2,1,1,6,MEDIUM,0
11309,2,2,7,7,MEDIUM,0
11309,2,3,8,11,MEDIUM,7
11309,2,4,12,14,SOFT,11
11309,2,5,15,17,SOFT,3
11309,2,6,18,28,MEDIUM,11
11309,2,7,29,32,SOFT,6
11309,3,1,1,5,HARD,0
11309,3,2,6,15,HARD,0
11309,3,3,16,18,SOFT,0
11309,3,4,19,30,HARD,15
11309,4,1,1,3,MEDIUM,0
11309,4,2,4,5,MEDIUM,3
11309,4,3,6,12,MEDIUM,5
11309,4,4,13,18,SOFT,0
11309,4,5,19,28,MEDIUM,12
11309,6,1,1,6,MEDIUM,0
11309,6,2,7,11,MEDIUM,6
11309,6,3,12,14,SOFT,0
11309,6,4,15,16,SOFT,3
11309,6,5,17,33,MEDIUM,0
11309,7,1,1,3,MEDIUM,0
11309,7,2,4,4,MEDIUM,3
11309,7,3,5,10,MEDIUM,0
11309,7,4,11,13,MEDIUM,0
11309,7,5,14,16,SOFT,0
11309,7,6,17,19,SOFT,3
11309,7,7,20,28,MEDIUM,0
11309,7,8,29,32,SOFT,6
11309,8,1,1,5,MEDIUM,0
11309,8,2,6,11,MEDIUM,5
11309,8,3,12,14,SOFT,0
11309,8,4,15,16,SOFT,3
11309,8,5,17,27,SOFT,5
11309,9,1,1,10,MEDIUM,0
11309,9,2,11,15,MEDIUM,10
11309,9,3,16,18,SOFT,0
11309,9,4,19,22,SOFT,3
11309,9,5,23,35,MEDIUM,15
11309,10,1,1,5,MEDIUM,0
11309,10,2,6,12,MEDIUM,5
11309,10,3,13,15,MEDIUM,12
11309,10,4,16,18,SOFT,0
11309,10,5,19,21,SOFT,3
11309,10,6,22,32,SOFT,6
11309,12,1,1,1,MEDIUM,0
11309,12,2,2,5,MEDIUM,1
11309,12,3,6,11,MEDIUM,0
11309,12,4,12,14,SOFT,0
11309,12,5,15,17,SOFT,3
11309,12,6,18,18,SOFT,6
11309,12,7,19,34,MEDIUM,11
11309,13,1,1,7,HARD,0
11309,13,2,8,10,HARD,0
11309,13,3,11,13,SOFT,0
11309,13,4,14,16,SOFT,0
11309,13,5,17,26,HARD,10
11309,13,6,27,32,SOFT,0
11309,14,1,1,6,MEDIUM,0
11309,14,2,7,12,MEDIUM,6
11309,14,3,13,18,SOFT,0
11309,14,4,19,34,MEDIUM,12
11309,15,1,1,13,HARD,0
11309,15,2,14,16,SOFT,0
11309,15,3,17,19,SOFT,3
11309,15,4,20,33,HARD,13
11309,16,1,1,4,MEDIUM,0
11309,16,2,5,13,MEDIUM,4
11309,16,3,14,19,SOFT,0
11309,16,4,20,28,MEDIUM,13
11309,16,5,29,33,SOFT,6
11309,17,1,1,5,MEDIUM,0
11309,17,2,6,6,MEDIUM,5
11309,17,3,7,11,MEDIUM,6
11309,17,4,12,15,SOFT,0
11309,17,5,16,18,SOFT,4
11309,17,6,19,30,MEDIUM,11
11309,18,1,1,7,MEDIUM,0
11309,18,2,8,14,SOFT,0
11309,18,3,15,21,MEDIUM,7
11309,18,4,22,25,SOFT,7
11309,19,1,1,7,MEDIUM,0
11309,19,2,8,10,MEDIUM,7
11309,19,3,11,13,SOFT,0
11309,19,4,14,16,SOFT,3
11309,19,5,17,28,MEDIUM,10
11309,19,6,29,32,SOFT,6
11309,20,1,1,3,HARD,0
11309,20,2,4,11,HARD,3
11309,20,3,12,14,SOFT,0
11309,20,4,15,17,SOFT,3
11309,20,5,18,27,SOFT,6
11309,20,6,28,33,HARD,11
11309,27,1,1,2,MEDIUM,0
11309,28,1,1,6,MEDIUM,0
11309,28,2,7,12,SOFT,0
11309,28,3,13,29,MEDIUM,6
11309,29,1,1,6,HARD,0
11309,29,2,7,10,HARD,0
11309,29,3,11,13,SOFT,0
11309,29,4,14,16,SOFT,3
11309,29,5,17,30,HARD,10
11309,30,1,1,5,MEDIUM,0
11309,30,2,6,6,MEDIUM,0
11310,1,1,1,3,SOFT,0
11310,1,2,4,6,SOFT,0
11310,1,3,7,9,SOFT,0
11310,1,4,10,12,SOFT,0
11310,1,5,13,16,SOFT,0
11310,2,1,1,3,SOFT,0
11310,2,2,4,7,SOFT,3
11310,2,3,8,10,SOFT,7
11310,2,4,11,13,SOFT,0
11310,2,5,14,16,SOFT,3
11310,2,6,17,17,SOFT,0
11310,2,7,18,20,SOFT,0
11310,3,1,1,3,SOFT,0
11310,3,2,4,6,SOFT,3
11310,3,3,7,9,SOFT,6
11310,3,4,10,14,SOFT,9
11310,3,5,15,17,SOFT,0
11310,3,6,18,22,SOFT,3
11310,4,1,1,6,HARD,0
11310,4,2,7,15,HARD,6
11310,4,3,16,18,SOFT,0
11310,4,4,19,27,SOFT,3
11310,6,1,1,3,SOFT,0
11310,6,2,4,6,SOFT,3
11310,6,3,7,9,SOFT,6
11310,6,4,10,12,SOFT,0
11310,6,5,13,16,SOFT,3
11310,7,1,1,3,SOFT,0
11310,7,2,4,6,SOFT,3
11310,7,3,7,9,SOFT,0
11310,7,4,10,12,SOFT,3
11310,7,5,13,14,SOFT,6
11310,7,6,15,17,SOFT,8
11310,8,1,1,8,MEDIUM,0
11310,8,2,9,10,MEDIUM,8
11310,8,3,11,13,MEDIUM,10
11310,8,4,14,16,SOFT,0
11310,8,5,17,21,SOFT,3
11310,9,1,1,3,SOFT,0
11310,9,2,4,7,SOFT,3
11310,9,3,8,10,SOFT,7
11310,9,4,11,12,SOFT,0
11310,9,5,13,14,SOFT,0
11310,9,6,15,16,SOFT,0
11310,9,7,17,19,SOFT,4
11310,9,8,20,24,SOFT,0
11310,10,1,1,7,MEDIUM,0
11310,10,2,8,11,MEDIUM,7
11310,10,3,12,14,SOFT,0
11310,10,4,15,19,SOFT,3
11310,12,1,1,3,SOFT,0
11310,12,2,4,6,SOFT,3
11310,12,3,7,15,SOFT,0
11310,12,4,16,16,SOFT,15
11310,12,5,17,19,SOFT,0
11310,12,6,20,22,SOFT,3
11310,12,7,23,25,SOFT,6
11310,13,1,1,3,SOFT,0
11310,13,2,4,6,SOFT,3
11310,13,3,7,13,SOFT,6
11310,13,4,14,16,SOFT,0
11310,13,5,17,19,SOFT,3
11310,13,6,20,22,SOFT,6
11310,14,1,1,3,SOFT,0
11310,14,2,4,11,SOFT,3
11310,14,3,12,14,SOFT,0
11310,14,4,15,17,SOFT,3
11310,14,5,18,21,SOFT,11
11310,15,1,1,3,SOFT,0
11310,15,2,4,6,SOFT,3
11310,15,3,7,9,SOFT,6
11310,15,4,10,15,SOFT,0
11310,16,1,1,7,SOFT,0
11310,16,2,8,10,SOFT,0
11310,16,3,11,17,SOFT,0
11310,16,4,18,22,SOFT,7
11310,17,1,1,3,SOFT,0
11310,17,2,4,6,SOFT,3
11310,17,3,7,9,SOFT,6
11310,17,4,10,19,SOFT,9
11310,17,5,20,22,SOFT,0
11310,17,6,23,27,SOFT,3
11310,18,1,1,9,SOFT,0
11310,18,2,10,12,SOFT,0
11310,18,3,13,16,SOFT,3
11310,18,4,17,19,SOFT,0
11310,19,1,1,3,SOFT,0
11310,19,2,4,6,SOFT,3
11310,19,3,7,8,SOFT,0
11310,19,4,9,11,SOFT,0
11310,19,5,12,14,SOFT,3
11310,19,6,15,17,SOFT,8
11310,20,1,1,4,SOFT,0
11310,20,2,5,7,SOFT,4
11310,20,3,8,11,SOFT,7
11310,20,4,12,14,SOFT,0
11310,20,5,15,19,SOFT,3
11310,27,1,1,7,MEDIUM,1
11310,27,2,8,10,MEDIUM,8
11310,27,3,11,21,MEDIUM,11
11310,27,4,22,29,SOFT,0
11310,28,1,1,6,SOFT,0
11310,28,2,7,14,SOFT,6
11310,28,3,15,17,SOFT,0
11310,28,4,18,20,SOFT,3
11310,28,5,21,24,SOFT,6
11310,29,1,1,3,SOFT,0
11310,29,2,4,4,SOFT,3
11310,29,3,5,7,SOFT,4
11310,29,4,8,10,SOFT,7
11310,29,5,11,13,SOFT,0
11310,29,6,14,18,SOFT,3
11310,30,1,1,3,SOFT,0
11310,30,2,4,8,SOFT,3
11310,30,3,9,17,SOFT,8
11310,30,4,18,24,SOFT,0
11311,1,1,1,3,SOFT,0
11311,1,2,4,6,SOFT,3
11311,1,3,7,9,SOFT,0
11311,1,4,10,11,SOFT,0
11311,2,1,1,3,SOFT,0
11311,2,2,4,6,SOFT,3
11311,2,3,7,9,SOFT,0
11311,2,4,10,12,SOFT,0
11311,2,5,13,15,SOFT,0
11311,3,1,1,3,SOFT,0
11311,3,2,4,6,SOFT,0
11311,3,3,7,9,SOFT,3
11311,3,4,10,12,SOFT,0
11311,4,1,1,3,SOFT,0
11311,4,2,4,6,SOFT,3
11311,4,3,7,9,SOFT,0
11311,4,4,10,12,SOFT,0
11311,4,5,13,15,SOFT,3
11311,4,6,16,18,SOFT,0
11311,6,1,1,3,SOFT,0
11311,6,2,4,6,SOFT,3
11311,6,3,7,9,SOFT,0
11311,6,4,10,12,SOFT,0
11311,7,1,1,3,SOFT,0
11311,7,2,4,5,SOFT,3
11311,7,3,6,8,SOFT,0
11311,7,4,9,11,SOFT,0
11311,7,5,12,14,SOFT,0
11311,7,6,15,17,SOFT,0
11311,8,1,1,3,SOFT,0
11311,8,2,4,6,SOFT,0
11311,8,3,7,9,SOFT,0
11311,9,1,1,3,SOFT,0
11311,9,2,4,6,SOFT,0
11311,9,3,7,9,SOFT,3
11311,9,4,10,12,SOFT,0
11311,9,5,13,15,SOFT,0
11311,10,1,1,3,SOFT,0
11311,10,2,4,6,SOFT,0
11311,10,3,7,8,SOFT,0
11311,12,1,1,3,SOFT,0
11311,12,2,4,6,SOFT,0
11311,12,3,7,9,SOFT,0
11311,13,1,1,3,SOFT,0
11311,13,2,4,6,SOFT,3
11311,13,3,7,9,SOFT,0
11311,13,4,10,12,SOFT,3
11311,13,5,13,15,SOFT,0
11311,14,1,1,3,SOFT,0
11311,14,2,4,6,SOFT,0
11311,14,3,7,9,SOFT,3
11311,14,4,10,12,SOFT,0
11311,14,5,13,15,SOFT,3
11311,14,6,16,18,SOFT,0
11311,15,1,1,3,SOFT,0
11311,15,2,4,6,SOFT,0
11311,15,3,7,9,SOFT,0
11311,15,4,10,12,SOFT,3
11311,15,5,13,15,SOFT,0
11311,16,1,1,3,SOFT,0
11311,16,2,4,6,SOFT,0
11311,16,3,7,9,SOFT,0
11311,16,4,10,11,SOFT,0
11311,16,5,12,14,SOFT,0
11311,17,1,1,3,SOFT,0
11311,17,2,4,6,SOFT,0
11311,17,3,7,9,SOFT,0
11311,18,1,1,3,SOFT,0
11311,18,2,4,6,SOFT,3
11311,18,3,7,9,SOFT,6
11311,18,4,10,11,SOFT,0
11311,18,5,12,14,SOFT,2
11311,18,6,15,17,SOFT,0
11311,18,7,18,20,SOFT,0
11311,19,1,1,3,SOFT,0
11311,19,2,4,5,SOFT,3
11311,19,3,6,8,SOFT,0
11311,19,4,9,11,SOFT,0
11311,19,5,12,14,SOFT,0
11311,20,1,1,3,SOFT,0
11311,20,2,4,6,SOFT,0
11311,20,3,7,9,SOFT,3
11311,20,4,10,12,SOFT,0
11311,27,1,1,3,SOFT,0
11311,27,2,4,6,SOFT,0
11311,27,3,7,9,SOFT,0
11311,28,1,1,3,SOFT,0
11311,28,2,4,6,SOFT,0
11311,28,3,7,9,SOFT,3
11311,28,4,10,12,SOFT,0
11311,28,5,13,15,SOFT,3
11311,28,6,16,18,SOFT,0
11311,29,1,1,3,SOFT,0
11311,29,2,4,6,SOFT,0
11311,29,3,7,9,SOFT,3
11311,29,4,10,11,SOFT,0
11311,30,1,1,3,SOFT,0
11311,30,2,4,6,SOFT,0
11311,30,3,7,9,SOFT,0
11315,1,1,1,18,MEDIUM,0
11315,1,2,19,49,HARD,0
11315,1,3,50,71,HARD,0
11315,2,1,1,21,MEDIUM,0
11315,2,2,22,47,HARD,0
11315,2,3,48,71,HARD,0
11315,3,1,1,17,SOFT,0
11315,3,2,18,44,MEDIUM,0
11315,3,3,45,70,HARD,0
11315,4,1,1,18,MEDIUM,0
11315,4,2,19,40,MEDIUM,0
11315,4,3,41,71,HARD,0
11315,6,1,1,13,MEDIUM,0
11315,6,2,14,38,HARD,0
11315,6,3,39,51,MEDIUM,0
11315,6,4,52,70,SOFT,0
11315,7,1,1,24,MEDIUM,0
11315,7,2,25,51,HARD,0
11315,7,3,52,71,HARD,0
11315,8,1,1,24,MEDIUM,0
11315,8,2,25,49,SOFT,0
11315,8,3,50,68,SOFT,0
11315,9,1,1,13,MEDIUM,0
11315,9,2,14,37,HARD,0
11315,9,3,38,59,HARD,0
11315,9,4,60,71,SOFT,3
11315,10,1,1,24,MEDIUM,0
11315,10,2,25,45,SOFT,0
11315,12,1,1,18,MEDIUM,0
11315,12,2,19,37,MEDIUM,0
11315,12,3,38,69,HARD,0
11315,13,1,1,21,MEDIUM,0
11315,13,2,22,45,MEDIUM,0
11315,13,3,46,70,HARD,0
11315,14,1,1,19,MEDIUM,0
11315,14,2,20,45,HARD,0
11315,14,3,46,70,MEDIUM,0
11315,15,1,1,18,MEDIUM,0
11315,15,2,19,33,MEDIUM,0
11315,15,3,34,69,HARD,0
11315,16,1,1,12,MEDIUM,0
11315,16,2,13,25,HARD,0
11315,16,3,26,42,SOFT,0
11315,16,4,43,71,HARD,0
11315,17,1,1,14,SOFT,0
11315,17,2,15,23,MEDIUM,0
11315,18,1,1,19,MEDIUM,0
11315,18,2,20,43,HARD,0
11315,18,3,44,71,HARD,0
11315,19,1,1,19,MEDIUM,0
11315,19,2,20,42,HARD,0
11315,19,3,43,71,HARD,0
11315,20,1,1,24,MEDIUM,0
11315,20,2,25,45,HARD,0
11315,20,3,46,70,MEDIUM,0
11315,27,1,1,4,MEDIUM,0
11315,28,1,1,18,MEDIUM,0
11315,28,2,19,46,HARD,0
11315,28,3,47,70,MEDIUM,0
11315,29,1,1,20,MEDIUM,0
11315,29,2,21,46,HARD,0
11315,29,3,47,70,MEDIUM,0
11315,30,1,1,2,MEDIUM,0
11316,1,1,1,8,HARD,0
11316,1,2,9,19,HARD,8
11316,1,3,20,27,SOFT,0
11316,2,1,1,9,HARD,0
11316,2,2,10,18,HARD,9
11316,2,3,19,21,SOFT,0
11316,2,4,22,27,SOFT,0
11316,3,1,1,11,HARD,0
11316,3,2,12,13,HARD,11
11316,3,3,14,20,HARD,0
11316,3,4,21,23,MEDIUM,0
11316,3,5,24,28,MEDIUM,3
11316,4,1,1,7,HARD,0
11316,4,2,8,18,HARD,7
11316,4,3,19,28,SOFT,0
11316,6,1,1,1,HARD,0
11316,6,2,2,11,HARD,0
11316,6,3,12,13,HARD,11
11316,6,4,14,17,HARD,13
11316,6,5,18,21,MEDIUM,0
11316,6,6,22,25,HARD,17
11316,7,1,1,12,HARD,0
11316,7,2,13,22,HARD,12
11316,7,3,23,25,SOFT,0
11316,7,4,26,29,SOFT,3
11316,8,1,1,10,HARD,0
11316,8,2,11,13,SOFT,0
11316,8,3,14,16,SOFT,3
11316,8,4,17,25,MEDIUM,0
11316,9,1,1,12,HARD,0
11316,9,2,13,15,HARD,12
11316,9,3,16,21,HARD,15
11316,9,4,22,31,SOFT,0
11316,10,1,1,6,HARD,0
11316,10,2,7,11,HARD,6
11316,10,3,12,17,SOFT,0
11316,10,4,18,26,MEDIUM,0
11316,12,1,1,5,HARD,0
11316,12,2,6,11,HARD,5
11316,12,3,12,21,HARD,11
11316,12,4,22,24,SOFT,0
11316,12,5,25,30,SOFT,3
11316,13,1,1,10,HARD,0
11316,13,2,11,19,HARD,10
11316,13,3,20,20,HARD,0
11316,13,4,21,29,MEDIUM,0
11316,14,1,1,8,HARD,0
11316,14,2,9,16,HARD,0
11316,14,3,17,22,MEDIUM,0
11316,14,4,23,28,MEDIUM,6
11316,15,1,1,7,HARD,0
11316,15,2,8,10,HARD,7
11316,15,3,11,18,HARD,10
11316,15,4,19,27,SOFT,0
11316,16,1,1,13,HARD,0
11316,16,2,14,16,HARD,13
11316,16,3,17,23,HARD,16
11316,16,4,24,32,SOFT,0
11316,17,1,1,5,HARD,0
11316,17,2,6,13,HARD,5
11316,17,3,14,23,HARD,13
11316,17,4,24,26,SOFT,0
11316,17,5,27,29,SOFT,0
11316,17,6,30,33,HARD,23
11316,18,1,1,7,HARD,0
11316,18,2,8,10,HARD,7
11316,18,3,11,21,HARD,10
11316,18,4,22,27,SOFT,0
11316,18,5,28,31,HARD,21
11316,19,1,1,8,HARD,0
11316,19,2,9,14,HARD,8
11316,19,3,15,20,SOFT,0
11316,19,4,21,25,SOFT,6
11316,20,1,1,9,HARD,0
11316,20,2,10,18,HARD,9
11316,20,3,19,21,SOFT,0
11316,20,4,22,27,SOFT,3
11316,27,1,1,15,HARD,0
11316,27,2,16,18,SOFT,0
11316,27,3,19,23,MEDIUM,0
11316,28,1,1,11,HARD,0
11316,28,2,12,19,HARD,11
11316,28,3,20,25,MEDIUM,0
11316,28,4,26,32,MEDIUM,6
11316,29,1,1,8,HARD,0
11316,29,2,9,9,HARD,8
11316,29,3,10,18,HARD,9
11316,29,4,19,24,MEDIUM,0
11316,29,5,25,28,HARD,0
11316,30,1,1,14,HARD,0
11316,30,2,15,17,SOFT,0
11316,30,3,18,22,MEDIUM,0
11317,1,1,1,6,MEDIUM,0
11317,1,2,7,9,MEDIUM,0
11317,1,3,10,12,SOFT,0
11317,2,1,1,3,MEDIUM,0
11317,2,2,4,6,MEDIUM,3
11317,2,3,7,9,MEDIUM,0
11317,2,4,10,12,MEDIUM,0
11317,2,5,13,15,SOFT,0
11317,3,1,1,3,MEDIUM,0
11317,3,2,4,6,MEDIUM,3
11317,3,3,7,9,MEDIUM,0
11317,3,4,10,12,MEDIUM,3
11317,4,1,1,5,MEDIUM,0
11317,4,2,6,11,MEDIUM,0
11317,4,3,12,14,SOFT,0
11317,6,1,1,6,MEDIUM,0
11317,6,2,7,9,MEDIUM,0
11317,7,1,1,3,MEDIUM,0
11317,7,2,4,6,MEDIUM,3
11317,7,3,7,9,MEDIUM,0
11317,7,4,10,12,MEDIUM,3
11317,7,5,13,15,SOFT,0
11317,8,1,1,5,MEDIUM,0
11317,9,1,1,5,MEDIUM,0
11317,9,2,6,11,MEDIUM,0
11317,9,3,12,14,SOFT,0
11317,10,1,1,5,MEDIUM,0
11317,12,1,1,7,MEDIUM,0
11317,12,2,8,10,MEDIUM,0
11317,12,3,11,13,MEDIUM,3
11317,13,1,1,3,MEDIUM,0
11317,13,2,4,6,MEDIUM,3
11317,13,3,7,9,MEDIUM,0
11317,13,4,10,12,MEDIUM,3
11317,14,1,1,6,MEDIUM,0
11317,14,2,7,9,MEDIUM,0
11317,14,3,10,12,SOFT,0
11317,15,1,1,3,MEDIUM,0
11317,15,2,4,6,MEDIUM,3
11317,16,1,1,6,MEDIUM,0
11317,16,2,7,11,MEDIUM,0
11317,16,3,12,14,SOFT,0
11317,17,1,1,7,MEDIUM,0
11317,17,2,8,10,MEDIUM,0
11317,17,3,11,12,MEDIUM,3
11317,18,1,1,3,MEDIUM,0
11317,18,2,4,6,MEDIUM,3
11317,18,3,7,12,MEDIUM,0
11317,18,4,13,15,SOFT,0
11317,19,1,1,3,MEDIUM,0
11317,19,2,4,9,MEDIUM,0
11317,19,3,10,12,SOFT,0
11317,20,1,1,3,MEDIUM,0
11317,20,2,4,6,MEDIUM,3
11317,27,1,1,3,MEDIUM,0
11317,27,2,4,6,MEDIUM,3
11317,28,1,1,6,MEDIUM,0
11317,28,2,7,9,MEDIUM,0
11317,28,3,10,12,SOFT,0
11317,29,1,1,6,MEDIUM,0
11317,29,2,7,9,MEDIUM,0
11317,30,1,1,3,MEDIUM,0
11317,30,2,4,6,MEDIUM,3
11321,1,1,1,17,MEDIUM,3
11321,2,1,1,17,MEDIUM,0
11321,3,1,1,17,MEDIUM,6
11321,4,1,1,17,MEDIUM,5
11321,6,1,1,17,MEDIUM,3
11321,7,1,1,17,MEDIUM,0
11321,8,1,1,17,SOFT,0
11321,9,1,1,17,MEDIUM,0
11321,10,2,15,16,MEDIUM,5
11321,12,1,1,17,MEDIUM,0
11321,13,1,1,17,MEDIUM,6
11321,14,1,1,17,MEDIUM,3
11321,15,1,1,17,MEDIUM,0
11321,16,1,1,17,MEDIUM,0
11321,17,1,1,17,MEDIUM,0
11321,18,1,1,17,MEDIUM,0
11321,19,1,1,17,MEDIUM,0
11321,20,1,1,17,MEDIUM,0
11321,27,2,3,16,MEDIUM,2
11321,28,1,1,17,MEDIUM,3
11321,29,1,1,17,MEDIUM,3
11321,30,1,1,17,SOFT,0
11322,1,1,1,3,SOFT,3
11322,1,2,4,6,SOFT,0
11322,1,3,7,9,SOFT,0
11322,1,4,10,12,SOFT,0
11322,1,5,13,15,SOFT,0
11322,1,6,16,18,SOFT,0
11322,2,1,1,3,SOFT,3
11322,2,2,4,5,SOFT,0
11322,2,3,6,8,SOFT,2
11322,2,4,9,11,SOFT,0
11322,2,5,12,14,SOFT,0
11322,2,6,15,17,SOFT,0
11322,3,1,1,1,MEDIUM,8
11322,3,2,2,4,SOFT,0
11322,3,3,5,7,SOFT,0
11322,3,4,8,10,SOFT,0
11322,4,1,1,3,SOFT,3
11322,4,2,4,6,SOFT,0
11322,4,3,7,9,SOFT,3
11322,4,4,10,12,SOFT,0
11322,4,5,13,15,SOFT,0
11322,4,6,16,18,SOFT,0
11322,6,1,1,3,SOFT,0
11322,6,2,4,6,SOFT,0
11322,6,3,7,9,SOFT,0
11322,6,4,10,12,SOFT,0
11322,7,1,1,3,SOFT,3
11322,7,2,4,6,SOFT,0
11322,7,3,7,10,SOFT,0
11322,7,4,11,13,SOFT,0
11322,7,5,14,16,SOFT,0
11322,7,6,17,19,SOFT,0
11322,8,1,1,2,SOFT,0
11322,8,2,3,6,SOFT,0
11322,8,3,7,9,SOFT,0
11322,9,1,1,6,SOFT,3
11322,9,2,7,9,SOFT,0
11322,9,3,10,12,SOFT,0
11322,9,4,13,15,SOFT,0
11322,9,5,16,18,SOFT,0
11322,10,1,1,3,SOFT,0
11322,10,2,4,6,SOFT,0
11322,10,3,7,9,SOFT,0
11322,12,1,1,2,SOFT,0
11322,12,2,3,5,SOFT,0
11322,12,3,6,8,SOFT,0
11322,12,4,9,11,SOFT,0
11322,12,5,12,14,SOFT,0
11322,13,1,1,3,MEDIUM,6
11322,13,2,4,6,SOFT,0
11322,13,3,7,9,SOFT,0
11322,13,4,10,12,SOFT,0
11322,13,5,13,15,SOFT,0
11322,14,1,1,3,SOFT,3
11322,14,2,4,6,SOFT,0
11322,14,3,7,9,SOFT,0
11322,14,4,10,12,SOFT,0
11322,14,5,13,15,SOFT,0
11322,14,6,16,17,SOFT,3
11322,14,7,18,20,SOFT,0
11322,15,1,1,3,SOFT,0
11322,15,2,4,6,SOFT,0
11322,15,3,7,9,SOFT,0
11322,16,1,1,5,SOFT,3
11322,16,2,6,8,SOFT,0
11322,16,3,9,11,SOFT,0
11322,16,4,12,14,SOFT,0
11322,16,5,15,17,SOFT,0
11322,17,1,1,3,SOFT,6
11322,17,2,4,6,SOFT,0
11322,17,3,7,9,SOFT,0
11322,17,4,10,12,SOFT,0
11322,17,5,13,15,SOFT,0
11322,18,1,1,2,SOFT,3
11322,18,2,3,5,SOFT,0
11322,18,3,6,8,SOFT,0
11322,18,4,9,11,SOFT,3
11322,18,5,12,14,SOFT,0
11322,18,6,15,17,SOFT,0
11322,19,1,1,3,SOFT,3
11322,19,2,4,6,SOFT,0
11322,19,3,7,9,SOFT,3
11322,19,4,10,12,SOFT,0
11322,19,5,13,15,SOFT,0
11322,19,6,16,18,SOFT,0
11322,20,1,1,3,SOFT,0
11322,20,2,4,6,SOFT,0
11322,20,3,7,9,SOFT,0
11322,20,4,10,12,SOFT,0
11322,20,5,13,15,SOFT,0
11322,27,1,1,3,SOFT,0
11322,27,2,4,6,SOFT,0
11322,27,3,7,9,SOFT,0
11322,28,1,1,2,SOFT,3
11322,28,2,3,5,SOFT,0
11322,28,3,6,8,SOFT,0
11322,28,4,9,11,SOFT,0
11322,28,5,12,14,SOFT,0
11322,28,6,15,17,SOFT,0
11322,29,1,1,3,SOFT,0
11322,29,2,4,5,SOFT,0
11322,30,1,1,2,SOFT,0
11322,30,2,3,5,SOFT,0
11322,30,3,6,8,SOFT,0
11326,1,1,1,17,MEDIUM,0
11326,1,2,18,38,HARD,0
11326,1,3,39,46,MEDIUM,0
11326,2,1,1,28,MEDIUM,0
11326,2,2,29,38,HARD,0
11326,2,3,39,48,MEDIUM,6
11326,2,4,49,52,SOFT,3
11326,3,1,1,26,MEDIUM,0
11326,3,2,27,47,HARD,0
11326,3,3,48,52,SOFT,0
11326,4,1,1,19,MEDIUM,0
11326,4,2,20,38,HARD,0
11326,4,3,39,47,MEDIUM,0
11326,4,4,48,52,SOFT,0
11326,6,1,1,23,MEDIUM,0
11326,6,2,24,48,HARD,0
11326,6,3,49,52,SOFT,0
11326,7,1,1,35,MEDIUM,0
11326,7,2,36,41,HARD,0
11326,7,3,42,43,MEDIUM,6
11326,7,4,44,52,MEDIUM,8
11326,8,1,1,20,MEDIUM,0
11326,8,2,21,46,HARD,0
11326,8,3,47,51,SOFT,0
11326,9,1,1,25,MEDIUM,0
11326,9,2,26,48,HARD,0
11326,9,3,49,52,SOFT,3
11326,10,1,1,18,MEDIUM,0
11326,10,2,19,46,HARD,0
11326,10,3,47,51,SOFT,0
11326,12,1,1,1,MEDIUM,0
11326,12,2,2,14,HARD,0
11326,12,3,15,23,MEDIUM,7
11326,12,4,24,35,SOFT,2
11326,12,5,36,40,SOFT,3
11326,12,6,41,43,SOFT,3
11326,13,1,1,17,MEDIUM,0
11326,13,2,18,34,HARD,0
11326,13,3,35,36,SOFT,0
11326,14,1,1,28,MEDIUM,0
11326,14,2,29,47,HARD,0
11326,14,3,48,52,SOFT,3
11326,15,1,1,21,MEDIUM,0
11326,15,2,22,47,HARD,0
11326,15,3,48,52,SOFT,0
11326,16,1,1,23,MEDIUM,0
11326,16,2,24,48,HARD,0
11326,16,3,49,52,SOFT,3
11326,17,1,1,20,MEDIUM,0
11326,17,2,21,48,HARD,0
11326,17,3,49,52,SOFT,0
11326,18,1,1,23,MEDIUM,0
11326,18,2,24,34,HARD,0
11326,18,3,35,52,MEDIUM,6
11326,19,1,1,2,MEDIUM,0
11326,19,2,3,36,HARD,0
11326,19,3,37,47,MEDIUM,0
11326,19,4,48,52,SOFT,3
11326,20,1,1,29,MEDIUM,0
11326,20,2,30,47,HARD,0
11326,20,3,48,52,SOFT,3
11326,27,1,1,21,MEDIUM,0
11326,27,2,22,46,HARD,0
11326,27,3,47,52,SOFT,0
11326,28,1,1,27,MEDIUM,0
11326,28,2,28,47,HARD,0
11326,28,3,48,52,SOFT,0
11326,29,1,1,22,MEDIUM,0
11326,29,2,23,47,HARD,0
11326,29,3,48,52,SOFT,0
11326,30,1,1,29,MEDIUM,0
11326,30,2,30,46,HARD,0
11326,30,3,47,52,SOFT,0
11327,1,1,1,7,MEDIUM,0
11327,1,2,8,10,SOFT,0
11327,1,3,11,21,MEDIUM,7
11327,1,4,22,24,SOFT,3
11327,2,1,1,1,MEDIUM,0
11327,2,2,2,2,SOFT,0
11327,2,3,3,8,SOFT,0
11327,2,4,9,19,SOFT,0
11327,3,1,1,9,HARD,0
11327,3,2,10,13,SOFT,0
11327,3,3,14,18,SOFT,4
11327,4,1,1,7,SOFT,0
11327,4,2,8,12,SOFT,0
11327,4,3,13,23,SOFT,5
11327,6,1,1,7,HARD,0
11327,6,2,8,10,HARD,7
11327,6,3,11,14,SOFT,0
11327,6,4,15,23,HARD,10
11327,7,1,1,7,MEDIUM,0
11327,7,2,8,10,SOFT,0
11327,7,3,11,20,MEDIUM,7
11327,7,4,21,23,SOFT,3
11327,9,1,1,9,MEDIUM,0
11327,9,2,10,14,SOFT,0
11327,9,3,15,22,MEDIUM,9
11327,10,1,1,7,MEDIUM,0
11327,10,2,8,10,MEDIUM,7
11327,10,3,11,16,SOFT,0
11327,10,4,17,19,SOFT,6
11327,12,1,1,1,MEDIUM,0
11327,12,2,2,10,MEDIUM,0
11327,12,3,11,15,SOFT,0
11327,12,4,16,24,SOFT,5
11327,13,1,1,8,HARD,0
11327,13,2,9,12,SOFT,0
11327,13,3,13,23,HARD,8
11327,14,1,1,5,MEDIUM,0
11327,14,2,6,10,MEDIUM,0
11327,14,3,11,15,SOFT,0
11327,14,4,16,24,MEDIUM,10
11327,15,1,1,5,MEDIUM,0
11327,15,2,6,9,MEDIUM,5
11327,15,3,10,14,MEDIUM,9
11327,15,4,15,17,SOFT,0
11327,15,5,18,21,SOFT,0
11327,16,1,1,9,MEDIUM,0
11327,16,2,10,14,SOFT,0
11327,16,3,15,22,SOFT,5
11327,17,1,1,1,MEDIUM,0
11327,17,2,2,8,MEDIUM,0
11327,17,3,9,11,MEDIUM,7
11327,17,4,12,16,SOFT,0
11327,17,5,17,25,MEDIUM,11
11327,18,1,1,8,MEDIUM,0
11327,18,2,9,13,SOFT,0
11327,18,3,14,19,MEDIUM,0
11327,18,4,20,22,SOFT,0
11327,19,1,1,7,MEDIUM,0
11327,19,2,8,11,MEDIUM,7
11327,19,3,12,14,SOFT,0
11327,19,4,15,21,MEDIUM,11
11327,20,1,1,4,MEDIUM,0
11327,20,2,5,8,MEDIUM,4
11327,20,3,9,14,MEDIUM,8
11327,20,4,15,17,SOFT,0
11327,20,5,18,21,SOFT,3
11327,27,1,1,5,HARD,0
11327,27,2,6,10,HARD,5
11327,27,3,11,15,SOFT,0
11327,27,4,16,22,SOFT,5
11327,28,1,1,9,MEDIUM,0
11327,28,2,10,16,SOFT,0
11327,28,3,17,24,MEDIUM,9
11327,29,1,1,5,HARD,0
11327,29,2,6,8,HARD,5
11327,29,3,9,13,HARD,8
11327,29,4,14,23,SOFT,0
11327,30,1,1,5,HARD,0
11327,30,2,6,10,HARD,5
11327,30,3,11,14,SOFT,0
11327,30,4,15,21,HARD,10
11327,31,1,1,7,MEDIUM,0
11327,31,2,8,12,MEDIUM,7
11327,31,3,13,22,SOFT,0
11328,1,1,1,5,MEDIUM,0
11328,1,2,6,8,SOFT,0
11328,1,3,9,17,MEDIUM,5
11328,1,4,18,21,SOFT,3
11328,2,1,1,4,MEDIUM,1
11328,2,2,5,7,MEDIUM,5
11328,2,3,8,10,SOFT,0
11328,2,4,11,14,MEDIUM,8
11328,2,5,15,18,SOFT,3
11328,3,1,1,5,MEDIUM,0
11328,3,2,6,9,MEDIUM,5
11328,3,3,10,13,SOFT,0
11328,3,4,14,17,MEDIUM,9
11328,4,1,1,5,MEDIUM,0
11328,4,2,6,8,SOFT,0
11328,4,3,9,16,MEDIUM,5
11328,4,4,17,20,SOFT,3
11328,6,1,1,5,MEDIUM,0
11328,6,2,6,10,MEDIUM,5
11328,6,3,11,13,SOFT,0
11328,6,4,14,15,MEDIUM,10
11328,7,1,1,5,MEDIUM,0
11328,7,2,6,8,SOFT,0
11328,7,3,9,14,MEDIUM,5
11328,7,4,15,18,SOFT,3
11328,8,1,1,5,MEDIUM,0
11328,8,2,6,9,MEDIUM,5
11328,8,3,10,15,SOFT,0
11328,8,4,16,19,SOFT,6
11328,9,1,1,5,MEDIUM,0
11328,9,2,6,8,SOFT,0
11328,9,3,9,11,SOFT,3
11328,9,4,12,14,MEDIUM,5
11328,9,5,15,18,MEDIUM,8
11328,10,1,1,5,MEDIUM,0
11328,10,2,6,8,MEDIUM,5
11328,10,3,9,13,SOFT,0
11328,10,4,14,17,MEDIUM,8
11328,12,1,1,5,MEDIUM,0
11328,12,2,6,9,SOFT,0
11328,12,3,10,12,SOFT,4
11328,12,4,13,15,MEDIUM,5
11328,12,5,16,19,MEDIUM,8
11328,13,1,1,2,MEDIUM,0
11328,13,2,3,4,MEDIUM,2
11328,13,3,5,8,MEDIUM,4
11328,13,4,9,12,SOFT,0
11328,13,5,13,16,MEDIUM,8
11328,14,1,1,2,MEDIUM,0
11328,14,2,3,7,MEDIUM,2
11328,14,3,8,12,SOFT,0
11328,14,4,13,16,MEDIUM,7
11328,15,1,1,5,MEDIUM,0
11328,15,2,6,8,MEDIUM,0
11328,15,3,9,14,SOFT,0
11328,15,4,15,15,MEDIUM,8
11328,15,5,16,19,MEDIUM,9
11328,16,1,1,5,MEDIUM,0
11328,16,2,6,10,SOFT,0
11328,16,3,11,12,MEDIUM,5
11328,16,4,13,16,MEDIUM,7
11328,17,1,1,5,MEDIUM,0
11328,17,2,6,8,MEDIUM,5
11328,17,3,9,11,SOFT,0
11328,17,4,12,15,MEDIUM,8
11328,17,5,16,19,SOFT,3
11328,18,1,1,5,MEDIUM,0
11328,18,2,6,8,MEDIUM,5
11328,18,3,9,11,SOFT,0
11328,18,4,12,16,MEDIUM,8
11328,18,5,17,20,SOFT,3
11328,19,1,1,3,MEDIUM,0
11328,19,2,4,6,SOFT,0
11328,19,3,7,7,MEDIUM,3
11328,19,4,8,11,MEDIUM,0
11328,20,1,1,5,MEDIUM,0
11328,20,2,6,11,SOFT,0
11328,20,3,12,12,SOFT,6
11328,20,4,13,16,SOFT,7
11328,27,1,1,5,MEDIUM,0
11328,27,2,6,9,SOFT,0
11328,27,3,10,15,MEDIUM,5
11328,27,4,16,20,SOFT,4
11328,28,1,1,5,MEDIUM,0
11328,28,2,6,8,MEDIUM,0
11328,28,3,9,13,SOFT,0
11328,28,4,14,16,MEDIUM,8
11328,28,5,17,20,MEDIUM,0
11328,29,1,1,5,MEDIUM,0
11328,29,2,6,8,MEDIUM,5
11328,29,3,9,13,SOFT,0
11328,29,4,14,15,MEDIUM,0
11328,29,5,16,20,MEDIUM,0
11328,30,1,1,6,MEDIUM,0
11328,30,2,7,11,SOFT,0
11328,30,3,12,14,MEDIUM,6
11328,30,4,15,19,MEDIUM,9
11329,1,1,1,6,SOFT,0
11329,1,2,7,9,SOFT,0
11329,1,3,10,14,SOFT,3
11329,2,1,1,13,MEDIUM,0
11329,2,2,14,18,SOFT,0
11329,2,3,19,21,SOFT,0
11329,3,1,1,3,SOFT,0
11329,3,2,4,6,SOFT,3
11329,3,3,7,11,SOFT,6
11329,3,4,12,14,SOFT,0
11329,3,5,15,18,SOFT,3
11329,4,1,1,6,MEDIUM,0
11329,4,2,7,7,SOFT,0
11329,4,3,8,8,MEDIUM,0
11329,4,4,9,11,MEDIUM,0
11329,4,5,12,19,MEDIUM,6
11329,6,1,1,7,MEDIUM,0
11329,6,2,8,15,MEDIUM,7
11329,6,3,16,21,SOFT,0
11329,7,1,1,3,SOFT,0
11329,7,2,4,6,SOFT,3
11329,7,3,7,10,SOFT,0
11329,7,4,11,13,SOFT,0
11329,8,1,1,5,SOFT,0
11329,8,2,6,9,SOFT,0
11329,8,3,10,14,SOFT,0
11329,8,4,15,17,SOFT,5
11329,9,1,1,7,SOFT,0
11329,9,2,8,10,SOFT,7
11329,9,3,11,17,SOFT,0
11329,10,1,1,5,SOFT,0
11329,10,2,6,9,SOFT,0
11329,10,3,10,15,SOFT,0
11329,12,1,1,5,SOFT,0
11329,12,2,6,12,SOFT,5
11329,12,3,13,15,SOFT,0
11329,12,4,16,19,SOFT,3
11329,13,1,1,5,SOFT,0
11329,13,2,6,11,SOFT,5
11329,13,3,12,14,SOFT,0
11329,13,4,15,17,SOFT,0
11329,13,5,18,20,SOFT,6
11329,14,1,1,6,SOFT,0
11329,14,2,7,14,SOFT,6
11329,14,3,15,15,SOFT,0
11329,14,4,16,18,SOFT,0
11329,14,5,19,23,SOFT,0
11329,15,1,1,5,SOFT,0
11329,15,2,6,14,SOFT,5
11329,15,3,15,22,SOFT,0
11329,16,1,1,5,SOFT,0
11329,16,2,6,12,SOFT,5
11329,16,3,13,17,SOFT,0
11329,17,1,1,5,SOFT,0
11329,17,2,6,13,SOFT,5
11329,17,3,14,20,SOFT,0
11329,18,1,1,3,SOFT,0
11329,18,2,4,6,SOFT,3
11329,18,3,7,9,SOFT,0
11329,18,4,10,12,SOFT,3
11329,19,1,1,5,SOFT,0
11329,19,2,6,12,SOFT,5
11329,19,3,13,17,SOFT,0
11329,19,4,18,20,SOFT,0
11329,20,1,1,3,SOFT,0
11329,20,2,4,6,SOFT,0
11329,20,3,7,15,SOFT,6
11329,20,4,16,23,SOFT,0
11329,27,1,1,7,SOFT,0
11329,27,2,8,14,SOFT,7
11329,27,3,15,21,SOFT,0
11329,28,1,1,6,SOFT,0
11329,28,2,7,14,SOFT,6
11329,28,3,15,15,SOFT,0
11329,28,4,16,18,SOFT,0
11329,28,5,19,23,SOFT,3
11329,29,1,1,5,MEDIUM,0
11329,29,2,6,14,MEDIUM,5
11329,29,3,15,20,SOFT,0
11329,30,1,1,7,SOFT,0
11329,30,2,8,15,SOFT,7
11329,30,3,16,22,SOFT,0
11330,1,1,1,3,SOFT,0
11330,1,2,4,6,SOFT,0
11330,1,3,7,9,SOFT,0
11330,1,4,10,12,SOFT,0
11330,2,1,1,3,SOFT,0
11330,2,2,4,6,SOFT,0
11330,2,3,7,9,SOFT,0
11330,2,4,10,11,SOFT,0
11330,3,1,1,3,SOFT,0
11330,3,2,4,6,SOFT,0
11330,3,3,7,9,SOFT,0
11330,3,4,10,12,SOFT,0
11330,3,5,13,15,SOFT,3
11330,3,6,16,18,SOFT,0
11330,4,1,1,3,SOFT,0
11330,4,2,4,6,SOFT,0
11330,4,3,7,9,SOFT,0
11330,4,4,10,11,SOFT,3
11330,4,5,12,13,SOFT,3
11330,6,1,1,3,SOFT,0
11330,6,2,4,6,SOFT,0
11330,6,3,7,9,SOFT,0
11330,6,4,10,12,SOFT,0
11330,7,1,1,3,SOFT,0
11330,7,2,4,6,SOFT,3
11330,7,3,7,9,SOFT,0
11330,7,4,10,12,SOFT,0
11330,7,5,13,15,SOFT,0
11330,8,1,1,3,SOFT,0
11330,8,2,4,6,SOFT,0
11330,9,1,1,3,SOFT,0
11330,9,2,4,6,SOFT,3
11330,9,3,7,9,SOFT,0
11330,9,4,10,12,SOFT,0
11330,9,5,13,15,SOFT,0
11330,9,6,16,18,SOFT,0
11330,10,1,1,2,SOFT,4
11330,10,2,3,5,SOFT,0
11330,10,3,6,8,SOFT,0
11330,12,1,1,3,SOFT,0
11330,12,2,4,6,SOFT,0
11330,13,1,1,3,SOFT,0
11330,13,2,4,6,SOFT,0
11330,13,3,7,9,SOFT,0
11330,13,4,10,12,SOFT,0
11330,14,1,1,3,SOFT,0
11330,14,2,4,6,SOFT,3
11330,14,3,7,9,SOFT,0
11330,14,4,10,12,SOFT,0
11330,15,1,1,3,SOFT,0
11330,15,2,4,6,SOFT,0
11330,16,1,1,3,SOFT,0
11330,16,2,4,6,SOFT,3
11330,16,3,7,9,SOFT,0
11330,16,4,10,12,SOFT,0
11330,16,5,13,15,SOFT,0
11330,17,1,1,3,SOFT,0
11330,17,2,4,6,SOFT,0
11330,17,3,7,9,SOFT,3
11330,17,4,10,12,SOFT,0
11330,18,1,1,3,SOFT,0
11330,18,2,4,6,SOFT,3
11330,18,3,7,9,SOFT,0
11330,18,4,10,12,SOFT,0
11330,18,5,13,15,SOFT,0
11330,18,6,16,18,SOFT,0
11330,19,1,1,3,SOFT,0
11330,19,2,4,6,SOFT,0
11330,19,3,7,9,SOFT,0
11330,19,4,10,11,SOFT,0
11330,19,5,12,14,SOFT,2
11330,19,6,15,17,SOFT,0
11330,20,1,1,3,SOFT,0
11330,20,2,4,6,SOFT,0
11330,20,3,7,9,SOFT,3
11330,20,4,10,12,SOFT,0
11330,27,1,1,5,SOFT,0
11330,27,2,6,8,SOFT,0
11330,28,1,1,3,SOFT,0
11330,28,2,4,6,SOFT,3
11330,28,3,7,9,SOFT,0
11330,28,4,10,12,SOFT,0
11330,28,5,13,15,SOFT,3
11330,28,6,16,18,SOFT,0
11330,29,1,1,3,SOFT,0
11330,29,2,4,6,SOFT,0
11330,29,3,7,9,SOFT,0
11330,29,4,10,12,SOFT,0
11330,30,1,1,5,SOFT,0
11330,30,2,6,8,SOFT,0
11334,1,1,1,17,MEDIUM,0
11334,1,2,18,44,HARD,0
11334,2,1,1,30,HARD,0
11334,2,2,31,44,MEDIUM,0
11334,3,1,1,20,MEDIUM,0
11334,3,2,21,44,HARD,0
11334,4,1,1,1,HARD,0
11334,4,2,2,2,MEDIUM,0
11334,4,3,3,20,HARD,0
11334,4,4,21,44,HARD,1
11334,6,1,1,14,MEDIUM,0
11334,6,2,15,44,HARD,0
11334,7,1,1,18,MEDIUM,0
11334,7,2,19,44,HARD,0
11334,7,3,45,45,SOFT,3
11334,8,1,1,19,HARD,0
11334,8,2,20,31,SOFT,0
11334,8,3,32,42,HARD,0
11334,9,1,1,20,MEDIUM,0
11334,9,2,21,44,HARD,0
11334,10,1,1,17,HARD,0
11334,10,2,18,25,SOFT,0
11334,12,1,1,18,MEDIUM,0
11334,12,2,19,44,HARD,0
11334,13,1,1,20,MEDIUM,0
11334,13,2,21,44,HARD,0
11334,14,1,1,15,MEDIUM,0
11334,14,2,16,44,HARD,0
11334,15,1,1,1,MEDIUM,0
11334,15,2,2,16,HARD,0
11334,15,3,17,44,HARD,0
11334,16,1,1,20,MEDIUM,0
11334,16,2,21,44,HARD,0
11334,17,1,1,14,SOFT,0
11334,17,2,15,44,HARD,0
11334,18,1,1,1,MEDIUM,0
11334,19,1,1,20,MEDIUM,0
11334,19,2,21,44,HARD,0
11334,20,1,1,1,MEDIUM,0
11334,20,2,2,20,HARD,0
11334,20,3,21,44,HARD,0
11334,27,1,1,1,HARD,0
11334,27,2,2,12,SOFT,0
11334,27,3,13,13,HARD,1
11334,28,1,1,16,MEDIUM,0
11334,28,2,17,44,HARD,0
11334,29,1,1,15,MEDIUM,0
11334,29,2,16,44,HARD,0
11334,30,1,1,1,SOFT,0
11334,30,2,2,32,HARD,0
11334,30,3,33,43,SOFT,0
11335,1,1,1,8,MEDIUM,0
11335,1,2,9,11,SOFT,0
11335,1,3,12,25,MEDIUM,8
11335,2,1,1,9,MEDIUM,0
11335,2,2,10,11,SOFT,0
11335,2,3,12,14,SOFT,0
11335,2,4,15,18,MEDIUM,9
11335,2,5,19,26,SOFT,0
11335,3,1,1,1,MEDIUM,0
11335,3,2,2,2,MEDIUM,0
11335,3,3,3,8,MEDIUM,0
11335,3,4,9,11,MEDIUM,0
11335,3,5,12,14,MEDIUM,0
11335,3,6,15,17,SOFT,0
11335,3,7,18,18,SOFT,3
11335,3,8,19,30,SOFT,0
11335,4,1,1,4,MEDIUM,0
11335,4,2,5,9,MEDIUM,0
11335,4,3,10,13,SOFT,0
11335,4,4,14,25,MEDIUM,9
11335,6,1,1,6,MEDIUM,0
11335,6,2,7,11,MEDIUM,6
11335,6,3,12,15,MEDIUM,0
11335,6,4,16,16,SOFT,0
11335,6,5,17,29,SOFT,1
11335,8,1,1,8,HARD,0
11335,8,2,9,12,HARD,8
11335,8,3,13,15,SOFT,0
11335,8,4,16,20,SOFT,3
11335,9,1,1,9,MEDIUM,0
11335,9,2,10,12,MEDIUM,9
11335,9,3,13,15,SOFT,0
11335,9,4,16,16,SOFT,0
11335,9,5,17,19,SOFT,4
11335,10,1,1,5,HARD,0
11335,10,2,6,9,HARD,5
11335,10,3,10,11,HARD,9
11335,12,1,1,7,MEDIUM,0
11335,12,2,8,11,MEDIUM,7
11335,12,3,12,15,SOFT,0
11335,12,4,16,17,SOFT,4
11335,12,5,18,28,SOFT,6
11335,13,1,1,1,MEDIUM,0
11335,13,2,2,2,MEDIUM,0
11335,13,3,3,7,MEDIUM,0
11335,13,4,8,10,MEDIUM,7
11335,13,5,11,16,SOFT,0
11335,13,6,17,26,MEDIUM,10
11335,13,7,27,29,SOFT,6
11335,14,1,1,5,MEDIUM,0
11335,14,2,6,11,MEDIUM,5
11335,14,3,12,14,SOFT,0
11335,14,4,15,15,SOFT,3
11335,14,5,16,28,MEDIUM,11
11335,15,1,1,3,MEDIUM,0
11335,15,2,4,8,MEDIUM,3
11335,15,3,9,11,MEDIUM,0
11335,15,4,12,13,SOFT,0
11335,15,5,14,20,SOFT,2
11335,15,6,21,24,MEDIUM,11
11335,16,1,1,10,MEDIUM,0
11335,16,2,11,13,SOFT,0
11335,16,3,14,23,MEDIUM,10
11335,17,1,1,3,MEDIUM,0
11335,17,2,4,10,MEDIUM,0
11335,17,3,11,11,SOFT,0
11335,17,4,12,15,SOFT,1
11335,17,5,16,23,MEDIUM,10
11335,18,1,1,3,MEDIUM,0
11335,18,2,4,9,MEDIUM,3
11335,18,3,10,14,SOFT,0
11335,18,4,15,21,MEDIUM,9
11335,25,1,1,3,MEDIUM,0
11335,25,2,4,8,MEDIUM,3
11335,25,3,9,11,MEDIUM,0
11335,25,4,12,14,MEDIUM,0
11335,25,5,15,22,SOFT,0
11335,25,6,23,25,MEDIUM,14
11335,26,1,1,5,MEDIUM,0
11335,26,2,6,15,MEDIUM,5
11335,26,3,16,18,SOFT,0
11335,26,4,19,21,SOFT,3
11335,26,5,22,24,MEDIUM,15
11335,27,1,1,9,HARD,0
11335,27,2,10,12,SOFT,0
11335,27,3,13,22,SOFT,3
11335,28,1,1,11,MEDIUM,0
11335,28,2,12,14,SOFT,0
11335,28,3,15,15,SOFT,3
11335,28,4,16,28,MEDIUM,11
11335,32,1,1,3,MEDIUM,0
11335,32,2,4,9,MEDIUM,0
11335,32,3,10,11,SOFT,0
11335,32,4,12,15,SOFT,1
11335,32,5,16,28,SOFT,6
11335,33,1,1,12,HARD,0
11335,33,2,13,17,SOFT,0
11335,33,3,18,20,SOFT,5
11335,33,4,21,28,SOFT,8
11335,34,1,1,7,MEDIUM,0
11335,34,2,8,14,MEDIUM,7
11335,34,3,15,15,MEDIUM,14
11335,34,4,16,16,MEDIUM,0
11335,34,5,17,17,MEDIUM,0
11335,34,6,18,21,SOFT,0
11335,34,7,22,29,MEDIUM,17
11336,1,1,1,5,MEDIUM,0
11336,1,2,6,8,SOFT,0
11336,1,3,9,17,MEDIUM,5
11336,1,4,18,27,SOFT,3
11336,2,1,1,6,MEDIUM,0
11336,2,2,7,10,SOFT,0
11336,2,3,11,23,MEDIUM,4
11336,2,4,24,30,SOFT,4
11336,3,1,1,5,HARD,0
11336,3,2,6,8,HARD,0
11336,3,3,9,10,HARD,8
11336,3,4,11,14,SOFT,0
11336,3,5,15,17,SOFT,4
11336,3,6,18,27,HARD,10
11336,4,1,1,5,MEDIUM,0
11336,4,2,6,9,SOFT,0
11336,4,3,10,12,SOFT,0
11336,4,4,13,20,MEDIUM,5
11336,6,1,1,6,MEDIUM,0
11336,6,2,7,8,MEDIUM,6
11336,6,3,9,14,SOFT,0
11336,6,4,15,24,MEDIUM,8
11336,7,1,1,5,MEDIUM,0
11336,7,2,6,8,MEDIUM,5
11336,7,3,9,11,MEDIUM,8
11336,7,4,12,13,SOFT,0
11336,7,5,14,15,SOFT,0
11336,7,6,16,18,MEDIUM,11
11336,7,7,19,30,SOFT,4
11336,8,1,1,8,MEDIUM,0
11336,8,2,9,9,SOFT,0
11336,8,3,10,15,SOFT,1
11336,8,4,16,24,SOFT,0
11336,9,1,1,11,MEDIUM,0
11336,9,2,12,13,SOFT,0
11336,9,3,14,17,SOFT,2
11336,9,4,18,30,SOFT,6
11336,12,1,1,12,HARD,0
11336,12,2,13,15,SOFT,0
11336,12,3,16,29,HARD,12
11336,12,4,30,33,SOFT,3
11336,13,1,1,9,HARD,0
11336,13,2,10,12,SOFT,0
11336,13,3,13,13,SOFT,3
11336,13,4,14,16,SOFT,4
11336,13,5,17,25,SOFT,0
11336,13,6,26,30,HARD,0
11336,14,1,1,3,HARD,0
11336,14,2,4,9,HARD,3
11336,14,3,10,12,SOFT,0
11336,14,4,13,15,SOFT,3
11336,14,5,16,29,HARD,9
11336,15,1,1,6,MEDIUM,0
11336,15,2,7,9,MEDIUM,6
11336,15,3,10,12,SOFT,0
11336,15,4,13,26,MEDIUM,9
11336,16,1,1,9,MEDIUM,0
11336,16,2,10,10,SOFT,0
11336,16,3,11,16,SOFT,1
11336,16,4,17,26,MEDIUM,9
11336,17,1,1,10,HARD,0
11336,17,2,11,13,SOFT,0
11336,17,3,14,27,HARD,10
11336,17,4,28,31,SOFT,5
11336,18,1,1,3,MEDIUM,0
11336,18,2,4,8,MEDIUM,3
11336,18,3,9,11,SOFT,0
11336,18,4,12,26,MEDIUM,0
11336,18,5,27,30,SOFT,3
11336,19,1,1,7,MEDIUM,0
11336,19,2,8,10,MEDIUM,7
11336,19,3,11,12,SOFT,0
11336,19,4,13,16,SOFT,0
11336,19,5,17,28,MEDIUM,10
11336,20,1,1,3,MEDIUM,0
11336,20,2,4,10,MEDIUM,0
11336,20,3,11,11,MEDIUM,0
11336,20,4,12,16,SOFT,0
11336,20,5,17,28,MEDIUM,11
11336,27,1,1,8,MEDIUM,0
11336,27,2,9,11,SOFT,0
11336,27,3,12,14,SOFT,3
11336,27,4,15,28,MEDIUM,8
11336,28,1,1,9,HARD,0
11336,28,2,10,12,SOFT,0
11336,28,3,13,15,SOFT,3
11336,28,4,16,29,HARD,9
11336,29,1,1,9,MEDIUM,0
11336,29,2,10,11,SOFT,0
11336,30,1,1,13,MEDIUM,0
11336,30,2,14,16,SOFT,0
11336,30,3,17,19,SOFT,3
11336,30,4,20,31,MEDIUM,13
11337,1,1,1,5,SOFT,0
11337,1,2,6,8,SOFT,0
11337,1,3,9,14,SOFT,3
11337,2,1,1,3,SOFT,0
11337,2,2,4,10,SOFT,3
11337,2,3,11,17,SOFT,0
11337,2,4,18,20,SOFT,7
11337,3,1,1,3,MEDIUM,0
11337,3,2,4,4,MEDIUM,0
11337,3,3,5,8,MEDIUM,4
11337,3,4,9,13,MEDIUM,0
11337,3,5,14,16,SOFT,0
11337,3,6,17,19,SOFT,3
11337,3,7,20,22,SOFT,6
11337,4,1,1,3,SOFT,0
11337,4,2,4,8,SOFT,0
11337,4,3,9,10,SOFT,0
11337,4,4,11,17,SOFT,2
11337,6,1,1,1,SOFT,0
11337,6,2,2,11,SOFT,0
11337,6,3,12,20,SOFT,0
11337,7,1,1,4,SOFT,0
11337,7,2,5,7,SOFT,4
11337,7,3,8,10,SOFT,0
11337,7,4,11,13,SOFT,3
11337,7,5,14,16,SOFT,7
11337,8,1,1,4,MEDIUM,0
11337,8,2,5,9,MEDIUM,4
11337,8,3,10,13,SOFT,0
11337,8,4,14,17,SOFT,4
11337,9,1,1,3,SOFT,0
11337,9,2,4,4,SOFT,3
11337,9,3,5,7,SOFT,4
11337,9,4,8,14,SOFT,7
11337,9,5,15,24,SOFT,0
11337,10,1,1,7,MEDIUM,0
11337,10,2,8,10,MEDIUM,7
11337,10,3,11,14,SOFT,0
11337,10,4,15,20,SOFT,4
11337,12,1,1,2,SOFT,0
11337,12,2,3,5,SOFT,2
11337,12,3,6,7,SOFT,5
11337,12,4,8,10,SOFT,0
11337,12,5,11,13,SOFT,3
11337,13,1,1,3,MEDIUM,0
11337,13,2,4,6,MEDIUM,0
11337,13,3,7,15,MEDIUM,6
11337,13,4,16,18,SOFT,0
11337,13,5,19,21,SOFT,3
11337,13,6,22,24,SOFT,6
11337,14,1,1,4,MEDIUM,0
11337,14,2,5,9,MEDIUM,4
11337,14,3,10,15,MEDIUM,0
11337,14,4,16,18,SOFT,0
11337,14,5,19,23,SOFT,3
11337,15,1,1,10,SOFT,0
11337,15,2,11,13,SOFT,0
11337,15,3,14,18,SOFT,3
11337,16,1,1,3,SOFT,0
11337,16,2,4,7,SOFT,3
11337,16,3,8,13,SOFT,0
11337,16,4,14,16,SOFT,0
11337,16,5,17,22,SOFT,3
11337,17,1,1,3,SOFT,0
11337,17,2,4,7,SOFT,3
11337,17,3,8,10,SOFT,7
11337,17,4,11,11,SOFT,10
11337,17,5,12,17,SOFT,0
11337,18,1,1,4,SOFT,0
11337,18,2,5,6,SOFT,4
11337,18,3,7,15,SOFT,0
11337,18,4,16,18,SOFT,6
11337,19,1,1,5,SOFT,0
11337,19,2,6,11,SOFT,5
11337,19,3,12,19,SOFT,0
11337,19,4,20,22,SOFT,11
11337,20,1,1,6,SOFT,0
11337,20,2,7,9,SOFT,0
11337,20,3,10,14,SOFT,0
11337,27,1,1,1,SOFT,0
11337,28,1,1,6,SOFT,0
11337,29,1,1,10,SOFT,0
11337,29,2,11,23,SOFT,10
11337,29,3,24,30,SOFT,0
11337,30,1,1,3,SOFT,0
11337,30,2,4,5,SOFT,3
11337,30,3,6,8,SOFT,0
11337,30,4,9,11,SOFT,3
11337,30,5,12,15,SOFT,6
11338,1,1,1,3,SOFT,0
11338,1,2,4,6,SOFT,3
11338,1,3,7,9,SOFT,0
11338,1,4,10,12,SOFT,3
11338,1,5,13,15,SOFT,0
11338,1,6,16,18,SOFT,0
11338,2,1,1,4,SOFT,0
11338,2,2,5,7,SOFT,4
11338,2,3,8,10,SOFT,0
11338,2,4,11,13,SOFT,0
11338,2,5,14,16,SOFT,0
11338,3,1,1,3,SOFT,0
11338,3,2,4,6,SOFT,0
11338,3,3,7,8,SOFT,0
11338,3,4,9,11,SOFT,0
11338,4,1,1,3,SOFT,0
11338,4,2,4,5,SOFT,0
11338,4,3,6,8,SOFT,0
11338,4,4,9,11,SOFT,3
11338,4,5,12,14,SOFT,0
11338,6,1,1,3,SOFT,0
11338,6,2,4,6,SOFT,0
11338,6,3,7,9,SOFT,3
11338,6,4,10,12,SOFT,0
11338,7,1,1,4,SOFT,0
11338,7,2,5,7,SOFT,4
11338,7,3,8,11,SOFT,0
11338,7,4,12,14,SOFT,4
11338,7,5,15,17,SOFT,0
11338,7,6,18,20,SOFT,0
11338,8,1,1,3,SOFT,0
11338,8,2,4,6,SOFT,0
11338,8,3,7,9,SOFT,0
11338,8,4,10,12,SOFT,3
11338,8,5,13,15,SOFT,0
11338,9,1,1,5,MEDIUM,0
11338,9,2,6,8,MEDIUM,5
11338,9,3,9,11,SOFT,0
11338,9,4,12,14,SOFT,0
11338,9,5,15,17,SOFT,0
11338,9,6,18,20,SOFT,0
11338,10,1,1,3,SOFT,0
11338,10,2,4,6,SOFT,0
11338,10,3,7,8,SOFT,0
11338,12,1,1,3,SOFT,0
11338,12,2,4,6,SOFT,0
11338,12,3,7,9,SOFT,0
11338,13,1,1,3,SOFT,0
11338,13,2,4,6,SOFT,0
11338,13,3,7,9,SOFT,0
11338,13,4,10,12,SOFT,0
11338,13,5,13,15,SOFT,3
11338,13,6,16,18,SOFT,0
11338,14,1,1,3,SOFT,0
11338,14,2,4,6,SOFT,3
11338,14,3,7,9,SOFT,0
11338,14,4,10,12,SOFT,0
11338,15,1,1,3,SOFT,0
11338,15,2,4,6,SOFT,0
11338,15,3,7,9,SOFT,3
11338,15,4,10,12,SOFT,0
11338,16,1,1,3,MEDIUM,0
11338,16,2,4,6,SOFT,0
11338,16,3,7,9,SOFT,3
11338,16,4,10,12,SOFT,0
11338,16,5,13,15,SOFT,0
11338,17,1,1,3,SOFT,0
11338,17,2,4,6,SOFT,0
11338,17,3,7,9,SOFT,0
11338,18,1,1,4,SOFT,0
11338,18,2,5,7,SOFT,4
11338,18,3,8,11,SOFT,0
11338,18,4,12,14,SOFT,4
11338,18,5,15,17,SOFT,0
11338,18,6,18,20,SOFT,0
11338,19,1,1,4,SOFT,0
11338,19,2,5,7,SOFT,4
11338,19,3,8,10,SOFT,0
11338,19,4,11,13,SOFT,0
11338,19,5,14,15,SOFT,0
11338,20,1,1,3,SOFT,0
11338,20,2,4,6,SOFT,0
11338,27,1,1,3,SOFT,0
11338,27,2,4,6,SOFT,0
11338,27,3,7,9,SOFT,0
11338,28,1,1,3,SOFT,0
11338,28,2,4,6,SOFT,3
11338,28,3,7,9,SOFT,0
11338,28,4,10,12,SOFT,0
11338,28,5,13,15,SOFT,0
11338,28,6,16,18,SOFT,0
11338,29,1,1,3,SOFT,0
11338,29,2,4,6,SOFT,0
11338,29,3,7,9,SOFT,3
11338,29,4,10,12,SOFT,0
11338,30,1,1,4,SOFT,0
11338,30,2,5,7,SOFT,0
11338,30,3,8,10,SOFT,0
11342,1,1,1,14,MEDIUM,0
11342,1,2,15,41,HARD,0
11342,1,3,42,70,SOFT,3
11342,2,1,1,17,MEDIUM,0
11342,2,2,18,39,HARD,0
11342,2,3,40,56,,1
11342,2,4,57,70,SOFT,3
11342,3,1,1,29,SOFT,0
11342,3,2,30,69,HARD,0
11342,4,1,1,19,MEDIUM,0
11342,4,2,20,42,HARD,0
11342,4,3,43,70,HARD,0
11342,6,1,1,16,MEDIUM,0
11342,6,2,17,39,HARD,0
11342,6,3,40,55,HARD,0
11342,6,4,56,69,SOFT,0
11342,7,1,1,22,MEDIUM,0
11342,7,2,23,53,HARD,0
11342,7,3,54,70,HARD,0
11342,8,1,1,34,SOFT,0
11342,8,2,35,55,MEDIUM,0
11342,8,3,56,69,SOFT,3
11342,9,1,1,16,SOFT,3
11342,9,2,17,36,HARD,0
11342,9,3,37,56,HARD,0
11342,9,4,57,70,SOFT,3
11342,10,1,1,8,SOFT,0
11342,10,2,9,37,MEDIUM,0
11342,10,3,38,69,SOFT,0
11342,12,1,1,26,MEDIUM,0
11342,12,2,27,54,HARD,0
11342,12,3,55,68,SOFT,0
11342,13,1,1,19,MEDIUM,0
11342,13,2,20,39,HARD,0
11342,13,3,40,69,SOFT,0
11342,14,1,1,21,MEDIUM,0
11342,14,2,22,42,HARD,0
11342,14,3,43,69,SOFT,0
11342,15,1,1,17,MEDIUM,0
11342,15,2,18,35,HARD,0
11342,15,3,36,68,HARD,0
11342,16,1,1,13,SOFT,0
11342,16,2,14,30,HARD,0
11342,16,3,31,56,HARD,0
11342,16,4,57,70,SOFT,3
11342,17,1,1,18,SOFT,0
11342,17,2,19,43,MEDIUM,0
11342,17,3,44,54,SOFT,3
11342,17,4,55,68,SOFT,0
11342,18,1,1,27,MEDIUM,0
11342,18,2,28,54,HARD,0
11342,18,3,55,70,HARD,0
11342,19,1,1,16,MEDIUM,0
11342,19,2,17,33,HARD,0
11342,19,3,34,55,HARD,0
11342,20,1,1,22,MEDIUM,0
11342,20,2,23,42,HARD,0
11342,20,3,43,68,HARD,0
11342,27,1,1,1,MEDIUM,0
11342,27,2,2,46,MEDIUM,0
11342,27,3,47,48,SOFT,0
11342,28,1,1,20,MEDIUM,0
11342,28,2,21,69,HARD,0
11342,29,1,1,15,MEDIUM,0
11342,29,2,16,37,HARD,0
11342,29,3,38,68,HARD,0
11342,30,1,1,13,MEDIUM,0
11465,1,1,1,11,,
11465,1,2,5,11,MEDIUM,0
11465,1,3,13,16,MEDIUM,11
11465,1,4,17,22,MEDIUM,16
11465,1,5,23,40,MEDIUM,0
11465,1,6,41,56,MEDIUM,0
11465,1,7,57,59,MEDIUM,22
11465,1,8,60,62,MEDIUM,25
11465,1,9,63,65,MEDIUM,28
11465,1,10,66,70,MEDIUM,0
11465,1,11,71,82,MEDIUM,0
11465,1,12,83,87,HARD,0
11465,1,13,88,88,HARD,5
11465,1,14,89,99,HARD,6
11465,1,15,100,104,SOFT,0
11465,1,16,105,116,SOFT,0
11465,1,17,117,119,SOFT,0
11465,1,18,120,128,SOFT,3
11465,1,19,129,136,SOFT,0
11465,2,1,1,2,MEDIUM,0
11465,2,2,3,4,MEDIUM,0
11465,2,3,5,6,MEDIUM,0
11465,2,4,7,8,MEDIUM,0
11465,2,5,9,10,MEDIUM,8
11465,2,6,11,12,MEDIUM,10
11465,2,7,13,15,MEDIUM,12
11465,2,8,16,24,MEDIUM,0
11465,2,9,25,29,MEDIUM,0
11465,2,10,30,30,SOFT,0
11465,2,11,31,35,SOFT,1
11465,2,12,36,46,MEDIUM,5
11465,2,13,47,58,SOFT,6
11465,3,1,1,2,MEDIUM,0
11465,3,2,3,4,MEDIUM,0
11465,3,3,5,6,MEDIUM,0
11465,3,4,2,8,,6
11465,3,5,9,10,MEDIUM,6
11465,3,6,11,12,MEDIUM,8
11465,3,7,13,17,MEDIUM,9
11465,3,8,18,18,MEDIUM,11
11465,3,9,19,24,MEDIUM,2
11465,3,10,25,25,SOFT,0
11465,3,11,26,29,SOFT,1
11465,3,12,30,38,SOFT,0
11465,3,13,39,49,SOFT,0
11465,6,1,1,9,MEDIUM,0
11465,6,2,10,17,MEDIUM,0
11465,6,3,18,21,MEDIUM,0
11465,6,4,22,23,MEDIUM,10
11465,6,5,24,25,MEDIUM,12
11465,6,6,26,27,MEDIUM,12
11465,6,7,28,29,MEDIUM,14
11465,6,8,30,35,SOFT,0
11465,6,9,36,40,SOFT,0
11465,6,10,41,49,SOFT,0
11465,7,1,1,1,HARD,0
11465,7,2,2,7,HARD,0
11465,7,3,8,16,HARD,6
11465,7,4,17,19,HARD,0
11465,7,5,20,30,HARD,3
11465,9,1,1,6,SOFT,0
11465,9,2,7,12,MEDIUM,0
11465,9,3,13,14,MEDIUM,0
11465,9,4,15,20,MEDIUM,0
11465,9,5,21,22,MEDIUM,14
11465,9,6,23,26,MEDIUM,0
11465,9,7,27,33,SOFT,0
11465,9,8,34,44,SOFT,7
11465,9,9,45,49,SOFT,0
11465,9,10,50,60,SOFT,5
11465,9,11,61,65,SOFT,0
11465,9,12,66,67,SOFT,5
11465,9,13,68,80,SOFT,0
11465,10,1,1,5,,
11465,10,2,2,3,MEDIUM,1
11465,10,3,4,5,MEDIUM,3
11465,10,4,7,13,MEDIUM,5
11465,10,5,14,20,MEDIUM,0
11465,10,6,21,22,MEDIUM,0
11465,10,7,23,29,MEDIUM,2
11465,10,8,30,30,MEDIUM,0
11465,10,9,31,33,MEDIUM,1
11465,10,10,34,36,MEDIUM,0
11465,12,1,1,4,SOFT,0
11465,12,2,5,9,SOFT,0
11465,12,3,10,19,SOFT,0
11465,12,4,20,21,SOFT,0
11465,12,5,22,28,SOFT,2
11465,12,6,29,36,SOFT,0
11465,12,7,37,40,SOFT,0
11465,12,8,41,50,SOFT,0
11465,12,9,51,55,SOFT,0
11465,12,10,56,57,SOFT,0
11465,12,11,58,67,SOFT,0
11465,12,12,68,68,SOFT,19
11465,13,1,1,7,MEDIUM,0
11465,13,2,8,11,MEDIUM,0
11465,13,3,12,13,MEDIUM,0
11465,13,4,14,27,MEDIUM,2
11465,13,5,28,50,SOFT,0
11465,13,6,51,53,SOFT,0
11465,13,7,54,68,SOFT,0
11465,13,8,69,69,SOFT,0
11465,13,9,70,70,SOFT,0
11465,13,10,71,73,SOFT,12
11465,15,1,1,8,,
11465,15,2,2,6,SOFT,0
11465,15,3,9,11,,7
11465,15,4,12,16,SOFT,10
11465,15,5,17,19,SOFT,15
11465,15,6,20,25,SOFT,0
11465,15,7,26,28,SOFT,0
11465,15,8,29,31,SOFT,0
11465,15,9,32,34,SOFT,0
11465,15,10,35,37,SOFT,0
11465,15,11,38,38,INTERMEDIATE,0
11465,15,12,39,44,SOFT,0
11465,15,13,45,47,SOFT,0
11465,15,14,48,64,SOFT,9
11465,15,15,65,74,SOFT,9
11465,15,16,75,81,MEDIUM,0
11465,15,17,82,89,MEDIUM,0
11465,15,18,90,92,SOFT,0
11465,15,19,93,95,SOFT,3
11465,15,20,96,98,SOFT,0
11465,15,21,99,106,SOFT,0
11465,15,22,107,111,SOFT,0
11465,15,23,112,115,SOFT,0
11465,16,1,1,10,,
11465,16,2,4,10,MEDIUM,3
11465,16,3,12,11,MEDIUM,10
11465,16,4,12,17,MEDIUM,11
11465,16,5,18,20,MEDIUM,17
11465,16,6,21,24,SOFT,0
11465,16,7,25,30,SOFT,3
11465,16,8,31,31,SOFT,5
11465,16,9,32,34,SOFT,11
11465,16,10,35,40,SOFT,0
11465,16,11,41,48,SOFT,6
11465,16,12,49,51,SOFT,14
11465,16,13,52,52,SOFT,17
11465,17,1,1,8,,
11465,17,2,4,5,HARD,3
11465,17,3,6,6,HARD,5
11465,17,4,7,7,HARD,6
11465,17,5,8,8,HARD,7
11465,17,6,9,10,SOFT,0
11465,17,7,11,17,SOFT,2
11465,17,8,18,26,SOFT,9
11465,17,9,27,32,SOFT,0
11465,17,10,33,43,SOFT,1
11465,17,11,44,50,SOFT,0
11465,17,12,51,60,SOFT,7
11465,17,13,61,67,SOFT,0
11465,17,14,68,77,SOFT,0
11465,18,1,1,9,,
11465,18,2,31,31,HARD,9
11465,18,3,10,18,HARD,0
11465,18,4,19,21,SOFT,0
11465,18,5,22,30,SOFT,0
11465,18,6,31,34,SOFT,0
11465,18,7,35,43,SOFT,4
11465,18,8,44,47,SOFT,0
11465,18,9,48,56,SOFT,0
11465,19,1,1,7,,
11465,19,2,3,4,MEDIUM,2
11465,19,3,5,5,MEDIUM,4
11465,19,4,6,6,MEDIUM,5
11465,19,5,7,7,MEDIUM,6
11465,19,6,8,11,MEDIUM,7
11465,19,7,12,25,MEDIUM,11
11465,19,8,26,31,MEDIUM,0
11465,19,9,32,39,SOFT,0
11465,19,10,40,48,SOFT,8
11465,19,11,49,54,MEDIUM,6
11465,27,1,1,2,HARD,0
11465,27,2,3,16,HARD,0
11465,27,3,17,27,HARD,9
11465,27,4,28,38,HARD,14
11465,27,5,39,41,MEDIUM,0
11465,27,6,42,53,MEDIUM,2
11465,27,7,54,55,HARD,25
11465,27,8,56,58,HARD,27
11465,28,1,1,16,,
11465,28,2,17,22,,16
11465,28,3,23,27,SOFT,0
11465,28,4,28,37,SOFT,0
11465,28,5,38,39,SOFT,0
11465,28,6,40,42,SOFT,0
11465,28,7,43,57,SOFT,0
11465,28,8,58,60,SOFT,0
11465,28,9,61,75,SOFT,0
11465,29,1,1,16,HARD,0
11465,29,2,17,17,MEDIUM,0
11465,29,3,18,27,MEDIUM,0
11465,29,4,28,28,MEDIUM,0
11465,30,1,1,8,,
11465,30,2,2,8,MEDIUM,0
11465,30,3,9,13,MEDIUM,0
11465,30,4,14,15,MEDIUM,5
11465,30,5,16,19,MEDIUM,8
11465,30,6,20,20,MEDIUM,9
11465,30,7,21,25,MEDIUM,7
11465,30,8,26,28,HARD,0
11465,30,9,29,40,HARD,3
11465,30,10,41,43,HARD,0
11465,30,11,44,49,HARD,0
11466,2,1,1,1,MEDIUM,0
11466,2,2,2,2,MEDIUM,12
11466,2,3,3,5,HARD,0
11466,2,4,6,17,HARD,3
11466,2,5,18,32,HARD,0
11466,2,6,33,49,MEDIUM,0
11466,2,7,50,64,MEDIUM,0
11466,2,8,65,66,MEDIUM,0
11466,2,9,67,76,MEDIUM,0
11466,2,10,77,81,SOFT,0
11466,2,11,82,84,SOFT,0
11466,2,12,85,85,SOFT,0
11466,2,13,86,88,SOFT,0
11466,2,14,89,95,SOFT,0
11466,2,15,96,135,HARD,0
11466,2,16,136,136,MEDIUM,17
11466,2,17,137,144,SOFT,6
11466,2,18,145,145,SOFT,11
11466,2,19,146,146,MEDIUM,17
11466,2,20,147,147,HARD,0
11466,2,21,148,149,SOFT,0
11466,2,22,150,150,MEDIUM,11
11466,3,1,1,7,MEDIUM,0
11466,3,2,8,10,SOFT,0
11466,3,3,11,15,HARD,0
11466,3,4,16,21,HARD,5
11466,3,5,22,25,MEDIUM,0
11466,3,6,26,35,MEDIUM,0
11466,3,7,36,55,SOFT,0
11466,3,8,56,56,SOFT,14
11466,3,9,57,57,SOFT,4
11466,3,10,58,56,SOFT,7
11466,3,11,57,64,SOFT,0
11466,3,12,65,65,SOFT,14
11466,3,13,66,66,SOFT,8
11466,3,14,67,67,SOFT,0
11466,3,15,68,68,SOFT,8
11466,4,1,1,1,SOFT,0
11466,4,2,2,7,SOFT,0
11466,4,3,8,8,MEDIUM,0
11466,4,4,9,25,MEDIUM,0
11466,4,5,26,39,MEDIUM,0
11466,4,6,40,41,MEDIUM,0
11466,4,7,42,45,MEDIUM,16
11466,4,8,46,74,HARD,0
11466,4,9,76,76,SOFT,3
11466,4,10,76,76,SOFT,5
11466,4,11,75,75,SOFT,9
11466,4,12,76,87,SOFT,0
11466,4,13,88,88,SOFT,12
11466,6,1,1,5,HARD,0
11466,6,2,6,11,HARD,0
11466,6,3,12,20,SOFT,0
11466,6,4,21,29,SOFT,0
11466,6,5,30,38,SOFT,0
11466,6,6,39,46,SOFT,9
11466,6,7,47,47,SOFT,17
11466,6,8,48,55,SOFT,9
11466,6,9,56,56,SOFT,17
11466,6,10,57,60,SOFT,0
11466,6,11,61,61,SOFT,13
11466,6,12,62,62,MEDIUM,16
11466,6,13,63,63,MEDIUM,0
11466,6,14,64,65,MEDIUM,16
11466,6,15,66,66,MEDIUM,0
11466,6,16,67,81,MEDIUM,0
11466,6,17,82,92,SOFT,0
11466,6,18,93,97,SOFT,11
11466,7,1,1,2,UNKNOWN,0
11466,7,2,3,3,SOFT,15
11466,8,1,1,2,MEDIUM,0
11466,8,2,3,9,MEDIUM,7
11466,8,3,10,15,MEDIUM,4
11466,8,4,16,26,MEDIUM,0
11466,8,5,27,35,MEDIUM,0
11466,8,6,36,46,MEDIUM,0
11466,8,7,47,55,HARD,0
11466,8,8,56,57,MEDIUM,11
11466,8,9,58,62,MEDIUM,13
11466,8,10,63,65,MEDIUM,18
11466,8,11,66,75,MEDIUM,0
11466,8,12,76,77,MEDIUM,0
11466,8,13,78,93,MEDIUM,0
11466,8,14,94,94,MEDIUM,1
11466,8,15,95,95,MEDIUM,3
11466,8,16,96,96,MEDIUM,6
11466,8,17,97,97,MEDIUM,10
11466,8,18,98,94,SOFT,3
11466,8,19,95,98,SOFT,0
11466,9,1,1,5,SOFT,0
11466,9,2,6,10,SOFT,25
11466,9,3,11,13,SOFT,30
11466,9,4,14,16,SOFT,33
11466,9,5,17,19,SOFT,0
11466,9,6,20,22,SOFT,3
11466,9,7,23,27,SOFT,6
11466,9,8,28,32,SOFT,0
11466,9,9,33,37,SOFT,0
11466,9,10,38,43,SOFT,0
11466,9,11,44,48,SOFT,6
11466,9,12,49,52,SOFT,0
11466,9,13,53,58,SOFT,4
11466,9,14,59,60,SOFT,0
11466,9,15,61,62,SOFT,11
11466,9,16,63,67,SOFT,2
11466,9,17,68,72,SOFT,0
11466,9,18,73,80,SOFT,0
11466,9,19,81,81,SOFT,0
11466,9,20,82,124,SOFT,1
11466,9,21,125,125,MEDIUM,19
11466,9,22,126,139,HARD,5
11466,9,23,140,140,SOFT,10
11466,12,1,1,1,SOFT,17
11466,12,2,2,2,UNKNOWN,0
11466,12,3,3,3,HARD,18
11466,12,4,4,11,SOFT,0
11466,12,5,12,17,SOFT,0
11466,12,6,18,18,SOFT,0
11466,12,7,19,23,SOFT,0
11466,12,8,24,33,SOFT,0
11466,12,9,34,38,MEDIUM,0
11466,12,10,39,48,MEDIUM,5
11466,12,11,49,52,MEDIUM,0
11466,12,12,53,62,MEDIUM,0
11466,13,1,1,1,MEDIUM,0
11466,13,2,2,3,MEDIUM,9
11466,13,3,4,5,MEDIUM,11
11466,13,4,6,7,MEDIUM,13
11466,13,5,8,9,MEDIUM,0
11466,13,6,10,11,MEDIUM,0
11466,13,7,12,13,MEDIUM,13
11466,13,8,14,15,MEDIUM,15
11466,13,9,16,17,MEDIUM,0
11466,13,10,18,19,MEDIUM,19
11466,13,11,20,21,MEDIUM,0
11466,13,12,22,23,MEDIUM,0
11466,13,13,24,34,MEDIUM,0
11466,13,14,35,44,SOFT,0
11466,13,15,45,46,MEDIUM,11
11466,13,16,47,47,SOFT,10
11466,14,1,1,3,SOFT,15
11466,14,2,4,6,SOFT,18
11466,14,3,7,8,SOFT,0
11466,14,4,9,11,SOFT,2
11466,14,5,12,21,SOFT,0
11466,14,6,22,26,SOFT,0
11466,14,7,27,35,SOFT,0
11466,14,8,36,39,SOFT,0
11466,14,9,40,50,SOFT,0
11466,17,1,1,1,HARD,0
11466,17,2,2,19,HARD,0
11466,17,3,20,21,HARD,10
11466,17,4,22,26,HARD,12
11466,17,5,27,33,SOFT,0
11466,17,6,34,55,SOFT,7
11466,17,7,56,56,SOFT,6
11466,17,8,57,56,SOFT,15
11466,17,9,57,69,SOFT,0
11466,17,10,70,70,SOFT,13
11466,18,1,1,4,SOFT,0
11466,18,2,5,7,SOFT,0
11466,18,3,8,13,SOFT,0
11466,18,4,14,15,SOFT,0
11466,18,5,16,16,SOFT,0
11466,18,6,17,26,SOFT,0
11466,18,7,27,47,SOFT,0
11466,18,8,48,48,SOFT,15
11466,18,9,49,49,SOFT,3
11466,18,10,50,54,SOFT,6
11466,20,1,1,1,SOFT,0
11466,20,2,2,6,SOFT,8
11466,20,3,7,9,SOFT,0
11466,20,4,10,12,SOFT,0
11466,20,5,13,15,SOFT,0
11466,20,6,16,16,SOFT,9
11466,20,7,17,21,SOFT,10
11466,20,8,22,25,SOFT,0
11466,20,9,26,30,SOFT,19
11466,20,10,31,34,SOFT,0
11466,20,11,35,38,SOFT,28
11466,20,12,39,41,SOFT,0
11466,20,13,42,44,SOFT,3
11466,20,14,45,47,SOFT,0
11466,20,15,48,50,SOFT,7
11466,20,16,51,53,SOFT,0
11466,20,17,54,55,SOFT,6
11466,20,18,56,61,SOFT,0
11466,20,19,62,62,SOFT,0
11466,20,20,63,76,SOFT,0
11466,20,21,77,89,HARD,0
11466,20,22,90,92,HARD,0
11466,20,23,93,117,HARD,3
11466,20,24,118,118,SOFT,5
11466,20,25,119,119,SOFT,3
11466,20,26,120,120,SOFT,7
11466,20,27,121,118,SOFT,8
11466,20,28,119,125,SOFT,8
11466,20,29,126,126,SOFT,0
11466,20,30,127,127,SOFT,0
11466,20,31,128,130,SOFT,13
11466,20,32,131,131,SOFT,14
11466,27,1,1,1,HARD,30
11466,27,2,2,4,HARD,31
11466,27,3,5,8,HARD,0
11466,27,4,9,20,HARD,0
11466,27,5,21,28,MEDIUM,0
11466,27,6,29,42,SOFT,0
11466,28,1,1,1,SOFT,0
11466,28,2,2,10,SOFT,0
11466,28,3,11,11,SOFT,0
11466,28,4,12,26,HARD,0
11466,28,5,27,32,HARD,0
11466,28,6,33,37,HARD,0
11466,28,7,38,47,HARD,0
11466,28,8,48,69,HARD,0
11466,28,9,70,72,SOFT,0
11466,28,10,73,76,SOFT,0
11466,28,11,77,79,SOFT,0
11466,28,12,80,81,SOFT,0
11466,28,13,82,82,SOFT,0
11466,28,14,83,83,SOFT,0
11466,28,15,84,84,SOFT,4
11466,30,1,1,1,MEDIUM,8
11466,30,2,2,2,MEDIUM,9
11466,30,3,3,3,MEDIUM,10
11466,30,4,4,4,SOFT,0
11466,30,5,5,17,SOFT,1
11466,30,6,18,22,MEDIUM,0
11466,30,7,23,51,MEDIUM,5
11466,30,8,52,52,HARD,5
11466,30,9,53,62,HARD,10
11466,30,10,63,67,SOFT,0
11466,30,11,68,68,SOFT,5
11467,1,1,1,26,,
11467,1,2,8,10,,4
11467,1,3,11,14,SOFT,6
11467,1,4,49,49,,3
11467,1,5,49,49,,12
11467,1,6,27,28,SOFT,0
11467,1,7,29,41,SOFT,2
11467,1,8,42,51,SOFT,0
11467,1,9,52,54,SOFT,0
11467,1,10,55,61,SOFT,0
11467,3,1,1,26,,
11467,3,5,10,12,,16
11467,3,6,48,48,,7
11467,3,7,48,48,,7
11467,3,8,27,33,HARD,0
11467,3,9,34,43,HARD,7
11467,3,10,44,45,HARD,7
11467,3,11,46,52,HARD,11
11467,3,12,53,55,SOFT,0
11467,3,13,56,58,SOFT,3
11467,3,14,59,60,SOFT,6
11467,4,1,1,2,MEDIUM,0
11467,4,2,3,11,MEDIUM,2
11467,4,3,12,14,MEDIUM,0
11467,4,4,15,22,MEDIUM,3
11467,4,5,23,25,SOFT,0
11467,4,6,26,34,SOFT,0
11467,4,7,35,44,SOFT,0
11467,4,8,45,53,SOFT,0
11467,7,1,1,5,SOFT,0
11467,7,2,6,8,SOFT,0
11467,7,3,9,10,SOFT,3
11467,7,4,11,13,SOFT,0
11467,7,5,14,16,SOFT,0
11467,7,6,17,17,SOFT,3
11467,7,7,18,35,SOFT,4
11467,7,8,36,49,HARD,0
11467,10,1,1,24,,
11467,10,2,6,6,,
11467,10,3,7,10,MEDIUM,6
11467,10,4,43,43,,14
11467,10,5,43,43,,3
11467,10,6,43,43,,10
11467,10,7,25,29,SOFT,0
11467,10,8,30,30,SOFT,5
11467,10,9,31,42,SOFT,6
11467,10,10,43,43,MEDIUM,0
11467,10,11,44,52,MEDIUM,1
11467,10,12,53,54,SOFT,10
11467,10,13,55,58,MEDIUM,14
11467,10,14,59,62,MEDIUM,10
11467,10,15,63,65,MEDIUM,18
11467,10,16,66,69,SOFT,0
11467,12,1,1,1,HARD,0
11467,12,2,2,20,HARD,0
11467,12,3,21,39,HARD,1
11467,12,4,40,59,MEDIUM,2
11467,12,5,60,62,MEDIUM,4
11467,12,6,63,67,SOFT,0
11467,12,7,68,71,SOFT,0
11467,13,1,1,5,HARD,0
11467,13,2,6,17,MEDIUM,0
11467,13,3,18,29,MEDIUM,0
11467,13,4,30,44,SOFT,0
11467,13,5,45,49,SOFT,0
11467,14,1,1,37,,
11467,14,3,14,21,,2
11467,14,4,66,66,,4
11467,14,5,66,66,,16
11467,14,6,38,50,MEDIUM,0
11467,14,7,51,50,MEDIUM,5
11467,14,8,51,54,MEDIUM,0
11467,14,9,55,65,MEDIUM,4
11467,14,10,66,69,MEDIUM,0
11467,14,11,70,84,MEDIUM,4
11467,14,12,85,87,SOFT,0
11467,14,13,88,96,SOFT,3
11467,14,14,97,99,SOFT,0
11467,14,15,100,106,SOFT,0
11467,14,16,107,109,SOFT,0
11467,14,17,110,118,SOFT,3
11467,14,18,119,119,SOFT,0
11467,15,1,1,8,SOFT,0
11467,15,2,9,9,SOFT,6
11467,15,3,10,21,SOFT,7
11467,15,4,22,35,MEDIUM,0
11467,15,5,36,53,HARD,0
11467,15,6,54,56,SOFT,0
11467,15,7,57,58,SOFT,0
11467,15,8,59,63,SOFT,0
11467,15,9,64,68,SOFT,0
11467,16,1,1,30,,
11467,16,2,8,8,,
11467,16,3,9,13,SOFT,15
11467,16,4,52,52,,3
11467,16,5,52,52,,7
11467,16,6,52,52,,13
11467,16,7,52,52,,4
11467,16,8,31,34,SOFT,4
11467,16,9,35,37,SOFT,0
11467,16,10,38,41,SOFT,3
11467,16,11,42,41,SOFT,6
11467,16,12,42,50,SOFT,7
11467,16,13,51,55,SOFT,13
11467,16,14,56,58,SOFT,0
11467,16,15,59,65,SOFT,3
11467,16,16,66,69,SOFT,10
11467,16,17,70,72,SOFT,20
11467,16,18,73,75,SOFT,0
11467,16,19,76,77,SOFT,3
11467,16,20,78,78,SOFT,0
11467,16,21,79,80,SOFT,0
11467,16,22,81,81,SOFT,0
11467,16,23,82,91,SOFT,3
11467,16,24,92,92,SOFT,0
11467,16,25,93,111,SOFT,1
11467,16,26,112,130,HARD,0
11467,16,27,131,138,MEDIUM,0
11467,17,1,1,40,,
11467,17,4,14,17,,1
11467,17,5,60,60,,7
11467,17,6,60,60,,6
11467,17,7,60,60,,16
11467,17,8,41,50,MEDIUM,5
11467,17,9,51,53,HARD,17
11467,17,10,54,56,HARD,20
11467,17,11,57,59,HARD,23
11467,17,12,60,62,HARD,26
11467,17,13,63,65,HARD,29
11467,17,14,66,68,HARD,0
11467,18,1,1,38,,
11467,18,4,77,77,,4
11467,18,5,77,77,,3
11467,18,6,77,77,,5
11467,18,7,77,77,,23
11467,18,8,39,57,MEDIUM,0
11467,18,9,58,78,HARD,0
11467,19,1,1,25,,
11467,19,5,56,56,,10
11467,19,6,56,56,,15
11467,19,7,26,37,HARD,0
11467,19,8,38,40,HARD,12
11467,19,9,41,55,MEDIUM,0
11467,19,10,56,70,MEDIUM,0
11467,19,11,71,73,SOFT,0
11467,19,12,74,81,MEDIUM,0
11467,19,13,82,84,SOFT,0
11467,19,14,85,90,SOFT,0
11467,19,15,91,93,SOFT,0
11467,19,16,94,96,SOFT,0
11467,19,17,97,97,SOFT,3
11467,19,18,98,110,SOFT,0
11467,19,19,111,132,MEDIUM,0
11467,19,20,133,153,HARD,0
11467,20,1,1,21,,
11467,20,2,6,6,,
11467,20,3,7,9,SOFT,9
11467,20,4,45,45,,3
11467,20,5,45,45,,6
11467,20,6,45,45,,3
11467,20,7,45,45,,6
11467,20,8,22,24,SOFT,0
11467,20,9,25,27,SOFT,3
11467,20,10,28,27,SOFT,5
11467,20,11,28,29,SOFT,6
11467,20,12,30,38,SOFT,7
11467,20,13,39,44,HARD,0
11467,20,14,45,54,HARD,0
11467,20,15,55,70,MEDIUM,0
11467,27,1,1,1,SOFT,10
11467,27,2,2,2,SOFT,11
11467,27,3,3,3,SOFT,12
11467,27,4,4,4,SOFT,0
11467,27,5,5,22,SOFT,1
11467,27,6,23,39,MEDIUM,0
11467,27,7,40,62,HARD,0
11467,29,1,1,34,,
11467,29,3,5,10,,1
11467,29,4,11,12,MEDIUM,7
11467,29,5,55,55,,14
11467,29,6,55,55,,9
11467,29,7,55,55,,8
11467,29,8,35,43,SOFT,0
11467,29,9,44,50,SOFT,9
11467,29,10,51,57,SOFT,8
11467,29,11,58,64,SOFT,0
11467,29,12,65,65,HARD,11
11467,29,13,66,66,HARD,0
11467,29,14,67,67,HARD,0
11467,29,15,68,68,HARD,0
11467,29,16,69,89,HARD,0
11467,29,17,90,103,SOFT,0
11467,29,18,104,119,MEDIUM,0
11467,29,19,120,122,SOFT,0
11467,29,20,123,125,SOFT,3
11467,29,21,126,129,SOFT,0
11467,29,22,130,137,SOFT,0
11467,30,1,1,3,SOFT,7
11467,30,3,4,7,,1
11467,30,4,23,23,,6
11467,30,5,2,9,SOFT,7
11467,30,6,10,11,SOFT,8
11467,30,7,12,11,SOFT,9
11467,30,8,12,22,MEDIUM,0
11467,30,9,23,37,MEDIUM,0
11468,1,1,1,1,MEDIUM,0
11468,1,2,2,13,MEDIUM,1
11468,1,3,14,14,MEDIUM,0
11468,1,4,15,27,MEDIUM,1
11468,1,5,28,30,MEDIUM,0
11468,1,6,31,33,MEDIUM,3
11468,1,7,34,39,MEDIUM,0
11468,1,8,40,44,MEDIUM,0
11468,1,9,45,50,MEDIUM,0
11468,1,10,51,53,MEDIUM,0
11468,1,11,54,56,TEST_UNKNOWN,0
11468,1,12,57,57,TEST_UNKNOWN,0
11468,1,13,58,63,TEST_UNKNOWN,4
11468,1,14,64,64,MEDIUM,0
11468,1,15,65,65,MEDIUM,6
11468,1,16,66,66,MEDIUM,7
11468,2,1,1,2,MEDIUM,12
11468,2,2,3,8,MEDIUM,0
11468,2,3,9,10,MEDIUM,0
11468,2,4,11,13,MEDIUM,0
11468,2,5,14,16,MEDIUM,0
11468,2,6,17,17,MEDIUM,3
11468,2,7,18,30,MEDIUM,4
11468,2,8,31,47,HARD,0
11468,2,9,48,48,HARD,0
11468,3,1,1,3,TEST_UNKNOWN,0
11468,3,2,4,4,MEDIUM,0
11468,3,3,5,18,MEDIUM,0
11468,3,4,19,43,HARD,0
11468,3,5,44,55,HARD,0
11468,3,6,56,62,MEDIUM,0
11468,3,7,63,67,MEDIUM,0
11468,3,8,68,71,MEDIUM,0
11468,3,9,72,72,MEDIUM,4
11468,4,1,1,5,MEDIUM,0
11468,4,2,6,6,MEDIUM,0
11468,4,3,7,9,MEDIUM,0
11468,4,4,10,12,MEDIUM,3
11468,4,5,13,13,MEDIUM,6
11468,4,6,14,15,MEDIUM,0
11468,4,7,16,18,MEDIUM,2
11468,4,8,19,20,MEDIUM,0
11468,4,9,21,23,MEDIUM,2
11468,4,10,24,24,MEDIUM,5
11468,4,11,25,30,MEDIUM,0
11468,4,12,31,33,MEDIUM,0
11468,4,13,34,35,MEDIUM,3
11468,4,14,36,38,MEDIUM,0
11468,4,15,39,42,MEDIUM,6
11468,4,16,43,49,MEDIUM,3
11468,4,17,50,59,MEDIUM,5
11468,4,18,60,60,MEDIUM,14
11468,6,1,1,2,MEDIUM,10
11468,6,2,3,3,MEDIUM,0
11468,6,3,4,6,MEDIUM,0
11468,6,4,7,12,MEDIUM,3
11468,6,5,13,13,MEDIUM,0
11468,6,6,14,23,MEDIUM,0
11468,6,7,24,29,MEDIUM,0
11468,6,8,30,30,MEDIUM,0
11468,6,9,31,36,MEDIUM,1
11468,6,10,37,43,MEDIUM,6
11468,6,11,44,50,MEDIUM,10
11468,6,12,51,52,MEDIUM,13
11468,6,13,53,57,MEDIUM,10
11468,6,14,58,59,MEDIUM,13
11468,6,15,60,60,HARD,0
11468,6,16,61,70,HARD,1
11468,6,17,71,81,HARD,0
11468,6,18,82,82,HARD,11
11468,6,19,83,85,MEDIUM,0
11468,6,20,86,91,MEDIUM,0
11468,6,21,92,94,MEDIUM,0
11468,6,22,95,97,MEDIUM,3
11468,6,23,98,100,MEDIUM,0
11468,6,24,101,103,MEDIUM,0
11468,6,25,104,106,MEDIUM,0
11468,6,26,107,109,MEDIUM,0
11468,6,27,110,112,SOFT,0
11468,6,28,113,113,MEDIUM,0
11468,6,29,114,114,MEDIUM,6
11468,6,30,115,115,MEDIUM,6
11468,6,31,116,116,SOFT,0
11468,6,32,117,117,SOFT,5
11468,6,33,118,118,MEDIUM,7
11468,6,34,119,119,MEDIUM,7
11468,7,1,1,2,MEDIUM,3
11468,7,2,3,4,MEDIUM,0
11468,7,3,5,15,MEDIUM,0
11468,7,4,16,18,MEDIUM,0
11468,7,5,19,29,MEDIUM,3
11468,7,6,30,32,MEDIUM,0
11468,7,7,33,43,MEDIUM,0
11468,7,8,44,46,MEDIUM,0
11468,7,9,47,49,MEDIUM,3
11468,9,1,1,3,MEDIUM,3
11468,9,2,4,6,MEDIUM,0
11468,9,3,7,10,MEDIUM,0
11468,9,4,11,15,MEDIUM,7
11468,9,5,16,16,MEDIUM,0
11468,9,6,17,28,MEDIUM,1
11468,9,7,29,43,HARD,0
11468,9,8,44,50,MEDIUM,0
11468,9,9,51,59,MEDIUM,7
11468,9,10,60,74,HARD,0
11468,9,11,75,77,MEDIUM,2
11468,9,12,78,80,MEDIUM,0
11468,9,13,81,84,MEDIUM,3
11468,9,14,85,87,MEDIUM,0
11468,9,15,88,89,MEDIUM,3
11468,9,16,90,91,MEDIUM,6
11468,9,17,92,97,MEDIUM,5
11468,9,18,98,100,MEDIUM,0
11468,9,19,101,102,MEDIUM,0
11468,9,20,103,106,MEDIUM,0
11468,9,21,107,109,MEDIUM,4
11468,9,22,110,113,MEDIUM,0
11468,9,23,114,115,MEDIUM,0
11468,9,24,116,118,MEDIUM,2
11468,9,25,119,121,MEDIUM,0
11468,9,26,122,124,MEDIUM,0
11468,9,27,125,127,MEDIUM,0
11468,9,28,128,132,MEDIUM,0
11468,9,29,133,133,MEDIUM,5
11468,10,1,1,1,TEST_UNKNOWN,0
11468,10,2,2,2,MEDIUM,0
11468,10,3,3,4,MEDIUM,0
11468,10,4,5,6,MEDIUM,0
11468,13,1,1,3,HARD,0
11468,13,2,4,8,HARD,0
11468,13,3,9,13,HARD,0
11468,13,4,14,16,HARD,5
11468,13,5,17,23,HARD,0
11468,13,6,24,28,HARD,0
11468,13,7,29,31,HARD,0
11468,13,8,32,37,HARD,8
11468,13,9,38,40,MEDIUM,0
11468,13,10,41,49,MEDIUM,0
11468,13,11,50,52,TEST_UNKNOWN,0
11468,13,12,53,61,UNKNOWN,0
11468,13,13,62,62,HARD,16
11468,13,14,63,63,HARD,0
11468,13,15,64,64,HARD,17
11468,15,1,1,3,HARD,9
11468,15,2,4,6,MEDIUM,6
11468,15,3,7,9,MEDIUM,0
11468,15,4,10,12,TEST_UNKNOWN,0
11468,15,5,13,14,TEST_UNKNOWN,0
11468,15,6,15,17,MEDIUM,0
11468,15,7,18,21,INTERMEDIATE,2
11468,15,8,22,22,TEST_UNKNOWN,5
11468,15,9,23,23,TEST_UNKNOWN,0
11468,15,10,24,24,TEST_UNKNOWN,7
11468,15,11,25,25,MEDIUM,0
11468,15,12,26,26,MEDIUM,4
11468,15,13,27,40,MEDIUM,0
11468,15,14,41,58,HARD,0
11468,15,15,59,82,UNKNOWN,0
11468,15,16,83,83,HARD,12
11468,17,1,1,1,MEDIUM,5
11468,17,2,2,5,MEDIUM,6
11468,17,3,6,6,MEDIUM,10
11468,17,4,7,11,MEDIUM,0
11468,17,5,12,15,MEDIUM,0
11468,17,6,16,18,MEDIUM,0
11468,17,7,19,19,MEDIUM,5
11468,17,8,20,33,MEDIUM,6
11468,17,9,34,34,MEDIUM,6
11468,17,10,35,48,MEDIUM,0
11468,17,11,49,49,MEDIUM,0
11468,17,12,50,63,MEDIUM,0
11468,17,13,64,64,MEDIUM,20
11468,17,14,65,65,MEDIUM,0
11468,17,15,66,66,MEDIUM,21
11468,17,16,67,67,MEDIUM,3
11468,17,17,68,82,MEDIUM,4
11468,17,18,83,98,HARD,0
11468,17,19,99,102,UNKNOWN,0
11468,17,20,103,105,MEDIUM,5
11468,17,21,106,110,MEDIUM,0
11468,17,22,111,115,MEDIUM,10
11468,17,23,116,116,MEDIUM,5
11468,17,24,117,119,MEDIUM,0
11468,17,25,120,122,MEDIUM,0
11468,17,26,123,125,SOFT,0
11468,17,27,126,141,MEDIUM,15
11468,17,28,142,142,MEDIUM,6
11468,18,1,1,5,MEDIUM,0
11468,18,2,6,10,MEDIUM,5
11468,18,3,11,13,UNKNOWN,0
11468,18,4,14,23,MEDIUM,0
11468,18,5,24,25,MEDIUM,0
11468,18,6,26,36,MEDIUM,2
11468,18,7,37,39,MEDIUM,0
11468,18,8,40,50,MEDIUM,3
11468,18,9,51,53,MEDIUM,0
11468,18,10,54,64,MEDIUM,3
11468,18,11,65,67,TEST_UNKNOWN,0
11468,18,12,68,78,TEST_UNKNOWN,0
11468,18,13,79,79,MEDIUM,0
11468,18,14,80,80,MEDIUM,0
11468,18,15,81,81,MEDIUM,0
11468,18,16,82,82,MEDIUM,0
11468,18,17,83,83,MEDIUM,16
11468,19,1,1,5,TEST_UNKNOWN,0
11468,19,2,6,10,MEDIUM,0
11468,19,3,11,16,MEDIUM,0
11468,19,4,17,20,MEDIUM,0
11468,19,5,21,21,MEDIUM,6
11468,19,6,22,36,MEDIUM,7
11468,19,7,37,37,MEDIUM,6
11468,19,8,38,52,MEDIUM,7
11468,19,9,53,53,HARD,7
11468,19,10,54,66,UNKNOWN,0
11468,19,11,67,67,TEST_UNKNOWN,14
11468,20,1,1,1,TEST_UNKNOWN,8
11468,20,2,2,2,TEST_UNKNOWN,0
11468,20,3,3,3,TEST_UNKNOWN,0
11468,20,4,4,4,MEDIUM,0
11468,20,5,5,20,MEDIUM,1
11468,20,6,21,43,HARD,0
11468,20,7,44,61,HARD,0
11468,20,8,62,64,MEDIUM,0
11468,20,9,65,67,MEDIUM,0
11468,20,10,68,69,MEDIUM,3
11468,20,11,70,72,MEDIUM,0
11468,20,12,73,74,MEDIUM,0
11468,20,13,75,77,MEDIUM,0
11468,20,14,78,80,MEDIUM,0
11468,20,15,81,81,MEDIUM,5
11468,20,16,82,82,MEDIUM,0
11468,20,17,83,83,MEDIUM,5
11468,20,18,84,84,MEDIUM,3
11468,20,19,85,85,MEDIUM,3
11468,20,20,86,86,MEDIUM,6
11468,20,21,87,87,MEDIUM,0
11468,20,22,88,88,MEDIUM,4
11468,20,23,89,89,MEDIUM,6
11468,27,1,1,1,MEDIUM,9
11468,27,2,2,4,HARD,0
11468,27,3,5,5,HARD,3
11468,27,4,6,6,HARD,4
11468,27,5,7,7,HARD,5
11468,27,6,8,8,TEST_UNKNOWN,0
11468,27,7,9,24,TEST_UNKNOWN,1
11468,27,8,25,43,HARD,0
11468,27,9,44,61,HARD,0
11468,28,1,1,6,HARD,2
11468,28,2,7,11,HARD,0
11468,28,3,12,14,HARD,0
11468,28,4,15,17,HARD,0
11468,28,5,18,20,HARD,0
11468,28,6,21,34,HARD,5
11468,28,7,35,40,HARD,3
11468,28,8,41,48,HARD,9
11468,28,9,49,62,HARD,3
11468,28,10,63,76,HARD,3
11468,28,11,77,77,HARD,0
11468,28,12,78,78,MEDIUM,0
11468,28,13,79,92,MEDIUM,1
11468,28,14,93,115,HARD,0
11468,28,15,116,136,HARD,0
11468,28,16,137,139,MEDIUM,5
11468,28,17,140,143,MEDIUM,3
11468,28,18,144,146,TEST_UNKNOWN,0
11468,28,19,147,148,TEST_UNKNOWN,0
11468,28,20,149,151,MEDIUM,0
11468,28,21,152,154,MEDIUM,0
11468,28,22,155,155,MEDIUM,3
11468,28,23,156,157,UNKNOWN,0
11468,28,24,158,158,TEST_UNKNOWN,2
11468,28,25,159,159,MEDIUM,3
11468,28,26,160,161,MEDIUM,3
11468,28,27,162,162,MEDIUM,5
11468,28,28,163,163,TEST_UNKNOWN,5
11468,28,29,164,164,TEST_UNKNOWN,3
11468,28,30,165,165,MEDIUM,0
11468,28,31,166,166,MEDIUM,6
11468,30,1,1,13,HARD,3
11468,30,2,14,16,HARD,0
11468,30,3,17,21,HARD,3
11468,30,4,22,24,UNKNOWN,0
11468,30,5,25,27,MEDIUM,0
11468,30,6,28,29,MEDIUM,0
11468,30,7,30,32,UNKNOWN,0
11468,30,8,33,35,MEDIUM,0
11468,30,9,36,37,MEDIUM,0
11468,30,10,38,38,MEDIUM,2
11468,30,11,39,39,MEDIUM,3
11468,30,12,40,40,MEDIUM,3
11469,1,1,1,7,,
11469,1,2,8,9,MEDIUM,3
11469,1,3,10,12,MEDIUM,0
11469,1,4,13,15,MEDIUM,3
11469,1,5,16,21,MEDIUM,0
11469,1,6,22,24,MEDIUM,0
11469,1,7,25,26,MEDIUM,3
11469,1,8,27,36,MEDIUM,6
11469,1,9,37,47,MEDIUM,6
11469,1,10,48,56,MEDIUM,5
11469,1,11,57,58,MEDIUM,6
11469,1,12,59,61,TEST_UNKNOWN,0
11469,1,13,62,68,TEST_UNKNOWN,3
11469,1,14,69,71,MEDIUM,0
11469,1,15,72,78,MEDIUM,3
11469,1,16,79,79,MEDIUM,0
11469,1,17,80,95,MEDIUM,1
11469,1,18,96,114,HARD,0
11469,1,19,115,137,HARD,0
11469,1,20,138,139,MEDIUM,10
11469,1,21,140,140,MEDIUM,12
11469,2,1,1,8,,0
11469,2,2,9,11,,7
11469,2,3,12,14,MEDIUM,0
11469,2,4,15,16,MEDIUM,3
11469,2,5,17,19,MEDIUM,0
11469,2,6,20,22,HARD,0
11469,2,7,23,25,HARD,0
11469,2,8,26,26,MEDIUM,0
11469,2,9,27,40,MEDIUM,0
11469,2,10,41,41,HARD,0
11469,2,11,42,55,HARD,4
11469,2,12,56,56,HARD,3
11469,2,13,57,69,HARD,4
11469,2,14,70,72,MEDIUM,11
11469,2,15,73,73,MEDIUM,14
11469,3,1,1,8,,
11469,3,2,2,8,MEDIUM,11
11469,3,3,9,18,MEDIUM,0
11469,3,4,19,20,MEDIUM,0
11469,3,5,21,25,MEDIUM,0
11469,3,6,26,29,TEST_UNKNOWN,0
11469,7,1,1,3,MEDIUM,16
11469,7,2,4,6,MEDIUM,0
11469,7,3,7,19,UNKNOWN,0
11469,7,4,20,22,MEDIUM,0
11469,7,5,23,33,MEDIUM,3
11469,7,6,34,36,MEDIUM,0
11469,7,7,37,47,MEDIUM,3
11469,7,8,48,50,MEDIUM,0
11469,7,9,51,61,MEDIUM,3
11469,7,10,62,64,MEDIUM,0
11469,7,11,65,66,MEDIUM,0
11469,7,12,67,70,TEST_UNKNOWN,0
11469,7,13,71,71,MEDIUM,0
11469,7,14,72,72,TEST_UNKNOWN,0
11469,7,15,73,73,MEDIUM,6
11469,7,16,74,74,TEST_UNKNOWN,0
11469,7,17,75,75,MEDIUM,7
11469,7,18,76,76,TEST_UNKNOWN,6
11469,7,19,77,77,MEDIUM,0
11469,7,20,78,78,TEST_UNKNOWN,0
11469,7,21,79,79,MEDIUM,0
11469,7,22,80,80,MEDIUM,10
11469,8,1,1,2,,
11469,8,2,3,7,MEDIUM,0
11469,8,3,8,12,MEDIUM,0
11469,8,4,13,15,MEDIUM,0
11469,8,5,16,17,MEDIUM,0
11469,8,6,18,19,MEDIUM,2
11469,8,7,20,24,MEDIUM,6
11469,8,8,25,29,MEDIUM,5
11469,8,9,30,35,MEDIUM,3
11469,8,10,36,40,MEDIUM,4
11469,8,11,41,41,HARD,0
11469,8,12,42,57,HARD,0
11469,8,13,58,68,HARD,0
11469,12,1,1,5,,
11469,12,2,6,6,,9
11469,12,3,7,9,MEDIUM,0
11469,12,4,10,13,MEDIUM,0
11469,12,5,14,19,MEDIUM,0
11469,12,6,20,36,MEDIUM,6
11469,12,7,37,37,MEDIUM,4
11469,12,8,38,52,MEDIUM,0
11469,12,9,53,53,MEDIUM,3
11469,12,10,54,69,MEDIUM,0
11469,12,11,70,71,TEST_UNKNOWN,0
11469,12,12,72,76,MEDIUM,5
11469,12,13,77,81,HARD,0
11469,12,14,82,84,MEDIUM,0
11469,12,15,85,87,MEDIUM,3
11469,12,16,88,92,MEDIUM,0
11469,12,17,93,98,MEDIUM,0
11469,12,18,99,101,MEDIUM,0
11469,12,19,102,107,SOFT,0
11469,12,20,108,108,MEDIUM,6
11469,12,21,109,117,MEDIUM,0
11469,12,22,118,118,MEDIUM,12
11469,13,1,1,8,HARD,0
11469,13,2,9,11,MEDIUM,0
11469,13,3,12,13,MEDIUM,0
11469,13,4,14,15,MEDIUM,0
11469,13,5,16,18,MEDIUM,2
11469,13,6,19,21,MEDIUM,0
11469,13,7,22,22,MEDIUM,3
11469,13,8,23,23,MEDIUM,0
11469,13,9,24,24,MEDIUM,0
11469,13,10,25,25,HARD,0
11469,13,11,26,48,HARD,0
11469,13,12,49,67,HARD,0
11469,13,13,68,71,MEDIUM,0
11469,13,14,72,72,MEDIUM,6
11469,13,15,73,73,MEDIUM,5
11469,14,1,1,3,,
11469,14,2,4,6,MEDIUM,7
11469,14,3,7,8,HARD,0
11469,14,4,9,11,HARD,2
11469,14,5,12,17,HARD,0
11469,14,6,18,20,HARD,0
11469,14,7,21,27,HARD,0
11469,14,8,28,28,MEDIUM,0
11469,14,9,29,43,MEDIUM,0
11469,14,10,44,52,HARD,0
11469,14,11,53,54,HARD,9
11469,14,12,55,64,HARD,0
11469,14,13,65,86,HARD,0
11469,14,14,87,88,MEDIUM,0
11469,14,15,89,91,MEDIUM,2
11469,14,16,92,94,MEDIUM,0
11469,14,17,95,97,MEDIUM,0
11469,14,18,98,100,MEDIUM,0
11469,14,19,101,101,MEDIUM,0
11469,14,20,102,102,HARD,0
11469,14,21,103,103,MEDIUM,0
11469,14,22,104,104,MEDIUM,0
11469,14,23,105,105,MEDIUM,0
11469,14,24,106,106,MEDIUM,0
11469,15,1,1,8,HARD,0
11469,15,2,9,9,HARD,8
11469,15,3,10,10,HARD,0
11469,15,4,11,21,HARD,1
11469,15,5,22,31,HARD,0
11469,15,6,32,36,MEDIUM,0
11469,15,7,37,40,MEDIUM,5
11469,15,8,41,43,MEDIUM,9
11469,15,9,44,46,MEDIUM,0
11469,15,10,47,49,MEDIUM,3
11469,15,11,50,52,MEDIUM,0
11469,15,12,53,56,MEDIUM,0
11469,15,13,57,57,MEDIUM,4
11469,15,14,58,58,HARD,10
11469,15,15,59,59,HARD,11
11469,16,1,1,3,MEDIUM,6
11469,16,2,4,5,MEDIUM,0
11469,16,3,2,5,MEDIUM,11
11469,16,4,6,8,MEDIUM,13
11469,16,5,9,9,MEDIUM,0
11469,16,6,10,21,MEDIUM,1
11469,16,7,22,31,HARD,0
11469,16,8,32,43,HARD,0
11469,16,9,44,51,HARD,12
11469,16,10,52,65,HARD,0
11469,16,11,66,69,MEDIUM,0
11469,16,12,70,70,MEDIUM,4
11469,16,13,71,72,MEDIUM,0
11469,16,14,73,75,MEDIUM,0
11469,16,15,76,78,MEDIUM,3
11469,16,16,79,79,MEDIUM,3
11469,18,1,1,6,,
11469,18,2,2,6,MEDIUM,15
11469,18,3,7,11,HARD,0
11469,18,4,12,16,HARD,5
11469,18,5,17,21,HARD,0
11469,18,6,22,24,MEDIUM,0
11469,18,7,25,35,MEDIUM,0
11469,18,8,36,39,MEDIUM,0
11469,18,9,40,49,MEDIUM,4
11469,18,10,50,52,MEDIUM,0
11469,18,11,53,53,MEDIUM,3
11469,18,12,54,65,MEDIUM,0
11469,18,13,66,70,HARD,15
11469,18,14,71,71,MEDIUM,20
11469,18,15,72,72,HARD,20
11469,18,16,73,73,MEDIUM,21
11469,18,17,74,74,HARD,0
11469,18,18,75,75,MEDIUM,0
11469,18,19,76,76,HARD,22
11469,18,20,77,77,MEDIUM,23
11469,18,21,78,78,MEDIUM,24
11469,19,1,1,12,HARD,0
11469,19,2,13,19,HARD,0
11469,19,3,20,22,MEDIUM,0
11469,19,4,23,28,TEST_UNKNOWN,0
11469,19,5,29,29,MEDIUM,3
11469,19,6,30,44,MEDIUM,4
11469,19,7,45,64,HARD,0
11469,19,8,65,86,HARD,0
11469,19,9,87,87,TEST_UNKNOWN,6
11469,20,1,1,4,,
11469,20,2,3,4,MEDIUM,0
11469,20,3,6,6,MEDIUM,0
11469,20,4,7,8,MEDIUM,13
11469,20,5,9,10,MEDIUM,15
11469,20,6,11,13,TEST_UNKNOWN,0
11469,20,7,14,15,TEST_UNKNOWN,0
11469,20,8,16,26,TEST_UNKNOWN,5
11469,20,9,27,27,TEST_UNKNOWN,0
11469,20,10,28,30,MEDIUM,0
11469,20,11,31,43,MEDIUM,0
11469,20,12,44,46,MEDIUM,0
11469,20,13,47,57,MEDIUM,3
11469,20,14,58,58,MEDIUM,0
11469,20,15,59,61,MEDIUM,0
11469,20,16,62,69,MEDIUM,0
11469,20,17,70,70,MEDIUM,11
11469,27,1,1,4,HARD,0
11469,27,2,5,12,TEST_UNKNOWN,0
11469,27,3,13,20,TEST_UNKNOWN,8
11469,27,4,21,26,MEDIUM,0
11469,27,5,27,29,MEDIUM,0
11469,27,6,30,32,MEDIUM,6
11469,27,7,33,35,MEDIUM,0
11469,27,8,36,38,UNKNOWN,0
11469,27,9,39,41,SOFT,0
11469,27,10,42,50,MEDIUM,3
11469,27,11,51,51,MEDIUM,11
11469,29,1,1,5,,
11469,29,2,2,3,MEDIUM,20
11469,29,3,4,5,MEDIUM,22
11469,29,4,7,15,MEDIUM,0
11469,29,5,16,25,MEDIUM,0
11469,29,6,26,35,MEDIUM,0
11469,29,7,36,45,MEDIUM,0
11469,29,8,46,51,MEDIUM,10
11469,29,9,52,52,MEDIUM,0
11469,29,10,53,53,MEDIUM,11
11469,29,11,54,54,MEDIUM,0
11469,29,12,55,56,MEDIUM,0
11469,29,13,57,58,MEDIUM,0
11469,29,14,59,60,MEDIUM,14
11469,29,15,61,61,HARD,0
11469,29,16,62,62,HARD,0
11469,29,17,63,63,HARD,0
11469,29,18,64,73,HARD,1
11469,29,19,74,75,HARD,11
11469,29,20,76,89,HARD,0
11469,29,21,90,97,MEDIUM,0
11469,29,22,98,102,MEDIUM,0
11469,29,23,103,108,MEDIUM,0
11469,29,24,109,114,MEDIUM,0
11469,29,25,115,117,SOFT,0
11469,29,26,118,118,MEDIUM,8
11469,29,27,119,119,MEDIUM,6
11469,29,28,120,120,MEDIUM,6
11469,29,29,121,121,MEDIUM,7
11469,30,1,1,1,HARD,5
11469,30,2,2,2,HARD,0
11469,30,3,3,3,HARD,5
11469,30,4,4,4,HARD,0
11469,30,5,5,5,HARD,7
11469,30,6,6,6,MEDIUM,0
11469,30,7,7,22,MEDIUM,1
11469,30,8,23,40,HARD,0
11469,30,9,41,58,HARD,0
11470,2,1,1,6,MEDIUM,0
11470,2,2,7,12,HARD,0
11470,2,3,13,19,HARD,0
11470,2,4,20,22,TEST_UNKNOWN,0
11470,2,5,23,25,TEST_UNKNOWN,3
11470,2,6,26,26,TEST_UNKNOWN,6
11470,2,7,27,36,TEST_UNKNOWN,0
11470,2,8,37,37,HARD,6
11470,2,9,38,49,HARD,7
11470,2,10,50,50,HARD,7
11470,2,11,51,51,HARD,0
11470,2,12,52,52,HARD,0
11470,2,13,53,53,HARD,0
11470,2,14,54,54,HARD,0
11470,3,1,1,4,HARD,0
11470,3,2,5,6,HARD,8
11470,3,3,7,11,HARD,0
11470,3,4,12,24,HARD,0
11470,3,5,25,25,HARD,0
11470,3,6,26,31,HARD,0
11470,3,7,32,43,HARD,0
11470,3,8,44,44,HARD,6
11470,3,9,45,49,HARD,0
11470,3,10,50,50,HARD,5
11470,3,11,51,61,HARD,0
11470,3,12,62,62,HARD,0
11470,3,13,63,71,MEDIUM,0
11470,3,14,72,72,MEDIUM,8
11470,4,1,1,4,MEDIUM,0
11470,4,2,5,7,HARD,0
11470,4,3,8,13,HARD,0
11470,4,4,14,15,HARD,9
11470,4,5,16,17,HARD,11
11470,4,6,18,19,HARD,13
11470,4,7,20,20,HARD,15
11470,4,8,21,22,HARD,16
11470,4,9,23,24,HARD,18
11470,4,10,25,26,HARD,20
11470,4,11,27,28,HARD,22
11470,4,12,29,37,MEDIUM,0
11470,4,13,38,46,MEDIUM,0
11470,4,14,47,55,MEDIUM,0
11470,4,15,56,65,MEDIUM,0
11470,4,16,66,66,MEDIUM,10
11470,4,17,67,67,MEDIUM,10
11470,6,1,1,6,TEST_UNKNOWN,0
11470,6,2,7,12,MEDIUM,0
11470,6,3,13,17,MEDIUM,6
11470,6,4,18,18,MEDIUM,0
11470,6,5,19,22,MEDIUM,0
11470,6,6,23,32,MEDIUM,0
11470,6,7,33,39,MEDIUM,0
11470,6,8,40,42,MEDIUM,7
11470,6,9,43,43,MEDIUM,0
11470,6,10,44,60,MEDIUM,0
11470,6,11,61,61,MEDIUM,21
11470,7,1,1,4,MEDIUM,0
11470,7,2,5,8,MEDIUM,0
11470,7,3,9,11,MEDIUM,0
11470,7,4,12,14,MEDIUM,3
11470,7,5,15,25,MEDIUM,3
11470,7,6,26,28,MEDIUM,0
11470,7,7,29,39,MEDIUM,3
11470,7,8,40,42,MEDIUM,0
11470,7,9,43,53,MEDIUM,0
11470,7,10,54,54,MEDIUM,0
11470,7,11,55,68,MEDIUM,0
11470,7,12,69,69,UNKNOWN,0
11470,8,1,1,2,MEDIUM,0
11470,8,2,3,9,MEDIUM,2
11470,8,3,10,14,MEDIUM,0
11470,8,4,15,21,MEDIUM,0
11470,8,5,22,28,MEDIUM,0
11470,9,1,1,3,MEDIUM,0
11470,9,2,4,10,MEDIUM,11
11470,9,3,11,15,TEST_UNKNOWN,0
11470,9,4,16,16,TEST_UNKNOWN,5
11470,9,5,17,18,MEDIUM,0
11470,9,6,19,22,MEDIUM,2
11470,9,7,23,25,MEDIUM,0
11470,9,8,26,28,MEDIUM,3
11470,9,9,29,43,MEDIUM,6
11470,9,10,44,50,TEST_UNKNOWN,6
11470,9,11,51,70,MEDIUM,0
11470,10,1,1,7,MEDIUM,0
11470,10,2,8,11,MEDIUM,5
11470,10,3,12,15,MEDIUM,0
11470,10,4,16,19,MEDIUM,0
11470,10,5,20,22,MEDIUM,0
11470,10,6,23,26,MEDIUM,0
11470,12,1,1,2,MEDIUM,0
11470,12,2,3,2,MEDIUM,0
11470,12,3,3,7,MEDIUM,6
11470,12,4,8,10,MEDIUM,6
11470,12,5,11,13,MEDIUM,10
11470,12,6,14,18,MEDIUM,0
11470,12,7,19,18,MEDIUM,5
11470,12,8,19,23,TEST_UNKNOWN,0
11470,12,9,24,27,MEDIUM,0
11470,12,10,28,30,MEDIUM,0
11470,12,11,31,35,MEDIUM,0
11470,12,12,36,41,MEDIUM,7
11470,12,13,42,55,MEDIUM,5
11470,13,1,1,2,MEDIUM,0
11470,13,2,3,6,MEDIUM,2
11470,13,3,7,10,MEDIUM,14
11470,13,4,11,20,HARD,0
11470,13,5,21,29,HARD,0
11470,13,6,30,37,HARD,0
11470,13,7,38,49,MEDIUM,0
11470,14,1,1,3,MEDIUM,1
11470,14,2,4,6,MEDIUM,0
11470,14,3,7,15,MEDIUM,3
11470,14,4,16,18,UNKNOWN,0
11470,14,5,19,27,MEDIUM,3
11470,14,6,28,30,MEDIUM,0
11470,14,7,31,39,MEDIUM,3
11470,14,8,40,41,MEDIUM,0
11470,14,9,42,44,MEDIUM,2
11470,14,10,45,52,MEDIUM,5
11470,14,11,53,53,MEDIUM,12
11470,14,12,54,54,MEDIUM,12
11470,14,13,55,55,MEDIUM,13
11470,14,14,56,56,MEDIUM,13
11470,14,15,57,57,MEDIUM,13
11470,14,16,58,58,MEDIUM,14
11470,14,17,59,59,MEDIUM,14
11470,14,18,60,61,MEDIUM,0
11470,15,1,1,1,MEDIUM,0
11470,15,2,2,6,MEDIUM,0
11470,15,3,7,10,MEDIUM,11
11470,15,4,11,15,MEDIUM,5
11470,15,5,16,21,MEDIUM,0
11470,15,6,22,25,MEDIUM,0
11470,15,7,26,28,MEDIUM,0
11470,15,8,29,37,MEDIUM,0
11470,15,9,38,39,MEDIUM,0
11470,15,10,40,42,MEDIUM,0
11470,15,11,43,45,MEDIUM,0
11470,15,12,46,51,MEDIUM,0
11470,15,13,52,52,HARD,0
11470,15,14,53,60,HARD,0
11470,15,15,61,65,HARD,0
11470,16,1,1,6,MEDIUM,0
11470,16,2,7,7,MEDIUM,24
11470,16,3,8,13,MEDIUM,0
11470,16,4,14,14,MEDIUM,6
11470,16,5,15,17,MEDIUM,0
11470,16,6,18,20,MEDIUM,3
11470,16,7,21,23,TEST_UNKNOWN,0
11470,16,8,24,24,TEST_UNKNOWN,3
11470,16,9,25,41,TEST_UNKNOWN,4
11470,16,10,42,44,MEDIUM,0
11470,16,11,45,45,MEDIUM,27
11470,17,1,1,6,HARD,7
11470,17,2,7,9,MEDIUM,7
11470,17,3,10,14,MEDIUM,0
11470,17,4,15,19,MEDIUM,0
11470,17,5,20,24,TEST_UNKNOWN,0
11470,17,6,25,29,MEDIUM,0
11470,17,7,30,30,MEDIUM,0
11470,17,8,31,40,MEDIUM,0
11470,17,9,41,50,MEDIUM,0
11470,17,10,51,55,TEST_UNKNOWN,5
11470,17,11,56,56,TEST_UNKNOWN,9
11470,18,1,1,1,MEDIUM,0
11470,18,2,2,2,MEDIUM,16
11470,18,3,3,15,HARD,18
11470,18,4,16,18,MEDIUM,0
11470,18,5,19,29,MEDIUM,6
11470,18,6,30,34,MEDIUM,0
11470,18,7,35,45,MEDIUM,0
11470,18,8,46,48,MEDIUM,0
11470,18,9,49,59,MEDIUM,3
11470,18,10,60,64,MEDIUM,0
11470,18,11,65,75,MEDIUM,0
11470,18,12,76,76,MEDIUM,18
11470,19,1,1,3,MEDIUM,0
11470,19,2,4,4,MEDIUM,10
11470,19,3,5,5,MEDIUM,11
11470,19,4,6,12,HARD,0
11470,19,5,13,27,HARD,0
11470,19,6,28,33,MEDIUM,0
11470,19,7,34,39,MEDIUM,0
11470,19,8,40,40,MEDIUM,6
11470,19,9,41,52,MEDIUM,0
11470,19,10,53,53,HARD,19
11470,19,11,54,54,MEDIUM,6
11470,19,12,55,66,MEDIUM,7
11470,19,13,67,67,MEDIUM,19
11470,19,14,68,70,HARD,7
11470,19,15,71,71,HARD,16
11470,20,1,1,5,MEDIUM,0
11470,20,2,6,9,MEDIUM,17
11470,20,3,10,13,MEDIUM,21
11470,20,4,14,14,MEDIUM,0
11470,20,5,15,17,HARD,0
11470,20,6,18,20,HARD,3
11470,20,7,21,25,HARD,0
11470,20,8,26,29,HARD,11
11470,20,9,30,31,HARD,15
11470,20,10,32,35,HARD,17
11470,20,11,36,39,MEDIUM,0
11470,20,12,40,42,MEDIUM,4
11470,27,1,1,1,HARD,4
11470,27,2,2,2,HARD,0
11470,27,3,3,17,HARD,0
11470,27,4,18,20,HARD,0
11470,27,5,21,22,MEDIUM,0
11470,27,6,23,24,UNKNOWN,0
11470,28,1,1,3,HARD,0
11470,28,2,4,9,MEDIUM,0
11470,28,3,10,19,MEDIUM,0
11470,28,4,20,22,MEDIUM,0
11470,28,5,23,35,MEDIUM,3
11470,28,6,36,38,MEDIUM,0
11470,28,7,39,41,MEDIUM,3
11470,28,8,42,51,MEDIUM,6
11470,28,9,52,57,MEDIUM,0
11470,28,10,58,58,MEDIUM,0
11470,28,11,59,59,MEDIUM,0
11470,28,12,60,75,MEDIUM,0
11470,29,1,1,2,MEDIUM,0
11470,29,2,3,4,MEDIUM,0
11470,29,3,5,6,MEDIUM,0
11470,29,4,7,18,MEDIUM,0
11470,29,5,19,30,MEDIUM,0
11470,29,6,31,34,MEDIUM,0
11470,29,7,35,46,TEST_UNKNOWN,0
11470,29,8,47,51,MEDIUM,0
11470,29,9,52,56,MEDIUM,0
11470,29,10,57,57,TEST_UNKNOWN,12
11470,29,11,58,58,MEDIUM,17
11470,29,12,59,59,MEDIUM,17
11470,29,13,60,60,TEST_UNKNOWN,13
11470,29,14,61,61,MEDIUM,18
11470,30,1,1,3,HARD,0
11470,30,2,4,6,UNKNOWN,0
11470,30,3,7,18,HARD,0
11470,30,4,19,24,HARD,0
11470,30,5,25,29,HARD,0
11470,30,6,30,35,MEDIUM,0
11470,30,7,36,36,MEDIUM,5
