corner,min_speed,max_speed,mean_speed,mean_throttle,n_points,exit_speed,round,meeting_name,driver,team,lap_time,apex_deficit
1,176,222,187.8,15.0,17,177,1,Australian Grand Prix,RUS,Mercedes,78.518,0
2,185,251,224.2,98.5,29,251,1,Australian Grand Prix,RUS,Mercedes,78.518,10
3,103,164,123.7,16.3,22,125,1,Australian Grand Prix,RUS,Mercedes,78.518,4
4,154,189,168.0,53.1,25,189,1,Australian Grand Prix,RUS,Mercedes,78.518,1
5,235,251,245.8,100.0,26,251,1,Australian Grand Prix,RUS,Mercedes,78.518,0
6,220,242,226.8,24.6,17,221,1,Australian Grand Prix,RUS,Mercedes,78.518,8
7,242,267,254.2,5.2,15,242,1,Australian Grand Prix,RUS,Mercedes,78.518,0
8,241,249,244.0,75.9,18,249,1,Australian Grand Prix,RUS,Mercedes,78.518,0
9,121,180,135.1,19.8,17,133,1,Australian Grand Prix,RUS,Mercedes,78.518,3
10,223,234,226.5,50.9,25,227,1,Australian Grand Prix,RUS,Mercedes,78.518,0
11,95,157,114.6,19.2,21,122,1,Australian Grand Prix,RUS,Mercedes,78.518,7
12,139,217,184.7,76.1,34,217,1,Australian Grand Prix,RUS,Mercedes,78.518,4
1,167,207,177.0,21.2,17,172,1,Australian Grand Prix,ANT,Mercedes,78.811,9
2,187,245,223.9,96.7,29,245,1,Australian Grand Prix,ANT,Mercedes,78.811,8
3,106,184,126.5,16.2,22,126,1,Australian Grand Prix,ANT,Mercedes,78.811,1
4,152,186,167.3,55.7,25,186,1,Australian Grand Prix,ANT,Mercedes,78.811,3
5,233,252,245.1,100.0,26,252,1,Australian Grand Prix,ANT,Mercedes,78.811,2
6,223,244,230.2,36.2,17,224,1,Australian Grand Prix,ANT,Mercedes,78.811,5
7,238,259,246.9,24.2,15,238,1,Australian Grand Prix,ANT,Mercedes,78.811,4
8,241,245,243.1,68.2,18,244,1,Australian Grand Prix,ANT,Mercedes,78.811,0
9,123,174,138.0,23.4,17,140,1,Australian Grand Prix,ANT,Mercedes,78.811,1
10,213,236,222.7,48.1,25,217,1,Australian Grand Prix,ANT,Mercedes,78.811,10
11,98,202,125.4,13.3,21,115,1,Australian Grand Prix,ANT,Mercedes,78.811,4
12,128,215,177.2,72.7,34,215,1,Australian Grand Prix,ANT,Mercedes,78.811,15
1,168,210,180.0,14.7,17,174,1,Australian Grand Prix,HAD,Red Bull Racing,79.303,8
2,186,251,223.5,99.4,29,251,1,Australian Grand Prix,HAD,Red Bull Racing,79.303,9
3,100,171,120.8,17.8,22,133,1,Australian Grand Prix,HAD,Red Bull Racing,79.303,7
4,152,185,162.8,45.9,25,185,1,Australian Grand Prix,HAD,Red Bull Racing,79.303,3
5,228,249,242.6,100.0,26,249,1,Australian Grand Prix,HAD,Red Bull Racing,79.303,7
6,210,220,215.2,47.4,17,220,1,Australian Grand Prix,HAD,Red Bull Racing,79.303,18
7,231,255,240.3,20.1,15,231,1,Australian Grand Prix,HAD,Red Bull Racing,79.303,11
8,236,242,238.1,74.3,18,242,1,Australian Grand Prix,HAD,Red Bull Racing,79.303,5
9,124,171,134.5,23.1,17,140,1,Australian Grand Prix,HAD,Red Bull Racing,79.303,0
10,215,226,220.4,58.9,25,226,1,Australian Grand Prix,HAD,Red Bull Racing,79.303,8
11,93,157,115.8,17.9,21,128,1,Australian Grand Prix,HAD,Red Bull Racing,79.303,9
12,141,222,180.6,72.6,34,222,1,Australian Grand Prix,HAD,Red Bull Racing,79.303,2
1,173,223,184.8,23.5,17,175,1,Australian Grand Prix,LEC,Ferrari,79.327,3
2,186,248,222.0,99.7,29,248,1,Australian Grand Prix,LEC,Ferrari,79.327,9
3,103,184,124.0,24.3,22,128,1,Australian Grand Prix,LEC,Ferrari,79.327,4
4,155,191,164.5,64.7,25,191,1,Australian Grand Prix,LEC,Ferrari,79.327,0
5,229,249,241.7,100.0,26,249,1,Australian Grand Prix,LEC,Ferrari,79.327,6
6,228,240,231.6,45.4,17,232,1,Australian Grand Prix,LEC,Ferrari,79.327,0
7,239,266,251.8,32.4,15,239,1,Australian Grand Prix,LEC,Ferrari,79.327,3
8,238,245,240.9,76.0,18,245,1,Australian Grand Prix,LEC,Ferrari,79.327,3
9,124,183,139.3,28.8,17,142,1,Australian Grand Prix,LEC,Ferrari,79.327,0
10,221,225,222.8,78.9,25,225,1,Australian Grand Prix,LEC,Ferrari,79.327,2
11,102,181,124.9,18.4,21,114,1,Australian Grand Prix,LEC,Ferrari,79.327,0
12,130,212,174.0,77.2,34,212,1,Australian Grand Prix,LEC,Ferrari,79.327,13
1,172,218,184.1,27.4,17,181,1,Australian Grand Prix,PIA,McLaren,79.38,4
2,195,250,228.0,97.9,29,250,1,Australian Grand Prix,PIA,McLaren,79.38,0
3,100,179,121.6,14.7,22,119,1,Australian Grand Prix,PIA,McLaren,79.38,7
4,147,188,161.4,46.5,25,188,1,Australian Grand Prix,PIA,McLaren,79.38,8
5,229,252,244.2,99.0,26,252,1,Australian Grand Prix,PIA,McLaren,79.38,6
6,219,228,222.6,57.5,17,228,1,Australian Grand Prix,PIA,McLaren,79.38,9
7,234,253,241.6,26.5,15,235,1,Australian Grand Prix,PIA,McLaren,79.38,8
8,241,249,243.9,75.0,18,249,1,Australian Grand Prix,PIA,McLaren,79.38,0
9,118,174,133.5,23.4,17,144,1,Australian Grand Prix,PIA,McLaren,79.38,6
10,223,230,226.7,84.3,25,230,1,Australian Grand Prix,PIA,McLaren,79.38,0
11,95,160,114.9,17.2,21,121,1,Australian Grand Prix,PIA,McLaren,79.38,7
12,132,215,178.9,75.3,34,215,1,Australian Grand Prix,PIA,McLaren,79.38,11
1,171,232,189.9,22.0,17,176,1,Australian Grand Prix,NOR,McLaren,79.475,5
2,179,245,214.7,89.8,29,245,1,Australian Grand Prix,NOR,McLaren,79.475,16
3,104,164,123.1,17.7,22,129,1,Australian Grand Prix,NOR,McLaren,79.475,3
4,152,185,161.0,44.2,25,185,1,Australian Grand Prix,NOR,McLaren,79.475,3
5,231,252,244.2,100.0,26,252,1,Australian Grand Prix,NOR,McLaren,79.475,4
6,214,227,217.9,41.3,17,217,1,Australian Grand Prix,NOR,McLaren,79.475,14
7,237,256,245.5,18.2,15,237,1,Australian Grand Prix,NOR,McLaren,79.475,5
8,239,243,240.3,59.5,18,241,1,Australian Grand Prix,NOR,McLaren,79.475,2
9,121,150,133.4,24.3,17,145,1,Australian Grand Prix,NOR,McLaren,79.475,3
10,219,223,221.3,65.5,25,223,1,Australian Grand Prix,NOR,McLaren,79.475,4
11,96,159,116.5,17.1,21,124,1,Australian Grand Prix,NOR,McLaren,79.475,6
12,143,211,179.2,70.2,34,211,1,Australian Grand Prix,NOR,McLaren,79.475,0
1,175,210,183.6,20.4,17,175,1,Australian Grand Prix,HAM,Ferrari,79.478,1
2,184,246,219.8,95.9,29,246,1,Australian Grand Prix,HAM,Ferrari,79.478,11
3,107,191,126.6,22.2,22,134,1,Australian Grand Prix,HAM,Ferrari,79.478,0
4,152,181,163.1,53.3,25,181,1,Australian Grand Prix,HAM,Ferrari,79.478,3
5,230,251,243.2,100.0,26,251,1,Australian Grand Prix,HAM,Ferrari,79.478,5
6,221,243,227.2,45.5,17,224,1,Australian Grand Prix,HAM,Ferrari,79.478,7
7,234,259,244.8,28.5,15,234,1,Australian Grand Prix,HAM,Ferrari,79.478,8
8,235,243,237.7,80.3,18,243,1,Australian Grand Prix,HAM,Ferrari,79.478,6
9,124,192,142.6,29.1,17,145,1,Australian Grand Prix,HAM,Ferrari,79.478,0
10,219,223,220.7,76.9,25,223,1,Australian Grand Prix,HAM,Ferrari,79.478,4
11,99,173,122.0,24.0,21,127,1,Australian Grand Prix,HAM,Ferrari,79.478,3
12,134,216,178.9,80.7,34,216,1,Australian Grand Prix,HAM,Ferrari,79.478,9
1,164,191,174.1,21.5,17,173,1,Australian Grand Prix,LIN,Racing Bulls,79.971,12
2,184,253,225.5,100.0,29,253,1,Australian Grand Prix,LIN,Racing Bulls,79.971,11
3,97,163,119.1,24.3,22,129,1,Australian Grand Prix,LIN,Racing Bulls,79.971,10
4,148,174,157.2,56.1,25,174,1,Australian Grand Prix,LIN,Racing Bulls,79.971,7
5,224,242,235.9,100.0,26,242,1,Australian Grand Prix,LIN,Racing Bulls,79.971,11
6,206,222,211.7,64.4,17,222,1,Australian Grand Prix,LIN,Racing Bulls,79.971,22
7,232,263,243.2,29.2,15,232,1,Australian Grand Prix,LIN,Racing Bulls,79.971,10
8,233,243,236.7,88.8,18,243,1,Australian Grand Prix,LIN,Racing Bulls,79.971,8
9,119,164,130.5,34.3,17,139,1,Australian Grand Prix,LIN,Racing Bulls,79.971,5
10,214,228,218.3,70.5,25,219,1,Australian Grand Prix,LIN,Racing Bulls,79.971,9
11,95,167,116.1,23.2,21,120,1,Australian Grand Prix,LIN,Racing Bulls,79.971,7
12,135,216,174.6,79.9,34,216,1,Australian Grand Prix,LIN,Racing Bulls,79.971,8
1,160,205,171.4,33.3,17,169,1,Australian Grand Prix,LAW,Racing Bulls,79.994,16
2,191,254,227.0,100.0,29,254,1,Australian Grand Prix,LAW,Racing Bulls,79.994,4
3,91,179,120.6,22.3,22,122,1,Australian Grand Prix,LAW,Racing Bulls,79.994,16
4,148,180,159.1,51.3,25,180,1,Australian Grand Prix,LAW,Racing Bulls,79.994,7
5,222,241,234.2,100.0,26,241,1,Australian Grand Prix,LAW,Racing Bulls,79.994,13
6,209,221,212.8,58.3,17,215,1,Australian Grand Prix,LAW,Racing Bulls,79.994,19
7,229,263,243.0,26.6,15,229,1,Australian Grand Prix,LAW,Racing Bulls,79.994,13
8,233,238,235.0,88.2,18,238,1,Australian Grand Prix,LAW,Racing Bulls,79.994,8
9,118,161,130.2,35.9,17,144,1,Australian Grand Prix,LAW,Racing Bulls,79.994,6
10,210,229,216.8,58.0,25,221,1,Australian Grand Prix,LAW,Racing Bulls,79.994,13
11,94,154,113.1,26.9,21,128,1,Australian Grand Prix,LAW,Racing Bulls,79.994,8
12,138,209,175.7,77.1,34,209,1,Australian Grand Prix,LAW,Racing Bulls,79.994,5
1,165,211,180.6,21.7,17,165,1,Australian Grand Prix,BOR,Audi,80.221,11
2,179,243,217.0,97.5,29,243,1,Australian Grand Prix,BOR,Audi,80.221,16
3,99,180,124.2,18.1,22,121,1,Australian Grand Prix,BOR,Audi,80.221,8
4,143,180,159.2,59.3,25,180,1,Australian Grand Prix,BOR,Audi,80.221,12
5,221,246,238.1,100.0,26,246,1,Australian Grand Prix,BOR,Audi,80.221,14
6,218,228,220.6,60.0,17,221,1,Australian Grand Prix,BOR,Audi,80.221,10
7,234,259,244.6,36.0,15,234,1,Australian Grand Prix,BOR,Audi,80.221,8
8,238,248,242.2,86.1,18,248,1,Australian Grand Prix,BOR,Audi,80.221,3
9,122,173,134.2,24.3,17,135,1,Australian Grand Prix,BOR,Audi,80.221,2
10,216,229,222.4,61.7,25,218,1,Australian Grand Prix,BOR,Audi,80.221,7
11,94,157,114.4,26.1,21,128,1,Australian Grand Prix,BOR,Audi,80.221,8
12,138,205,172.6,77.0,34,205,1,Australian Grand Prix,BOR,Audi,80.221,5
1,161,197,168.8,31.6,17,165,1,Australian Grand Prix,HUL,Audi,80.303,15
2,171,242,215.7,98.6,29,242,1,Australian Grand Prix,HUL,Audi,80.303,24
3,100,164,118.8,24.7,22,130,1,Australian Grand Prix,HUL,Audi,80.303,7
4,148,184,158.5,59.8,25,184,1,Australian Grand Prix,HUL,Audi,80.303,7
5,224,243,235.6,100.0,26,243,1,Australian Grand Prix,HUL,Audi,80.303,11
6,210,223,213.7,54.8,17,215,1,Australian Grand Prix,HUL,Audi,80.303,18
7,234,269,250.8,20.3,15,234,1,Australian Grand Prix,HUL,Audi,80.303,8
8,226,234,229.0,77.8,18,234,1,Australian Grand Prix,HUL,Audi,80.303,15
9,120,174,134.1,31.8,17,135,1,Australian Grand Prix,HUL,Audi,80.303,4
10,212,223,216.8,78.9,25,220,1,Australian Grand Prix,HUL,Audi,80.303,11
11,93,166,116.1,26.9,21,124,1,Australian Grand Prix,HUL,Audi,80.303,9
12,133,215,175.2,84.4,34,215,1,Australian Grand Prix,HUL,Audi,80.303,10
1,156,187,166.6,24.0,17,170,1,Australian Grand Prix,BEA,Haas F1 Team,80.311,20
2,184,245,219.3,99.9,29,245,1,Australian Grand Prix,BEA,Haas F1 Team,80.311,11
3,100,159,118.5,28.0,22,134,1,Australian Grand Prix,BEA,Haas F1 Team,80.311,7
4,150,184,161.1,58.4,25,184,1,Australian Grand Prix,BEA,Haas F1 Team,80.311,5
5,228,246,239.0,100.0,26,246,1,Australian Grand Prix,BEA,Haas F1 Team,80.311,7
6,212,227,217.0,57.6,16,219,1,Australian Grand Prix,BEA,Haas F1 Team,80.311,16
7,240,274,253.5,22.7,15,240,1,Australian Grand Prix,BEA,Haas F1 Team,80.311,2
8,240,241,240.2,78.7,18,241,1,Australian Grand Prix,BEA,Haas F1 Team,80.311,1
9,120,176,135.9,35.0,17,141,1,Australian Grand Prix,BEA,Haas F1 Team,80.311,4
10,218,223,220.6,87.9,25,223,1,Australian Grand Prix,BEA,Haas F1 Team,80.311,5
11,96,151,114.6,24.7,21,127,1,Australian Grand Prix,BEA,Haas F1 Team,80.311,6
12,138,214,175.4,78.1,34,214,1,Australian Grand Prix,BEA,Haas F1 Team,80.311,5
1,159,204,172.5,25.0,17,168,1,Australian Grand Prix,OCO,Haas F1 Team,80.491,17
2,184,246,219.6,98.6,29,246,1,Australian Grand Prix,OCO,Haas F1 Team,80.491,11
3,99,179,121.1,19.8,22,124,1,Australian Grand Prix,OCO,Haas F1 Team,80.491,8
4,150,175,156.9,54.5,25,175,1,Australian Grand Prix,OCO,Haas F1 Team,80.491,5
5,221,245,236.3,100.0,26,245,1,Australian Grand Prix,OCO,Haas F1 Team,80.491,14
6,208,220,213.1,52.4,17,217,1,Australian Grand Prix,OCO,Haas F1 Team,80.491,20
7,234,272,248.6,19.8,15,234,1,Australian Grand Prix,OCO,Haas F1 Team,80.491,8
8,233,237,234.4,69.6,18,237,1,Australian Grand Prix,OCO,Haas F1 Team,80.491,8
9,117,182,134.8,22.2,17,133,1,Australian Grand Prix,OCO,Haas F1 Team,80.491,7
10,217,221,219.3,86.9,25,221,1,Australian Grand Prix,OCO,Haas F1 Team,80.491,6
11,101,175,121.8,16.1,21,115,1,Australian Grand Prix,OCO,Haas F1 Team,80.491,1
1,157,231,181.7,17.3,17,158,1,Australian Grand Prix,GAS,Alpine,80.501,19
2,167,244,215.2,98.9,29,244,1,Australian Grand Prix,GAS,Alpine,80.501,28
3,97,159,118.0,18.9,22,119,1,Australian Grand Prix,GAS,Alpine,80.501,10
4,148,176,155.9,51.3,25,176,1,Australian Grand Prix,GAS,Alpine,80.501,7
5,230,253,243.8,98.0,26,253,1,Australian Grand Prix,GAS,Alpine,80.501,5
6,210,224,214.1,44.8,17,213,1,Australian Grand Prix,GAS,Alpine,80.501,18
7,234,264,249.1,28.9,15,234,1,Australian Grand Prix,GAS,Alpine,80.501,8
8,222,235,228.1,54.3,18,229,1,Australian Grand Prix,GAS,Alpine,80.501,19
9,115,165,130.3,22.6,16,131,1,Australian Grand Prix,GAS,Alpine,80.501,9
10,216,234,222.2,58.1,25,218,1,Australian Grand Prix,GAS,Alpine,80.501,7
11,93,169,117.0,20.2,21,114,1,Australian Grand Prix,GAS,Alpine,80.501,9
12,120,209,167.8,70.0,34,209,1,Australian Grand Prix,GAS,Alpine,80.501,23
1,167,194,174.1,25.2,17,171,1,Australian Grand Prix,ALB,Williams,80.941,9
2,187,243,219.3,97.5,29,243,1,Australian Grand Prix,ALB,Williams,80.941,8
3,97,167,118.6,23.6,22,130,1,Australian Grand Prix,ALB,Williams,80.941,10
4,144,179,155.1,44.7,25,179,1,Australian Grand Prix,ALB,Williams,80.941,11
5,232,250,241.6,88.9,26,250,1,Australian Grand Prix,ALB,Williams,80.941,3
6,205,217,208.5,48.9,17,210,1,Australian Grand Prix,ALB,Williams,80.941,23
7,225,248,234.4,27.9,15,225,1,Australian Grand Prix,ALB,Williams,80.941,17
8,234,237,234.8,73.8,18,237,1,Australian Grand Prix,ALB,Williams,80.941,7
9,121,168,133.3,20.4,17,127,1,Australian Grand Prix,ALB,Williams,80.941,3
10,207,225,212.9,54.2,25,215,1,Australian Grand Prix,ALB,Williams,80.941,16
11,96,147,112.4,25.1,21,123,1,Australian Grand Prix,ALB,Williams,80.941,6
12,136,212,174.5,76.0,34,212,1,Australian Grand Prix,ALB,Williams,80.941,7
1,158,195,167.7,20.8,17,163,1,Australian Grand Prix,COL,Alpine,81.2,18
2,172,243,214.8,99.0,29,243,1,Australian Grand Prix,COL,Alpine,81.2,23
3,96,174,120.1,19.2,22,118,1,Australian Grand Prix,COL,Alpine,81.2,11
4,142,178,152.5,55.4,25,178,1,Australian Grand Prix,COL,Alpine,81.2,13
5,227,247,240.2,91.3,26,247,1,Australian Grand Prix,COL,Alpine,81.2,8
6,203,231,212.0,37.4,17,209,1,Australian Grand Prix,COL,Alpine,81.2,25
7,232,257,241.1,31.0,15,232,1,Australian Grand Prix,COL,Alpine,81.2,10
8,228,234,230.1,73.3,18,234,1,Australian Grand Prix,COL,Alpine,81.2,13
9,114,165,130.3,29.0,17,141,1,Australian Grand Prix,COL,Alpine,81.2,10
10,216,236,221.4,63.1,25,220,1,Australian Grand Prix,COL,Alpine,81.2,7
11,94,161,115.1,25.0,21,127,1,Australian Grand Prix,COL,Alpine,81.2,8
12,137,202,172.3,75.7,34,202,1,Australian Grand Prix,COL,Alpine,81.2,6
1,166,198,175.8,28.6,17,177,1,Australian Grand Prix,ALO,Aston Martin,81.969,10
2,191,237,214.9,99.7,29,237,1,Australian Grand Prix,ALO,Aston Martin,81.969,4
3,102,175,121.3,24.6,22,123,1,Australian Grand Prix,ALO,Aston Martin,81.969,5
4,145,171,157.1,50.9,25,171,1,Australian Grand Prix,ALO,Aston Martin,81.969,10
5,215,238,230.1,100.0,26,238,1,Australian Grand Prix,ALO,Aston Martin,81.969,20
6,200,221,207.8,42.5,17,209,1,Australian Grand Prix,ALO,Aston Martin,81.969,28
7,227,251,236.9,14.1,15,227,1,Australian Grand Prix,ALO,Aston Martin,81.969,15
8,221,232,226.5,67.0,18,232,1,Australian Grand Prix,ALO,Aston Martin,81.969,20
9,116,164,131.3,30.0,17,142,1,Australian Grand Prix,ALO,Aston Martin,81.969,8
10,210,221,215.5,68.9,25,217,1,Australian Grand Prix,ALO,Aston Martin,81.969,13
11,88,182,115.0,19.0,21,116,1,Australian Grand Prix,ALO,Aston Martin,81.969,14
12,126,204,171.7,72.0,34,204,1,Australian Grand Prix,ALO,Aston Martin,81.969,17
1,154,191,166.3,14.8,17,155,1,Australian Grand Prix,PER,Cadillac,82.605,22
2,160,229,195.5,84.4,29,229,1,Australian Grand Prix,PER,Cadillac,82.605,35
3,94,158,113.5,19.0,22,120,1,Australian Grand Prix,PER,Cadillac,82.605,13
4,148,169,154.2,42.4,25,169,1,Australian Grand Prix,PER,Cadillac,82.605,7
5,218,241,231.3,100.0,26,241,1,Australian Grand Prix,PER,Cadillac,82.605,17
6,193,219,201.8,39.5,17,200,1,Australian Grand Prix,PER,Cadillac,82.605,35
7,224,268,241.2,14.4,15,224,1,Australian Grand Prix,PER,Cadillac,82.605,18
8,211,221,214.8,59.2,18,221,1,Australian Grand Prix,PER,Cadillac,82.605,30
9,114,156,124.9,22.4,17,130,1,Australian Grand Prix,PER,Cadillac,82.605,10
10,199,217,205.5,54.5,25,207,1,Australian Grand Prix,PER,Cadillac,82.605,24
11,93,144,108.6,17.4,21,114,1,Australian Grand Prix,PER,Cadillac,82.605,9
12,122,202,167.1,74.6,34,202,1,Australian Grand Prix,PER,Cadillac,82.605,21
1,145,170,153.5,35.1,17,159,1,Australian Grand Prix,BOT,Cadillac,83.244,31
2,179,239,216.4,100.0,29,239,1,Australian Grand Prix,BOT,Cadillac,83.244,16
3,93,161,113.9,20.3,22,115,1,Australian Grand Prix,BOT,Cadillac,83.244,14
4,142,170,150.1,45.3,25,170,1,Australian Grand Prix,BOT,Cadillac,83.244,13
5,217,226,220.7,88.3,26,226,1,Australian Grand Prix,BOT,Cadillac,83.244,18
6,194,208,199.0,55.2,17,208,1,Australian Grand Prix,BOT,Cadillac,83.244,34
7,217,251,229.3,16.3,15,217,1,Australian Grand Prix,BOT,Cadillac,83.244,25
8,206,220,211.1,73.5,18,220,1,Australian Grand Prix,BOT,Cadillac,83.244,35
9,108,149,118.7,28.5,17,125,1,Australian Grand Prix,BOT,Cadillac,83.244,16
10,200,215,204.6,57.3,25,205,1,Australian Grand Prix,BOT,Cadillac,83.244,23
11,93,156,112.3,19.7,21,120,1,Australian Grand Prix,BOT,Cadillac,83.244,9
12,132,199,163.0,73.8,34,199,1,Australian Grand Prix,BOT,Cadillac,83.244,11
3,81,172,112.1,51.5,19,172,2,Chinese Grand Prix,ANT,Mercedes,92.064,3
4,244,272,262.4,100.0,54,244,2,Chinese Grand Prix,ANT,Mercedes,92.064,11
5,157,229,193.9,24.4,41,157,2,Chinese Grand Prix,ANT,Mercedes,92.064,10
6,122,163,136.9,35.5,20,163,2,Chinese Grand Prix,ANT,Mercedes,92.064,6
7,180,214,202.1,99.2,14,214,2,Chinese Grand Prix,ANT,Mercedes,92.064,6
8,95,119,107.9,20.9,15,117,2,Chinese Grand Prix,ANT,Mercedes,92.064,0
9,111,267,194.3,79.0,81,267,2,Chinese Grand Prix,ANT,Mercedes,92.064,5
10,69,139,94.3,40.6,15,139,2,Chinese Grand Prix,ANT,Mercedes,92.064,3
11,159,176,166.4,38.2,14,172,2,Chinese Grand Prix,ANT,Mercedes,92.064,8
1,106,283,172.3,14.3,70,126,2,Chinese Grand Prix,RUS,Mercedes,92.286,2
2,99,217,150.7,76.3,45,217,2,Chinese Grand Prix,RUS,Mercedes,92.286,0
3,82,169,112.9,47.0,19,169,2,Chinese Grand Prix,RUS,Mercedes,92.286,2
4,242,270,260.1,100.0,54,242,2,Chinese Grand Prix,RUS,Mercedes,92.286,13
6,122,183,139.9,37.2,20,163,2,Chinese Grand Prix,RUS,Mercedes,92.286,6
7,186,218,204.1,99.5,14,218,2,Chinese Grand Prix,RUS,Mercedes,92.286,0
8,90,125,107.1,31.9,15,121,2,Chinese Grand Prix,RUS,Mercedes,92.286,5
9,113,272,197.5,77.7,81,272,2,Chinese Grand Prix,RUS,Mercedes,92.286,3
10,69,148,95.5,40.8,15,148,2,Chinese Grand Prix,RUS,Mercedes,92.286,3
11,167,184,174.6,43.7,14,184,2,Chinese Grand Prix,RUS,Mercedes,92.286,0
1,102,283,168.9,10.8,70,115,2,Chinese Grand Prix,HAM,Ferrari,92.415,6
2,95,223,152.4,72.3,45,223,2,Chinese Grand Prix,HAM,Ferrari,92.415,4
3,83,180,116.4,55.2,19,180,2,Chinese Grand Prix,HAM,Ferrari,92.415,1
4,251,266,258.6,100.0,54,251,2,Chinese Grand Prix,HAM,Ferrari,92.415,4
5,144,240,197.0,30.0,41,144,2,Chinese Grand Prix,HAM,Ferrari,92.415,23
6,123,164,136.8,41.7,20,164,2,Chinese Grand Prix,HAM,Ferrari,92.415,5
7,182,219,202.7,96.5,14,219,2,Chinese Grand Prix,HAM,Ferrari,92.415,4
8,92,124,107.2,22.8,15,120,2,Chinese Grand Prix,HAM,Ferrari,92.415,3
9,116,269,199.8,83.0,81,269,2,Chinese Grand Prix,HAM,Ferrari,92.415,0
10,69,158,98.1,46.8,15,158,2,Chinese Grand Prix,HAM,Ferrari,92.415,3
11,161,179,167.0,56.3,14,179,2,Chinese Grand Prix,HAM,Ferrari,92.415,6
1,107,299,171.5,23.2,70,115,2,Chinese Grand Prix,LEC,Ferrari,92.428,1
2,96,221,152.7,74.9,45,221,2,Chinese Grand Prix,LEC,Ferrari,92.428,3
3,83,180,119.6,58.1,19,180,2,Chinese Grand Prix,LEC,Ferrari,92.428,1
4,253,271,262.3,100.0,54,254,2,Chinese Grand Prix,LEC,Ferrari,92.428,2
5,149,235,195.3,31.5,41,149,2,Chinese Grand Prix,LEC,Ferrari,92.428,18
6,128,166,138.0,43.4,20,166,2,Chinese Grand Prix,LEC,Ferrari,92.428,0
7,181,216,199.0,95.6,14,216,2,Chinese Grand Prix,LEC,Ferrari,92.428,5
8,93,121,106.4,36.5,15,120,2,Chinese Grand Prix,LEC,Ferrari,92.428,2
9,114,266,196.4,82.8,81,266,2,Chinese Grand Prix,LEC,Ferrari,92.428,2
10,67,147,97.3,48.2,15,147,2,Chinese Grand Prix,LEC,Ferrari,92.428,5
11,159,184,166.3,51.3,14,184,2,Chinese Grand Prix,LEC,Ferrari,92.428,8
1,104,270,166.1,4.2,70,109,2,Chinese Grand Prix,PIA,McLaren,92.55,4
2,93,218,150.6,65.6,45,218,2,Chinese Grand Prix,PIA,McLaren,92.55,6
3,81,177,116.3,49.7,19,177,2,Chinese Grand Prix,PIA,McLaren,92.55,3
4,255,273,263.5,97.7,54,256,2,Chinese Grand Prix,PIA,McLaren,92.55,0
5,153,238,195.6,18.5,41,153,2,Chinese Grand Prix,PIA,McLaren,92.55,14
6,119,162,134.3,31.1,20,162,2,Chinese Grand Prix,PIA,McLaren,92.55,9
7,182,220,204.5,91.5,14,220,2,Chinese Grand Prix,PIA,McLaren,92.55,4
8,88,122,104.0,20.8,15,120,2,Chinese Grand Prix,PIA,McLaren,92.55,7
9,112,267,194.7,76.6,81,267,2,Chinese Grand Prix,PIA,McLaren,92.55,4
10,70,144,96.6,38.3,15,144,2,Chinese Grand Prix,PIA,McLaren,92.55,2
11,161,176,166.2,40.3,14,176,2,Chinese Grand Prix,PIA,McLaren,92.55,6
1,98,284,168.0,4.2,70,115,2,Chinese Grand Prix,NOR,McLaren,92.608,10
2,95,219,149.2,63.7,45,219,2,Chinese Grand Prix,NOR,McLaren,92.608,4
3,81,174,113.3,49.0,19,174,2,Chinese Grand Prix,NOR,McLaren,92.608,3
4,255,272,262.9,99.0,54,256,2,Chinese Grand Prix,NOR,McLaren,92.608,0
5,156,235,196.2,19.4,41,156,2,Chinese Grand Prix,NOR,McLaren,92.608,11
6,122,162,136.4,28.5,20,162,2,Chinese Grand Prix,NOR,McLaren,92.608,6
7,183,218,204.1,97.9,14,218,2,Chinese Grand Prix,NOR,McLaren,92.608,3
8,90,120,105.7,20.1,15,114,2,Chinese Grand Prix,NOR,McLaren,92.608,5
9,110,267,194.9,76.9,81,267,2,Chinese Grand Prix,NOR,McLaren,92.608,6
10,68,136,91.3,34.6,15,136,2,Chinese Grand Prix,NOR,McLaren,92.608,4
11,157,174,163.3,34.4,14,169,2,Chinese Grand Prix,NOR,McLaren,92.608,10
2,97,216,147.8,70.4,45,216,2,Chinese Grand Prix,GAS,Alpine,92.873,2
3,80,179,114.9,55.0,19,179,2,Chinese Grand Prix,GAS,Alpine,92.873,4
4,254,272,263.3,100.0,54,255,2,Chinese Grand Prix,GAS,Alpine,92.873,1
5,161,243,194.5,23.2,41,161,2,Chinese Grand Prix,GAS,Alpine,92.873,6
6,121,158,134.3,39.1,20,158,2,Chinese Grand Prix,GAS,Alpine,92.873,7
7,180,215,201.9,97.5,14,215,2,Chinese Grand Prix,GAS,Alpine,92.873,6
8,89,116,101.7,30.9,15,116,2,Chinese Grand Prix,GAS,Alpine,92.873,6
9,108,268,193.5,81.5,81,268,2,Chinese Grand Prix,GAS,Alpine,92.873,8
10,69,139,92.5,40.2,15,139,2,Chinese Grand Prix,GAS,Alpine,92.873,3
11,155,166,158.2,36.8,14,166,2,Chinese Grand Prix,GAS,Alpine,92.873,12
3,82,173,116.8,51.0,19,173,2,Chinese Grand Prix,VER,Red Bull Racing,93.002,2
4,251,267,258.3,100.0,54,252,2,Chinese Grand Prix,VER,Red Bull Racing,93.002,4
7,184,211,200.5,99.8,14,211,2,Chinese Grand Prix,VER,Red Bull Racing,93.002,2
8,86,121,102.6,18.8,15,119,2,Chinese Grand Prix,VER,Red Bull Racing,93.002,9
10,69,147,98.0,39.1,15,147,2,Chinese Grand Prix,VER,Red Bull Racing,93.002,3
11,157,169,161.2,30.9,14,160,2,Chinese Grand Prix,VER,Red Bull Racing,93.002,10
1,101,308,172.9,5.0,70,116,2,Chinese Grand Prix,HAD,Red Bull Racing,93.121,7
2,93,220,145.1,64.2,45,220,2,Chinese Grand Prix,HAD,Red Bull Racing,93.121,6
3,80,186,121.6,52.7,19,186,2,Chinese Grand Prix,HAD,Red Bull Racing,93.121,4
4,250,268,258.1,100.0,54,252,2,Chinese Grand Prix,HAD,Red Bull Racing,93.121,5
5,150,236,188.9,33.9,41,150,2,Chinese Grand Prix,HAD,Red Bull Racing,93.121,17
6,117,165,135.7,35.9,20,165,2,Chinese Grand Prix,HAD,Red Bull Racing,93.121,11
7,186,222,204.8,98.0,14,222,2,Chinese Grand Prix,HAD,Red Bull Racing,93.121,0
8,89,120,102.3,22.7,15,120,2,Chinese Grand Prix,HAD,Red Bull Racing,93.121,6
9,107,265,190.7,74.0,81,265,2,Chinese Grand Prix,HAD,Red Bull Racing,93.121,9
10,67,149,96.5,40.0,15,149,2,Chinese Grand Prix,HAD,Red Bull Racing,93.121,5
11,157,174,162.7,37.2,14,174,2,Chinese Grand Prix,HAD,Red Bull Racing,93.121,10
1,108,272,168.9,11.8,70,111,2,Chinese Grand Prix,BEA,Haas F1 Team,93.197,0
2,95,215,139.9,69.0,45,215,2,Chinese Grand Prix,BEA,Haas F1 Team,93.197,4
3,83,162,112.6,51.9,19,162,2,Chinese Grand Prix,BEA,Haas F1 Team,93.197,1
4,253,269,261.4,99.8,54,253,2,Chinese Grand Prix,BEA,Haas F1 Team,93.197,2
5,157,236,198.7,34.7,41,157,2,Chinese Grand Prix,BEA,Haas F1 Team,93.197,10
6,122,163,134.9,42.7,20,163,2,Chinese Grand Prix,BEA,Haas F1 Team,93.197,6
7,182,215,202.4,94.9,14,215,2,Chinese Grand Prix,BEA,Haas F1 Team,93.197,4
8,94,124,107.4,28.0,15,120,2,Chinese Grand Prix,BEA,Haas F1 Team,93.197,1
10,71,127,91.1,39.3,15,127,2,Chinese Grand Prix,BEA,Haas F1 Team,93.197,1
3,84,172,114.7,51.5,19,172,2,Chinese Grand Prix,HUL,Audi,93.354,0
4,247,263,256.0,100.0,54,247,2,Chinese Grand Prix,HUL,Audi,93.354,8
6,121,168,137.2,46.9,20,168,2,Chinese Grand Prix,HUL,Audi,93.354,7
7,185,214,204.1,99.2,14,214,2,Chinese Grand Prix,HUL,Audi,93.354,1
8,88,119,103.1,34.6,15,115,2,Chinese Grand Prix,HUL,Audi,93.354,7
10,69,123,86.4,38.7,15,123,2,Chinese Grand Prix,HUL,Audi,93.354,3
11,164,184,168.0,45.5,14,184,2,Chinese Grand Prix,HUL,Audi,93.354,3
2,95,219,148.1,71.0,45,219,2,Chinese Grand Prix,COL,Alpine,93.357,4
3,81,171,114.1,54.4,19,171,2,Chinese Grand Prix,COL,Alpine,93.357,3
4,255,272,265.0,94.3,54,255,2,Chinese Grand Prix,COL,Alpine,93.357,0
7,183,214,201.1,99.5,14,214,2,Chinese Grand Prix,COL,Alpine,93.357,3
8,90,117,102.8,32.0,15,113,2,Chinese Grand Prix,COL,Alpine,93.357,5
9,106,267,188.9,81.2,81,267,2,Chinese Grand Prix,COL,Alpine,93.357,10
10,66,132,89.9,39.3,15,132,2,Chinese Grand Prix,COL,Alpine,93.357,6
11,160,179,164.8,54.2,14,179,2,Chinese Grand Prix,COL,Alpine,93.357,7
1,103,276,168.8,14.9,70,114,2,Chinese Grand Prix,OCO,Haas F1 Team,93.538,5
2,96,214,148.3,68.1,45,214,2,Chinese Grand Prix,OCO,Haas F1 Team,93.538,3
3,80,167,112.0,48.9,19,167,2,Chinese Grand Prix,OCO,Haas F1 Team,93.538,4
4,252,270,260.5,99.7,55,252,2,Chinese Grand Prix,OCO,Haas F1 Team,93.538,3
5,149,222,191.0,33.1,41,149,2,Chinese Grand Prix,OCO,Haas F1 Team,93.538,18
6,117,160,131.5,40.2,20,160,2,Chinese Grand Prix,OCO,Haas F1 Team,93.538,11
7,176,211,196.0,90.6,14,211,2,Chinese Grand Prix,OCO,Haas F1 Team,93.538,10
8,94,126,109.0,29.1,15,121,2,Chinese Grand Prix,OCO,Haas F1 Team,93.538,1
9,108,263,189.7,78.2,81,263,2,Chinese Grand Prix,OCO,Haas F1 Team,93.538,8
10,64,142,93.1,43.7,15,142,2,Chinese Grand Prix,OCO,Haas F1 Team,93.538,8
11,156,176,162.3,45.2,14,176,2,Chinese Grand Prix,OCO,Haas F1 Team,93.538,11
1,99,312,186.8,17.6,70,116,2,Chinese Grand Prix,BOR,Audi,93.549,9
2,96,191,140.6,70.0,45,191,2,Chinese Grand Prix,BOR,Audi,93.549,3
3,81,154,107.0,53.1,19,154,2,Chinese Grand Prix,BOR,Audi,93.549,3
4,248,260,254.7,100.0,54,248,2,Chinese Grand Prix,BOR,Audi,93.549,7
5,161,232,193.4,40.4,41,161,2,Chinese Grand Prix,BOR,Audi,93.549,6
8,90,117,105.1,26.2,15,116,2,Chinese Grand Prix,BOR,Audi,93.549,5
9,112,261,191.0,82.3,81,261,2,Chinese Grand Prix,BOR,Audi,93.549,4
10,68,127,94.9,43.4,15,127,2,Chinese Grand Prix,BOR,Audi,93.549,4
11,161,169,164.6,46.7,14,169,2,Chinese Grand Prix,BOR,Audi,93.549,6
1,99,286,167.0,5.9,70,117,2,Chinese Grand Prix,LAW,Racing Bulls,93.765,9
2,93,221,147.2,71.0,45,221,2,Chinese Grand Prix,LAW,Racing Bulls,93.765,6
3,80,148,106.2,51.8,18,148,2,Chinese Grand Prix,LAW,Racing Bulls,93.765,4
4,251,265,256.9,97.1,54,252,2,Chinese Grand Prix,LAW,Racing Bulls,93.765,4
5,152,241,189.1,43.4,41,152,2,Chinese Grand Prix,LAW,Racing Bulls,93.765,15
6,116,161,131.2,43.2,20,161,2,Chinese Grand Prix,LAW,Racing Bulls,93.765,12
7,175,209,193.4,92.5,14,209,2,Chinese Grand Prix,LAW,Racing Bulls,93.765,11
8,93,123,106.5,17.6,15,119,2,Chinese Grand Prix,LAW,Racing Bulls,93.765,2
9,107,267,189.9,80.9,81,267,2,Chinese Grand Prix,LAW,Racing Bulls,93.765,9
10,67,133,89.8,36.6,15,133,2,Chinese Grand Prix,LAW,Racing Bulls,93.765,5
11,150,167,156.8,49.3,14,167,2,Chinese Grand Prix,LAW,Racing Bulls,93.765,17
1,98,316,179.0,29.1,70,119,2,Chinese Grand Prix,LIN,Racing Bulls,93.784,10
2,94,217,145.4,68.1,46,217,2,Chinese Grand Prix,LIN,Racing Bulls,93.784,5
3,76,168,110.8,53.5,19,168,2,Chinese Grand Prix,LIN,Racing Bulls,93.784,8
4,248,265,254.4,81.5,54,249,2,Chinese Grand Prix,LIN,Racing Bulls,93.784,7
6,120,169,136.1,44.4,21,169,2,Chinese Grand Prix,LIN,Racing Bulls,93.784,8
7,186,217,204.5,98.9,14,217,2,Chinese Grand Prix,LIN,Racing Bulls,93.784,0
8,89,117,102.5,31.6,15,117,2,Chinese Grand Prix,LIN,Racing Bulls,93.784,6
9,111,271,195.8,82.7,81,271,2,Chinese Grand Prix,LIN,Racing Bulls,93.784,5
10,64,140,90.0,41.2,15,140,2,Chinese Grand Prix,LIN,Racing Bulls,93.784,8
1,100,331,173.3,16.5,70,119,2,Chinese Grand Prix,SAI,Williams,94.317,8
2,94,219,147.0,70.4,45,219,2,Chinese Grand Prix,SAI,Williams,94.317,5
3,76,154,103.4,47.3,19,154,2,Chinese Grand Prix,SAI,Williams,94.317,8
4,248,268,259.1,100.0,54,249,2,Chinese Grand Prix,SAI,Williams,94.317,7
5,166,229,187.6,29.8,41,166,2,Chinese Grand Prix,SAI,Williams,94.317,1
6,115,148,126.8,36.5,20,148,2,Chinese Grand Prix,SAI,Williams,94.317,13
7,166,200,186.6,94.6,14,200,2,Chinese Grand Prix,SAI,Williams,94.317,20
8,86,119,98.7,35.2,15,119,2,Chinese Grand Prix,SAI,Williams,94.317,9
9,112,262,187.7,80.2,81,262,2,Chinese Grand Prix,SAI,Williams,94.317,4
10,67,135,90.5,40.5,15,135,2,Chinese Grand Prix,SAI,Williams,94.317,5
11,149,168,156.6,44.1,14,168,2,Chinese Grand Prix,SAI,Williams,94.317,18
2,93,210,145.2,68.6,44,210,2,Chinese Grand Prix,ALB,Williams,94.772,6
3,74,143,99.7,44.9,19,143,2,Chinese Grand Prix,ALB,Williams,94.772,10
4,250,265,257.3,100.0,54,252,2,Chinese Grand Prix,ALB,Williams,94.772,5
5,148,224,183.6,22.0,41,148,2,Chinese Grand Prix,ALB,Williams,94.772,19
6,117,147,128.0,39.1,20,147,2,Chinese Grand Prix,ALB,Williams,94.772,11
7,173,208,191.5,91.1,14,208,2,Chinese Grand Prix,ALB,Williams,94.772,13
8,91,120,102.4,27.7,15,119,2,Chinese Grand Prix,ALB,Williams,94.772,4
9,109,265,186.8,78.0,81,265,2,Chinese Grand Prix,ALB,Williams,94.772,7
10,66,136,89.6,41.6,15,136,2,Chinese Grand Prix,ALB,Williams,94.772,6
11,149,173,158.0,44.9,14,173,2,Chinese Grand Prix,ALB,Williams,94.772,18
1,102,311,231.6,42.7,70,110,2,Chinese Grand Prix,ALO,Aston Martin,95.203,6
2,94,212,143.3,64.5,45,212,2,Chinese Grand Prix,ALO,Aston Martin,95.203,5
3,80,166,109.7,47.9,19,166,2,Chinese Grand Prix,ALO,Aston Martin,95.203,4
4,242,255,247.5,100.0,54,243,2,Chinese Grand Prix,ALO,Aston Martin,95.203,13
5,167,228,187.0,29.2,41,171,2,Chinese Grand Prix,ALO,Aston Martin,95.203,0
6,117,144,130.4,29.0,20,144,2,Chinese Grand Prix,ALO,Aston Martin,95.203,11
7,170,201,187.8,94.4,14,201,2,Chinese Grand Prix,ALO,Aston Martin,95.203,16
8,88,119,102.7,27.4,15,119,2,Chinese Grand Prix,ALO,Aston Martin,95.203,7
9,111,261,187.0,76.5,81,261,2,Chinese Grand Prix,ALO,Aston Martin,95.203,5
10,72,131,90.9,37.1,15,131,2,Chinese Grand Prix,ALO,Aston Martin,95.203,0
11,150,170,157.0,33.8,14,170,2,Chinese Grand Prix,ALO,Aston Martin,95.203,17
1,96,264,164.7,11.6,70,116,2,Chinese Grand Prix,BOT,Cadillac,95.436,12
2,92,206,138.8,62.6,45,206,2,Chinese Grand Prix,BOT,Cadillac,95.436,7
3,80,157,108.0,45.7,19,157,2,Chinese Grand Prix,BOT,Cadillac,95.436,4
4,244,248,246.2,100.0,54,244,2,Chinese Grand Prix,BOT,Cadillac,95.436,11
5,166,229,187.0,34.6,41,166,2,Chinese Grand Prix,BOT,Cadillac,95.436,1
6,117,152,129.7,32.7,20,152,2,Chinese Grand Prix,BOT,Cadillac,95.436,11
7,171,198,187.1,83.0,14,198,2,Chinese Grand Prix,BOT,Cadillac,95.436,15
8,84,112,97.1,25.2,15,112,2,Chinese Grand Prix,BOT,Cadillac,95.436,11
9,111,265,189.0,78.8,82,265,2,Chinese Grand Prix,BOT,Cadillac,95.436,5
10,68,136,91.3,40.6,15,136,2,Chinese Grand Prix,BOT,Cadillac,95.436,4
11,149,168,155.0,33.6,14,168,2,Chinese Grand Prix,BOT,Cadillac,95.436,18
1,101,279,165.8,8.4,70,115,2,Chinese Grand Prix,STR,Aston Martin,95.995,7
2,96,213,147.0,70.9,45,213,2,Chinese Grand Prix,STR,Aston Martin,95.995,3
3,69,148,98.3,41.6,19,148,2,Chinese Grand Prix,STR,Aston Martin,95.995,15
4,241,252,245.6,100.0,54,241,2,Chinese Grand Prix,STR,Aston Martin,95.995,14
5,150,223,183.3,33.6,41,150,2,Chinese Grand Prix,STR,Aston Martin,95.995,17
6,120,157,133.1,34.0,20,157,2,Chinese Grand Prix,STR,Aston Martin,95.995,8
7,180,212,193.8,97.9,14,212,2,Chinese Grand Prix,STR,Aston Martin,95.995,6
8,91,113,102.1,39.9,15,113,2,Chinese Grand Prix,STR,Aston Martin,95.995,4
9,113,263,192.2,87.5,81,263,2,Chinese Grand Prix,STR,Aston Martin,95.995,3
10,68,136,90.4,36.4,15,136,2,Chinese Grand Prix,STR,Aston Martin,95.995,4
2,97,217,143.5,68.0,46,217,2,Chinese Grand Prix,PER,Cadillac,96.906,2
3,75,161,104.6,48.4,19,161,2,Chinese Grand Prix,PER,Cadillac,96.906,9
4,248,252,249.2,100.0,54,248,2,Chinese Grand Prix,PER,Cadillac,96.906,7
5,163,222,179.9,40.4,41,171,2,Chinese Grand Prix,PER,Cadillac,96.906,4
6,120,153,130.8,37.6,20,153,2,Chinese Grand Prix,PER,Cadillac,96.906,8
7,174,206,190.6,93.0,14,206,2,Chinese Grand Prix,PER,Cadillac,96.906,12
8,90,115,100.2,25.7,15,114,2,Chinese Grand Prix,PER,Cadillac,96.906,5
9,106,266,186.3,79.7,81,266,2,Chinese Grand Prix,PER,Cadillac,96.906,10
10,65,128,88.2,38.6,15,128,2,Chinese Grand Prix,PER,Cadillac,96.906,7
11,148,165,152.7,47.8,14,165,2,Chinese Grand Prix,PER,Cadillac,96.906,19
1,167,291,222.0,54.8,59,197,3,Japanese Grand Prix,RUS,Mercedes,89.076,1
2,236,238,237.3,100.0,19,238,3,Japanese Grand Prix,RUS,Mercedes,89.076,0
3,219,239,228.5,52.4,23,220,3,Japanese Grand Prix,RUS,Mercedes,89.076,2
4,211,225,216.8,59.2,25,215,3,Japanese Grand Prix,RUS,Mercedes,89.076,1
5,186,220,199.2,38.4,35,200,3,Japanese Grand Prix,RUS,Mercedes,89.076,8
6,222,234,230.2,70.4,26,234,3,Japanese Grand Prix,RUS,Mercedes,89.076,0
8,148,210,167.9,21.6,22,163,3,Japanese Grand Prix,RUS,Mercedes,89.076,2
9,230,254,246.2,38.5,16,230,3,Japanese Grand Prix,RUS,Mercedes,89.076,9
10,73,191,108.6,21.6,23,124,3,Japanese Grand Prix,RUS,Mercedes,89.076,6
11,237,267,254.1,100.0,24,267,3,Japanese Grand Prix,RUS,Mercedes,89.076,2
12,169,259,206.1,27.3,65,217,3,Japanese Grand Prix,RUS,Mercedes,89.076,2
13,297,306,301.2,100.0,15,297,3,Japanese Grand Prix,RUS,Mercedes,89.076,17
14,98,180,122.4,6.1,17,105,3,Japanese Grand Prix,RUS,Mercedes,89.076,4
15,98,126,106.7,30.9,13,126,3,Japanese Grand Prix,RUS,Mercedes,89.076,3
16,134,219,187.9,99.8,24,219,3,Japanese Grand Prix,RUS,Mercedes,89.076,13
1,162,295,220.3,38.0,59,190,3,Japanese Grand Prix,PIA,McLaren,89.132,6
2,235,237,235.9,99.0,19,235,3,Japanese Grand Prix,PIA,McLaren,89.132,1
3,213,235,222.0,40.5,23,214,3,Japanese Grand Prix,PIA,McLaren,89.132,8
4,208,219,211.9,41.0,25,210,3,Japanese Grand Prix,PIA,McLaren,89.132,4
5,187,215,197.6,29.0,35,199,3,Japanese Grand Prix,PIA,McLaren,89.132,7
6,211,235,221.4,77.2,26,235,3,Japanese Grand Prix,PIA,McLaren,89.132,11
7,245,271,257.9,19.3,13,245,3,Japanese Grand Prix,PIA,McLaren,89.132,5
8,147,205,165.6,15.9,22,159,3,Japanese Grand Prix,PIA,McLaren,89.132,3
9,239,259,252.3,28.9,16,239,3,Japanese Grand Prix,PIA,McLaren,89.132,0
10,77,150,105.9,20.0,23,119,3,Japanese Grand Prix,PIA,McLaren,89.132,2
11,226,267,251.1,99.0,24,267,3,Japanese Grand Prix,PIA,McLaren,89.132,13
12,167,268,205.5,24.3,65,210,3,Japanese Grand Prix,PIA,McLaren,89.132,4
13,292,304,298.1,99.0,15,292,3,Japanese Grand Prix,PIA,McLaren,89.132,22
14,102,201,135.0,1.8,17,104,3,Japanese Grand Prix,PIA,McLaren,89.132,0
15,95,123,103.4,25.9,13,123,3,Japanese Grand Prix,PIA,McLaren,89.132,6
16,133,216,183.9,95.3,24,216,3,Japanese Grand Prix,PIA,McLaren,89.132,14
1,165,299,221.5,42.1,59,189,3,Japanese Grand Prix,LEC,Ferrari,89.303,3
2,231,233,231.7,100.0,19,231,3,Japanese Grand Prix,LEC,Ferrari,89.303,5
3,214,232,222.8,64.3,23,215,3,Japanese Grand Prix,LEC,Ferrari,89.303,7
4,210,218,213.4,64.3,25,212,3,Japanese Grand Prix,LEC,Ferrari,89.303,2
5,194,217,202.6,53.7,35,203,3,Japanese Grand Prix,LEC,Ferrari,89.303,0
6,218,236,225.1,81.2,26,236,3,Japanese Grand Prix,LEC,Ferrari,89.303,4
7,250,276,261.9,19.4,13,250,3,Japanese Grand Prix,LEC,Ferrari,89.303,0
8,148,224,170.7,27.6,22,161,3,Japanese Grand Prix,LEC,Ferrari,89.303,2
9,233,247,241.4,100.0,16,233,3,Japanese Grand Prix,LEC,Ferrari,89.303,6
10,70,167,113.7,30.4,23,129,3,Japanese Grand Prix,LEC,Ferrari,89.303,9
11,234,268,253.0,100.0,24,268,3,Japanese Grand Prix,LEC,Ferrari,89.303,5
12,171,259,205.6,32.9,65,205,3,Japanese Grand Prix,LEC,Ferrari,89.303,0
14,95,200,130.6,5.0,17,96,3,Japanese Grand Prix,LEC,Ferrari,89.303,7
15,100,124,105.5,45.8,13,124,3,Japanese Grand Prix,LEC,Ferrari,89.303,1
16,138,217,186.5,96.7,24,217,3,Japanese Grand Prix,LEC,Ferrari,89.303,9
1,166,284,216.8,42.8,59,197,3,Japanese Grand Prix,NOR,McLaren,89.409,2
2,235,237,236.5,100.0,19,236,3,Japanese Grand Prix,NOR,McLaren,89.409,1
3,214,236,221.9,45.5,23,215,3,Japanese Grand Prix,NOR,McLaren,89.409,7
4,212,221,215.9,53.6,25,212,3,Japanese Grand Prix,NOR,McLaren,89.409,0
5,185,216,198.0,30.0,35,199,3,Japanese Grand Prix,NOR,McLaren,89.409,9
6,216,237,225.3,78.5,26,237,3,Japanese Grand Prix,NOR,McLaren,89.409,6
7,241,268,255.3,3.0,13,241,3,Japanese Grand Prix,NOR,McLaren,89.409,9
8,145,207,163.6,20.8,22,161,3,Japanese Grand Prix,NOR,McLaren,89.409,5
9,227,256,244.4,16.0,16,227,3,Japanese Grand Prix,NOR,McLaren,89.409,12
10,76,148,103.6,19.1,23,122,3,Japanese Grand Prix,NOR,McLaren,89.409,3
11,235,267,253.2,100.0,24,267,3,Japanese Grand Prix,NOR,McLaren,89.409,4
12,166,270,202.5,26.6,64,206,3,Japanese Grand Prix,NOR,McLaren,89.409,5
13,293,303,297.6,100.0,16,293,3,Japanese Grand Prix,NOR,McLaren,89.409,21
14,97,195,128.5,6.7,16,100,3,Japanese Grand Prix,NOR,McLaren,89.409,5
15,97,124,104.9,32.4,13,124,3,Japanese Grand Prix,NOR,McLaren,89.409,4
16,138,218,185.7,95.9,24,218,3,Japanese Grand Prix,NOR,McLaren,89.409,9
1,168,297,223.3,51.7,59,195,3,Japanese Grand Prix,HAM,Ferrari,89.567,0
2,231,233,231.9,99.2,19,231,3,Japanese Grand Prix,HAM,Ferrari,89.567,5
3,221,233,227.3,71.8,23,222,3,Japanese Grand Prix,HAM,Ferrari,89.567,0
4,210,222,215.0,63.3,25,213,3,Japanese Grand Prix,HAM,Ferrari,89.567,2
5,193,219,203.4,42.7,35,202,3,Japanese Grand Prix,HAM,Ferrari,89.567,1
6,216,234,220.7,82.1,26,234,3,Japanese Grand Prix,HAM,Ferrari,89.567,6
7,243,269,255.1,25.7,13,243,3,Japanese Grand Prix,HAM,Ferrari,89.567,7
8,150,225,169.3,26.1,22,161,3,Japanese Grand Prix,HAM,Ferrari,89.567,0
9,235,248,242.5,100.0,16,235,3,Japanese Grand Prix,HAM,Ferrari,89.567,4
10,77,144,102.6,27.8,23,125,3,Japanese Grand Prix,HAM,Ferrari,89.567,2
11,234,268,252.4,100.0,24,268,3,Japanese Grand Prix,HAM,Ferrari,89.567,5
12,167,253,202.1,31.6,65,215,3,Japanese Grand Prix,HAM,Ferrari,89.567,4
13,287,297,292.2,99.0,15,287,3,Japanese Grand Prix,HAM,Ferrari,89.567,27
14,98,195,130.5,9.3,17,104,3,Japanese Grand Prix,HAM,Ferrari,89.567,4
15,100,124,108.6,43.2,13,124,3,Japanese Grand Prix,HAM,Ferrari,89.567,1
16,132,217,177.4,96.5,24,217,3,Japanese Grand Prix,HAM,Ferrari,89.567,15
1,164,300,220.5,46.4,59,192,3,Japanese Grand Prix,GAS,Alpine,89.691,4
2,233,238,236.7,79.7,19,235,3,Japanese Grand Prix,GAS,Alpine,89.691,3
3,210,233,217.8,46.3,23,210,3,Japanese Grand Prix,GAS,Alpine,89.691,11
5,179,216,192.8,45.8,35,194,3,Japanese Grand Prix,GAS,Alpine,89.691,15
6,213,228,219.1,78.1,26,228,3,Japanese Grand Prix,GAS,Alpine,89.691,9
7,235,259,245.7,21.5,13,235,3,Japanese Grand Prix,GAS,Alpine,89.691,15
8,142,210,160.8,22.1,22,155,3,Japanese Grand Prix,GAS,Alpine,89.691,8
9,230,255,250.9,59.9,16,230,3,Japanese Grand Prix,GAS,Alpine,89.691,9
10,78,140,101.8,26.8,23,127,3,Japanese Grand Prix,GAS,Alpine,89.691,1
11,236,269,253.8,100.0,24,269,3,Japanese Grand Prix,GAS,Alpine,89.691,3
12,162,254,198.5,34.4,65,202,3,Japanese Grand Prix,GAS,Alpine,89.691,9
14,96,206,135.6,2.9,17,96,3,Japanese Grand Prix,GAS,Alpine,89.691,6
15,96,127,104.2,41.3,13,127,3,Japanese Grand Prix,GAS,Alpine,89.691,5
16,140,225,187.7,97.5,24,225,3,Japanese Grand Prix,GAS,Alpine,89.691,7
1,158,305,220.7,46.6,60,193,3,Japanese Grand Prix,HAD,Red Bull Racing,89.978,10
2,231,235,233.1,66.8,19,232,3,Japanese Grand Prix,HAD,Red Bull Racing,89.978,5
3,207,231,214.4,35.2,22,208,3,Japanese Grand Prix,HAD,Red Bull Racing,89.978,14
4,208,217,211.7,43.0,25,209,3,Japanese Grand Prix,HAD,Red Bull Racing,89.978,4
5,184,214,195.0,28.4,35,200,3,Japanese Grand Prix,HAD,Red Bull Racing,89.978,10
6,217,229,221.8,66.9,26,229,3,Japanese Grand Prix,HAD,Red Bull Racing,89.978,5
7,242,257,247.3,33.4,13,242,3,Japanese Grand Prix,HAD,Red Bull Racing,89.978,8
8,137,235,161.2,17.3,22,152,3,Japanese Grand Prix,HAD,Red Bull Racing,89.978,13
9,239,260,250.2,10.2,16,239,3,Japanese Grand Prix,HAD,Red Bull Racing,89.978,0
10,76,156,102.7,18.0,23,118,3,Japanese Grand Prix,HAD,Red Bull Racing,89.978,3
11,231,265,250.4,100.0,24,265,3,Japanese Grand Prix,HAD,Red Bull Racing,89.978,8
12,159,255,199.2,28.9,65,205,3,Japanese Grand Prix,HAD,Red Bull Racing,89.978,12
13,298,311,304.4,100.0,15,298,3,Japanese Grand Prix,HAD,Red Bull Racing,89.978,16
14,91,207,127.8,4.0,17,95,3,Japanese Grand Prix,HAD,Red Bull Racing,89.978,11
15,97,121,104.4,27.8,13,121,3,Japanese Grand Prix,HAD,Red Bull Racing,89.978,4
1,158,306,215.0,37.7,59,193,3,Japanese Grand Prix,LIN,Racing Bulls,90.109,10
2,229,236,233.7,71.5,19,229,3,Japanese Grand Prix,LIN,Racing Bulls,90.109,7
3,209,225,214.4,59.5,23,209,3,Japanese Grand Prix,LIN,Racing Bulls,90.109,12
5,174,210,187.9,37.9,35,194,3,Japanese Grand Prix,LIN,Racing Bulls,90.109,20
6,218,229,221.5,79.2,26,229,3,Japanese Grand Prix,LIN,Racing Bulls,90.109,4
7,233,257,243.6,20.3,13,233,3,Japanese Grand Prix,LIN,Racing Bulls,90.109,17
8,136,237,167.6,31.8,22,162,3,Japanese Grand Prix,LIN,Racing Bulls,90.109,14
9,231,259,246.7,10.7,16,231,3,Japanese Grand Prix,LIN,Racing Bulls,90.109,8
10,74,143,101.0,26.9,23,128,3,Japanese Grand Prix,LIN,Racing Bulls,90.109,5
11,237,271,254.8,100.0,24,271,3,Japanese Grand Prix,LIN,Racing Bulls,90.109,2
14,93,190,129.0,8.7,17,100,3,Japanese Grand Prix,LIN,Racing Bulls,90.109,9
15,100,127,107.5,40.2,13,127,3,Japanese Grand Prix,LIN,Racing Bulls,90.109,1
16,137,212,186.2,99.1,24,212,3,Japanese Grand Prix,LIN,Racing Bulls,90.109,10
1,162,304,222.5,41.5,59,188,3,Japanese Grand Prix,VER,Red Bull Racing,90.262,6
2,231,235,234.2,100.0,19,235,3,Japanese Grand Prix,VER,Red Bull Racing,90.262,5
3,203,236,215.1,40.9,23,204,3,Japanese Grand Prix,VER,Red Bull Racing,90.262,18
5,175,213,189.8,35.9,35,196,3,Japanese Grand Prix,VER,Red Bull Racing,90.262,19
6,214,226,218.6,69.1,26,226,3,Japanese Grand Prix,VER,Red Bull Racing,90.262,8
7,245,270,256.4,22.8,13,245,3,Japanese Grand Prix,VER,Red Bull Racing,90.262,5
8,140,211,162.0,20.9,22,158,3,Japanese Grand Prix,VER,Red Bull Racing,90.262,10
9,235,258,245.3,6.3,16,235,3,Japanese Grand Prix,VER,Red Bull Racing,90.262,4
10,75,156,102.0,16.4,23,114,3,Japanese Grand Prix,VER,Red Bull Racing,90.262,4
11,234,267,252.6,100.0,24,267,3,Japanese Grand Prix,VER,Red Bull Racing,90.262,5
12,159,256,196.3,27.5,65,209,3,Japanese Grand Prix,VER,Red Bull Racing,90.262,12
13,298,306,301.8,100.0,15,298,3,Japanese Grand Prix,VER,Red Bull Racing,90.262,16
14,89,181,117.1,5.0,17,103,3,Japanese Grand Prix,VER,Red Bull Racing,90.262,13
15,99,133,109.3,35.3,13,133,3,Japanese Grand Prix,VER,Red Bull Racing,90.262,2
1,158,302,209.9,36.0,59,171,3,Japanese Grand Prix,LAW,Racing Bulls,90.495,10
2,223,237,231.4,61.5,19,223,3,Japanese Grand Prix,LAW,Racing Bulls,90.495,13
3,203,221,209.6,49.1,23,205,3,Japanese Grand Prix,LAW,Racing Bulls,90.495,18
5,173,211,187.5,38.7,35,195,3,Japanese Grand Prix,LAW,Racing Bulls,90.495,21
6,213,216,215.8,80.4,26,216,3,Japanese Grand Prix,LAW,Racing Bulls,90.495,9
7,240,260,246.9,24.7,13,240,3,Japanese Grand Prix,LAW,Racing Bulls,90.495,10
8,131,212,157.2,28.3,22,154,3,Japanese Grand Prix,LAW,Racing Bulls,90.495,19
9,226,260,246.4,11.8,16,226,3,Japanese Grand Prix,LAW,Racing Bulls,90.495,13
10,76,140,101.0,31.1,23,129,3,Japanese Grand Prix,LAW,Racing Bulls,90.495,3
11,239,269,254.8,100.0,24,269,3,Japanese Grand Prix,LAW,Racing Bulls,90.495,0
13,300,310,304.4,100.0,15,300,3,Japanese Grand Prix,LAW,Racing Bulls,90.495,14
14,91,172,119.6,7.8,17,101,3,Japanese Grand Prix,LAW,Racing Bulls,90.495,11
15,97,130,107.2,45.1,13,130,3,Japanese Grand Prix,LAW,Racing Bulls,90.495,4
16,146,224,191.1,97.7,24,224,3,Japanese Grand Prix,LAW,Racing Bulls,90.495,1
1,158,301,215.5,44.5,59,188,3,Japanese Grand Prix,SAI,Williams,90.927,10
2,221,232,225.9,62.3,19,221,3,Japanese Grand Prix,SAI,Williams,90.927,15
3,197,224,207.1,50.3,23,200,3,Japanese Grand Prix,SAI,Williams,90.927,24
4,198,210,203.0,56.4,25,198,3,Japanese Grand Prix,SAI,Williams,90.927,14
6,209,225,217.8,75.7,26,225,3,Japanese Grand Prix,SAI,Williams,90.927,13
7,237,261,248.0,30.9,13,237,3,Japanese Grand Prix,SAI,Williams,90.927,13
8,138,213,160.3,20.2,22,155,3,Japanese Grand Prix,SAI,Williams,90.927,12
9,230,254,246.4,32.8,16,230,3,Japanese Grand Prix,SAI,Williams,90.927,9
10,71,167,101.3,28.2,23,126,3,Japanese Grand Prix,SAI,Williams,90.927,8
11,229,267,250.8,100.0,24,267,3,Japanese Grand Prix,SAI,Williams,90.927,10
12,156,257,194.3,28.3,65,200,3,Japanese Grand Prix,SAI,Williams,90.927,15
13,314,318,314.6,100.0,15,314,3,Japanese Grand Prix,SAI,Williams,90.927,0
14,90,188,122.7,9.5,17,99,3,Japanese Grand Prix,SAI,Williams,90.927,12
15,101,128,110.2,39.1,13,128,3,Japanese Grand Prix,SAI,Williams,90.927,0
16,147,225,181.1,97.4,24,225,3,Japanese Grand Prix,SAI,Williams,90.927,0
1,154,293,220.9,42.3,59,191,3,Japanese Grand Prix,ALB,Williams,91.088,14
2,229,235,231.6,64.1,19,229,3,Japanese Grand Prix,ALB,Williams,91.088,7
3,199,229,211.0,45.2,23,200,3,Japanese Grand Prix,ALB,Williams,91.088,22
4,194,213,202.9,48.8,25,194,3,Japanese Grand Prix,ALB,Williams,91.088,18
6,216,224,221.2,71.6,26,224,3,Japanese Grand Prix,ALB,Williams,91.088,6
8,139,221,165.1,20.7,22,146,3,Japanese Grand Prix,ALB,Williams,91.088,11
9,234,253,248.1,94.5,16,234,3,Japanese Grand Prix,ALB,Williams,91.088,5
10,71,151,100.5,27.1,23,130,3,Japanese Grand Prix,ALB,Williams,91.088,8
11,233,268,251.1,100.0,24,268,3,Japanese Grand Prix,ALB,Williams,91.088,6
14,92,173,119.4,3.4,17,98,3,Japanese Grand Prix,ALB,Williams,91.088,10
15,100,127,106.1,29.9,13,127,3,Japanese Grand Prix,ALB,Williams,91.088,1
16,142,220,189.4,99.3,24,220,3,Japanese Grand Prix,ALB,Williams,91.088,5
1,159,284,213.2,53.7,59,187,3,Japanese Grand Prix,BEA,Haas F1 Team,91.09,9
2,227,229,228.5,92.1,19,228,3,Japanese Grand Prix,BEA,Haas F1 Team,91.09,9
3,203,228,214.4,52.7,23,205,3,Japanese Grand Prix,BEA,Haas F1 Team,91.09,18
4,203,213,207.4,67.0,25,206,3,Japanese Grand Prix,BEA,Haas F1 Team,91.09,9
5,177,212,191.5,36.2,35,190,3,Japanese Grand Prix,BEA,Haas F1 Team,91.09,17
6,206,225,214.4,80.3,26,225,3,Japanese Grand Prix,BEA,Haas F1 Team,91.09,16
7,235,260,245.9,18.4,13,235,3,Japanese Grand Prix,BEA,Haas F1 Team,91.09,15
8,132,214,158.9,37.5,22,158,3,Japanese Grand Prix,BEA,Haas F1 Team,91.09,18
10,74,158,101.7,33.9,23,122,3,Japanese Grand Prix,BEA,Haas F1 Team,91.09,5
11,229,267,251.9,100.0,24,267,3,Japanese Grand Prix,BEA,Haas F1 Team,91.09,10
12,160,249,197.8,41.5,65,209,3,Japanese Grand Prix,BEA,Haas F1 Team,91.09,11
14,95,196,125.0,12.5,17,100,3,Japanese Grand Prix,BEA,Haas F1 Team,91.09,7
15,101,121,108.4,43.3,13,121,3,Japanese Grand Prix,BEA,Haas F1 Team,91.09,0
16,128,217,182.0,93.5,24,217,3,Japanese Grand Prix,BEA,Haas F1 Team,91.09,19
1,157,290,211.0,37.6,59,176,3,Japanese Grand Prix,PER,Cadillac,92.206,11
2,218,227,224.7,58.1,19,218,3,Japanese Grand Prix,PER,Cadillac,92.206,18
3,193,216,200.3,40.6,23,194,3,Japanese Grand Prix,PER,Cadillac,92.206,28
4,191,208,198.4,45.7,25,197,3,Japanese Grand Prix,PER,Cadillac,92.206,21
5,159,203,177.5,33.5,35,183,3,Japanese Grand Prix,PER,Cadillac,92.206,35
6,208,218,215.2,76.4,26,218,3,Japanese Grand Prix,PER,Cadillac,92.206,14
7,230,259,238.3,33.7,13,230,3,Japanese Grand Prix,PER,Cadillac,92.206,20
8,135,203,156.3,31.0,22,153,3,Japanese Grand Prix,PER,Cadillac,92.206,15
9,223,239,231.0,96.9,16,223,3,Japanese Grand Prix,PER,Cadillac,92.206,16
10,76,152,101.4,23.7,23,119,3,Japanese Grand Prix,PER,Cadillac,92.206,3
11,232,265,251.3,100.0,24,265,3,Japanese Grand Prix,PER,Cadillac,92.206,7
12,159,262,193.1,37.1,65,200,3,Japanese Grand Prix,PER,Cadillac,92.206,12
13,297,309,302.6,100.0,15,297,3,Japanese Grand Prix,PER,Cadillac,92.206,17
14,90,186,125.1,7.0,17,92,3,Japanese Grand Prix,PER,Cadillac,92.206,12
15,101,119,106.4,34.9,13,119,3,Japanese Grand Prix,PER,Cadillac,92.206,0
16,129,179,168.1,95.4,24,179,3,Japanese Grand Prix,PER,Cadillac,92.206,18
1,154,304,216.5,37.5,59,182,3,Japanese Grand Prix,BOT,Cadillac,92.33,14
2,214,229,222.4,52.7,19,214,3,Japanese Grand Prix,BOT,Cadillac,92.33,22
3,187,211,195.9,42.3,23,190,3,Japanese Grand Prix,BOT,Cadillac,92.33,34
5,163,201,180.3,44.9,35,182,3,Japanese Grand Prix,BOT,Cadillac,92.33,31
6,206,224,216.3,76.6,26,224,3,Japanese Grand Prix,BOT,Cadillac,92.33,16
7,221,247,229.4,36.4,13,221,3,Japanese Grand Prix,BOT,Cadillac,92.33,29
8,134,227,157.8,23.6,22,148,3,Japanese Grand Prix,BOT,Cadillac,92.33,16
9,221,244,238.4,69.3,16,221,3,Japanese Grand Prix,BOT,Cadillac,92.33,18
10,76,143,101.2,25.3,23,122,3,Japanese Grand Prix,BOT,Cadillac,92.33,3
11,231,267,251.8,100.0,24,267,3,Japanese Grand Prix,BOT,Cadillac,92.33,8
12,152,238,188.0,40.3,65,202,3,Japanese Grand Prix,BOT,Cadillac,92.33,19
13,297,309,303.8,100.0,15,297,3,Japanese Grand Prix,BOT,Cadillac,92.33,17
14,97,173,122.8,4.9,17,103,3,Japanese Grand Prix,BOT,Cadillac,92.33,5
15,98,118,104.1,30.6,13,118,3,Japanese Grand Prix,BOT,Cadillac,92.33,3
1,160,284,212.3,47.1,59,192,3,Japanese Grand Prix,ALO,Aston Martin,92.646,8
2,219,226,223.9,82.1,19,219,3,Japanese Grand Prix,ALO,Aston Martin,92.646,17
3,194,218,202.2,40.9,23,198,3,Japanese Grand Prix,ALO,Aston Martin,92.646,27
4,195,206,200.3,48.5,25,199,3,Japanese Grand Prix,ALO,Aston Martin,92.646,17
5,168,203,182.3,30.8,35,189,3,Japanese Grand Prix,ALO,Aston Martin,92.646,26
6,211,225,215.0,70.5,26,225,3,Japanese Grand Prix,ALO,Aston Martin,92.646,11
7,233,260,242.0,21.4,13,233,3,Japanese Grand Prix,ALO,Aston Martin,92.646,17
8,137,215,159.9,20.9,22,155,3,Japanese Grand Prix,ALO,Aston Martin,92.646,13
9,218,233,224.9,100.0,16,218,3,Japanese Grand Prix,ALO,Aston Martin,92.646,21
10,79,178,112.4,25.7,23,128,3,Japanese Grand Prix,ALO,Aston Martin,92.646,0
11,230,262,246.7,100.0,24,262,3,Japanese Grand Prix,ALO,Aston Martin,92.646,9
12,154,243,191.0,23.8,65,201,3,Japanese Grand Prix,ALO,Aston Martin,92.646,17
13,294,308,301.1,100.0,15,294,3,Japanese Grand Prix,ALO,Aston Martin,92.646,20
14,89,187,126.6,7.8,17,92,3,Japanese Grand Prix,ALO,Aston Martin,92.646,13
15,95,127,104.2,39.0,13,127,3,Japanese Grand Prix,ALO,Aston Martin,92.646,6
16,135,186,175.1,99.8,24,186,3,Japanese Grand Prix,ALO,Aston Martin,92.646,12
1,155,289,213.1,42.8,59,187,3,Japanese Grand Prix,STR,Aston Martin,92.92,13
2,221,227,224.1,79.1,19,221,3,Japanese Grand Prix,STR,Aston Martin,92.92,15
3,193,221,204.2,27.6,23,194,3,Japanese Grand Prix,STR,Aston Martin,92.92,28
4,195,202,198.1,66.8,25,201,3,Japanese Grand Prix,STR,Aston Martin,92.92,17
5,171,205,186.3,25.7,35,188,3,Japanese Grand Prix,STR,Aston Martin,92.92,23
6,208,216,210.7,73.9,26,216,3,Japanese Grand Prix,STR,Aston Martin,92.92,14
7,236,259,245.1,32.8,13,236,3,Japanese Grand Prix,STR,Aston Martin,92.92,14
8,133,204,153.6,21.5,22,150,3,Japanese Grand Prix,STR,Aston Martin,92.92,17
9,224,239,232.7,94.1,16,224,3,Japanese Grand Prix,STR,Aston Martin,92.92,15
10,77,146,105.2,23.4,23,112,3,Japanese Grand Prix,STR,Aston Martin,92.92,2
11,229,262,247.3,100.0,24,262,3,Japanese Grand Prix,STR,Aston Martin,92.92,10
12,155,234,190.9,33.6,65,203,3,Japanese Grand Prix,STR,Aston Martin,92.92,16
14,95,193,126.6,8.3,17,101,3,Japanese Grand Prix,STR,Aston Martin,92.92,7
15,100,121,106.5,30.7,13,121,3,Japanese Grand Prix,STR,Aston Martin,92.92,1
16,133,198,177.9,97.8,24,198,3,Japanese Grand Prix,STR,Aston Martin,92.92,14
1,98,179,121.8,8.1,19,109,6,Miami Grand Prix,ANT,Mercedes,87.798,5
2,138,181,160.9,72.0,14,181,6,Miami Grand Prix,ANT,Mercedes,87.798,8
3,192,260,231.9,96.8,39,260,6,Miami Grand Prix,ANT,Mercedes,87.798,6
4,262,281,271.3,65.5,23,262,6,Miami Grand Prix,ANT,Mercedes,87.798,3
5,236,257,241.1,52.1,24,236,6,Miami Grand Prix,ANT,Mercedes,87.798,1
6,130,239,192.6,29.9,64,143,6,Miami Grand Prix,ANT,Mercedes,87.798,3
7,91,174,118.7,8.4,20,105,6,Miami Grand Prix,ANT,Mercedes,87.798,4
8,98,137,114.1,30.6,28,137,6,Miami Grand Prix,ANT,Mercedes,87.798,7
9,90,157,133.5,21.6,26,91,6,Miami Grand Prix,ANT,Mercedes,87.798,6
10,92,113,100.4,26.8,11,113,6,Miami Grand Prix,ANT,Mercedes,87.798,5
11,74,122,93.7,22.0,18,122,6,Miami Grand Prix,ANT,Mercedes,87.798,3
12,71,152,99.2,19.2,23,115,6,Miami Grand Prix,ANT,Mercedes,87.798,17
13,170,221,203.5,99.9,19,221,6,Miami Grand Prix,ANT,Mercedes,87.798,36
1,97,180,121.7,7.0,19,110,6,Miami Grand Prix,VER,Red Bull Racing,87.964,6
2,136,177,159.4,61.5,14,177,6,Miami Grand Prix,VER,Red Bull Racing,87.964,10
3,191,256,228.7,93.4,39,256,6,Miami Grand Prix,VER,Red Bull Racing,87.964,7
4,255,266,261.8,97.4,23,255,6,Miami Grand Prix,VER,Red Bull Racing,87.964,10
5,227,245,231.3,62.3,24,228,6,Miami Grand Prix,VER,Red Bull Racing,87.964,10
6,123,234,192.9,38.6,64,139,6,Miami Grand Prix,VER,Red Bull Racing,87.964,10
7,88,173,118.2,7.9,20,106,6,Miami Grand Prix,VER,Red Bull Racing,87.964,7
8,105,139,117.3,24.9,28,139,6,Miami Grand Prix,VER,Red Bull Racing,87.964,0
9,92,162,138.0,36.1,26,93,6,Miami Grand Prix,VER,Red Bull Racing,87.964,4
10,92,112,99.3,20.6,11,112,6,Miami Grand Prix,VER,Red Bull Racing,87.964,5
11,77,129,94.8,22.9,18,129,6,Miami Grand Prix,VER,Red Bull Racing,87.964,0
12,70,148,97.2,15.3,23,113,6,Miami Grand Prix,VER,Red Bull Racing,87.964,18
13,174,230,206.0,100.0,19,230,6,Miami Grand Prix,VER,Red Bull Racing,87.964,32
1,94,185,123.8,13.3,19,102,6,Miami Grand Prix,LEC,Ferrari,88.143,9
2,134,178,159.0,76.4,14,178,6,Miami Grand Prix,LEC,Ferrari,88.143,12
3,192,257,232.7,99.7,39,257,6,Miami Grand Prix,LEC,Ferrari,88.143,6
4,255,264,259.8,100.0,23,255,6,Miami Grand Prix,LEC,Ferrari,88.143,10
5,235,254,243.4,73.6,24,235,6,Miami Grand Prix,LEC,Ferrari,88.143,2
6,133,239,197.6,47.8,64,140,6,Miami Grand Prix,LEC,Ferrari,88.143,0
7,95,182,118.3,13.7,20,106,6,Miami Grand Prix,LEC,Ferrari,88.143,0
8,105,135,117.8,36.1,28,135,6,Miami Grand Prix,LEC,Ferrari,88.143,0
9,89,164,135.0,35.9,26,90,6,Miami Grand Prix,LEC,Ferrari,88.143,7
10,92,115,100.6,41.6,11,115,6,Miami Grand Prix,LEC,Ferrari,88.143,5
11,77,125,94.3,32.1,18,125,6,Miami Grand Prix,LEC,Ferrari,88.143,0
12,69,159,98.9,21.9,23,111,6,Miami Grand Prix,LEC,Ferrari,88.143,19
13,171,232,206.1,99.9,19,232,6,Miami Grand Prix,LEC,Ferrari,88.143,35
1,99,165,120.3,6.2,19,106,6,Miami Grand Prix,NOR,McLaren,88.183,4
2,128,170,152.8,64.1,14,170,6,Miami Grand Prix,NOR,McLaren,88.183,18
3,188,256,227.7,95.3,39,256,6,Miami Grand Prix,NOR,McLaren,88.183,10
4,257,275,266.3,48.4,23,257,6,Miami Grand Prix,NOR,McLaren,88.183,8
5,228,254,237.5,32.9,24,228,6,Miami Grand Prix,NOR,McLaren,88.183,9
6,130,233,191.7,32.2,64,137,6,Miami Grand Prix,NOR,McLaren,88.183,3
7,92,188,125.3,4.7,20,98,6,Miami Grand Prix,NOR,McLaren,88.183,3
8,101,134,113.9,25.8,28,134,6,Miami Grand Prix,NOR,McLaren,88.183,4
9,93,155,135.3,19.8,27,93,6,Miami Grand Prix,NOR,McLaren,88.183,3
10,93,111,99.7,23.8,11,111,6,Miami Grand Prix,NOR,McLaren,88.183,4
11,75,120,93.1,22.9,18,120,6,Miami Grand Prix,NOR,McLaren,88.183,2
12,70,151,99.2,17.4,23,121,6,Miami Grand Prix,NOR,McLaren,88.183,18
13,175,228,206.3,100.0,19,228,6,Miami Grand Prix,NOR,McLaren,88.183,31
1,93,159,114.6,10.7,19,103,6,Miami Grand Prix,RUS,Mercedes,88.197,10
2,140,180,162.9,72.0,14,180,6,Miami Grand Prix,RUS,Mercedes,88.197,6
3,196,259,232.4,99.4,39,259,6,Miami Grand Prix,RUS,Mercedes,88.197,2
4,265,278,271.5,76.5,23,265,6,Miami Grand Prix,RUS,Mercedes,88.197,0
5,231,260,241.0,44.1,24,231,6,Miami Grand Prix,RUS,Mercedes,88.197,6
6,127,235,190.6,23.6,64,139,6,Miami Grand Prix,RUS,Mercedes,88.197,6
7,91,170,116.0,9.6,20,105,6,Miami Grand Prix,RUS,Mercedes,88.197,4
8,98,134,114.5,27.0,28,134,6,Miami Grand Prix,RUS,Mercedes,88.197,7
9,90,160,132.7,25.9,26,90,6,Miami Grand Prix,RUS,Mercedes,88.197,6
10,92,116,100.2,31.4,11,116,6,Miami Grand Prix,RUS,Mercedes,88.197,5
11,71,124,91.9,26.3,18,124,6,Miami Grand Prix,RUS,Mercedes,88.197,6
12,70,158,98.1,21.9,23,121,6,Miami Grand Prix,RUS,Mercedes,88.197,18
13,169,225,205.3,100.0,19,225,6,Miami Grand Prix,RUS,Mercedes,88.197,37
1,96,177,119.6,20.3,20,123,6,Miami Grand Prix,HAM,Ferrari,88.319,7
2,146,183,163.3,81.3,14,183,6,Miami Grand Prix,HAM,Ferrari,88.319,0
3,198,257,233.5,95.2,39,257,6,Miami Grand Prix,HAM,Ferrari,88.319,0
4,256,269,262.4,100.0,23,256,6,Miami Grand Prix,HAM,Ferrari,88.319,9
5,237,256,245.2,66.5,24,237,6,Miami Grand Prix,HAM,Ferrari,88.319,0
6,129,241,195.0,40.3,64,148,6,Miami Grand Prix,HAM,Ferrari,88.319,4
7,92,175,118.9,15.1,20,108,6,Miami Grand Prix,HAM,Ferrari,88.319,3
8,102,138,116.5,37.2,28,138,6,Miami Grand Prix,HAM,Ferrari,88.319,3
9,92,159,134.3,29.5,26,94,6,Miami Grand Prix,HAM,Ferrari,88.319,4
10,95,115,103.0,44.1,10,115,6,Miami Grand Prix,HAM,Ferrari,88.319,2
11,74,123,94.2,31.4,18,123,6,Miami Grand Prix,HAM,Ferrari,88.319,3
12,70,165,100.7,20.7,23,116,6,Miami Grand Prix,HAM,Ferrari,88.319,18
13,172,222,203.6,100.0,19,222,6,Miami Grand Prix,HAM,Ferrari,88.319,34
1,95,185,119.4,10.6,20,109,6,Miami Grand Prix,PIA,McLaren,88.332,8
2,130,177,158.6,68.7,14,177,6,Miami Grand Prix,PIA,McLaren,88.332,16
3,183,257,230.6,94.2,38,257,6,Miami Grand Prix,PIA,McLaren,88.332,15
4,257,274,264.5,46.7,23,257,6,Miami Grand Prix,PIA,McLaren,88.332,8
5,229,254,237.6,31.4,24,229,6,Miami Grand Prix,PIA,McLaren,88.332,8
6,130,235,193.0,27.8,64,142,6,Miami Grand Prix,PIA,McLaren,88.332,3
7,89,187,120.0,5.4,20,98,6,Miami Grand Prix,PIA,McLaren,88.332,6
8,100,139,113.1,21.7,28,139,6,Miami Grand Prix,PIA,McLaren,88.332,5
9,94,156,137.4,20.6,26,94,6,Miami Grand Prix,PIA,McLaren,88.332,2
10,92,108,97.2,19.5,12,108,6,Miami Grand Prix,PIA,McLaren,88.332,5
11,72,131,93.3,25.2,18,131,6,Miami Grand Prix,PIA,McLaren,88.332,5
12,69,159,98.6,17.7,23,121,6,Miami Grand Prix,PIA,McLaren,88.332,19
13,176,225,206.9,99.0,19,225,6,Miami Grand Prix,PIA,McLaren,88.332,30
1,103,160,121.4,12.1,19,113,6,Miami Grand Prix,COL,Alpine,88.762,0
2,135,165,151.3,68.7,14,165,6,Miami Grand Prix,COL,Alpine,88.762,11
3,184,256,224.4,94.8,39,256,6,Miami Grand Prix,COL,Alpine,88.762,14
4,249,272,259.7,54.5,23,249,6,Miami Grand Prix,COL,Alpine,88.762,16
5,225,247,233.4,52.9,24,225,6,Miami Grand Prix,COL,Alpine,88.762,12
6,120,232,193.4,38.6,64,130,6,Miami Grand Prix,COL,Alpine,88.762,13
7,95,166,118.2,9.2,20,102,6,Miami Grand Prix,COL,Alpine,88.762,0
8,96,131,111.3,30.5,28,131,6,Miami Grand Prix,COL,Alpine,88.762,9
9,96,159,135.2,28.1,26,96,6,Miami Grand Prix,COL,Alpine,88.762,0
10,97,104,99.2,31.2,11,101,6,Miami Grand Prix,COL,Alpine,88.762,0
11,68,121,88.3,31.5,18,121,6,Miami Grand Prix,COL,Alpine,88.762,9
12,69,139,95.2,24.6,23,117,6,Miami Grand Prix,COL,Alpine,88.762,19
13,174,228,205.8,100.0,19,228,6,Miami Grand Prix,COL,Alpine,88.762,32
1,95,184,119.1,10.5,19,112,6,Miami Grand Prix,HAD,Red Bull Racing,88.789,8
2,134,174,154.9,61.4,14,174,6,Miami Grand Prix,HAD,Red Bull Racing,88.789,12
3,186,257,229.3,94.5,39,257,6,Miami Grand Prix,HAD,Red Bull Racing,88.789,12
4,248,269,258.3,41.0,23,248,6,Miami Grand Prix,HAD,Red Bull Racing,88.789,17
5,224,246,229.7,33.9,24,226,6,Miami Grand Prix,HAD,Red Bull Racing,88.789,13
6,123,233,189.7,32.2,64,143,6,Miami Grand Prix,HAD,Red Bull Racing,88.789,10
7,93,178,119.2,4.9,20,102,6,Miami Grand Prix,HAD,Red Bull Racing,88.789,2
8,94,135,111.3,19.2,28,135,6,Miami Grand Prix,HAD,Red Bull Racing,88.789,11
9,94,159,133.3,22.2,26,95,6,Miami Grand Prix,HAD,Red Bull Racing,88.789,2
10,91,112,98.9,23.8,11,112,6,Miami Grand Prix,HAD,Red Bull Racing,88.789,6
11,72,124,91.4,26.2,18,124,6,Miami Grand Prix,HAD,Red Bull Racing,88.789,5
12,69,152,96.3,18.9,23,119,6,Miami Grand Prix,HAD,Red Bull Racing,88.789,19
13,173,230,206.0,100.0,19,230,6,Miami Grand Prix,HAD,Red Bull Racing,88.789,33
1,96,173,121.1,10.5,19,107,6,Miami Grand Prix,GAS,Alpine,88.81,7
2,132,173,153.3,72.6,14,173,6,Miami Grand Prix,GAS,Alpine,88.81,14
3,183,257,227.1,99.1,39,257,6,Miami Grand Prix,GAS,Alpine,88.81,15
4,245,270,259.2,59.0,23,245,6,Miami Grand Prix,GAS,Alpine,88.81,20
5,229,243,233.1,55.1,24,229,6,Miami Grand Prix,GAS,Alpine,88.81,8
6,125,234,191.2,33.8,64,137,6,Miami Grand Prix,GAS,Alpine,88.81,8
7,91,179,120.2,5.9,20,98,6,Miami Grand Prix,GAS,Alpine,88.81,4
8,101,138,114.4,36.8,28,138,6,Miami Grand Prix,GAS,Alpine,88.81,4
9,89,159,138.0,29.3,26,89,6,Miami Grand Prix,GAS,Alpine,88.81,7
10,82,99,87.6,21.4,11,99,6,Miami Grand Prix,GAS,Alpine,88.81,15
11,76,119,91.8,25.6,18,119,6,Miami Grand Prix,GAS,Alpine,88.81,1
12,70,156,97.7,20.1,23,117,6,Miami Grand Prix,GAS,Alpine,88.81,18
13,167,225,199.4,98.8,19,225,6,Miami Grand Prix,GAS,Alpine,88.81,39
1,98,157,115.7,17.5,19,110,6,Miami Grand Prix,BEA,Haas F1 Team,89.34,5
2,130,167,149.6,69.9,14,167,6,Miami Grand Prix,BEA,Haas F1 Team,89.34,16
3,176,253,216.3,90.0,39,253,6,Miami Grand Prix,BEA,Haas F1 Team,89.34,22
4,250,273,260.1,66.3,23,250,6,Miami Grand Prix,BEA,Haas F1 Team,89.34,15
5,224,247,231.6,57.4,24,225,6,Miami Grand Prix,BEA,Haas F1 Team,89.34,13
6,126,231,186.4,32.0,64,145,6,Miami Grand Prix,BEA,Haas F1 Team,89.34,7
7,92,162,113.9,16.8,20,102,6,Miami Grand Prix,BEA,Haas F1 Team,89.34,3
8,100,129,112.2,31.6,28,129,6,Miami Grand Prix,BEA,Haas F1 Team,89.34,5
9,89,156,132.2,28.7,26,91,6,Miami Grand Prix,BEA,Haas F1 Team,89.34,7
10,94,107,99.8,36.6,11,107,6,Miami Grand Prix,BEA,Haas F1 Team,89.34,3
11,73,120,92.2,34.0,18,120,6,Miami Grand Prix,BEA,Haas F1 Team,89.34,4
12,66,157,96.3,25.8,23,119,6,Miami Grand Prix,BEA,Haas F1 Team,89.34,22
13,172,228,202.2,99.9,19,228,6,Miami Grand Prix,BEA,Haas F1 Team,89.34,34
1,95,166,116.5,16.7,19,111,6,Miami Grand Prix,HUL,Audi,89.439,8
2,137,175,157.8,74.4,14,175,6,Miami Grand Prix,HUL,Audi,89.439,9
3,187,255,225.3,97.9,39,255,6,Miami Grand Prix,HUL,Audi,89.439,11
4,253,271,262.2,68.4,23,253,6,Miami Grand Prix,HUL,Audi,89.439,12
5,223,245,230.0,54.0,24,224,6,Miami Grand Prix,HUL,Audi,89.439,14
6,130,231,192.7,55.1,64,147,6,Miami Grand Prix,HUL,Audi,89.439,3
7,91,173,117.7,13.5,20,101,6,Miami Grand Prix,HUL,Audi,89.439,4
8,99,129,112.2,36.4,28,129,6,Miami Grand Prix,HUL,Audi,89.439,6
9,89,157,131.0,30.1,26,91,6,Miami Grand Prix,HUL,Audi,89.439,7
10,93,107,99.8,32.7,11,104,6,Miami Grand Prix,HUL,Audi,89.439,4
11,73,113,88.8,26.7,18,113,6,Miami Grand Prix,HUL,Audi,89.439,4
12,68,153,96.4,21.9,23,115,6,Miami Grand Prix,HUL,Audi,89.439,20
13,170,227,202.7,100.0,19,227,6,Miami Grand Prix,HUL,Audi,89.439,36
1,92,170,114.5,18.7,19,110,6,Miami Grand Prix,LAW,Racing Bulls,89.499,11
2,137,171,155.8,73.7,14,171,6,Miami Grand Prix,LAW,Racing Bulls,89.499,9
3,181,255,225.3,97.3,39,255,6,Miami Grand Prix,LAW,Racing Bulls,89.499,17
4,243,276,257.0,28.9,23,243,6,Miami Grand Prix,LAW,Racing Bulls,89.499,22
5,219,239,223.5,37.2,24,221,6,Miami Grand Prix,LAW,Racing Bulls,89.499,18
6,123,230,190.3,44.7,64,147,6,Miami Grand Prix,LAW,Racing Bulls,89.499,10
7,91,172,114.6,11.2,20,103,6,Miami Grand Prix,LAW,Racing Bulls,89.499,4
8,96,134,111.4,32.0,28,134,6,Miami Grand Prix,LAW,Racing Bulls,89.499,9
9,89,162,131.2,25.1,26,90,6,Miami Grand Prix,LAW,Racing Bulls,89.499,7
10,92,111,98.3,35.0,11,111,6,Miami Grand Prix,LAW,Racing Bulls,89.499,5
11,72,120,91.5,34.1,18,120,6,Miami Grand Prix,LAW,Racing Bulls,89.499,5
12,67,140,91.4,26.5,23,110,6,Miami Grand Prix,LAW,Racing Bulls,89.499,21
13,168,228,199.9,100.0,19,228,6,Miami Grand Prix,LAW,Racing Bulls,89.499,38
1,94,154,111.9,16.0,19,111,6,Miami Grand Prix,SAI,Williams,89.54,9
2,143,172,157.5,73.1,14,172,6,Miami Grand Prix,SAI,Williams,89.54,3
3,192,256,225.7,96.3,39,256,6,Miami Grand Prix,SAI,Williams,89.54,6
4,243,268,251.0,54.7,23,243,6,Miami Grand Prix,SAI,Williams,89.54,22
5,217,237,222.3,51.3,24,219,6,Miami Grand Prix,SAI,Williams,89.54,20
6,123,229,188.3,43.1,64,139,6,Miami Grand Prix,SAI,Williams,89.54,10
7,90,131,107.1,19.5,20,118,6,Miami Grand Prix,SAI,Williams,89.54,5
8,94,141,109.8,32.7,28,141,6,Miami Grand Prix,SAI,Williams,89.54,11
9,89,160,130.5,25.4,26,91,6,Miami Grand Prix,SAI,Williams,89.54,7
10,92,111,99.8,39.3,11,111,6,Miami Grand Prix,SAI,Williams,89.54,5
11,75,124,92.8,32.2,18,124,6,Miami Grand Prix,SAI,Williams,89.54,2
12,66,135,94.8,26.9,23,123,6,Miami Grand Prix,SAI,Williams,89.54,22
13,177,228,205.0,100.0,19,228,6,Miami Grand Prix,SAI,Williams,89.54,29
1,94,176,119.4,10.8,19,103,6,Miami Grand Prix,ALB,Williams,89.72,9
2,131,172,154.9,71.0,14,172,6,Miami Grand Prix,ALB,Williams,89.72,15
3,179,251,220.8,93.5,39,251,6,Miami Grand Prix,ALB,Williams,89.72,19
4,239,271,254.6,42.6,23,239,6,Miami Grand Prix,ALB,Williams,89.72,26
5,216,236,221.4,55.6,24,221,6,Miami Grand Prix,ALB,Williams,89.72,21
6,131,229,187.7,36.4,64,135,6,Miami Grand Prix,ALB,Williams,89.72,2
7,89,166,113.2,11.8,20,102,6,Miami Grand Prix,ALB,Williams,89.72,6
8,90,129,110.0,29.2,28,129,6,Miami Grand Prix,ALB,Williams,89.72,15
9,93,158,133.5,27.3,26,93,6,Miami Grand Prix,ALB,Williams,89.72,3
10,94,107,98.3,28.6,11,107,6,Miami Grand Prix,ALB,Williams,89.72,3
11,74,116,89.9,30.2,18,116,6,Miami Grand Prix,ALB,Williams,89.72,3
12,67,157,95.3,20.7,23,110,6,Miami Grand Prix,ALB,Williams,89.72,21
13,158,227,198.7,98.8,19,227,6,Miami Grand Prix,ALB,Williams,89.72,48
1,95,162,117.9,13.2,19,109,6,Miami Grand Prix,OCO,Haas F1 Team,89.772,8
2,127,167,154.5,68.3,14,167,6,Miami Grand Prix,OCO,Haas F1 Team,89.772,19
3,181,256,222.8,93.9,39,256,6,Miami Grand Prix,OCO,Haas F1 Team,89.772,17
4,247,272,256.4,49.3,23,247,6,Miami Grand Prix,OCO,Haas F1 Team,89.772,18
5,219,245,229.0,53.5,24,220,6,Miami Grand Prix,OCO,Haas F1 Team,89.772,18
6,126,227,186.4,35.4,64,136,6,Miami Grand Prix,OCO,Haas F1 Team,89.772,7
7,91,174,115.5,12.7,20,101,6,Miami Grand Prix,OCO,Haas F1 Team,89.772,4
8,98,135,112.9,34.7,28,135,6,Miami Grand Prix,OCO,Haas F1 Team,89.772,7
9,92,158,133.8,32.0,26,92,6,Miami Grand Prix,OCO,Haas F1 Team,89.772,4
10,95,113,102.8,46.1,11,113,6,Miami Grand Prix,OCO,Haas F1 Team,89.772,2
11,71,116,90.9,34.0,18,116,6,Miami Grand Prix,OCO,Haas F1 Team,89.772,6
12,67,153,95.1,22.5,23,113,6,Miami Grand Prix,OCO,Haas F1 Team,89.772,21
13,167,224,199.6,100.0,19,224,6,Miami Grand Prix,OCO,Haas F1 Team,89.772,39
1,94,156,114.2,13.8,19,108,6,Miami Grand Prix,LIN,Racing Bulls,90.133,9
2,131,168,151.5,73.3,14,168,6,Miami Grand Prix,LIN,Racing Bulls,90.133,15
3,181,255,224.3,97.5,39,255,6,Miami Grand Prix,LIN,Racing Bulls,90.133,17
4,243,274,256.8,58.1,23,243,6,Miami Grand Prix,LIN,Racing Bulls,90.133,22
5,220,238,225.0,65.9,24,223,6,Miami Grand Prix,LIN,Racing Bulls,90.133,17
6,124,229,186.0,31.8,64,133,6,Miami Grand Prix,LIN,Racing Bulls,90.133,9
7,87,171,114.8,10.1,20,97,6,Miami Grand Prix,LIN,Racing Bulls,90.133,8
8,94,131,109.8,30.9,28,131,6,Miami Grand Prix,LIN,Racing Bulls,90.133,11
9,90,149,129.5,24.7,26,90,6,Miami Grand Prix,LIN,Racing Bulls,90.133,6
10,91,107,96.8,34.3,11,107,6,Miami Grand Prix,LIN,Racing Bulls,90.133,6
11,69,118,88.8,31.0,18,118,6,Miami Grand Prix,LIN,Racing Bulls,90.133,8
12,67,176,97.0,23.4,23,113,6,Miami Grand Prix,LIN,Racing Bulls,90.133,21
13,165,224,199.6,99.4,19,224,6,Miami Grand Prix,LIN,Racing Bulls,90.133,41
1,94,151,111.0,17.2,19,115,6,Miami Grand Prix,ALO,Aston Martin,91.098,9
2,142,170,157.5,63.7,14,170,6,Miami Grand Prix,ALO,Aston Martin,91.098,4
3,187,251,221.4,93.3,39,251,6,Miami Grand Prix,ALO,Aston Martin,91.098,11
4,242,269,255.2,19.3,23,242,6,Miami Grand Prix,ALO,Aston Martin,91.098,23
5,210,236,217.5,45.5,24,213,6,Miami Grand Prix,ALO,Aston Martin,91.098,27
6,121,222,183.6,37.1,64,147,6,Miami Grand Prix,ALO,Aston Martin,91.098,12
7,88,170,116.0,13.8,20,109,6,Miami Grand Prix,ALO,Aston Martin,91.098,7
8,90,131,109.3,27.0,28,131,6,Miami Grand Prix,ALO,Aston Martin,91.098,15
9,92,157,132.3,32.1,26,92,6,Miami Grand Prix,ALO,Aston Martin,91.098,4
10,91,107,98.0,28.2,11,107,6,Miami Grand Prix,ALO,Aston Martin,91.098,6
11,71,120,89.8,26.7,18,120,6,Miami Grand Prix,ALO,Aston Martin,91.098,6
12,67,135,93.2,19.3,23,117,6,Miami Grand Prix,ALO,Aston Martin,91.098,21
13,160,206,189.7,100.0,19,206,6,Miami Grand Prix,ALO,Aston Martin,91.098,46
1,87,177,118.0,12.8,19,105,6,Miami Grand Prix,STR,Aston Martin,91.164,16
2,133,161,148.2,61.1,13,161,6,Miami Grand Prix,STR,Aston Martin,91.164,13
3,175,247,216.1,91.0,39,247,6,Miami Grand Prix,STR,Aston Martin,91.164,23
4,231,271,250.4,32.5,23,231,6,Miami Grand Prix,STR,Aston Martin,91.164,34
5,212,231,221.7,57.2,24,213,6,Miami Grand Prix,STR,Aston Martin,91.164,25
6,127,222,184.2,45.6,64,145,6,Miami Grand Prix,STR,Aston Martin,91.164,6
7,87,193,121.3,11.4,20,97,6,Miami Grand Prix,STR,Aston Martin,91.164,8
8,90,127,107.1,30.4,28,127,6,Miami Grand Prix,STR,Aston Martin,91.164,15
9,89,158,132.3,47.0,26,89,6,Miami Grand Prix,STR,Aston Martin,91.164,7
10,90,113,97.2,29.7,12,113,6,Miami Grand Prix,STR,Aston Martin,91.164,7
11,71,111,87.2,24.1,17,111,6,Miami Grand Prix,STR,Aston Martin,91.164,6
12,65,152,96.0,22.8,23,115,6,Miami Grand Prix,STR,Aston Martin,91.164,23
13,166,214,197.9,100.0,20,214,6,Miami Grand Prix,STR,Aston Martin,91.164,40
1,91,152,110.7,15.8,19,112,6,Miami Grand Prix,BOT,Cadillac,91.629,12
2,136,166,154.7,63.6,14,166,6,Miami Grand Prix,BOT,Cadillac,91.629,10
3,181,248,214.6,90.3,39,248,6,Miami Grand Prix,BOT,Cadillac,91.629,17
4,240,279,254.3,39.1,23,240,6,Miami Grand Prix,BOT,Cadillac,91.629,25
5,208,234,216.0,50.6,24,211,6,Miami Grand Prix,BOT,Cadillac,91.629,29
6,119,223,183.0,39.4,63,136,6,Miami Grand Prix,BOT,Cadillac,91.629,14
7,89,174,119.3,10.8,21,98,6,Miami Grand Prix,BOT,Cadillac,91.629,6
8,90,129,104.2,34.2,28,129,6,Miami Grand Prix,BOT,Cadillac,91.629,15
9,86,153,131.3,25.8,25,86,6,Miami Grand Prix,BOT,Cadillac,91.629,10
10,85,106,91.1,28.4,11,106,6,Miami Grand Prix,BOT,Cadillac,91.629,12
11,74,115,88.9,22.9,18,115,6,Miami Grand Prix,BOT,Cadillac,91.629,3
12,70,146,92.8,20.5,23,111,6,Miami Grand Prix,BOT,Cadillac,91.629,18
13,170,225,201.5,100.0,19,225,6,Miami Grand Prix,BOT,Cadillac,91.629,36
1,94,172,119.0,10.6,19,102,6,Miami Grand Prix,PER,Cadillac,91.967,9
2,126,167,150.0,66.2,14,167,6,Miami Grand Prix,PER,Cadillac,91.967,20
3,185,254,219.3,91.5,39,254,6,Miami Grand Prix,PER,Cadillac,91.967,13
4,236,280,257.7,16.5,23,236,6,Miami Grand Prix,PER,Cadillac,91.967,29
5,204,233,212.9,31.9,24,208,6,Miami Grand Prix,PER,Cadillac,91.967,33
6,120,221,176.5,40.2,64,138,6,Miami Grand Prix,PER,Cadillac,91.967,13
7,81,167,109.1,12.9,20,102,6,Miami Grand Prix,PER,Cadillac,91.967,14
8,95,128,108.4,29.0,28,128,6,Miami Grand Prix,PER,Cadillac,91.967,10
9,60,154,125.0,35.2,26,60,6,Miami Grand Prix,PER,Cadillac,91.967,36
10,61,101,75.9,28.0,11,101,6,Miami Grand Prix,PER,Cadillac,91.967,36
11,65,120,87.9,25.9,18,120,6,Miami Grand Prix,PER,Cadillac,91.967,12
12,88,175,125.5,73.2,23,175,6,Miami Grand Prix,PER,Cadillac,91.967,0
13,206,231,217.9,100.0,19,231,6,Miami Grand Prix,PER,Cadillac,91.967,0
1,96,168,116.5,20.2,19,111,6,Miami Grand Prix,BOR,Audi,93.737,7
2,137,162,152.3,74.9,14,162,6,Miami Grand Prix,BOR,Audi,93.737,9
3,178,240,214.7,100.0,39,240,6,Miami Grand Prix,BOR,Audi,93.737,20
4,246,255,250.0,100.0,23,246,6,Miami Grand Prix,BOR,Audi,93.737,19
5,192,242,214.4,74.9,24,192,6,Miami Grand Prix,BOR,Audi,93.737,45
6,129,203,171.5,65.3,64,151,6,Miami Grand Prix,BOR,Audi,93.737,4
7,88,185,119.9,12.9,20,97,6,Miami Grand Prix,BOR,Audi,93.737,7
8,90,134,108.6,42.2,28,134,6,Miami Grand Prix,BOR,Audi,93.737,15
9,86,162,132.2,30.0,26,87,6,Miami Grand Prix,BOR,Audi,93.737,10
10,90,111,98.5,44.4,11,111,6,Miami Grand Prix,BOR,Audi,93.737,7
11,69,116,90.2,37.2,18,116,6,Miami Grand Prix,BOR,Audi,93.737,8
12,63,136,91.5,33.6,23,118,6,Miami Grand Prix,BOR,Audi,93.737,25
13,169,212,194.2,99.9,19,212,6,Miami Grand Prix,BOR,Audi,93.737,37
1,130,220,165.2,0.0,17,130,7,Canadian Grand Prix,RUS,Mercedes,72.578,7
2,76,178,114.1,49.4,28,178,7,Canadian Grand Prix,RUS,Mercedes,72.578,5
3,141,184,158.6,9.6,14,145,7,Canadian Grand Prix,RUS,Mercedes,72.578,5
4,152,189,170.4,76.9,14,189,7,Canadian Grand Prix,RUS,Mercedes,72.578,1
5,250,253,252.4,100.0,25,253,7,Canadian Grand Prix,RUS,Mercedes,72.578,2
6,96,189,131.9,8.9,20,107,7,Canadian Grand Prix,RUS,Mercedes,72.578,7
7,122,212,174.3,84.7,24,212,7,Canadian Grand Prix,RUS,Mercedes,72.578,10
8,134,178,150.1,5.7,13,134,7,Canadian Grand Prix,RUS,Mercedes,72.578,9
9,146,202,173.8,81.0,18,202,7,Canadian Grand Prix,RUS,Mercedes,72.578,3
10,62,141,95.6,25.3,23,128,7,Canadian Grand Prix,RUS,Mercedes,72.578,4
11,143,205,167.2,0.6,12,143,7,Canadian Grand Prix,RUS,Mercedes,72.578,2
12,141,168,149.4,57.5,12,168,7,Canadian Grand Prix,RUS,Mercedes,72.578,6
1,131,208,163.0,3.5,17,131,7,Canadian Grand Prix,ANT,Mercedes,72.646,6
2,78,175,113.6,47.7,28,175,7,Canadian Grand Prix,ANT,Mercedes,72.646,3
3,146,188,160.4,9.1,14,146,7,Canadian Grand Prix,ANT,Mercedes,72.646,0
4,149,186,166.0,66.0,14,186,7,Canadian Grand Prix,ANT,Mercedes,72.646,4
5,245,253,251.2,100.0,25,252,7,Canadian Grand Prix,ANT,Mercedes,72.646,7
6,97,200,127.2,10.9,20,112,7,Canadian Grand Prix,ANT,Mercedes,72.646,6
7,129,214,175.4,85.1,24,214,7,Canadian Grand Prix,ANT,Mercedes,72.646,3
8,132,177,147.0,8.1,13,135,7,Canadian Grand Prix,ANT,Mercedes,72.646,11
9,140,200,170.4,79.5,18,200,7,Canadian Grand Prix,ANT,Mercedes,72.646,9
10,62,145,96.5,25.0,23,131,7,Canadian Grand Prix,ANT,Mercedes,72.646,4
11,139,204,163.3,1.3,12,139,7,Canadian Grand Prix,ANT,Mercedes,72.646,6
12,139,169,151.5,66.2,12,169,7,Canadian Grand Prix,ANT,Mercedes,72.646,8
1,129,195,158.1,0.0,17,129,7,Canadian Grand Prix,NOR,McLaren,72.729,8
2,78,173,112.4,45.5,28,173,7,Canadian Grand Prix,NOR,McLaren,72.729,3
3,146,196,161.4,4.7,14,146,7,Canadian Grand Prix,NOR,McLaren,72.729,0
4,148,183,165.0,65.9,14,183,7,Canadian Grand Prix,NOR,McLaren,72.729,5
5,248,255,253.2,100.0,25,255,7,Canadian Grand Prix,NOR,McLaren,72.729,4
6,100,213,137.3,5.3,20,107,7,Canadian Grand Prix,NOR,McLaren,72.729,3
7,119,207,166.7,81.7,24,207,7,Canadian Grand Prix,NOR,McLaren,72.729,13
8,136,183,151.6,10.3,13,138,7,Canadian Grand Prix,NOR,McLaren,72.729,7
9,146,199,169.1,76.4,18,199,7,Canadian Grand Prix,NOR,McLaren,72.729,3
10,65,147,94.9,21.8,23,116,7,Canadian Grand Prix,NOR,McLaren,72.729,1
11,145,218,170.5,2.1,12,145,7,Canadian Grand Prix,NOR,McLaren,72.729,0
12,145,173,155.0,62.6,12,173,7,Canadian Grand Prix,NOR,McLaren,72.729,2
1,119,185,152.2,0.0,17,119,7,Canadian Grand Prix,PIA,McLaren,72.781,18
2,78,168,111.8,46.0,28,168,7,Canadian Grand Prix,PIA,McLaren,72.781,3
3,144,177,154.5,5.3,14,145,7,Canadian Grand Prix,PIA,McLaren,72.781,2
4,149,187,164.4,68.6,14,187,7,Canadian Grand Prix,PIA,McLaren,72.781,4
5,252,258,256.1,99.0,25,258,7,Canadian Grand Prix,PIA,McLaren,72.781,0
6,102,210,145.2,6.2,20,110,7,Canadian Grand Prix,PIA,McLaren,72.781,1
7,125,198,167.4,78.9,24,198,7,Canadian Grand Prix,PIA,McLaren,72.781,7
8,143,167,148.3,19.6,12,143,7,Canadian Grand Prix,PIA,McLaren,72.781,0
9,149,202,172.9,70.6,18,202,7,Canadian Grand Prix,PIA,McLaren,72.781,0
10,65,138,94.8,28.8,23,138,7,Canadian Grand Prix,PIA,McLaren,72.781,1
11,145,219,170.5,2.6,12,145,7,Canadian Grand Prix,PIA,McLaren,72.781,0
12,145,174,156.2,59.8,12,174,7,Canadian Grand Prix,PIA,McLaren,72.781,2
1,136,207,161.4,7.0,17,136,7,Canadian Grand Prix,HAM,Ferrari,72.868,1
2,80,169,115.3,48.6,28,169,7,Canadian Grand Prix,HAM,Ferrari,72.868,1
3,140,192,155.6,15.0,14,143,7,Canadian Grand Prix,HAM,Ferrari,72.868,6
4,148,192,170.4,78.8,14,192,7,Canadian Grand Prix,HAM,Ferrari,72.868,5
5,250,255,253.1,99.9,25,254,7,Canadian Grand Prix,HAM,Ferrari,72.868,2
6,98,220,138.1,9.9,20,107,7,Canadian Grand Prix,HAM,Ferrari,72.868,5
7,124,213,174.5,91.9,24,213,7,Canadian Grand Prix,HAM,Ferrari,72.868,8
8,135,176,146.6,11.7,13,137,7,Canadian Grand Prix,HAM,Ferrari,72.868,8
9,143,197,169.7,87.3,18,197,7,Canadian Grand Prix,HAM,Ferrari,72.868,6
10,62,151,98.0,29.8,23,135,7,Canadian Grand Prix,HAM,Ferrari,72.868,4
11,141,196,162.3,7.1,12,141,7,Canadian Grand Prix,HAM,Ferrari,72.868,4
12,142,163,152.2,67.9,12,163,7,Canadian Grand Prix,HAM,Ferrari,72.868,5
1,129,213,163.1,0.0,17,129,7,Canadian Grand Prix,VER,Red Bull Racing,72.907,8
2,81,177,115.3,45.8,28,177,7,Canadian Grand Prix,VER,Red Bull Racing,72.907,0
3,145,188,160.7,10.7,14,149,7,Canadian Grand Prix,VER,Red Bull Racing,72.907,1
4,153,185,165.5,61.7,14,185,7,Canadian Grand Prix,VER,Red Bull Racing,72.907,0
5,251,256,254.5,100.0,25,255,7,Canadian Grand Prix,VER,Red Bull Racing,72.907,1
6,99,208,133.9,8.2,20,112,7,Canadian Grand Prix,VER,Red Bull Racing,72.907,4
7,127,210,172.6,81.8,24,210,7,Canadian Grand Prix,VER,Red Bull Racing,72.907,5
8,135,170,147.0,12.4,13,139,7,Canadian Grand Prix,VER,Red Bull Racing,72.907,8
9,145,194,167.2,74.0,18,194,7,Canadian Grand Prix,VER,Red Bull Racing,72.907,4
10,66,154,98.6,22.5,23,133,7,Canadian Grand Prix,VER,Red Bull Racing,72.907,0
11,141,211,162.8,3.3,12,142,7,Canadian Grand Prix,VER,Red Bull Racing,72.907,4
12,144,177,157.3,64.6,12,177,7,Canadian Grand Prix,VER,Red Bull Racing,72.907,3
1,137,209,166.6,1.7,17,137,7,Canadian Grand Prix,HAD,Red Bull Racing,72.935,0
2,75,170,112.9,41.9,28,170,7,Canadian Grand Prix,HAD,Red Bull Racing,72.935,6
3,145,189,160.0,5.4,14,145,7,Canadian Grand Prix,HAD,Red Bull Racing,72.935,1
4,149,185,164.5,59.0,14,185,7,Canadian Grand Prix,HAD,Red Bull Racing,72.935,4
5,249,259,256.0,100.0,25,257,7,Canadian Grand Prix,HAD,Red Bull Racing,72.935,3
6,103,203,139.0,3.9,20,108,7,Canadian Grand Prix,HAD,Red Bull Racing,72.935,0
7,118,204,165.2,71.9,24,204,7,Canadian Grand Prix,HAD,Red Bull Racing,72.935,14
8,129,171,144.7,6.2,13,129,7,Canadian Grand Prix,HAD,Red Bull Racing,72.935,14
9,136,190,162.0,66.5,18,190,7,Canadian Grand Prix,HAD,Red Bull Racing,72.935,13
10,62,161,98.7,22.1,23,132,7,Canadian Grand Prix,HAD,Red Bull Racing,72.935,4
11,138,146,141.4,11.2,12,142,7,Canadian Grand Prix,HAD,Red Bull Racing,72.935,7
12,145,186,163.2,78.2,12,186,7,Canadian Grand Prix,HAD,Red Bull Racing,72.935,2
1,126,206,159.7,3.5,17,126,7,Canadian Grand Prix,LEC,Ferrari,72.976,11
2,79,172,112.7,51.7,28,172,7,Canadian Grand Prix,LEC,Ferrari,72.976,2
3,143,186,154.9,20.4,14,147,7,Canadian Grand Prix,LEC,Ferrari,72.976,3
4,152,183,169.9,77.0,14,183,7,Canadian Grand Prix,LEC,Ferrari,72.976,1
5,247,256,253.1,100.0,25,254,7,Canadian Grand Prix,LEC,Ferrari,72.976,5
6,99,216,137.2,11.9,20,109,7,Canadian Grand Prix,LEC,Ferrari,72.976,4
7,132,212,174.3,89.5,24,212,7,Canadian Grand Prix,LEC,Ferrari,72.976,0
8,133,178,146.1,25.0,13,140,7,Canadian Grand Prix,LEC,Ferrari,72.976,10
9,146,189,168.1,78.4,18,189,7,Canadian Grand Prix,LEC,Ferrari,72.976,3
10,64,151,95.0,33.1,23,132,7,Canadian Grand Prix,LEC,Ferrari,72.976,2
11,140,195,158.0,16.4,12,142,7,Canadian Grand Prix,LEC,Ferrari,72.976,5
12,147,171,157.1,69.3,12,171,7,Canadian Grand Prix,LEC,Ferrari,72.976,0
1,131,202,159.7,4.8,17,131,7,Canadian Grand Prix,LIN,Racing Bulls,73.28,6
2,78,174,115.6,55.5,28,174,7,Canadian Grand Prix,LIN,Racing Bulls,73.28,3
3,139,175,150.5,18.9,14,143,7,Canadian Grand Prix,LIN,Racing Bulls,73.28,7
4,151,189,168.7,84.5,14,189,7,Canadian Grand Prix,LIN,Racing Bulls,73.28,2
5,252,258,256.0,100.0,25,256,7,Canadian Grand Prix,LIN,Racing Bulls,73.28,0
6,98,184,128.7,11.7,20,114,7,Canadian Grand Prix,LIN,Racing Bulls,73.28,5
7,126,204,169.7,89.6,24,204,7,Canadian Grand Prix,LIN,Racing Bulls,73.28,6
8,127,162,138.4,22.3,13,133,7,Canadian Grand Prix,LIN,Racing Bulls,73.28,16
9,140,194,168.3,86.4,18,194,7,Canadian Grand Prix,LIN,Racing Bulls,73.28,9
10,65,150,93.7,29.5,23,125,7,Canadian Grand Prix,LIN,Racing Bulls,73.28,1
11,134,189,155.2,10.5,12,135,7,Canadian Grand Prix,LIN,Racing Bulls,73.28,11
12,138,175,152.8,83.1,12,175,7,Canadian Grand Prix,LIN,Racing Bulls,73.28,9
1,130,194,154.8,0.9,17,130,7,Canadian Grand Prix,COL,Alpine,73.697,7
2,76,165,109.2,49.8,28,165,7,Canadian Grand Prix,COL,Alpine,73.697,5
3,135,190,154.1,11.8,14,138,7,Canadian Grand Prix,COL,Alpine,73.697,11
4,142,179,158.9,78.8,14,179,7,Canadian Grand Prix,COL,Alpine,73.697,11
5,247,254,252.2,100.0,25,254,7,Canadian Grand Prix,COL,Alpine,73.697,5
6,102,182,129.5,9.7,20,114,7,Canadian Grand Prix,COL,Alpine,73.697,1
7,127,206,162.4,81.2,24,206,7,Canadian Grand Prix,COL,Alpine,73.697,5
8,129,172,142.5,15.9,13,134,7,Canadian Grand Prix,COL,Alpine,73.697,14
9,144,198,166.0,79.9,18,198,7,Canadian Grand Prix,COL,Alpine,73.697,5
10,63,150,94.9,28.3,23,128,7,Canadian Grand Prix,COL,Alpine,73.697,3
11,138,187,158.3,3.3,12,138,7,Canadian Grand Prix,COL,Alpine,73.697,7
12,138,168,149.1,66.6,12,168,7,Canadian Grand Prix,COL,Alpine,73.697,9
1,126,186,152.8,0.0,17,126,7,Canadian Grand Prix,HUL,Audi,73.886,11
2,76,171,110.4,52.9,28,171,7,Canadian Grand Prix,HUL,Audi,73.886,5
3,141,181,150.0,23.1,14,141,7,Canadian Grand Prix,HUL,Audi,73.886,5
4,147,175,159.9,67.1,14,175,7,Canadian Grand Prix,HUL,Audi,73.886,6
5,248,257,253.7,100.0,25,257,7,Canadian Grand Prix,HUL,Audi,73.886,4
6,99,185,129.1,12.4,20,110,7,Canadian Grand Prix,HUL,Audi,73.886,4
7,118,205,163.9,86.2,24,205,7,Canadian Grand Prix,HUL,Audi,73.886,14
8,134,176,147.2,14.6,13,135,7,Canadian Grand Prix,HUL,Audi,73.886,9
9,142,194,167.4,81.1,18,194,7,Canadian Grand Prix,HUL,Audi,73.886,7
10,63,157,98.0,29.5,23,128,7,Canadian Grand Prix,HUL,Audi,73.886,3
11,135,187,152.3,9.6,12,135,7,Canadian Grand Prix,HUL,Audi,73.886,10
12,140,178,155.8,79.4,12,178,7,Canadian Grand Prix,HUL,Audi,73.886,7
1,120,195,154.1,0.0,17,120,7,Canadian Grand Prix,LAW,Racing Bulls,73.897,17
2,76,175,114.0,55.4,28,175,7,Canadian Grand Prix,LAW,Racing Bulls,73.897,5
3,136,177,149.1,18.0,14,140,7,Canadian Grand Prix,LAW,Racing Bulls,73.897,10
4,146,180,160.0,76.6,14,180,7,Canadian Grand Prix,LAW,Racing Bulls,73.897,7
5,248,254,252.8,100.0,25,254,7,Canadian Grand Prix,LAW,Racing Bulls,73.897,4
6,97,195,127.5,13.2,20,107,7,Canadian Grand Prix,LAW,Racing Bulls,73.897,6
7,119,204,166.1,86.1,24,204,7,Canadian Grand Prix,LAW,Racing Bulls,73.897,13
8,127,169,140.7,14.7,13,131,7,Canadian Grand Prix,LAW,Racing Bulls,73.897,16
9,139,201,167.3,85.1,18,201,7,Canadian Grand Prix,LAW,Racing Bulls,73.897,10
10,65,139,93.0,29.4,23,127,7,Canadian Grand Prix,LAW,Racing Bulls,73.897,1
11,127,178,146.9,5.9,12,129,7,Canadian Grand Prix,LAW,Racing Bulls,73.897,18
12,135,178,153.3,78.9,12,178,7,Canadian Grand Prix,LAW,Racing Bulls,73.897,12
1,123,190,152.2,0.0,17,123,7,Canadian Grand Prix,BOR,Audi,74.071,14
2,74,162,109.2,50.5,28,162,7,Canadian Grand Prix,BOR,Audi,74.071,7
3,133,178,148.4,13.7,14,136,7,Canadian Grand Prix,BOR,Audi,74.071,13
4,143,183,161.7,79.6,14,183,7,Canadian Grand Prix,BOR,Audi,74.071,10
5,247,256,253.2,98.3,25,256,7,Canadian Grand Prix,BOR,Audi,74.071,5
6,94,193,130.3,11.6,20,110,7,Canadian Grand Prix,BOR,Audi,74.071,9
7,121,206,166.1,85.8,24,206,7,Canadian Grand Prix,BOR,Audi,74.071,11
8,125,179,143.6,12.5,13,125,7,Canadian Grand Prix,BOR,Audi,74.071,18
9,135,196,165.1,86.3,18,196,7,Canadian Grand Prix,BOR,Audi,74.071,14
10,62,156,97.6,27.1,23,130,7,Canadian Grand Prix,BOR,Audi,74.071,4
11,137,195,159.5,5.4,12,137,7,Canadian Grand Prix,BOR,Audi,74.071,8
12,137,166,149.8,70.3,12,166,7,Canadian Grand Prix,BOR,Audi,74.071,10
1,125,199,157.0,0.0,17,125,7,Canadian Grand Prix,GAS,Alpine,74.187,12
2,72,174,111.5,52.3,28,174,7,Canadian Grand Prix,GAS,Alpine,74.187,9
3,134,172,146.5,11.7,14,136,7,Canadian Grand Prix,GAS,Alpine,74.187,12
4,144,176,161.8,64.4,14,176,7,Canadian Grand Prix,GAS,Alpine,74.187,9
5,242,250,247.7,100.0,25,250,7,Canadian Grand Prix,GAS,Alpine,74.187,10
6,99,187,131.6,20.0,20,118,7,Canadian Grand Prix,GAS,Alpine,74.187,4
7,129,208,167.9,83.2,24,208,7,Canadian Grand Prix,GAS,Alpine,74.187,3
8,126,163,138.1,15.9,13,132,7,Canadian Grand Prix,GAS,Alpine,74.187,17
9,139,193,165.5,79.5,18,193,7,Canadian Grand Prix,GAS,Alpine,74.187,10
10,59,143,94.5,30.9,23,136,7,Canadian Grand Prix,GAS,Alpine,74.187,7
11,132,169,146.7,7.2,12,132,7,Canadian Grand Prix,GAS,Alpine,74.187,13
12,136,166,146.0,68.3,12,166,7,Canadian Grand Prix,GAS,Alpine,74.187,11
1,127,198,156.8,4.9,16,127,7,Canadian Grand Prix,SAI,Williams,74.273,10
2,69,169,108.6,46.8,28,169,7,Canadian Grand Prix,SAI,Williams,74.273,12
3,140,192,157.8,4.2,14,140,7,Canadian Grand Prix,SAI,Williams,74.273,6
4,140,166,149.6,68.0,14,166,7,Canadian Grand Prix,SAI,Williams,74.273,13
5,244,249,247.7,100.0,25,248,7,Canadian Grand Prix,SAI,Williams,74.273,8
6,94,202,132.0,11.3,20,101,7,Canadian Grand Prix,SAI,Williams,74.273,9
7,123,202,164.0,83.3,24,202,7,Canadian Grand Prix,SAI,Williams,74.273,9
8,131,186,150.1,7.3,13,131,7,Canadian Grand Prix,SAI,Williams,74.273,12
9,134,193,157.8,80.3,18,193,7,Canadian Grand Prix,SAI,Williams,74.273,15
10,62,154,100.0,30.4,24,134,7,Canadian Grand Prix,SAI,Williams,74.273,4
11,137,199,158.0,4.6,12,137,7,Canadian Grand Prix,SAI,Williams,74.273,8
12,131,166,143.1,67.6,12,166,7,Canadian Grand Prix,SAI,Williams,74.273,16
1,133,190,153.8,6.1,17,133,7,Canadian Grand Prix,BEA,Haas F1 Team,74.416,4
2,75,166,110.7,50.4,28,166,7,Canadian Grand Prix,BEA,Haas F1 Team,74.416,6
3,137,189,152.3,13.8,14,138,7,Canadian Grand Prix,BEA,Haas F1 Team,74.416,9
4,140,173,157.9,68.7,14,173,7,Canadian Grand Prix,BEA,Haas F1 Team,74.416,13
5,242,251,249.1,100.0,25,251,7,Canadian Grand Prix,BEA,Haas F1 Team,74.416,10
6,97,199,130.8,11.5,20,110,7,Canadian Grand Prix,BEA,Haas F1 Team,74.416,6
7,129,207,165.0,83.4,24,207,7,Canadian Grand Prix,BEA,Haas F1 Team,74.416,3
8,128,182,144.1,11.9,13,128,7,Canadian Grand Prix,BEA,Haas F1 Team,74.416,15
9,132,189,158.1,80.3,18,189,7,Canadian Grand Prix,BEA,Haas F1 Team,74.416,17
10,64,157,96.4,29.0,23,122,7,Canadian Grand Prix,BEA,Haas F1 Team,74.416,2
11,131,182,147.2,5.6,12,132,7,Canadian Grand Prix,BEA,Haas F1 Team,74.416,14
12,134,162,145.1,70.8,12,162,7,Canadian Grand Prix,BEA,Haas F1 Team,74.416,13
1,118,194,151.2,1.9,17,118,7,Canadian Grand Prix,OCO,Haas F1 Team,74.845,19
2,72,172,112.4,54.0,28,172,7,Canadian Grand Prix,OCO,Haas F1 Team,74.845,9
3,128,173,145.1,8.8,14,130,7,Canadian Grand Prix,OCO,Haas F1 Team,74.845,18
4,136,172,151.7,70.4,14,172,7,Canadian Grand Prix,OCO,Haas F1 Team,74.845,17
5,241,249,246.4,100.0,24,248,7,Canadian Grand Prix,OCO,Haas F1 Team,74.845,11
6,99,191,129.3,9.9,20,104,7,Canadian Grand Prix,OCO,Haas F1 Team,74.845,4
7,122,203,164.8,85.7,24,203,7,Canadian Grand Prix,OCO,Haas F1 Team,74.845,10
8,126,177,144.0,11.9,13,127,7,Canadian Grand Prix,OCO,Haas F1 Team,74.845,17
9,135,185,157.4,74.8,18,185,7,Canadian Grand Prix,OCO,Haas F1 Team,74.845,14
10,63,143,93.8,28.2,23,123,7,Canadian Grand Prix,OCO,Haas F1 Team,74.845,3
11,129,179,147.8,6.7,12,129,7,Canadian Grand Prix,OCO,Haas F1 Team,74.845,16
12,134,163,145.6,69.4,12,163,7,Canadian Grand Prix,OCO,Haas F1 Team,74.845,13
1,131,193,152.1,0.1,17,131,7,Canadian Grand Prix,ALB,Williams,74.851,6
2,76,170,110.2,47.4,28,170,7,Canadian Grand Prix,ALB,Williams,74.851,5
3,137,183,151.8,11.7,14,138,7,Canadian Grand Prix,ALB,Williams,74.851,9
4,142,176,158.1,74.3,14,176,7,Canadian Grand Prix,ALB,Williams,74.851,11
5,244,250,248.2,100.0,25,250,7,Canadian Grand Prix,ALB,Williams,74.851,8
6,94,211,131.6,8.4,20,99,7,Canadian Grand Prix,ALB,Williams,74.851,9
7,119,198,161.9,81.7,24,198,7,Canadian Grand Prix,ALB,Williams,74.851,13
8,125,167,137.7,15.1,13,127,7,Canadian Grand Prix,ALB,Williams,74.851,18
9,133,188,160.4,82.7,18,188,7,Canadian Grand Prix,ALB,Williams,74.851,16
10,63,145,95.1,27.2,23,125,7,Canadian Grand Prix,ALB,Williams,74.851,3
11,132,200,155.0,4.4,12,132,7,Canadian Grand Prix,ALB,Williams,74.851,13
12,133,162,144.0,70.1,12,162,7,Canadian Grand Prix,ALB,Williams,74.851,14
1,128,197,158.5,0.0,17,128,7,Canadian Grand Prix,ALO,Aston Martin,75.196,9
2,72,163,109.0,48.6,28,163,7,Canadian Grand Prix,ALO,Aston Martin,75.196,9
3,132,181,146.7,9.2,14,137,7,Canadian Grand Prix,ALO,Aston Martin,75.196,14
4,145,175,157.8,50.2,14,175,7,Canadian Grand Prix,ALO,Aston Martin,75.196,8
5,240,248,245.7,100.0,25,248,7,Canadian Grand Prix,ALO,Aston Martin,75.196,12
6,98,198,133.3,9.9,20,110,7,Canadian Grand Prix,ALO,Aston Martin,75.196,5
7,128,206,164.7,84.0,24,206,7,Canadian Grand Prix,ALO,Aston Martin,75.196,4
8,124,166,138.0,12.9,13,126,7,Canadian Grand Prix,ALO,Aston Martin,75.196,19
9,135,191,164.3,84.0,18,191,7,Canadian Grand Prix,ALO,Aston Martin,75.196,14
10,61,135,92.6,28.1,23,130,7,Canadian Grand Prix,ALO,Aston Martin,75.196,5
11,129,179,148.7,4.5,12,131,7,Canadian Grand Prix,ALO,Aston Martin,75.196,16
12,136,167,147.7,68.2,12,167,7,Canadian Grand Prix,ALO,Aston Martin,75.196,11
1,132,185,150.0,9.2,17,132,7,Canadian Grand Prix,PER,Cadillac,75.429,5
2,76,164,110.8,46.8,28,164,7,Canadian Grand Prix,PER,Cadillac,75.429,5
3,131,182,145.0,9.7,14,131,7,Canadian Grand Prix,PER,Cadillac,75.429,15
4,132,172,151.0,70.8,14,172,7,Canadian Grand Prix,PER,Cadillac,75.429,21
5,242,249,247.0,100.0,25,249,7,Canadian Grand Prix,PER,Cadillac,75.429,10
6,99,185,131.6,8.5,20,106,7,Canadian Grand Prix,PER,Cadillac,75.429,4
7,117,198,158.0,78.1,24,198,7,Canadian Grand Prix,PER,Cadillac,75.429,15
8,123,171,138.6,11.7,13,123,7,Canadian Grand Prix,PER,Cadillac,75.429,20
9,130,186,156.5,77.3,18,186,7,Canadian Grand Prix,PER,Cadillac,75.429,19
10,60,154,95.4,28.5,23,127,7,Canadian Grand Prix,PER,Cadillac,75.429,6
11,132,186,148.5,8.7,12,132,7,Canadian Grand Prix,PER,Cadillac,75.429,13
12,132,169,146.4,67.0,12,169,7,Canadian Grand Prix,PER,Cadillac,75.429,15
1,125,200,155.6,2.3,17,125,7,Canadian Grand Prix,STR,Aston Martin,76.195,12
2,70,165,107.7,47.1,28,165,7,Canadian Grand Prix,STR,Aston Martin,76.195,11
3,125,168,138.6,12.3,14,129,7,Canadian Grand Prix,STR,Aston Martin,76.195,21
4,135,169,152.5,68.1,14,169,7,Canadian Grand Prix,STR,Aston Martin,76.195,18
5,238,246,243.8,100.0,25,246,7,Canadian Grand Prix,STR,Aston Martin,76.195,14
6,99,196,126.8,9.9,20,114,7,Canadian Grand Prix,STR,Aston Martin,76.195,4
7,124,206,164.2,80.6,24,206,7,Canadian Grand Prix,STR,Aston Martin,76.195,8
8,122,170,136.7,13.7,13,127,7,Canadian Grand Prix,STR,Aston Martin,76.195,21
9,135,182,155.9,73.2,18,182,7,Canadian Grand Prix,STR,Aston Martin,76.195,14
10,64,142,94.3,26.2,23,124,7,Canadian Grand Prix,STR,Aston Martin,76.195,2
11,130,178,147.6,5.5,12,130,7,Canadian Grand Prix,STR,Aston Martin,76.195,15
12,130,157,138.9,60.3,12,157,7,Canadian Grand Prix,STR,Aston Martin,76.195,17
1,118,191,148.6,0.5,17,118,7,Canadian Grand Prix,BOT,Cadillac,76.272,19
2,68,166,106.4,47.8,28,166,7,Canadian Grand Prix,BOT,Cadillac,76.272,13
3,125,168,137.9,10.6,14,128,7,Canadian Grand Prix,BOT,Cadillac,76.272,21
4,136,166,152.2,64.7,14,166,7,Canadian Grand Prix,BOT,Cadillac,76.272,17
5,235,244,241.4,100.0,25,244,7,Canadian Grand Prix,BOT,Cadillac,76.272,17
6,99,194,125.6,9.3,20,111,7,Canadian Grand Prix,BOT,Cadillac,76.272,4
7,118,198,155.9,80.4,24,198,7,Canadian Grand Prix,BOT,Cadillac,76.272,14
8,121,160,132.4,12.1,13,122,7,Canadian Grand Prix,BOT,Cadillac,76.272,22
9,133,188,159.0,78.9,18,188,7,Canadian Grand Prix,BOT,Cadillac,76.272,16
10,59,138,91.8,30.9,23,124,7,Canadian Grand Prix,BOT,Cadillac,76.272,7
11,120,169,138.2,8.5,12,120,7,Canadian Grand Prix,BOT,Cadillac,76.272,25
12,129,170,147.2,69.2,12,170,7,Canadian Grand Prix,BOT,Cadillac,76.272,18
1,113,155,126.9,28.4,16,140,8,Monaco Grand Prix,ANT,Mercedes,72.051,3
2,157,266,196.6,15.7,37,161,8,Monaco Grand Prix,ANT,Mercedes,72.051,5
3,140,163,150.3,28.4,19,158,8,Monaco Grand Prix,ANT,Mercedes,72.051,2
4,76,158,98.6,13.7,17,95,8,Monaco Grand Prix,ANT,Mercedes,72.051,5
5,46,146,87.8,22.1,21,81,8,Monaco Grand Prix,ANT,Mercedes,72.051,6
6,82,122,96.9,33.4,34,122,8,Monaco Grand Prix,ANT,Mercedes,72.051,1
7,260,270,264.9,100.0,19,270,8,Monaco Grand Prix,ANT,Mercedes,72.051,1
8,92,161,125.5,0.1,9,92,8,Monaco Grand Prix,ANT,Mercedes,72.051,7
9,70,101,81.1,26.3,10,101,8,Monaco Grand Prix,ANT,Mercedes,72.051,0
10,169,212,186.4,53.6,26,212,8,Monaco Grand Prix,ANT,Mercedes,72.051,8
11,226,234,230.8,84.5,12,234,8,Monaco Grand Prix,ANT,Mercedes,72.051,0
12,130,171,148.0,2.0,9,130,8,Monaco Grand Prix,ANT,Mercedes,72.051,11
13,123,204,165.0,60.8,30,164,8,Monaco Grand Prix,ANT,Mercedes,72.051,3
14,61,141,91.8,24.7,32,108,8,Monaco Grand Prix,ANT,Mercedes,72.051,2
1,115,159,130.0,21.0,16,142,8,Monaco Grand Prix,VER,Red Bull Racing,72.094,1
2,162,268,196.1,16.3,37,176,8,Monaco Grand Prix,VER,Red Bull Racing,72.094,0
3,142,167,151.4,32.6,19,167,8,Monaco Grand Prix,VER,Red Bull Racing,72.094,0
4,79,136,97.6,10.6,17,101,8,Monaco Grand Prix,VER,Red Bull Racing,72.094,2
5,46,147,90.9,22.7,21,86,8,Monaco Grand Prix,VER,Red Bull Racing,72.094,6
6,80,128,99.5,23.2,34,128,8,Monaco Grand Prix,VER,Red Bull Racing,72.094,3
7,258,269,264.1,100.0,19,269,8,Monaco Grand Prix,VER,Red Bull Racing,72.094,3
8,97,163,126.9,0.0,9,97,8,Monaco Grand Prix,VER,Red Bull Racing,72.094,2
9,66,94,78.6,16.9,10,94,8,Monaco Grand Prix,VER,Red Bull Racing,72.094,4
10,174,212,188.2,48.8,26,211,8,Monaco Grand Prix,VER,Red Bull Racing,72.094,3
11,222,237,229.9,88.1,12,237,8,Monaco Grand Prix,VER,Red Bull Racing,72.094,4
12,141,179,156.7,1.3,9,141,8,Monaco Grand Prix,VER,Red Bull Racing,72.094,0
13,124,197,166.4,74.7,30,197,8,Monaco Grand Prix,VER,Red Bull Racing,72.094,2
14,62,194,99.5,16.6,32,104,8,Monaco Grand Prix,VER,Red Bull Racing,72.094,1
1,111,158,124.5,23.1,16,137,8,Monaco Grand Prix,HAM,Ferrari,72.279,5
2,160,259,189.2,17.1,37,167,8,Monaco Grand Prix,HAM,Ferrari,72.279,2
3,138,169,149.9,30.4,19,159,8,Monaco Grand Prix,HAM,Ferrari,72.279,4
4,78,160,101.9,12.4,17,99,8,Monaco Grand Prix,HAM,Ferrari,72.279,3
5,46,144,87.9,26.5,21,83,8,Monaco Grand Prix,HAM,Ferrari,72.279,6
6,83,130,99.4,35.9,35,130,8,Monaco Grand Prix,HAM,Ferrari,72.279,0
7,259,270,264.9,100.0,19,270,8,Monaco Grand Prix,HAM,Ferrari,72.279,2
8,99,161,126.6,0.1,9,99,8,Monaco Grand Prix,HAM,Ferrari,72.279,0
9,66,93,78.5,22.5,10,93,8,Monaco Grand Prix,HAM,Ferrari,72.279,4
10,172,214,188.7,58.0,26,214,8,Monaco Grand Prix,HAM,Ferrari,72.279,5
11,223,235,230.9,86.6,12,235,8,Monaco Grand Prix,HAM,Ferrari,72.279,3
12,137,171,150.7,2.8,9,137,8,Monaco Grand Prix,HAM,Ferrari,72.279,4
13,120,203,163.5,63.6,30,162,8,Monaco Grand Prix,HAM,Ferrari,72.279,6
14,60,133,92.3,21.7,32,111,8,Monaco Grand Prix,HAM,Ferrari,72.279,3
1,113,156,126.0,31.1,16,138,8,Monaco Grand Prix,LEC,Ferrari,72.351,3
2,162,243,185.7,29.8,37,168,8,Monaco Grand Prix,LEC,Ferrari,72.351,0
3,138,166,147.6,42.2,19,155,8,Monaco Grand Prix,LEC,Ferrari,72.351,4
4,76,145,97.8,20.4,17,107,8,Monaco Grand Prix,LEC,Ferrari,72.351,5
5,52,145,89.1,26.8,21,87,8,Monaco Grand Prix,LEC,Ferrari,72.351,0
6,83,132,98.9,34.5,34,132,8,Monaco Grand Prix,LEC,Ferrari,72.351,0
7,258,270,264.5,100.0,19,270,8,Monaco Grand Prix,LEC,Ferrari,72.351,3
8,89,154,116.3,3.1,9,89,8,Monaco Grand Prix,LEC,Ferrari,72.351,10
9,69,101,80.1,33.6,10,101,8,Monaco Grand Prix,LEC,Ferrari,72.351,1
10,172,212,188.4,60.2,26,212,8,Monaco Grand Prix,LEC,Ferrari,72.351,5
11,226,238,232.4,100.0,12,238,8,Monaco Grand Prix,LEC,Ferrari,72.351,0
12,129,166,144.7,5.4,9,129,8,Monaco Grand Prix,LEC,Ferrari,72.351,12
13,120,202,161.1,65.6,30,143,8,Monaco Grand Prix,LEC,Ferrari,72.351,6
14,60,123,90.3,31.6,32,118,8,Monaco Grand Prix,LEC,Ferrari,72.351,3
1,113,155,125.3,20.6,16,136,8,Monaco Grand Prix,HAD,Red Bull Racing,72.434,3
2,152,259,193.0,16.1,37,168,8,Monaco Grand Prix,HAD,Red Bull Racing,72.434,10
3,138,167,150.1,30.5,19,162,8,Monaco Grand Prix,HAD,Red Bull Racing,72.434,4
4,76,147,100.2,11.5,17,98,8,Monaco Grand Prix,HAD,Red Bull Racing,72.434,5
5,47,143,88.9,16.4,21,84,8,Monaco Grand Prix,HAD,Red Bull Racing,72.434,5
6,83,128,98.9,24.8,34,128,8,Monaco Grand Prix,HAD,Red Bull Racing,72.434,0
7,257,270,264.8,100.0,19,270,8,Monaco Grand Prix,HAD,Red Bull Racing,72.434,4
8,96,167,129.0,0.0,9,96,8,Monaco Grand Prix,HAD,Red Bull Racing,72.434,3
9,70,91,79.7,16.3,10,88,8,Monaco Grand Prix,HAD,Red Bull Racing,72.434,0
10,168,212,184.8,49.5,26,206,8,Monaco Grand Prix,HAD,Red Bull Racing,72.434,9
11,219,236,227.8,97.3,12,236,8,Monaco Grand Prix,HAD,Red Bull Racing,72.434,7
12,134,186,158.8,0.0,9,134,8,Monaco Grand Prix,HAD,Red Bull Racing,72.434,7
13,119,199,162.5,67.0,30,178,8,Monaco Grand Prix,HAD,Red Bull Racing,72.434,7
14,62,160,95.7,16.7,32,102,8,Monaco Grand Prix,HAD,Red Bull Racing,72.434,1
1,112,147,124.6,24.9,16,135,8,Monaco Grand Prix,RUS,Mercedes,72.445,4
2,158,257,190.8,19.2,37,168,8,Monaco Grand Prix,RUS,Mercedes,72.445,4
3,135,169,147.7,39.9,19,169,8,Monaco Grand Prix,RUS,Mercedes,72.445,7
4,72,138,94.1,15.8,17,103,8,Monaco Grand Prix,RUS,Mercedes,72.445,9
5,46,147,85.3,24.2,21,84,8,Monaco Grand Prix,RUS,Mercedes,72.445,6
6,83,132,99.2,28.8,34,132,8,Monaco Grand Prix,RUS,Mercedes,72.445,0
7,260,272,265.9,100.0,19,272,8,Monaco Grand Prix,RUS,Mercedes,72.445,1
8,98,154,120.6,0.0,9,98,8,Monaco Grand Prix,RUS,Mercedes,72.445,1
9,70,95,80.8,19.6,10,93,8,Monaco Grand Prix,RUS,Mercedes,72.445,0
10,177,214,191.8,50.5,26,214,8,Monaco Grand Prix,RUS,Mercedes,72.445,0
11,223,237,229.8,90.2,12,237,8,Monaco Grand Prix,RUS,Mercedes,72.445,3
12,132,175,153.8,0.0,9,132,8,Monaco Grand Prix,RUS,Mercedes,72.445,9
13,116,201,163.0,67.0,30,185,8,Monaco Grand Prix,RUS,Mercedes,72.445,10
14,61,150,93.0,25.8,32,110,8,Monaco Grand Prix,RUS,Mercedes,72.445,2
1,110,154,124.5,25.4,16,140,8,Monaco Grand Prix,PIA,McLaren,72.624,6
2,155,253,188.9,8.6,37,164,8,Monaco Grand Prix,PIA,McLaren,72.624,7
3,140,162,149.9,26.9,19,160,8,Monaco Grand Prix,PIA,McLaren,72.624,2
4,76,130,95.7,11.1,17,102,8,Monaco Grand Prix,PIA,McLaren,72.624,5
5,46,134,84.2,16.4,21,78,8,Monaco Grand Prix,PIA,McLaren,72.624,6
6,81,125,96.2,22.7,34,125,8,Monaco Grand Prix,PIA,McLaren,72.624,2
7,259,272,265.9,98.3,19,272,8,Monaco Grand Prix,PIA,McLaren,72.624,2
8,90,146,111.7,0.0,9,90,8,Monaco Grand Prix,PIA,McLaren,72.624,9
9,67,108,81.1,27.8,10,108,8,Monaco Grand Prix,PIA,McLaren,72.624,3
10,172,214,191.9,53.2,26,214,8,Monaco Grand Prix,PIA,McLaren,72.624,5
11,224,239,233.0,86.2,12,239,8,Monaco Grand Prix,PIA,McLaren,72.624,2
12,135,166,149.9,0.0,9,135,8,Monaco Grand Prix,PIA,McLaren,72.624,6
13,126,196,163.4,62.5,30,166,8,Monaco Grand Prix,PIA,McLaren,72.624,0
14,60,141,92.9,18.7,32,109,8,Monaco Grand Prix,PIA,McLaren,72.624,3
1,114,147,125.6,26.5,16,138,8,Monaco Grand Prix,NOR,McLaren,72.765,2
2,152,253,190.2,10.4,36,152,8,Monaco Grand Prix,NOR,McLaren,72.765,10
3,135,162,146.0,31.6,19,162,8,Monaco Grand Prix,NOR,McLaren,72.765,7
4,81,142,99.8,11.8,17,99,8,Monaco Grand Prix,NOR,McLaren,72.765,0
5,45,142,86.8,16.2,21,84,8,Monaco Grand Prix,NOR,McLaren,72.765,7
6,81,126,97.2,26.9,34,126,8,Monaco Grand Prix,NOR,McLaren,72.765,2
7,259,269,264.9,100.0,19,269,8,Monaco Grand Prix,NOR,McLaren,72.765,2
8,88,168,123.7,0.0,9,88,8,Monaco Grand Prix,NOR,McLaren,72.765,11
9,66,93,76.8,22.7,10,93,8,Monaco Grand Prix,NOR,McLaren,72.765,4
10,167,210,184.4,52.9,26,208,8,Monaco Grand Prix,NOR,McLaren,72.765,10
11,220,236,229.5,92.3,12,236,8,Monaco Grand Prix,NOR,McLaren,72.765,6
12,138,178,156.0,0.0,9,138,8,Monaco Grand Prix,NOR,McLaren,72.765,3
13,125,199,161.5,65.7,30,159,8,Monaco Grand Prix,NOR,McLaren,72.765,1
14,63,141,91.4,18.9,32,100,8,Monaco Grand Prix,NOR,McLaren,72.765,0
1,110,143,122.5,30.5,16,138,8,Monaco Grand Prix,GAS,Alpine,73.226,6
2,154,257,185.9,18.0,37,158,8,Monaco Grand Prix,GAS,Alpine,73.226,8
3,135,159,145.4,30.0,19,159,8,Monaco Grand Prix,GAS,Alpine,73.226,7
4,74,127,93.5,17.8,17,102,8,Monaco Grand Prix,GAS,Alpine,73.226,7
5,47,141,85.0,21.3,21,82,8,Monaco Grand Prix,GAS,Alpine,73.226,5
6,81,127,98.3,33.4,34,127,8,Monaco Grand Prix,GAS,Alpine,73.226,2
7,261,272,267.0,100.0,19,272,8,Monaco Grand Prix,GAS,Alpine,73.226,0
8,86,151,117.4,0.0,9,86,8,Monaco Grand Prix,GAS,Alpine,73.226,13
9,68,96,79.3,27.6,10,96,8,Monaco Grand Prix,GAS,Alpine,73.226,2
10,170,211,183.1,49.6,26,204,8,Monaco Grand Prix,GAS,Alpine,73.226,7
11,216,235,226.6,97.6,12,235,8,Monaco Grand Prix,GAS,Alpine,73.226,10
12,134,170,149.3,0.0,9,134,8,Monaco Grand Prix,GAS,Alpine,73.226,7
13,124,201,162.7,60.3,30,148,8,Monaco Grand Prix,GAS,Alpine,73.226,2
14,60,125,88.8,24.0,32,105,8,Monaco Grand Prix,GAS,Alpine,73.226,3
1,110,149,123.7,32.4,16,134,8,Monaco Grand Prix,LAW,Racing Bulls,73.412,6
2,155,252,183.1,18.5,37,162,8,Monaco Grand Prix,LAW,Racing Bulls,73.412,7
3,134,165,144.2,39.9,19,165,8,Monaco Grand Prix,LAW,Racing Bulls,73.412,8
4,77,134,96.9,19.9,17,100,8,Monaco Grand Prix,LAW,Racing Bulls,73.412,4
5,48,141,85.8,27.4,21,84,8,Monaco Grand Prix,LAW,Racing Bulls,73.412,4
6,81,132,97.6,35.3,34,132,8,Monaco Grand Prix,LAW,Racing Bulls,73.412,2
7,259,271,265.8,100.0,19,271,8,Monaco Grand Prix,LAW,Racing Bulls,73.412,2
8,92,143,114.9,0.0,9,92,8,Monaco Grand Prix,LAW,Racing Bulls,73.412,7
9,62,101,77.0,33.8,10,101,8,Monaco Grand Prix,LAW,Racing Bulls,73.412,8
10,161,209,177.8,59.8,26,209,8,Monaco Grand Prix,LAW,Racing Bulls,73.412,16
11,220,236,228.4,94.2,12,236,8,Monaco Grand Prix,LAW,Racing Bulls,73.412,6
12,128,173,147.6,0.4,9,128,8,Monaco Grand Prix,LAW,Racing Bulls,73.412,13
13,122,201,164.2,68.7,30,165,8,Monaco Grand Prix,LAW,Racing Bulls,73.412,4
14,59,142,90.8,27.4,32,110,8,Monaco Grand Prix,LAW,Racing Bulls,73.412,4
1,109,146,121.6,25.2,16,131,8,Monaco Grand Prix,ALB,Williams,73.787,7
2,152,261,186.6,11.1,37,156,8,Monaco Grand Prix,ALB,Williams,73.787,10
3,135,161,146.3,34.8,19,160,8,Monaco Grand Prix,ALB,Williams,73.787,7
4,76,140,96.7,14.2,17,98,8,Monaco Grand Prix,ALB,Williams,73.787,5
5,46,140,88.6,27.7,21,81,8,Monaco Grand Prix,ALB,Williams,73.787,6
6,79,134,96.5,32.7,35,134,8,Monaco Grand Prix,ALB,Williams,73.787,4
7,260,273,266.8,100.0,19,273,8,Monaco Grand Prix,ALB,Williams,73.787,1
8,88,144,116.0,0.0,9,88,8,Monaco Grand Prix,ALB,Williams,73.787,11
9,66,106,79.3,35.6,10,106,8,Monaco Grand Prix,ALB,Williams,73.787,4
10,158,204,174.5,53.2,26,204,8,Monaco Grand Prix,ALB,Williams,73.787,19
11,218,235,228.0,86.5,12,235,8,Monaco Grand Prix,ALB,Williams,73.787,8
12,130,167,146.5,0.0,9,130,8,Monaco Grand Prix,ALB,Williams,73.787,11
13,111,197,151.8,53.4,30,140,8,Monaco Grand Prix,ALB,Williams,73.787,15
14,60,120,89.4,28.8,32,119,8,Monaco Grand Prix,ALB,Williams,73.787,3
1,116,153,127.1,32.1,16,142,8,Monaco Grand Prix,SAI,Williams,73.815,0
2,154,247,182.5,24.2,37,170,8,Monaco Grand Prix,SAI,Williams,73.815,8
3,135,168,146.3,27.6,18,150,8,Monaco Grand Prix,SAI,Williams,73.815,7
4,72,154,96.8,17.1,17,95,8,Monaco Grand Prix,SAI,Williams,73.815,9
5,45,146,89.7,29.5,21,83,8,Monaco Grand Prix,SAI,Williams,73.815,7
6,79,126,97.1,30.3,35,126,8,Monaco Grand Prix,SAI,Williams,73.815,4
7,258,271,265.7,100.0,19,271,8,Monaco Grand Prix,SAI,Williams,73.815,3
8,93,159,118.7,0.3,9,93,8,Monaco Grand Prix,SAI,Williams,73.815,6
9,68,102,81.3,34.6,10,102,8,Monaco Grand Prix,SAI,Williams,73.815,2
10,156,210,178.4,62.4,26,210,8,Monaco Grand Prix,SAI,Williams,73.815,21
11,219,231,225.6,88.1,12,231,8,Monaco Grand Prix,SAI,Williams,73.815,7
12,133,162,145.7,4.2,9,133,8,Monaco Grand Prix,SAI,Williams,73.815,8
13,119,185,155.0,64.7,30,164,8,Monaco Grand Prix,SAI,Williams,73.815,7
14,54,151,89.3,27.1,32,111,8,Monaco Grand Prix,SAI,Williams,73.815,9
1,108,149,120.1,25.0,16,124,8,Monaco Grand Prix,HUL,Audi,73.902,8
2,155,233,178.8,18.9,37,160,8,Monaco Grand Prix,HUL,Audi,73.902,7
3,134,155,142.1,41.1,19,154,8,Monaco Grand Prix,HUL,Audi,73.902,8
4,74,143,96.0,18.9,17,101,8,Monaco Grand Prix,HUL,Audi,73.902,7
5,45,138,84.9,27.0,21,79,8,Monaco Grand Prix,HUL,Audi,73.902,7
6,80,122,95.7,31.5,34,122,8,Monaco Grand Prix,HUL,Audi,73.902,3
7,258,272,266.2,100.0,19,272,8,Monaco Grand Prix,HUL,Audi,73.902,3
8,92,164,124.9,0.0,9,92,8,Monaco Grand Prix,HUL,Audi,73.902,7
9,67,96,79.3,29.2,10,96,8,Monaco Grand Prix,HUL,Audi,73.902,3
10,163,206,180.7,56.4,26,206,8,Monaco Grand Prix,HUL,Audi,73.902,14
11,219,233,228.4,90.2,12,233,8,Monaco Grand Prix,HUL,Audi,73.902,7
12,133,163,145.9,6.1,9,133,8,Monaco Grand Prix,HUL,Audi,73.902,8
13,120,202,163.4,53.7,30,154,8,Monaco Grand Prix,HUL,Audi,73.902,6
14,59,131,90.0,27.8,32,104,8,Monaco Grand Prix,HUL,Audi,73.902,4
1,108,147,121.0,26.4,16,131,8,Monaco Grand Prix,COL,Alpine,73.995,8
2,147,260,188.3,11.0,37,156,8,Monaco Grand Prix,COL,Alpine,73.995,15
3,129,162,144.4,39.8,19,158,8,Monaco Grand Prix,COL,Alpine,73.995,13
4,75,136,96.6,19.8,17,98,8,Monaco Grand Prix,COL,Alpine,73.995,6
5,42,134,84.9,16.8,21,83,8,Monaco Grand Prix,COL,Alpine,73.995,10
6,78,136,97.5,34.6,35,136,8,Monaco Grand Prix,COL,Alpine,73.995,5
7,261,272,266.6,100.0,19,272,8,Monaco Grand Prix,COL,Alpine,73.995,0
8,91,152,119.5,0.0,9,91,8,Monaco Grand Prix,COL,Alpine,73.995,8
9,67,100,79.7,28.6,10,100,8,Monaco Grand Prix,COL,Alpine,73.995,3
10,160,211,183.3,60.6,25,200,8,Monaco Grand Prix,COL,Alpine,73.995,17
11,221,235,229.1,89.0,12,235,8,Monaco Grand Prix,COL,Alpine,73.995,5
12,134,168,148.5,2.2,9,134,8,Monaco Grand Prix,COL,Alpine,73.995,7
13,121,192,159.8,60.4,30,166,8,Monaco Grand Prix,COL,Alpine,73.995,5
14,60,159,94.0,27.1,32,104,8,Monaco Grand Prix,COL,Alpine,73.995,3
1,104,151,121.2,30.0,16,136,8,Monaco Grand Prix,LIN,Racing Bulls,74.248,12
2,149,260,183.5,18.4,37,162,8,Monaco Grand Prix,LIN,Racing Bulls,74.248,13
3,131,159,142.2,41.2,19,156,8,Monaco Grand Prix,LIN,Racing Bulls,74.248,11
4,77,135,97.8,17.8,17,102,8,Monaco Grand Prix,LIN,Racing Bulls,74.248,4
5,47,138,85.4,24.9,21,78,8,Monaco Grand Prix,LIN,Racing Bulls,74.248,5
6,76,123,93.2,37.7,34,123,8,Monaco Grand Prix,LIN,Racing Bulls,74.248,7
7,258,271,265.8,100.0,19,271,8,Monaco Grand Prix,LIN,Racing Bulls,74.248,3
8,89,161,122.7,0.4,9,89,8,Monaco Grand Prix,LIN,Racing Bulls,74.248,10
9,65,95,76.9,33.1,10,95,8,Monaco Grand Prix,LIN,Racing Bulls,74.248,5
10,157,201,175.6,58.6,26,201,8,Monaco Grand Prix,LIN,Racing Bulls,74.248,20
11,216,227,222.8,86.2,12,227,8,Monaco Grand Prix,LIN,Racing Bulls,74.248,10
12,131,172,149.1,0.1,9,131,8,Monaco Grand Prix,LIN,Racing Bulls,74.248,10
13,120,198,161.8,76.3,30,183,8,Monaco Grand Prix,LIN,Racing Bulls,74.248,6
14,55,149,92.8,27.1,32,104,8,Monaco Grand Prix,LIN,Racing Bulls,74.248,8
1,112,147,124.1,34.7,16,136,8,Monaco Grand Prix,BOR,Audi,74.683,4
2,147,244,180.0,15.8,37,156,8,Monaco Grand Prix,BOR,Audi,74.683,15
3,133,158,142.9,40.6,19,158,8,Monaco Grand Prix,BOR,Audi,74.683,9
4,75,143,95.4,17.0,17,98,8,Monaco Grand Prix,BOR,Audi,74.683,6
5,44,113,75.8,25.2,21,79,8,Monaco Grand Prix,BOR,Audi,74.683,8
6,76,124,93.3,33.2,34,124,8,Monaco Grand Prix,BOR,Audi,74.683,7
7,260,272,266.5,100.0,19,272,8,Monaco Grand Prix,BOR,Audi,74.683,1
8,88,157,117.5,0.0,9,88,8,Monaco Grand Prix,BOR,Audi,74.683,11
9,70,93,78.4,28.6,10,93,8,Monaco Grand Prix,BOR,Audi,74.683,0
10,161,209,179.1,57.9,26,209,8,Monaco Grand Prix,BOR,Audi,74.683,16
11,215,231,223.8,90.1,12,231,8,Monaco Grand Prix,BOR,Audi,74.683,11
12,130,169,145.8,0.0,9,130,8,Monaco Grand Prix,BOR,Audi,74.683,11
13,114,193,156.0,58.4,30,150,8,Monaco Grand Prix,BOR,Audi,74.683,12
14,59,130,87.8,24.5,32,111,8,Monaco Grand Prix,BOR,Audi,74.683,4
1,105,147,119.0,34.0,16,134,8,Monaco Grand Prix,OCO,Haas F1 Team,74.722,11
2,156,244,185.2,18.8,37,165,8,Monaco Grand Prix,OCO,Haas F1 Team,74.722,6
3,131,164,143.7,32.1,19,150,8,Monaco Grand Prix,OCO,Haas F1 Team,74.722,11
4,76,131,94.8,19.2,17,99,8,Monaco Grand Prix,OCO,Haas F1 Team,74.722,5
5,42,139,87.3,26.4,21,82,8,Monaco Grand Prix,OCO,Haas F1 Team,74.722,10
6,77,123,94.6,34.9,34,123,8,Monaco Grand Prix,OCO,Haas F1 Team,74.722,6
7,258,272,265.2,100.0,19,272,8,Monaco Grand Prix,OCO,Haas F1 Team,74.722,3
8,83,164,116.4,0.2,9,83,8,Monaco Grand Prix,OCO,Haas F1 Team,74.722,16
9,62,96,75.0,32.0,10,96,8,Monaco Grand Prix,OCO,Haas F1 Team,74.722,8
10,161,200,176.9,62.9,26,200,8,Monaco Grand Prix,OCO,Haas F1 Team,74.722,16
11,218,230,225.7,86.3,12,229,8,Monaco Grand Prix,OCO,Haas F1 Team,74.722,8
12,131,161,144.3,13.0,9,131,8,Monaco Grand Prix,OCO,Haas F1 Team,74.722,10
13,117,186,151.8,51.7,30,148,8,Monaco Grand Prix,OCO,Haas F1 Team,74.722,9
14,61,128,89.3,23.0,32,108,8,Monaco Grand Prix,OCO,Haas F1 Team,74.722,2
1,106,159,122.8,28.8,16,134,8,Monaco Grand Prix,PER,Cadillac,74.747,10
2,149,251,180.6,20.0,37,164,8,Monaco Grand Prix,PER,Cadillac,74.747,13
3,134,164,142.7,32.1,19,148,8,Monaco Grand Prix,PER,Cadillac,74.747,8
4,73,146,95.6,16.7,17,98,8,Monaco Grand Prix,PER,Cadillac,74.747,8
5,48,138,87.6,24.7,21,80,8,Monaco Grand Prix,PER,Cadillac,74.747,4
6,81,126,94.1,32.3,34,126,8,Monaco Grand Prix,PER,Cadillac,74.747,2
7,259,271,264.8,100.0,19,271,8,Monaco Grand Prix,PER,Cadillac,74.747,2
8,84,156,119.0,1.6,9,84,8,Monaco Grand Prix,PER,Cadillac,74.747,15
9,61,89,70.8,21.8,10,89,8,Monaco Grand Prix,PER,Cadillac,74.747,9
10,161,200,176.5,50.6,26,200,8,Monaco Grand Prix,PER,Cadillac,74.747,16
11,214,228,224.2,90.5,12,228,8,Monaco Grand Prix,PER,Cadillac,74.747,12
12,126,155,137.9,2.9,9,126,8,Monaco Grand Prix,PER,Cadillac,74.747,15
13,119,197,157.9,58.9,30,154,8,Monaco Grand Prix,PER,Cadillac,74.747,7
14,59,131,88.0,25.0,32,102,8,Monaco Grand Prix,PER,Cadillac,74.747,4
1,105,135,118.5,38.1,16,135,8,Monaco Grand Prix,BEA,Haas F1 Team,74.814,11
2,152,241,182.1,15.3,37,157,8,Monaco Grand Prix,BEA,Haas F1 Team,74.814,10
3,133,158,143.1,39.7,19,156,8,Monaco Grand Prix,BEA,Haas F1 Team,74.814,9
4,77,141,96.3,18.3,17,103,8,Monaco Grand Prix,BEA,Haas F1 Team,74.814,4
5,44,138,85.1,30.9,21,87,8,Monaco Grand Prix,BEA,Haas F1 Team,74.814,8
6,78,132,96.2,33.7,34,132,8,Monaco Grand Prix,BEA,Haas F1 Team,74.814,5
7,258,271,264.9,100.0,19,271,8,Monaco Grand Prix,BEA,Haas F1 Team,74.814,3
8,89,148,116.0,0.0,9,89,8,Monaco Grand Prix,BEA,Haas F1 Team,74.814,10
9,63,97,76.3,34.3,10,97,8,Monaco Grand Prix,BEA,Haas F1 Team,74.814,7
10,160,209,177.7,59.7,26,209,8,Monaco Grand Prix,BEA,Haas F1 Team,74.814,17
11,219,229,226.2,82.0,12,228,8,Monaco Grand Prix,BEA,Haas F1 Team,74.814,7
12,130,158,140.4,6.6,9,130,8,Monaco Grand Prix,BEA,Haas F1 Team,74.814,11
13,119,194,160.5,57.8,30,157,8,Monaco Grand Prix,BEA,Haas F1 Team,74.814,7
14,60,134,88.0,29.4,32,110,8,Monaco Grand Prix,BEA,Haas F1 Team,74.814,3
1,104,150,118.6,29.2,16,123,8,Monaco Grand Prix,BOT,Cadillac,75.283,12
2,143,254,180.8,11.0,37,153,8,Monaco Grand Prix,BOT,Cadillac,75.283,19
3,132,159,141.8,33.6,19,144,8,Monaco Grand Prix,BOT,Cadillac,75.283,10
4,74,149,96.7,13.4,17,94,8,Monaco Grand Prix,BOT,Cadillac,75.283,7
5,47,137,87.8,29.4,21,77,8,Monaco Grand Prix,BOT,Cadillac,75.283,5
6,78,120,93.9,31.1,34,120,8,Monaco Grand Prix,BOT,Cadillac,75.283,5
7,257,268,262.1,100.0,19,268,8,Monaco Grand Prix,BOT,Cadillac,75.283,4
8,91,151,119.2,0.0,9,91,8,Monaco Grand Prix,BOT,Cadillac,75.283,8
9,69,85,74.9,22.9,10,85,8,Monaco Grand Prix,BOT,Cadillac,75.283,1
10,157,195,170.0,51.6,26,195,8,Monaco Grand Prix,BOT,Cadillac,75.283,20
11,210,225,218.9,79.0,12,225,8,Monaco Grand Prix,BOT,Cadillac,75.283,16
12,127,166,147.2,0.0,9,127,8,Monaco Grand Prix,BOT,Cadillac,75.283,14
13,116,194,154.0,55.2,30,158,8,Monaco Grand Prix,BOT,Cadillac,75.283,10
14,62,139,90.1,24.8,32,99,8,Monaco Grand Prix,BOT,Cadillac,75.283,1
1,108,154,122.7,25.5,16,131,8,Monaco Grand Prix,ALO,Aston Martin,75.349,8
2,147,247,180.5,17.4,37,162,8,Monaco Grand Prix,ALO,Aston Martin,75.349,15
3,128,154,139.6,33.9,19,151,8,Monaco Grand Prix,ALO,Aston Martin,75.349,14
4,70,141,95.1,16.6,17,99,8,Monaco Grand Prix,ALO,Aston Martin,75.349,11
5,46,141,87.3,21.8,21,76,8,Monaco Grand Prix,ALO,Aston Martin,75.349,6
6,77,129,94.5,32.8,34,129,8,Monaco Grand Prix,ALO,Aston Martin,75.349,6
7,254,266,259.1,100.0,19,266,8,Monaco Grand Prix,ALO,Aston Martin,75.349,7
8,78,153,116.7,0.0,9,78,8,Monaco Grand Prix,ALO,Aston Martin,75.349,21
9,59,93,71.6,27.6,10,93,8,Monaco Grand Prix,ALO,Aston Martin,75.349,11
10,153,200,173.5,56.3,26,200,8,Monaco Grand Prix,ALO,Aston Martin,75.349,24
11,212,229,221.8,95.6,12,229,8,Monaco Grand Prix,ALO,Aston Martin,75.349,14
12,134,161,146.9,0.0,9,134,8,Monaco Grand Prix,ALO,Aston Martin,75.349,7
13,117,190,153.7,66.7,30,159,8,Monaco Grand Prix,ALO,Aston Martin,75.349,9
14,60,145,90.2,24.9,32,103,8,Monaco Grand Prix,ALO,Aston Martin,75.349,3
1,104,147,118.9,31.1,16,133,8,Monaco Grand Prix,STR,Aston Martin,76.061,12
2,141,253,177.4,20.0,37,162,8,Monaco Grand Prix,STR,Aston Martin,76.061,21
3,125,154,137.6,34.2,19,154,8,Monaco Grand Prix,STR,Aston Martin,76.061,17
4,71,134,92.1,18.8,17,105,8,Monaco Grand Prix,STR,Aston Martin,76.061,10
5,45,141,84.2,19.8,21,86,8,Monaco Grand Prix,STR,Aston Martin,76.061,7
6,75,124,93.4,33.0,34,120,8,Monaco Grand Prix,STR,Aston Martin,76.061,8
7,251,265,258.8,100.0,19,265,8,Monaco Grand Prix,STR,Aston Martin,76.061,10
8,81,150,115.8,0.4,9,81,8,Monaco Grand Prix,STR,Aston Martin,76.061,18
9,64,92,74.4,28.2,10,92,8,Monaco Grand Prix,STR,Aston Martin,76.061,6
10,153,205,175.8,57.8,26,204,8,Monaco Grand Prix,STR,Aston Martin,76.061,24
11,211,226,219.7,78.5,12,226,8,Monaco Grand Prix,STR,Aston Martin,76.061,15
12,122,150,133.2,1.7,9,122,8,Monaco Grand Prix,STR,Aston Martin,76.061,19
13,113,194,155.1,60.5,30,151,8,Monaco Grand Prix,STR,Aston Martin,76.061,13
14,57,122,87.7,24.4,32,111,8,Monaco Grand Prix,STR,Aston Martin,76.061,6
1,151,213,169.6,17.6,22,159,9,Barcelona Grand Prix,RUS,Mercedes,74.679,2
2,168,197,182.7,76.6,17,197,9,Barcelona Grand Prix,RUS,Mercedes,74.679,6
3,224,267,244.2,89.8,54,267,9,Barcelona Grand Prix,RUS,Mercedes,74.679,7
4,148,221,178.6,54.0,50,221,9,Barcelona Grand Prix,RUS,Mercedes,74.679,5
5,104,178,128.1,27.6,29,161,9,Barcelona Grand Prix,RUS,Mercedes,74.679,1
6,149,214,170.2,20.2,23,162,9,Barcelona Grand Prix,RUS,Mercedes,74.679,1
7,176,214,195.9,100.0,12,214,9,Barcelona Grand Prix,RUS,Mercedes,74.679,2
8,244,258,250.2,81.9,36,258,9,Barcelona Grand Prix,RUS,Mercedes,74.679,5
9,113,193,147.7,43.6,45,193,9,Barcelona Grand Prix,RUS,Mercedes,74.679,0
10,120,202,151.0,33.9,44,176,9,Barcelona Grand Prix,RUS,Mercedes,74.679,4
11,230,261,254.0,100.0,27,261,9,Barcelona Grand Prix,RUS,Mercedes,74.679,11
12,253,263,257.6,85.6,33,260,9,Barcelona Grand Prix,RUS,Mercedes,74.679,4
1,153,244,180.4,17.2,22,155,9,Barcelona Grand Prix,HAM,Ferrari,74.743,0
2,162,190,176.0,71.7,17,190,9,Barcelona Grand Prix,HAM,Ferrari,74.743,12
3,218,263,244.7,94.4,54,263,9,Barcelona Grand Prix,HAM,Ferrari,74.743,13
4,153,227,182.7,56.8,50,217,9,Barcelona Grand Prix,HAM,Ferrari,74.743,0
5,102,190,130.0,33.2,29,157,9,Barcelona Grand Prix,HAM,Ferrari,74.743,3
6,150,243,175.7,23.2,23,160,9,Barcelona Grand Prix,HAM,Ferrari,74.743,0
7,170,214,196.2,100.0,12,214,9,Barcelona Grand Prix,HAM,Ferrari,74.743,8
8,246,261,253.4,84.1,36,256,9,Barcelona Grand Prix,HAM,Ferrari,74.743,3
9,109,209,147.9,50.4,45,189,9,Barcelona Grand Prix,HAM,Ferrari,74.743,4
10,120,200,152.7,47.5,44,177,9,Barcelona Grand Prix,HAM,Ferrari,74.743,4
11,237,260,252.6,100.0,27,260,9,Barcelona Grand Prix,HAM,Ferrari,74.743,4
12,250,266,255.9,82.2,33,254,9,Barcelona Grand Prix,HAM,Ferrari,74.743,7
1,150,223,174.4,14.8,22,153,9,Barcelona Grand Prix,ANT,Mercedes,74.998,3
2,163,199,181.5,79.2,17,199,9,Barcelona Grand Prix,ANT,Mercedes,74.998,11
3,224,264,243.5,93.4,54,264,9,Barcelona Grand Prix,ANT,Mercedes,74.998,7
4,148,222,179.8,54.8,50,222,9,Barcelona Grand Prix,ANT,Mercedes,74.998,5
5,103,183,127.0,26.4,29,152,9,Barcelona Grand Prix,ANT,Mercedes,74.998,2
6,147,224,167.8,25.0,23,161,9,Barcelona Grand Prix,ANT,Mercedes,74.998,3
7,175,212,193.7,100.0,12,212,9,Barcelona Grand Prix,ANT,Mercedes,74.998,3
8,242,255,248.8,80.2,36,255,9,Barcelona Grand Prix,ANT,Mercedes,74.998,7
9,108,191,143.9,45.2,45,190,9,Barcelona Grand Prix,ANT,Mercedes,74.998,5
10,124,199,152.0,34.4,44,178,9,Barcelona Grand Prix,ANT,Mercedes,74.998,0
11,239,260,253.2,100.0,27,260,9,Barcelona Grand Prix,ANT,Mercedes,74.998,2
12,248,261,253.2,85.3,33,251,9,Barcelona Grand Prix,ANT,Mercedes,74.998,9
1,145,212,164.4,15.9,22,155,9,Barcelona Grand Prix,NOR,McLaren,75.001,8
2,167,196,183.8,64.4,17,196,9,Barcelona Grand Prix,NOR,McLaren,75.001,7
3,222,265,243.7,83.6,53,265,9,Barcelona Grand Prix,NOR,McLaren,75.001,9
4,150,220,178.5,49.9,50,220,9,Barcelona Grand Prix,NOR,McLaren,75.001,3
5,103,180,128.6,25.3,29,160,9,Barcelona Grand Prix,NOR,McLaren,75.001,2
6,148,218,164.7,19.1,23,162,9,Barcelona Grand Prix,NOR,McLaren,75.001,2
7,175,213,195.3,99.8,12,213,9,Barcelona Grand Prix,NOR,McLaren,75.001,3
8,247,257,251.3,70.8,36,257,9,Barcelona Grand Prix,NOR,McLaren,75.001,2
9,110,194,147.7,42.2,45,194,9,Barcelona Grand Prix,NOR,McLaren,75.001,3
10,121,198,151.0,28.9,44,180,9,Barcelona Grand Prix,NOR,McLaren,75.001,3
11,241,263,255.1,100.0,27,263,9,Barcelona Grand Prix,NOR,McLaren,75.001,0
12,254,267,258.8,72.4,33,260,9,Barcelona Grand Prix,NOR,McLaren,75.001,3
1,149,207,165.8,13.1,22,158,9,Barcelona Grand Prix,VER,Red Bull Racing,75.021,4
2,174,203,185.8,57.6,17,203,9,Barcelona Grand Prix,VER,Red Bull Racing,75.021,0
3,231,265,244.6,80.4,54,265,9,Barcelona Grand Prix,VER,Red Bull Racing,75.021,0
4,150,224,178.2,47.3,50,224,9,Barcelona Grand Prix,VER,Red Bull Racing,75.021,3
5,96,176,127.7,28.0,29,165,9,Barcelona Grand Prix,VER,Red Bull Racing,75.021,9
6,144,212,163.1,16.4,23,163,9,Barcelona Grand Prix,VER,Red Bull Racing,75.021,6
7,178,211,194.6,99.3,11,211,9,Barcelona Grand Prix,VER,Red Bull Racing,75.021,0
8,242,262,251.1,61.5,37,255,9,Barcelona Grand Prix,VER,Red Bull Racing,75.021,7
9,110,195,145.0,38.6,45,195,9,Barcelona Grand Prix,VER,Red Bull Racing,75.021,3
10,115,201,148.8,26.3,44,178,9,Barcelona Grand Prix,VER,Red Bull Racing,75.021,9
11,240,259,252.8,97.7,27,259,9,Barcelona Grand Prix,VER,Red Bull Racing,75.021,1
12,254,264,257.6,67.6,33,260,9,Barcelona Grand Prix,VER,Red Bull Racing,75.021,3
1,144,238,174.9,5.9,22,147,9,Barcelona Grand Prix,HAD,Red Bull Racing,75.077,9
2,156,192,173.2,61.5,17,192,9,Barcelona Grand Prix,HAD,Red Bull Racing,75.077,18
3,225,263,244.3,85.0,54,263,9,Barcelona Grand Prix,HAD,Red Bull Racing,75.077,6
4,142,224,179.2,51.0,50,224,9,Barcelona Grand Prix,HAD,Red Bull Racing,75.077,11
5,101,177,127.5,23.1,29,155,9,Barcelona Grand Prix,HAD,Red Bull Racing,75.077,4
6,144,220,165.0,17.1,23,158,9,Barcelona Grand Prix,HAD,Red Bull Racing,75.077,6
7,170,206,188.2,94.3,12,206,9,Barcelona Grand Prix,HAD,Red Bull Racing,75.077,8
8,243,261,251.3,63.8,36,251,9,Barcelona Grand Prix,HAD,Red Bull Racing,75.077,6
9,106,201,146.9,40.6,45,188,9,Barcelona Grand Prix,HAD,Red Bull Racing,75.077,7
10,119,200,150.5,27.0,44,177,9,Barcelona Grand Prix,HAD,Red Bull Racing,75.077,5
11,233,261,251.0,100.0,27,261,9,Barcelona Grand Prix,HAD,Red Bull Racing,75.077,8
12,257,266,259.6,80.0,33,262,9,Barcelona Grand Prix,HAD,Red Bull Racing,75.077,0
1,147,216,167.3,13.4,22,154,9,Barcelona Grand Prix,PIA,McLaren,75.09,6
2,162,194,179.3,64.9,17,194,9,Barcelona Grand Prix,PIA,McLaren,75.09,12
3,224,266,242.2,82.6,54,266,9,Barcelona Grand Prix,PIA,McLaren,75.09,7
4,149,219,179.4,51.4,50,219,9,Barcelona Grand Prix,PIA,McLaren,75.09,4
5,99,177,125.5,27.6,29,159,9,Barcelona Grand Prix,PIA,McLaren,75.09,6
6,145,213,166.3,21.3,23,161,9,Barcelona Grand Prix,PIA,McLaren,75.09,5
7,176,216,197.6,99.0,12,216,9,Barcelona Grand Prix,PIA,McLaren,75.09,2
8,240,256,248.3,68.8,36,256,9,Barcelona Grand Prix,PIA,McLaren,75.09,9
9,110,189,146.9,41.3,45,189,9,Barcelona Grand Prix,PIA,McLaren,75.09,3
10,118,196,149.0,29.3,44,175,9,Barcelona Grand Prix,PIA,McLaren,75.09,6
11,238,263,254.2,99.0,27,263,9,Barcelona Grand Prix,PIA,McLaren,75.09,3
12,252,267,257.3,70.2,33,259,9,Barcelona Grand Prix,PIA,McLaren,75.09,5
1,153,211,169.4,25.3,22,165,9,Barcelona Grand Prix,LEC,Ferrari,75.281,0
2,173,198,185.6,73.9,17,198,9,Barcelona Grand Prix,LEC,Ferrari,75.281,1
3,222,265,245.9,92.9,54,265,9,Barcelona Grand Prix,LEC,Ferrari,75.281,9
4,145,218,177.6,61.9,50,218,9,Barcelona Grand Prix,LEC,Ferrari,75.281,8
5,105,169,128.1,31.3,29,160,9,Barcelona Grand Prix,LEC,Ferrari,75.281,0
6,147,250,183.1,21.2,23,158,9,Barcelona Grand Prix,LEC,Ferrari,75.281,3
7,168,211,191.2,98.3,12,211,9,Barcelona Grand Prix,LEC,Ferrari,75.281,10
8,249,258,252.7,78.3,37,254,9,Barcelona Grand Prix,LEC,Ferrari,75.281,0
9,111,190,147.2,49.9,45,190,9,Barcelona Grand Prix,LEC,Ferrari,75.281,2
10,123,200,152.7,40.4,44,181,9,Barcelona Grand Prix,LEC,Ferrari,75.281,1
11,239,261,252.5,100.0,27,261,9,Barcelona Grand Prix,LEC,Ferrari,75.281,2
12,250,263,254.9,88.4,33,250,9,Barcelona Grand Prix,LEC,Ferrari,75.281,7
1,144,209,160.7,21.1,22,156,9,Barcelona Grand Prix,LAW,Racing Bulls,75.585,9
2,164,193,180.8,76.7,17,193,9,Barcelona Grand Prix,LAW,Racing Bulls,75.585,10
3,219,264,241.7,91.5,54,264,9,Barcelona Grand Prix,LAW,Racing Bulls,75.585,12
4,142,224,176.2,56.0,50,224,9,Barcelona Grand Prix,LAW,Racing Bulls,75.585,11
5,100,169,125.4,30.1,29,156,9,Barcelona Grand Prix,LAW,Racing Bulls,75.585,5
6,144,210,161.9,22.0,23,158,9,Barcelona Grand Prix,LAW,Racing Bulls,75.585,6
7,172,212,194.0,97.8,12,212,9,Barcelona Grand Prix,LAW,Racing Bulls,75.585,6
8,240,261,246.3,69.4,36,249,9,Barcelona Grand Prix,LAW,Racing Bulls,75.585,9
9,105,199,144.5,46.3,45,199,9,Barcelona Grand Prix,LAW,Racing Bulls,75.585,8
10,122,210,151.8,35.8,44,177,9,Barcelona Grand Prix,LAW,Racing Bulls,75.585,2
11,241,263,254.6,98.4,27,263,9,Barcelona Grand Prix,LAW,Racing Bulls,75.585,0
12,253,267,257.8,81.3,33,261,9,Barcelona Grand Prix,LAW,Racing Bulls,75.585,4
1,150,202,166.5,20.1,21,152,9,Barcelona Grand Prix,HUL,Audi,75.768,3
2,161,184,174.3,68.3,17,184,9,Barcelona Grand Prix,HUL,Audi,75.768,13
3,222,259,238.0,87.3,54,259,9,Barcelona Grand Prix,HUL,Audi,75.768,9
4,146,215,175.5,58.2,50,215,9,Barcelona Grand Prix,HUL,Audi,75.768,7
5,97,179,125.0,31.7,29,148,9,Barcelona Grand Prix,HUL,Audi,75.768,8
6,144,245,174.2,24.7,23,156,9,Barcelona Grand Prix,HUL,Audi,75.768,6
7,167,205,187.0,96.9,12,205,9,Barcelona Grand Prix,HUL,Audi,75.768,11
8,241,255,248.2,80.5,36,253,9,Barcelona Grand Prix,HUL,Audi,75.768,8
9,110,196,144.4,41.6,45,184,9,Barcelona Grand Prix,HUL,Audi,75.768,3
10,121,200,148.9,39.8,44,171,9,Barcelona Grand Prix,HUL,Audi,75.768,3
11,236,262,251.3,100.0,27,262,9,Barcelona Grand Prix,HUL,Audi,75.768,5
12,255,272,260.0,77.9,33,256,9,Barcelona Grand Prix,HUL,Audi,75.768,2
1,142,228,165.6,17.4,22,150,9,Barcelona Grand Prix,LIN,Racing Bulls,75.84,11
2,158,191,175.2,77.1,17,191,9,Barcelona Grand Prix,LIN,Racing Bulls,75.84,16
3,225,258,238.7,86.7,54,258,9,Barcelona Grand Prix,LIN,Racing Bulls,75.84,6
4,140,220,172.5,52.9,50,220,9,Barcelona Grand Prix,LIN,Racing Bulls,75.84,13
5,100,172,122.4,29.9,29,149,9,Barcelona Grand Prix,LIN,Racing Bulls,75.84,5
6,145,217,166.5,19.3,23,153,9,Barcelona Grand Prix,LIN,Racing Bulls,75.84,5
7,166,207,187.8,99.2,12,207,9,Barcelona Grand Prix,LIN,Racing Bulls,75.84,12
8,232,257,241.8,64.3,36,244,9,Barcelona Grand Prix,LIN,Racing Bulls,75.84,17
9,109,196,145.7,43.5,45,194,9,Barcelona Grand Prix,LIN,Racing Bulls,75.84,4
10,118,197,147.1,33.6,44,170,9,Barcelona Grand Prix,LIN,Racing Bulls,75.84,6
11,239,262,251.4,100.0,27,262,9,Barcelona Grand Prix,LIN,Racing Bulls,75.84,2
12,252,266,257.3,79.6,33,260,9,Barcelona Grand Prix,LIN,Racing Bulls,75.84,5
1,144,214,166.8,15.3,22,151,9,Barcelona Grand Prix,BOR,Audi,76.001,9
2,159,190,174.7,73.7,17,190,9,Barcelona Grand Prix,BOR,Audi,76.001,15
3,224,264,242.1,90.7,54,264,9,Barcelona Grand Prix,BOR,Audi,76.001,7
4,142,215,172.6,55.7,50,215,9,Barcelona Grand Prix,BOR,Audi,76.001,11
5,96,180,126.8,26.4,29,148,9,Barcelona Grand Prix,BOR,Audi,76.001,9
6,141,210,164.7,24.1,23,151,9,Barcelona Grand Prix,BOR,Audi,76.001,9
7,162,208,186.9,97.8,12,208,9,Barcelona Grand Prix,BOR,Audi,76.001,16
8,237,252,244.0,76.7,36,247,9,Barcelona Grand Prix,BOR,Audi,76.001,12
9,108,206,145.6,46.4,45,191,9,Barcelona Grand Prix,BOR,Audi,76.001,5
10,115,200,146.2,38.0,44,171,9,Barcelona Grand Prix,BOR,Audi,76.001,9
11,237,260,251.5,100.0,27,260,9,Barcelona Grand Prix,BOR,Audi,76.001,4
12,252,266,257.6,77.6,33,259,9,Barcelona Grand Prix,BOR,Audi,76.001,5
1,144,202,160.9,18.3,22,152,9,Barcelona Grand Prix,COL,Alpine,76.191,9
2,165,196,181.3,77.1,17,196,9,Barcelona Grand Prix,COL,Alpine,76.191,9
3,218,261,237.5,88.7,54,261,9,Barcelona Grand Prix,COL,Alpine,76.191,13
4,141,216,173.5,54.6,50,216,9,Barcelona Grand Prix,COL,Alpine,76.191,12
5,98,178,126.0,27.9,29,154,9,Barcelona Grand Prix,COL,Alpine,76.191,7
7,169,203,186.4,99.6,12,203,9,Barcelona Grand Prix,COL,Alpine,76.191,9
8,239,249,243.8,78.2,36,244,9,Barcelona Grand Prix,COL,Alpine,76.191,10
9,109,197,144.6,43.0,45,184,9,Barcelona Grand Prix,COL,Alpine,76.191,4
10,119,198,149.6,38.0,44,172,9,Barcelona Grand Prix,COL,Alpine,76.191,5
11,232,259,250.1,100.0,27,259,9,Barcelona Grand Prix,COL,Alpine,76.191,9
12,251,263,254.6,79.6,33,258,9,Barcelona Grand Prix,COL,Alpine,76.191,6
1,139,226,165.9,14.8,22,143,9,Barcelona Grand Prix,GAS,Alpine,76.261,14
2,158,189,175.2,74.8,17,189,9,Barcelona Grand Prix,GAS,Alpine,76.261,16
3,219,259,238.6,88.2,54,259,9,Barcelona Grand Prix,GAS,Alpine,76.261,12
4,138,219,174.3,56.0,50,219,9,Barcelona Grand Prix,GAS,Alpine,76.261,15
5,102,174,125.7,26.2,29,145,9,Barcelona Grand Prix,GAS,Alpine,76.261,3
6,142,265,206.1,56.5,23,142,9,Barcelona Grand Prix,GAS,Alpine,76.261,8
7,145,193,170.4,92.9,12,193,9,Barcelona Grand Prix,GAS,Alpine,76.261,33
8,234,246,239.2,69.4,36,246,9,Barcelona Grand Prix,GAS,Alpine,76.261,15
9,107,197,145.1,48.1,45,191,9,Barcelona Grand Prix,GAS,Alpine,76.261,6
10,121,200,148.7,35.0,44,170,9,Barcelona Grand Prix,GAS,Alpine,76.261,3
11,231,254,245.8,95.9,27,254,9,Barcelona Grand Prix,GAS,Alpine,76.261,10
12,243,258,250.2,78.1,33,255,9,Barcelona Grand Prix,GAS,Alpine,76.261,14
1,143,208,161.2,26.1,22,157,9,Barcelona Grand Prix,BEA,Haas F1 Team,76.389,10
2,169,189,179.2,70.4,17,189,9,Barcelona Grand Prix,BEA,Haas F1 Team,76.389,5
3,220,262,235.8,84.4,54,262,9,Barcelona Grand Prix,BEA,Haas F1 Team,76.389,11
4,142,219,175.3,57.1,50,219,9,Barcelona Grand Prix,BEA,Haas F1 Team,76.389,11
5,100,168,123.3,31.3,29,152,9,Barcelona Grand Prix,BEA,Haas F1 Team,76.389,5
6,139,235,166.3,25.5,23,154,9,Barcelona Grand Prix,BEA,Haas F1 Team,76.389,11
7,168,210,192.1,98.8,12,210,9,Barcelona Grand Prix,BEA,Haas F1 Team,76.389,10
8,233,249,240.2,75.8,36,249,9,Barcelona Grand Prix,BEA,Haas F1 Team,76.389,16
9,108,186,142.1,49.3,45,183,9,Barcelona Grand Prix,BEA,Haas F1 Team,76.389,5
10,122,190,148.6,39.5,43,172,9,Barcelona Grand Prix,BEA,Haas F1 Team,76.389,2
11,236,259,249.9,95.8,27,259,9,Barcelona Grand Prix,BEA,Haas F1 Team,76.389,5
12,244,271,253.5,77.3,33,254,9,Barcelona Grand Prix,BEA,Haas F1 Team,76.389,13
1,140,200,157.8,18.9,22,151,9,Barcelona Grand Prix,SAI,Williams,76.881,13
2,164,192,178.1,75.5,17,192,9,Barcelona Grand Prix,SAI,Williams,76.881,10
3,220,258,235.9,87.1,54,258,9,Barcelona Grand Prix,SAI,Williams,76.881,11
4,137,218,171.9,54.5,50,218,9,Barcelona Grand Prix,SAI,Williams,76.881,16
5,98,176,123.9,27.8,29,147,9,Barcelona Grand Prix,SAI,Williams,76.881,7
6,136,261,198.8,56.5,23,144,9,Barcelona Grand Prix,SAI,Williams,76.881,14
7,153,194,176.5,94.5,12,194,9,Barcelona Grand Prix,SAI,Williams,76.881,25
8,232,245,236.7,75.8,36,243,9,Barcelona Grand Prix,SAI,Williams,76.881,17
9,111,185,142.2,43.2,46,185,9,Barcelona Grand Prix,SAI,Williams,76.881,2
10,120,194,146.9,38.7,44,179,9,Barcelona Grand Prix,SAI,Williams,76.881,4
11,239,256,249.2,96.7,27,256,9,Barcelona Grand Prix,SAI,Williams,76.881,2
12,244,259,248.7,75.2,33,251,9,Barcelona Grand Prix,SAI,Williams,76.881,13
1,139,220,158.4,19.6,22,147,9,Barcelona Grand Prix,OCO,Haas F1 Team,77.073,14
2,158,188,173.0,70.2,17,188,9,Barcelona Grand Prix,OCO,Haas F1 Team,77.073,16
3,215,255,230.8,83.0,54,255,9,Barcelona Grand Prix,OCO,Haas F1 Team,77.073,16
4,136,216,171.0,53.4,50,216,9,Barcelona Grand Prix,OCO,Haas F1 Team,77.073,17
5,96,190,126.4,29.9,29,148,9,Barcelona Grand Prix,OCO,Haas F1 Team,77.073,9
6,139,256,176.4,41.1,23,155,9,Barcelona Grand Prix,OCO,Haas F1 Team,77.073,11
7,165,206,185.1,92.7,12,206,9,Barcelona Grand Prix,OCO,Haas F1 Team,77.073,13
8,228,250,237.3,73.8,36,242,9,Barcelona Grand Prix,OCO,Haas F1 Team,77.073,21
9,104,182,140.9,48.7,45,182,9,Barcelona Grand Prix,OCO,Haas F1 Team,77.073,9
10,115,192,146.7,37.9,44,176,9,Barcelona Grand Prix,OCO,Haas F1 Team,77.073,9
11,238,257,248.1,92.7,27,257,9,Barcelona Grand Prix,OCO,Haas F1 Team,77.073,3
12,239,267,248.7,71.5,33,246,9,Barcelona Grand Prix,OCO,Haas F1 Team,77.073,18
1,136,200,157.2,18.5,22,143,9,Barcelona Grand Prix,ALB,Williams,77.424,17
2,155,190,174.3,72.6,17,190,9,Barcelona Grand Prix,ALB,Williams,77.424,19
3,219,249,232.5,78.9,54,249,9,Barcelona Grand Prix,ALB,Williams,77.424,12
4,135,212,169.7,50.5,50,212,9,Barcelona Grand Prix,ALB,Williams,77.424,18
5,93,185,122.3,29.4,29,147,9,Barcelona Grand Prix,ALB,Williams,77.424,12
6,137,261,198.9,44.9,23,138,9,Barcelona Grand Prix,ALB,Williams,77.424,13
7,148,191,169.6,88.9,12,191,9,Barcelona Grand Prix,ALB,Williams,77.424,30
8,227,250,236.8,68.9,36,239,9,Barcelona Grand Prix,ALB,Williams,77.424,22
9,103,199,142.7,42.2,45,188,9,Barcelona Grand Prix,ALB,Williams,77.424,10
10,117,195,147.2,30.2,44,172,9,Barcelona Grand Prix,ALB,Williams,77.424,7
11,236,256,248.6,96.4,27,256,9,Barcelona Grand Prix,ALB,Williams,77.424,5
12,241,258,247.0,75.1,33,249,9,Barcelona Grand Prix,ALB,Williams,77.424,16
1,142,199,158.4,18.4,22,148,9,Barcelona Grand Prix,PER,Cadillac,77.545,11
2,154,187,173.4,69.3,17,187,9,Barcelona Grand Prix,PER,Cadillac,77.545,20
3,219,253,229.7,79.1,54,253,9,Barcelona Grand Prix,PER,Cadillac,77.545,12
4,137,218,173.5,52.7,50,218,9,Barcelona Grand Prix,PER,Cadillac,77.545,16
5,97,177,123.7,24.7,29,148,9,Barcelona Grand Prix,PER,Cadillac,77.545,8
6,138,215,159.2,18.1,23,146,9,Barcelona Grand Prix,PER,Cadillac,77.545,12
7,154,202,181.9,94.3,12,202,9,Barcelona Grand Prix,PER,Cadillac,77.545,24
8,219,249,232.0,54.1,36,236,9,Barcelona Grand Prix,PER,Cadillac,77.545,30
9,105,185,140.7,46.2,45,178,9,Barcelona Grand Prix,PER,Cadillac,77.545,8
10,116,188,144.2,38.1,44,172,9,Barcelona Grand Prix,PER,Cadillac,77.545,8
11,233,252,245.9,96.9,27,252,9,Barcelona Grand Prix,PER,Cadillac,77.545,8
12,230,254,241.9,63.3,33,245,9,Barcelona Grand Prix,PER,Cadillac,77.545,27
1,139,211,160.8,19.2,22,149,9,Barcelona Grand Prix,BOT,Cadillac,77.757,14
2,155,183,168.2,68.0,17,183,9,Barcelona Grand Prix,BOT,Cadillac,77.757,19
3,216,255,235.5,83.8,54,255,9,Barcelona Grand Prix,BOT,Cadillac,77.757,15
4,137,216,169.8,57.2,50,216,9,Barcelona Grand Prix,BOT,Cadillac,77.757,16
5,94,182,118.4,31.8,29,148,9,Barcelona Grand Prix,BOT,Cadillac,77.757,11
6,133,206,155.4,23.4,23,146,9,Barcelona Grand Prix,BOT,Cadillac,77.757,17
7,167,203,187.5,100.0,12,203,9,Barcelona Grand Prix,BOT,Cadillac,77.757,11
8,223,251,233.4,65.4,36,237,9,Barcelona Grand Prix,BOT,Cadillac,77.757,26
9,100,181,137.3,51.0,45,178,9,Barcelona Grand Prix,BOT,Cadillac,77.757,13
10,119,186,144.9,39.0,44,173,9,Barcelona Grand Prix,BOT,Cadillac,77.757,5
11,237,245,243.2,88.8,27,244,9,Barcelona Grand Prix,BOT,Cadillac,77.757,4
12,234,251,240.3,81.0,33,251,9,Barcelona Grand Prix,BOT,Cadillac,77.757,23
1,134,202,154.2,14.2,22,147,9,Barcelona Grand Prix,STR,Aston Martin,78.758,19
2,160,189,174.8,69.1,17,189,9,Barcelona Grand Prix,STR,Aston Martin,78.758,14
3,211,246,224.7,82.2,54,246,9,Barcelona Grand Prix,STR,Aston Martin,78.758,20
4,134,210,168.1,53.7,50,210,9,Barcelona Grand Prix,STR,Aston Martin,78.758,19
5,97,174,122.6,30.8,29,155,9,Barcelona Grand Prix,STR,Aston Martin,78.758,8
7,162,199,182.8,92.4,12,199,9,Barcelona Grand Prix,STR,Aston Martin,78.758,16
8,217,242,228.3,64.5,36,238,9,Barcelona Grand Prix,STR,Aston Martin,78.758,32
9,106,186,140.0,47.1,45,186,9,Barcelona Grand Prix,STR,Aston Martin,78.758,7
10,113,192,145.0,40.6,44,176,9,Barcelona Grand Prix,STR,Aston Martin,78.758,11
11,234,248,244.0,93.1,27,248,9,Barcelona Grand Prix,STR,Aston Martin,78.758,7
12,232,256,241.2,70.8,33,239,9,Barcelona Grand Prix,STR,Aston Martin,78.758,25
1,136,189,151.7,19.7,22,148,9,Barcelona Grand Prix,ALO,Aston Martin,78.815,17
2,159,189,173.1,67.2,17,189,9,Barcelona Grand Prix,ALO,Aston Martin,78.815,15
3,211,244,220.9,77.3,54,244,9,Barcelona Grand Prix,ALO,Aston Martin,78.815,20
4,135,211,165.4,54.6,49,211,9,Barcelona Grand Prix,ALO,Aston Martin,78.815,18
5,98,164,120.9,25.4,29,146,9,Barcelona Grand Prix,ALO,Aston Martin,78.815,7
7,146,188,164.4,90.2,12,188,9,Barcelona Grand Prix,ALO,Aston Martin,78.815,32
8,218,242,229.0,58.6,36,231,9,Barcelona Grand Prix,ALO,Aston Martin,78.815,31
9,104,184,140.3,42.7,45,184,9,Barcelona Grand Prix,ALO,Aston Martin,78.815,9
10,114,193,144.1,33.9,44,172,9,Barcelona Grand Prix,ALO,Aston Martin,78.815,10
11,232,250,243.5,100.0,27,250,9,Barcelona Grand Prix,ALO,Aston Martin,78.815,9
12,231,251,239.2,60.8,33,237,9,Barcelona Grand Prix,ALO,Aston Martin,78.815,26
1,135,184,150.4,21.4,20,156,10,Austrian Grand Prix,RUS,Mercedes,66.113,0
2,72,135,96.0,15.7,19,105,10,Austrian Grand Prix,RUS,Mercedes,66.113,1
3,107,228,158.9,57.5,46,228,10,Austrian Grand Prix,RUS,Mercedes,66.113,0
4,184,245,204.2,36.8,46,217,10,Austrian Grand Prix,RUS,Mercedes,66.113,3
5,208,236,218.9,43.6,32,227,10,Austrian Grand Prix,RUS,Mercedes,66.113,4
6,257,277,266.2,100.0,18,277,10,Austrian Grand Prix,RUS,Mercedes,66.113,0
7,231,269,244.4,29.7,26,233,10,Austrian Grand Prix,RUS,Mercedes,66.113,8
8,186,209,195.7,44.8,23,209,10,Austrian Grand Prix,RUS,Mercedes,66.113,0
1,135,197,150.8,29.4,20,150,10,Austrian Grand Prix,LEC,Ferrari,66.349,0
2,72,149,97.6,26.4,19,112,10,Austrian Grand Prix,LEC,Ferrari,66.349,1
3,104,231,159.9,61.9,46,231,10,Austrian Grand Prix,LEC,Ferrari,66.349,3
4,187,237,203.7,47.1,46,217,10,Austrian Grand Prix,LEC,Ferrari,66.349,0
5,212,232,219.2,60.7,32,223,10,Austrian Grand Prix,LEC,Ferrari,66.349,0
6,254,273,263.9,100.0,18,273,10,Austrian Grand Prix,LEC,Ferrari,66.349,3
7,239,286,249.5,55.7,26,240,10,Austrian Grand Prix,LEC,Ferrari,66.349,0
8,185,210,193.9,55.3,22,200,10,Austrian Grand Prix,LEC,Ferrari,66.349,1
1,131,189,149.3,31.0,20,157,10,Austrian Grand Prix,HAM,Ferrari,66.408,4
2,72,151,99.4,19.4,19,106,10,Austrian Grand Prix,HAM,Ferrari,66.408,1
3,107,231,159.2,58.8,46,231,10,Austrian Grand Prix,HAM,Ferrari,66.408,0
4,176,249,200.1,56.5,46,210,10,Austrian Grand Prix,HAM,Ferrari,66.408,11
5,210,230,219.5,58.1,32,223,10,Austrian Grand Prix,HAM,Ferrari,66.408,2
6,252,274,262.9,100.0,18,274,10,Austrian Grand Prix,HAM,Ferrari,66.408,5
7,235,293,252.6,40.7,26,235,10,Austrian Grand Prix,HAM,Ferrari,66.408,4
8,186,218,195.1,45.7,23,197,10,Austrian Grand Prix,HAM,Ferrari,66.408,0
1,132,188,148.8,17.8,20,143,10,Austrian Grand Prix,ANT,Mercedes,66.414,3
2,71,148,98.3,13.1,19,94,10,Austrian Grand Prix,ANT,Mercedes,66.414,2
3,103,225,155.2,55.3,46,225,10,Austrian Grand Prix,ANT,Mercedes,66.414,4
4,183,245,202.9,43.1,46,216,10,Austrian Grand Prix,ANT,Mercedes,66.414,4
5,210,236,218.1,46.2,32,219,10,Austrian Grand Prix,ANT,Mercedes,66.414,2
6,254,275,264.4,100.0,18,275,10,Austrian Grand Prix,ANT,Mercedes,66.414,3
7,238,278,249.3,35.3,26,238,10,Austrian Grand Prix,ANT,Mercedes,66.414,1
8,183,214,193.0,40.3,23,201,10,Austrian Grand Prix,ANT,Mercedes,66.414,3
1,131,198,149.9,22.8,20,152,10,Austrian Grand Prix,VER,Red Bull Racing,66.475,4
2,68,156,95.3,12.3,19,99,10,Austrian Grand Prix,VER,Red Bull Racing,66.475,5
3,105,225,156.9,57.1,46,225,10,Austrian Grand Prix,VER,Red Bull Racing,66.475,2
4,182,255,203.5,34.8,46,211,10,Austrian Grand Prix,VER,Red Bull Racing,66.475,5
5,208,233,217.6,39.3,32,219,10,Austrian Grand Prix,VER,Red Bull Racing,66.475,4
6,249,272,261.2,100.0,18,272,10,Austrian Grand Prix,VER,Red Bull Racing,66.475,8
7,232,282,245.7,41.6,26,232,10,Austrian Grand Prix,VER,Red Bull Racing,66.475,7
8,180,214,192.4,32.9,23,197,10,Austrian Grand Prix,VER,Red Bull Racing,66.475,6
1,131,180,145.3,22.3,20,152,10,Austrian Grand Prix,NOR,McLaren,66.502,4
2,73,156,100.2,12.0,19,101,10,Austrian Grand Prix,NOR,McLaren,66.502,0
3,107,228,157.5,55.4,46,228,10,Austrian Grand Prix,NOR,McLaren,66.502,0
4,177,242,201.0,40.2,46,217,10,Austrian Grand Prix,NOR,McLaren,66.502,10
5,202,234,214.2,34.9,32,219,10,Austrian Grand Prix,NOR,McLaren,66.502,10
6,251,275,264.2,100.0,18,275,10,Austrian Grand Prix,NOR,McLaren,66.502,6
7,229,287,248.2,28.0,26,230,10,Austrian Grand Prix,NOR,McLaren,66.502,10
8,182,218,192.5,33.7,23,201,10,Austrian Grand Prix,NOR,McLaren,66.502,4
1,130,183,146.0,23.3,20,149,10,Austrian Grand Prix,PIA,McLaren,66.511,5
2,70,149,97.0,13.2,19,102,10,Austrian Grand Prix,PIA,McLaren,66.511,3
3,104,227,156.6,53.9,46,227,10,Austrian Grand Prix,PIA,McLaren,66.511,3
4,182,242,202.6,39.3,46,220,10,Austrian Grand Prix,PIA,McLaren,66.511,5
5,208,229,217.2,43.8,32,226,10,Austrian Grand Prix,PIA,McLaren,66.511,4
6,255,273,264.6,99.0,18,273,10,Austrian Grand Prix,PIA,McLaren,66.511,2
7,233,282,247.3,30.1,26,234,10,Austrian Grand Prix,PIA,McLaren,66.511,6
8,182,209,191.5,37.6,23,197,10,Austrian Grand Prix,PIA,McLaren,66.511,4
1,132,199,148.7,20.5,20,150,10,Austrian Grand Prix,HAD,Red Bull Racing,66.632,3
2,68,159,99.6,13.3,19,101,10,Austrian Grand Prix,HAD,Red Bull Racing,66.632,5
3,103,223,157.1,56.5,46,223,10,Austrian Grand Prix,HAD,Red Bull Racing,66.632,4
4,176,246,200.9,44.3,46,211,10,Austrian Grand Prix,HAD,Red Bull Racing,66.632,11
5,206,234,217.4,56.5,32,229,10,Austrian Grand Prix,HAD,Red Bull Racing,66.632,6
6,256,274,265.3,100.0,18,274,10,Austrian Grand Prix,HAD,Red Bull Racing,66.632,1
7,235,286,248.8,37.5,26,236,10,Austrian Grand Prix,HAD,Red Bull Racing,66.632,4
8,185,214,193.4,36.1,23,200,10,Austrian Grand Prix,HAD,Red Bull Racing,66.632,1
1,131,164,142.0,38.6,20,159,10,Austrian Grand Prix,LAW,Racing Bulls,66.955,4
2,71,136,95.3,22.2,19,109,10,Austrian Grand Prix,LAW,Racing Bulls,66.955,2
3,103,229,156.7,61.4,46,229,10,Austrian Grand Prix,LAW,Racing Bulls,66.955,4
4,173,240,196.1,44.1,45,217,10,Austrian Grand Prix,LAW,Racing Bulls,66.955,14
5,205,231,211.6,50.2,32,213,10,Austrian Grand Prix,LAW,Racing Bulls,66.955,7
6,253,276,265.4,100.0,19,276,10,Austrian Grand Prix,LAW,Racing Bulls,66.955,4
7,229,272,240.3,38.2,26,231,10,Austrian Grand Prix,LAW,Racing Bulls,66.955,10
8,180,213,188.1,52.1,22,200,10,Austrian Grand Prix,LAW,Racing Bulls,66.955,6
1,128,168,142.3,36.3,20,159,10,Austrian Grand Prix,LIN,Racing Bulls,67.007,7
2,71,142,95.9,22.2,19,102,10,Austrian Grand Prix,LIN,Racing Bulls,67.007,2
3,100,227,153.9,58.4,46,227,10,Austrian Grand Prix,LIN,Racing Bulls,67.007,7
4,172,238,195.5,46.0,46,216,10,Austrian Grand Prix,LIN,Racing Bulls,67.007,15
5,202,234,211.9,51.4,32,217,10,Austrian Grand Prix,LIN,Racing Bulls,67.007,10
6,254,275,264.3,100.0,18,275,10,Austrian Grand Prix,LIN,Racing Bulls,67.007,3
7,223,272,236.0,41.2,26,226,10,Austrian Grand Prix,LIN,Racing Bulls,67.007,16
8,173,206,184.8,56.2,23,206,10,Austrian Grand Prix,LIN,Racing Bulls,67.007,13
1,130,185,146.2,20.4,20,139,10,Austrian Grand Prix,GAS,Alpine,67.223,5
2,70,147,95.8,19.5,19,100,10,Austrian Grand Prix,GAS,Alpine,67.223,3
3,102,223,155.9,57.7,46,223,10,Austrian Grand Prix,GAS,Alpine,67.223,5
4,177,247,198.7,39.0,46,209,10,Austrian Grand Prix,GAS,Alpine,67.223,10
5,201,233,211.7,43.3,32,210,10,Austrian Grand Prix,GAS,Alpine,67.223,11
6,247,271,260.3,100.0,18,271,10,Austrian Grand Prix,GAS,Alpine,67.223,10
7,224,275,239.5,34.6,26,226,10,Austrian Grand Prix,GAS,Alpine,67.223,15
8,174,207,184.9,45.2,23,195,10,Austrian Grand Prix,GAS,Alpine,67.223,12
1,127,178,141.8,30.4,20,152,10,Austrian Grand Prix,BOR,Audi,67.293,8
2,71,139,94.5,19.4,19,100,10,Austrian Grand Prix,BOR,Audi,67.293,2
3,104,227,157.1,60.8,46,227,10,Austrian Grand Prix,BOR,Audi,67.293,3
4,178,248,199.4,45.0,46,215,10,Austrian Grand Prix,BOR,Audi,67.293,9
5,204,235,216.1,52.9,32,221,10,Austrian Grand Prix,BOR,Audi,67.293,8
6,249,274,263.2,100.0,18,274,10,Austrian Grand Prix,BOR,Audi,67.293,8
7,233,271,242.4,50.0,26,235,10,Austrian Grand Prix,BOR,Audi,67.293,6
8,175,212,187.0,42.6,23,197,10,Austrian Grand Prix,BOR,Audi,67.293,11
1,130,172,144.4,30.1,20,150,10,Austrian Grand Prix,BEA,Haas F1 Team,67.523,5
2,72,154,97.5,19.4,19,101,10,Austrian Grand Prix,BEA,Haas F1 Team,67.523,1
3,103,228,155.5,61.5,46,228,10,Austrian Grand Prix,BEA,Haas F1 Team,67.523,4
4,178,235,196.7,45.5,46,211,10,Austrian Grand Prix,BEA,Haas F1 Team,67.523,9
5,201,231,210.5,43.8,32,214,10,Austrian Grand Prix,BEA,Haas F1 Team,67.523,11
6,249,271,260.6,100.0,18,271,10,Austrian Grand Prix,BEA,Haas F1 Team,67.523,8
7,225,277,239.6,35.2,26,227,10,Austrian Grand Prix,BEA,Haas F1 Team,67.523,14
8,171,207,183.3,45.4,23,192,10,Austrian Grand Prix,BEA,Haas F1 Team,67.523,15
1,128,195,144.5,24.2,20,142,10,Austrian Grand Prix,HUL,Audi,67.611,7
2,70,137,93.2,20.5,19,100,10,Austrian Grand Prix,HUL,Audi,67.611,3
3,101,228,154.4,61.4,46,228,10,Austrian Grand Prix,HUL,Audi,67.611,6
4,182,241,200.4,45.2,46,218,10,Austrian Grand Prix,HUL,Audi,67.611,5
5,204,236,213.9,51.1,32,217,10,Austrian Grand Prix,HUL,Audi,67.611,8
6,251,273,262.2,100.0,18,273,10,Austrian Grand Prix,HUL,Audi,67.611,6
7,222,262,232.9,42.4,26,226,10,Austrian Grand Prix,HUL,Audi,67.611,17
8,177,210,187.2,36.9,23,196,10,Austrian Grand Prix,HUL,Audi,67.611,9
1,127,182,141.6,31.3,20,144,10,Austrian Grand Prix,OCO,Haas F1 Team,67.817,8
2,71,156,95.9,22.0,19,97,10,Austrian Grand Prix,OCO,Haas F1 Team,67.817,2
3,101,224,154.5,62.6,46,224,10,Austrian Grand Prix,OCO,Haas F1 Team,67.817,6
4,175,242,197.0,45.5,46,211,10,Austrian Grand Prix,OCO,Haas F1 Team,67.817,12
5,197,232,208.3,47.8,32,213,10,Austrian Grand Prix,OCO,Haas F1 Team,67.817,15
6,245,269,258.6,100.0,18,269,10,Austrian Grand Prix,OCO,Haas F1 Team,67.817,12
7,232,276,244.2,48.1,26,234,10,Austrian Grand Prix,OCO,Haas F1 Team,67.817,7
8,177,208,186.4,47.4,23,192,10,Austrian Grand Prix,OCO,Haas F1 Team,67.817,9
1,123,187,142.1,25.1,21,145,10,Austrian Grand Prix,COL,Alpine,67.894,12
2,71,139,91.6,18.3,18,93,10,Austrian Grand Prix,COL,Alpine,67.894,2
3,101,226,155.0,58.5,46,226,10,Austrian Grand Prix,COL,Alpine,67.894,6
4,168,243,191.5,44.7,46,211,10,Austrian Grand Prix,COL,Alpine,67.894,19
5,198,227,207.0,46.0,32,201,10,Austrian Grand Prix,COL,Alpine,67.894,14
7,215,275,231.6,41.8,26,221,10,Austrian Grand Prix,COL,Alpine,67.894,24
8,169,201,181.9,49.5,23,196,10,Austrian Grand Prix,COL,Alpine,67.894,17
1,126,189,141.9,29.7,20,146,10,Austrian Grand Prix,SAI,Williams,68.252,9
2,70,133,92.0,22.7,19,105,10,Austrian Grand Prix,SAI,Williams,68.252,3
3,100,225,153.5,59.3,46,225,10,Austrian Grand Prix,SAI,Williams,68.252,7
4,165,231,191.1,40.5,46,211,10,Austrian Grand Prix,SAI,Williams,68.252,22
5,194,225,203.8,46.5,32,211,10,Austrian Grand Prix,SAI,Williams,68.252,18
6,244,269,258.5,100.0,18,269,10,Austrian Grand Prix,SAI,Williams,68.252,13
7,223,259,232.6,38.8,26,226,10,Austrian Grand Prix,SAI,Williams,68.252,16
8,174,207,183.8,39.1,23,190,10,Austrian Grand Prix,SAI,Williams,68.252,12
1,126,185,142.7,28.0,20,146,10,Austrian Grand Prix,ALB,Williams,68.509,9
2,68,143,94.9,23.7,19,105,10,Austrian Grand Prix,ALB,Williams,68.509,5
3,97,224,151.2,57.7,46,224,10,Austrian Grand Prix,ALB,Williams,68.509,10
4,169,239,190.7,40.4,46,205,10,Austrian Grand Prix,ALB,Williams,68.509,18
5,189,227,201.8,37.9,32,203,10,Austrian Grand Prix,ALB,Williams,68.509,23
6,244,271,256.5,100.0,18,271,10,Austrian Grand Prix,ALB,Williams,68.509,13
7,217,262,232.0,24.5,26,218,10,Austrian Grand Prix,ALB,Williams,68.509,22
8,174,199,182.6,40.3,23,192,10,Austrian Grand Prix,ALB,Williams,68.509,12
1,125,186,143.5,18.4,20,134,10,Austrian Grand Prix,PER,Cadillac,68.945,10
2,69,158,101.7,14.4,19,88,10,Austrian Grand Prix,PER,Cadillac,68.945,4
3,95,222,148.9,54.0,46,222,10,Austrian Grand Prix,PER,Cadillac,68.945,12
4,162,250,191.2,40.1,46,206,10,Austrian Grand Prix,PER,Cadillac,68.945,25
5,184,225,200.6,32.2,32,199,10,Austrian Grand Prix,PER,Cadillac,68.945,28
6,243,268,256.7,100.0,18,268,10,Austrian Grand Prix,PER,Cadillac,68.945,14
7,214,264,228.2,31.7,26,216,10,Austrian Grand Prix,PER,Cadillac,68.945,25
8,168,203,181.7,44.8,23,195,10,Austrian Grand Prix,PER,Cadillac,68.945,18
1,121,185,140.0,27.4,20,141,10,Austrian Grand Prix,BOT,Cadillac,69.03,14
2,66,158,97.3,18.3,19,97,10,Austrian Grand Prix,BOT,Cadillac,69.03,7
3,97,224,151.8,61.2,46,224,10,Austrian Grand Prix,BOT,Cadillac,69.03,10
4,167,231,188.6,34.8,46,202,10,Austrian Grand Prix,BOT,Cadillac,69.03,20
5,191,218,200.3,38.5,32,204,10,Austrian Grand Prix,BOT,Cadillac,69.03,21
6,240,265,252.7,100.0,18,265,10,Austrian Grand Prix,BOT,Cadillac,69.03,17
7,202,258,220.0,19.4,26,204,10,Austrian Grand Prix,BOT,Cadillac,69.03,37
8,169,198,178.7,33.9,23,190,10,Austrian Grand Prix,BOT,Cadillac,69.03,17
1,121,184,138.3,29.2,20,141,10,Austrian Grand Prix,ALO,Aston Martin,69.942,14
2,71,139,93.0,19.4,19,102,10,Austrian Grand Prix,ALO,Aston Martin,69.942,2
3,99,221,151.9,61.9,46,221,10,Austrian Grand Prix,ALO,Aston Martin,69.942,8
4,160,219,181.9,38.2,46,202,10,Austrian Grand Prix,ALO,Aston Martin,69.942,27
5,187,223,198.6,36.5,32,197,10,Austrian Grand Prix,ALO,Aston Martin,69.942,25
7,205,240,213.8,50.6,26,212,10,Austrian Grand Prix,ALO,Aston Martin,69.942,34
8,164,196,175.0,40.8,23,187,10,Austrian Grand Prix,ALO,Aston Martin,69.942,22
1,120,163,134.6,28.7,20,151,10,Austrian Grand Prix,STR,Aston Martin,70.363,15
2,67,130,90.4,20.6,19,99,10,Austrian Grand Prix,STR,Aston Martin,70.363,6
3,102,218,151.4,59.4,46,218,10,Austrian Grand Prix,STR,Aston Martin,70.363,5
4,162,227,179.0,33.9,46,175,10,Austrian Grand Prix,STR,Aston Martin,70.363,25
5,180,201,186.3,66.5,31,201,10,Austrian Grand Prix,STR,Aston Martin,70.363,32
6,237,265,253.2,100.0,19,265,10,Austrian Grand Prix,STR,Aston Martin,70.363,20
7,206,259,220.7,24.4,25,208,10,Austrian Grand Prix,STR,Aston Martin,70.363,33
8,166,199,175.0,31.7,23,183,10,Austrian Grand Prix,STR,Aston Martin,70.363,20
1,297,309,303.5,100.0,21,297,11,British Grand Prix,ANT,Mercedes,88.111,6
2,279,288,282.6,100.0,23,279,11,British Grand Prix,ANT,Mercedes,88.111,10
3,109,185,132.0,13.7,25,125,11,British Grand Prix,ANT,Mercedes,88.111,4
4,88,162,114.8,37.7,31,162,11,British Grand Prix,ANT,Mercedes,88.111,1
5,189,260,229.9,100.0,33,260,11,British Grand Prix,ANT,Mercedes,88.111,5
6,167,272,197.9,24.3,37,181,11,British Grand Prix,ANT,Mercedes,88.111,4
7,114,204,150.6,49.3,46,204,11,British Grand Prix,ANT,Mercedes,88.111,3
8,295,305,299.8,100.0,12,295,11,British Grand Prix,ANT,Mercedes,88.111,5
9,283,288,284.1,100.0,15,283,11,British Grand Prix,ANT,Mercedes,88.111,3
10,273,281,277.7,100.0,15,273,11,British Grand Prix,ANT,Mercedes,88.111,6
11,251,269,258.8,67.4,19,251,11,British Grand Prix,ANT,Mercedes,88.111,2
12,219,246,228.3,59.1,33,239,11,British Grand Prix,ANT,Mercedes,88.111,0
13,236,294,249.7,57.9,45,244,11,British Grand Prix,ANT,Mercedes,88.111,2
14,102,179,126.4,12.1,18,112,11,British Grand Prix,ANT,Mercedes,88.111,150
15,119,242,187.3,84.1,54,242,11,British Grand Prix,ANT,Mercedes,88.111,5
1,297,310,303.4,99.7,21,297,11,British Grand Prix,LEC,Ferrari,88.286,6
2,277,287,282.0,100.0,23,277,11,British Grand Prix,LEC,Ferrari,88.286,12
3,113,193,136.4,22.8,25,138,11,British Grand Prix,LEC,Ferrari,88.286,0
4,87,159,116.4,36.9,31,159,11,British Grand Prix,LEC,Ferrari,88.286,2
5,187,255,229.5,100.0,33,255,11,British Grand Prix,LEC,Ferrari,88.286,7
6,169,268,198.3,39.0,37,183,11,British Grand Prix,LEC,Ferrari,88.286,2
7,111,207,153.6,50.9,46,207,11,British Grand Prix,LEC,Ferrari,88.286,6
8,295,308,301.3,100.0,12,295,11,British Grand Prix,LEC,Ferrari,88.286,5
9,285,290,287.1,100.0,15,285,11,British Grand Prix,LEC,Ferrari,88.286,1
10,274,282,278.4,100.0,15,274,11,British Grand Prix,LEC,Ferrari,88.286,5
11,253,270,262.5,66.6,19,253,11,British Grand Prix,LEC,Ferrari,88.286,0
12,210,245,223.1,56.3,33,234,11,British Grand Prix,LEC,Ferrari,88.286,9
13,225,288,244.5,55.5,45,241,11,British Grand Prix,LEC,Ferrari,88.286,13
14,108,199,141.1,11.5,18,113,11,British Grand Prix,LEC,Ferrari,88.286,144
15,118,234,180.9,84.3,54,234,11,British Grand Prix,LEC,Ferrari,88.286,6
1,298,308,302.6,100.0,21,298,11,British Grand Prix,HAM,Ferrari,88.458,5
2,274,287,280.7,99.6,23,274,11,British Grand Prix,HAM,Ferrari,88.458,15
3,112,200,136.1,22.0,25,137,11,British Grand Prix,HAM,Ferrari,88.458,1
4,85,159,118.4,42.9,31,159,11,British Grand Prix,HAM,Ferrari,88.458,4
5,194,257,229.2,100.0,33,257,11,British Grand Prix,HAM,Ferrari,88.458,0
6,171,267,200.3,27.1,37,175,11,British Grand Prix,HAM,Ferrari,88.458,0
7,117,205,150.1,52.0,46,205,11,British Grand Prix,HAM,Ferrari,88.458,0
8,295,303,298.7,99.9,12,295,11,British Grand Prix,HAM,Ferrari,88.458,5
9,286,289,286.9,100.0,15,286,11,British Grand Prix,HAM,Ferrari,88.458,0
10,273,280,276.4,100.0,15,273,11,British Grand Prix,HAM,Ferrari,88.458,6
11,248,266,258.3,83.1,19,248,11,British Grand Prix,HAM,Ferrari,88.458,5
12,208,239,221.3,65.8,33,239,11,British Grand Prix,HAM,Ferrari,88.458,11
13,227,288,243.6,64.3,45,241,11,British Grand Prix,HAM,Ferrari,88.458,11
14,110,186,134.1,18.9,18,122,11,British Grand Prix,HAM,Ferrari,88.458,142
15,124,231,181.6,83.1,54,231,11,British Grand Prix,HAM,Ferrari,88.458,0
1,301,310,307.0,100.0,21,301,11,British Grand Prix,RUS,Mercedes,88.481,2
2,281,290,284.9,100.0,23,281,11,British Grand Prix,RUS,Mercedes,88.481,8
3,110,180,133.7,17.6,25,131,11,British Grand Prix,RUS,Mercedes,88.481,3
4,86,160,115.2,37.3,31,160,11,British Grand Prix,RUS,Mercedes,88.481,3
5,189,258,230.6,100.0,33,258,11,British Grand Prix,RUS,Mercedes,88.481,5
6,167,271,198.4,16.1,37,171,11,British Grand Prix,RUS,Mercedes,88.481,4
7,115,202,148.5,40.5,46,202,11,British Grand Prix,RUS,Mercedes,88.481,2
8,297,307,302.2,100.0,12,297,11,British Grand Prix,RUS,Mercedes,88.481,3
9,284,291,286.3,100.0,15,284,11,British Grand Prix,RUS,Mercedes,88.481,2
10,272,281,276.9,100.0,15,272,11,British Grand Prix,RUS,Mercedes,88.481,7
11,249,267,258.9,57.1,19,249,11,British Grand Prix,RUS,Mercedes,88.481,4
12,212,241,225.5,62.0,33,239,11,British Grand Prix,RUS,Mercedes,88.481,7
13,238,295,249.8,55.8,45,241,11,British Grand Prix,RUS,Mercedes,88.481,0
14,105,200,133.0,8.1,18,110,11,British Grand Prix,RUS,Mercedes,88.481,147
15,114,240,182.3,81.5,54,240,11,British Grand Prix,RUS,Mercedes,88.481,10
1,303,310,306.5,100.0,21,303,11,British Grand Prix,HAD,Red Bull Racing,88.746,0
2,279,291,285.3,100.0,23,279,11,British Grand Prix,HAD,Red Bull Racing,88.746,10
3,110,190,133.7,9.0,25,126,11,British Grand Prix,HAD,Red Bull Racing,88.746,3
4,86,147,114.8,27.2,31,147,11,British Grand Prix,HAD,Red Bull Racing,88.746,3
5,181,258,228.8,100.0,33,258,11,British Grand Prix,HAD,Red Bull Racing,88.746,13
6,164,274,197.6,10.5,37,169,11,British Grand Prix,HAD,Red Bull Racing,88.746,7
7,113,203,147.6,40.7,46,203,11,British Grand Prix,HAD,Red Bull Racing,88.746,4
8,288,302,295.9,41.5,13,288,11,British Grand Prix,HAD,Red Bull Racing,88.746,12
9,280,283,281.1,87.9,15,283,11,British Grand Prix,HAD,Red Bull Racing,88.746,6
10,273,283,278.4,100.0,15,273,11,British Grand Prix,HAD,Red Bull Racing,88.746,6
11,247,268,256.4,29.1,19,247,11,British Grand Prix,HAD,Red Bull Racing,88.746,6
12,214,237,220.7,45.7,33,237,11,British Grand Prix,HAD,Red Bull Racing,88.746,5
13,225,287,243.2,45.8,45,241,11,British Grand Prix,HAD,Red Bull Racing,88.746,13
14,106,200,133.2,8.0,18,116,11,British Grand Prix,HAD,Red Bull Racing,88.746,146
15,121,232,181.6,79.2,54,232,11,British Grand Prix,HAD,Red Bull Racing,88.746,3
1,297,308,302.3,100.0,21,297,11,British Grand Prix,NOR,McLaren,88.877,6
2,279,288,283.5,100.0,23,279,11,British Grand Prix,NOR,McLaren,88.877,10
3,107,185,130.3,11.6,25,123,11,British Grand Prix,NOR,McLaren,88.877,6
4,84,157,115.1,31.3,31,157,11,British Grand Prix,NOR,McLaren,88.877,5
5,186,258,229.1,100.0,33,258,11,British Grand Prix,NOR,McLaren,88.877,8
6,161,263,194.9,13.7,37,172,11,British Grand Prix,NOR,McLaren,88.877,10
7,113,203,148.4,39.6,46,203,11,British Grand Prix,NOR,McLaren,88.877,4
8,290,297,293.0,100.0,12,290,11,British Grand Prix,NOR,McLaren,88.877,10
9,277,285,280.2,100.0,15,277,11,British Grand Prix,NOR,McLaren,88.877,9
10,275,285,280.5,100.0,15,275,11,British Grand Prix,NOR,McLaren,88.877,4
11,244,265,252.5,28.9,19,244,11,British Grand Prix,NOR,McLaren,88.877,9
12,208,238,220.4,42.2,33,232,11,British Grand Prix,NOR,McLaren,88.877,11
13,229,290,247.2,43.3,45,240,11,British Grand Prix,NOR,McLaren,88.877,9
14,107,185,131.0,7.9,18,112,11,British Grand Prix,NOR,McLaren,88.877,145
15,115,230,178.8,77.9,54,230,11,British Grand Prix,NOR,McLaren,88.877,9
1,302,311,306.1,100.0,21,302,11,British Grand Prix,VER,Red Bull Racing,88.893,1
2,275,287,281.6,100.0,23,275,11,British Grand Prix,VER,Red Bull Racing,88.893,14
3,109,207,136.9,10.8,25,129,11,British Grand Prix,VER,Red Bull Racing,88.893,4
4,85,149,114.9,32.1,31,149,11,British Grand Prix,VER,Red Bull Racing,88.893,4
5,185,258,230.9,100.0,33,258,11,British Grand Prix,VER,Red Bull Racing,88.893,9
6,164,265,193.2,18.3,37,177,11,British Grand Prix,VER,Red Bull Racing,88.893,7
7,113,203,151.1,37.4,46,203,11,British Grand Prix,VER,Red Bull Racing,88.893,4
8,288,300,294.2,43.5,12,288,11,British Grand Prix,VER,Red Bull Racing,88.893,12
9,284,286,284.5,82.2,15,286,11,British Grand Prix,VER,Red Bull Racing,88.893,2
10,279,289,283.8,100.0,15,279,11,British Grand Prix,VER,Red Bull Racing,88.893,0
11,242,273,257.0,23.6,19,242,11,British Grand Prix,VER,Red Bull Racing,88.893,11
12,209,238,220.0,39.1,33,232,11,British Grand Prix,VER,Red Bull Racing,88.893,10
13,220,294,244.0,43.8,45,238,11,British Grand Prix,VER,Red Bull Racing,88.893,18
14,104,197,133.4,5.6,18,111,11,British Grand Prix,VER,Red Bull Racing,88.893,148
15,115,236,181.7,79.3,54,236,11,British Grand Prix,VER,Red Bull Racing,88.893,9
1,298,308,303.2,98.1,21,298,11,British Grand Prix,PIA,McLaren,89.032,5
2,278,289,283.5,99.0,23,278,11,British Grand Prix,PIA,McLaren,89.032,11
3,111,192,136.3,10.0,25,126,11,British Grand Prix,PIA,McLaren,89.032,2
4,85,152,113.4,28.5,31,152,11,British Grand Prix,PIA,McLaren,89.032,4
5,182,259,229.7,99.0,33,259,11,British Grand Prix,PIA,McLaren,89.032,12
6,161,265,194.5,12.5,37,172,11,British Grand Prix,PIA,McLaren,89.032,10
7,111,197,145.7,38.7,46,197,11,British Grand Prix,PIA,McLaren,89.032,6
8,291,299,295.5,98.0,12,291,11,British Grand Prix,PIA,McLaren,89.032,9
9,277,284,280.9,98.0,15,277,11,British Grand Prix,PIA,McLaren,89.032,9
10,274,285,280.1,98.0,16,274,11,British Grand Prix,PIA,McLaren,89.032,5
11,245,268,255.8,27.7,18,245,11,British Grand Prix,PIA,McLaren,89.032,8
12,209,233,218.1,42.4,33,225,11,British Grand Prix,PIA,McLaren,89.032,10
13,230,295,248.1,42.7,45,240,11,British Grand Prix,PIA,McLaren,89.032,8
14,107,215,156.7,5.3,18,109,11,British Grand Prix,PIA,McLaren,89.032,145
15,112,232,178.6,77.3,55,232,11,British Grand Prix,PIA,McLaren,89.032,12
1,302,313,308.3,100.0,21,302,11,British Grand Prix,LAW,Racing Bulls,89.3,1
2,281,291,285.8,100.0,23,281,11,British Grand Prix,LAW,Racing Bulls,89.3,8
3,106,182,128.6,22.5,25,131,11,British Grand Prix,LAW,Racing Bulls,89.3,7
4,87,152,116.1,39.4,31,152,11,British Grand Prix,LAW,Racing Bulls,89.3,2
5,188,258,230.0,100.0,33,258,11,British Grand Prix,LAW,Racing Bulls,89.3,6
6,159,276,189.0,23.8,37,176,11,British Grand Prix,LAW,Racing Bulls,89.3,12
7,117,197,145.3,45.3,46,197,11,British Grand Prix,LAW,Racing Bulls,89.3,0
8,282,300,291.0,26.6,13,282,11,British Grand Prix,LAW,Racing Bulls,89.3,18
9,274,277,275.3,85.8,15,276,11,British Grand Prix,LAW,Racing Bulls,89.3,12
10,279,288,283.4,100.0,15,279,11,British Grand Prix,LAW,Racing Bulls,89.3,0
11,238,272,255.8,9.7,19,238,11,British Grand Prix,LAW,Racing Bulls,89.3,15
12,203,238,217.1,59.8,33,238,11,British Grand Prix,LAW,Racing Bulls,89.3,16
13,218,279,234.7,56.2,45,238,11,British Grand Prix,LAW,Racing Bulls,89.3,20
14,106,179,130.9,10.7,18,110,11,British Grand Prix,LAW,Racing Bulls,89.3,146
15,112,233,180.0,83.7,54,233,11,British Grand Prix,LAW,Racing Bulls,89.3,12
1,299,311,306.0,100.0,21,299,11,British Grand Prix,LIN,Racing Bulls,89.305,4
2,280,290,285.2,100.0,23,280,11,British Grand Prix,LIN,Racing Bulls,89.305,9
3,110,185,132.3,16.2,25,126,11,British Grand Prix,LIN,Racing Bulls,89.305,3
4,84,153,113.6,40.2,31,153,11,British Grand Prix,LIN,Racing Bulls,89.305,5
5,182,258,228.4,100.0,33,258,11,British Grand Prix,LIN,Racing Bulls,89.305,12
6,158,272,193.2,27.1,37,172,11,British Grand Prix,LIN,Racing Bulls,89.305,13
7,110,197,146.9,47.4,46,197,11,British Grand Prix,LIN,Racing Bulls,89.305,7
8,283,299,292.3,40.7,12,283,11,British Grand Prix,LIN,Racing Bulls,89.305,17
9,277,282,278.8,99.7,15,282,11,British Grand Prix,LIN,Racing Bulls,89.305,9
10,277,286,280.8,100.0,15,277,11,British Grand Prix,LIN,Racing Bulls,89.305,2
11,238,270,258.5,36.4,19,238,11,British Grand Prix,LIN,Racing Bulls,89.305,15
12,200,232,212.3,62.4,33,232,11,British Grand Prix,LIN,Racing Bulls,89.305,19
13,221,298,241.9,57.5,45,237,11,British Grand Prix,LIN,Racing Bulls,89.305,17
14,101,199,132.9,11.2,18,109,11,British Grand Prix,LIN,Racing Bulls,89.305,151
15,113,236,179.5,85.2,55,236,11,British Grand Prix,LIN,Racing Bulls,89.305,11
1,301,311,306.2,100.0,21,301,11,British Grand Prix,BOR,Audi,89.461,2
2,286,294,290.1,100.0,23,286,11,British Grand Prix,BOR,Audi,89.461,3
3,107,192,131.3,15.6,25,128,11,British Grand Prix,BOR,Audi,89.461,6
4,86,161,116.2,37.2,31,161,11,British Grand Prix,BOR,Audi,89.461,3
5,188,257,228.7,100.0,33,257,11,British Grand Prix,BOR,Audi,89.461,6
6,153,259,188.8,14.4,37,161,11,British Grand Prix,BOR,Audi,89.461,18
7,112,203,145.9,48.2,46,203,11,British Grand Prix,BOR,Audi,89.461,5
8,291,297,293.1,97.3,12,291,11,British Grand Prix,BOR,Audi,89.461,9
9,280,283,281.8,81.2,15,283,11,British Grand Prix,BOR,Audi,89.461,6
10,273,282,277.6,100.0,15,273,11,British Grand Prix,BOR,Audi,89.461,6
11,247,266,258.2,57.4,19,247,11,British Grand Prix,BOR,Audi,89.461,6
12,210,237,220.1,56.7,33,233,11,British Grand Prix,BOR,Audi,89.461,9
13,217,282,236.7,61.5,45,235,11,British Grand Prix,BOR,Audi,89.461,21
14,105,180,129.3,15.3,18,122,11,British Grand Prix,BOR,Audi,89.461,147
15,124,235,181.7,83.7,54,235,11,British Grand Prix,BOR,Audi,89.461,0
1,300,310,304.8,94.9,21,300,11,British Grand Prix,HUL,Audi,89.539,3
2,284,293,288.1,100.0,23,284,11,British Grand Prix,HUL,Audi,89.539,5
3,111,167,126.8,17.2,25,128,11,British Grand Prix,HUL,Audi,89.539,2
4,89,154,115.4,34.7,31,154,11,British Grand Prix,HUL,Audi,89.539,0
5,184,257,228.6,99.8,33,257,11,British Grand Prix,HUL,Audi,89.539,10
6,164,255,192.3,17.5,37,170,11,British Grand Prix,HUL,Audi,89.539,7
7,114,203,147.8,44.6,46,203,11,British Grand Prix,HUL,Audi,89.539,3
8,288,298,293.3,77.3,12,288,11,British Grand Prix,HUL,Audi,89.539,12
9,281,283,282.3,93.8,15,283,11,British Grand Prix,HUL,Audi,89.539,5
10,278,289,283.3,100.0,15,278,11,British Grand Prix,HUL,Audi,89.539,1
11,244,272,256.7,32.4,19,244,11,British Grand Prix,HUL,Audi,89.539,9
12,203,232,215.3,57.6,33,231,11,British Grand Prix,HUL,Audi,89.539,16
13,214,279,234.6,51.3,45,237,11,British Grand Prix,HUL,Audi,89.539,24
14,109,186,128.8,12.8,18,118,11,British Grand Prix,HUL,Audi,89.539,143
15,121,232,178.7,81.3,54,232,11,British Grand Prix,HUL,Audi,89.539,3
1,301,313,305.9,83.7,21,301,11,British Grand Prix,GAS,Alpine,90.063,2
2,289,299,295.2,100.0,23,289,11,British Grand Prix,GAS,Alpine,90.063,0
3,104,182,127.3,18.3,25,127,11,British Grand Prix,GAS,Alpine,90.063,9
4,86,155,114.6,40.9,31,155,11,British Grand Prix,GAS,Alpine,90.063,3
5,184,257,227.9,100.0,33,257,11,British Grand Prix,GAS,Alpine,90.063,10
6,159,251,187.0,18.7,37,164,11,British Grand Prix,GAS,Alpine,90.063,12
7,108,203,146.4,47.8,46,203,11,British Grand Prix,GAS,Alpine,90.063,9
8,285,298,291.7,61.4,12,285,11,British Grand Prix,GAS,Alpine,90.063,15
9,276,278,276.9,76.8,15,276,11,British Grand Prix,GAS,Alpine,90.063,10
10,276,287,281.6,100.0,15,276,11,British Grand Prix,GAS,Alpine,90.063,3
11,242,273,259.3,35.3,19,242,11,British Grand Prix,GAS,Alpine,90.063,11
12,197,230,211.3,57.5,33,225,11,British Grand Prix,GAS,Alpine,90.063,22
13,209,279,232.9,39.0,45,228,11,British Grand Prix,GAS,Alpine,90.063,29
14,104,161,122.2,17.0,18,120,11,British Grand Prix,GAS,Alpine,90.063,148
15,123,232,179.7,83.1,54,232,11,British Grand Prix,GAS,Alpine,90.063,1
1,294,305,299.4,100.0,21,294,11,British Grand Prix,BEA,Haas F1 Team,90.501,9
2,275,282,278.0,100.0,23,275,11,British Grand Prix,BEA,Haas F1 Team,90.501,14
3,109,172,128.3,19.1,25,127,11,British Grand Prix,BEA,Haas F1 Team,90.501,4
4,85,150,110.4,35.5,31,150,11,British Grand Prix,BEA,Haas F1 Team,90.501,4
5,178,255,224.7,99.8,33,255,11,British Grand Prix,BEA,Haas F1 Team,90.501,16
6,158,258,189.9,20.9,37,169,11,British Grand Prix,BEA,Haas F1 Team,90.501,13
7,113,194,144.4,47.1,46,194,11,British Grand Prix,BEA,Haas F1 Team,90.501,4
8,293,304,298.5,76.4,13,293,11,British Grand Prix,BEA,Haas F1 Team,90.501,7
9,275,282,276.5,83.1,15,275,11,British Grand Prix,BEA,Haas F1 Team,90.501,11
10,273,282,278.0,100.0,15,273,11,British Grand Prix,BEA,Haas F1 Team,90.501,6
11,235,268,253.1,36.6,19,235,11,British Grand Prix,BEA,Haas F1 Team,90.501,18
12,202,230,211.6,61.9,33,230,11,British Grand Prix,BEA,Haas F1 Team,90.501,17
13,212,281,233.5,47.4,44,231,11,British Grand Prix,BEA,Haas F1 Team,90.501,26
14,107,200,136.5,12.4,18,112,11,British Grand Prix,BEA,Haas F1 Team,90.501,145
15,115,224,170.8,83.3,54,224,11,British Grand Prix,BEA,Haas F1 Team,90.501,9
1,300,312,306.2,100.0,20,300,11,British Grand Prix,SAI,Williams,90.562,3
2,277,288,282.5,100.0,23,277,11,British Grand Prix,SAI,Williams,90.562,12
3,109,178,127.8,19.8,25,128,11,British Grand Prix,SAI,Williams,90.562,4
4,84,156,112.0,36.3,31,156,11,British Grand Prix,SAI,Williams,90.562,5
5,187,254,226.8,100.0,33,254,11,British Grand Prix,SAI,Williams,90.562,7
6,160,250,186.7,26.7,37,174,11,British Grand Prix,SAI,Williams,90.562,11
7,105,195,144.2,44.0,46,195,11,British Grand Prix,SAI,Williams,90.562,12
8,280,293,288.4,59.1,13,280,11,British Grand Prix,SAI,Williams,90.562,20
9,271,273,271.5,90.1,15,273,11,British Grand Prix,SAI,Williams,90.562,15
10,277,286,281.2,100.0,15,277,11,British Grand Prix,SAI,Williams,90.562,2
11,234,264,248.3,33.0,19,234,11,British Grand Prix,SAI,Williams,90.562,19
12,198,234,213.3,62.9,33,234,11,British Grand Prix,SAI,Williams,90.562,21
13,205,267,225.7,44.2,45,230,11,British Grand Prix,SAI,Williams,90.562,33
14,103,166,121.7,16.2,18,116,11,British Grand Prix,SAI,Williams,90.562,149
15,114,231,176.8,82.7,54,231,11,British Grand Prix,SAI,Williams,90.562,10
1,296,311,305.0,100.0,21,296,11,British Grand Prix,ALB,Williams,90.638,7
2,277,287,281.1,100.0,23,277,11,British Grand Prix,ALB,Williams,90.638,12
3,108,189,130.1,16.4,25,126,11,British Grand Prix,ALB,Williams,90.638,5
4,83,154,113.2,37.8,31,154,11,British Grand Prix,ALB,Williams,90.638,6
5,191,257,229.2,100.0,33,257,11,British Grand Prix,ALB,Williams,90.638,3
6,158,261,188.1,27.3,37,174,11,British Grand Prix,ALB,Williams,90.638,13
7,105,197,144.1,46.8,46,197,11,British Grand Prix,ALB,Williams,90.638,12
8,300,301,300.1,100.0,12,300,11,British Grand Prix,ALB,Williams,90.638,0
9,275,300,286.4,100.0,15,275,11,British Grand Prix,ALB,Williams,90.638,11
10,273,285,278.3,100.0,15,273,11,British Grand Prix,ALB,Williams,90.638,6
11,238,268,255.0,29.1,19,238,11,British Grand Prix,ALB,Williams,90.638,15
12,197,227,211.0,56.4,33,227,11,British Grand Prix,ALB,Williams,90.638,22
13,213,275,229.7,44.1,45,232,11,British Grand Prix,ALB,Williams,90.638,25
14,100,181,120.7,13.3,18,110,11,British Grand Prix,ALB,Williams,90.638,152
15,115,235,179.2,82.2,54,235,11,British Grand Prix,ALB,Williams,90.638,9
1,296,306,300.9,100.0,21,296,11,British Grand Prix,OCO,Haas F1 Team,90.68,7
2,275,284,279.5,100.0,23,275,11,British Grand Prix,OCO,Haas F1 Team,90.68,14
3,105,185,131.6,14.2,25,120,11,British Grand Prix,OCO,Haas F1 Team,90.68,8
4,85,151,112.2,37.2,31,151,11,British Grand Prix,OCO,Haas F1 Team,90.68,4
5,182,254,226.8,100.0,33,254,11,British Grand Prix,OCO,Haas F1 Team,90.68,12
6,159,258,189.5,21.5,37,170,11,British Grand Prix,OCO,Haas F1 Team,90.68,12
7,107,199,146.4,47.9,46,199,11,British Grand Prix,OCO,Haas F1 Team,90.68,10
8,289,305,295.8,69.8,12,289,11,British Grand Prix,OCO,Haas F1 Team,90.68,11
9,270,282,273.1,72.3,15,271,11,British Grand Prix,OCO,Haas F1 Team,90.68,16
10,278,286,281.3,100.0,15,278,11,British Grand Prix,OCO,Haas F1 Team,90.68,1
11,235,267,251.3,1.6,19,235,11,British Grand Prix,OCO,Haas F1 Team,90.68,18
12,183,227,198.2,56.4,33,224,11,British Grand Prix,OCO,Haas F1 Team,90.68,36
13,215,287,236.9,47.5,45,233,11,British Grand Prix,OCO,Haas F1 Team,90.68,23
14,252,253,252.9,0.0,19,252,11,British Grand Prix,OCO,Haas F1 Team,90.68,0
1,290,306,298.2,99.3,21,290,11,British Grand Prix,BOT,Cadillac,91.227,13
2,271,282,275.8,100.0,23,271,11,British Grand Prix,BOT,Cadillac,91.227,18
3,101,196,127.7,20.1,25,126,11,British Grand Prix,BOT,Cadillac,91.227,12
4,87,152,112.4,40.8,31,152,11,British Grand Prix,BOT,Cadillac,91.227,2
5,191,254,228.2,100.0,33,254,11,British Grand Prix,BOT,Cadillac,91.227,3
6,154,249,182.0,18.1,37,165,11,British Grand Prix,BOT,Cadillac,91.227,17
7,108,199,143.7,46.3,46,199,11,British Grand Prix,BOT,Cadillac,91.227,9
8,277,303,290.7,48.6,12,277,11,British Grand Prix,BOT,Cadillac,91.227,23
9,261,267,263.3,91.1,15,267,11,British Grand Prix,BOT,Cadillac,91.227,25
10,271,280,275.1,100.0,15,271,11,British Grand Prix,BOT,Cadillac,91.227,8
11,229,265,247.5,10.1,19,229,11,British Grand Prix,BOT,Cadillac,91.227,24
12,187,227,201.3,49.1,33,227,11,British Grand Prix,BOT,Cadillac,91.227,32
13,200,282,223.9,43.7,45,225,11,British Grand Prix,BOT,Cadillac,91.227,38
14,98,178,123.6,12.0,18,104,11,British Grand Prix,BOT,Cadillac,91.227,154
15,106,229,174.9,85.3,54,229,11,British Grand Prix,BOT,Cadillac,91.227,18
1,284,300,291.8,80.1,21,284,11,British Grand Prix,COL,Alpine,91.321,19
2,271,276,273.2,100.0,23,271,11,British Grand Prix,COL,Alpine,91.321,18
3,105,167,124.0,21.8,25,127,11,British Grand Prix,COL,Alpine,91.321,8
4,86,149,111.3,40.1,31,149,11,British Grand Prix,COL,Alpine,91.321,3
5,173,255,225.0,100.0,33,255,11,British Grand Prix,COL,Alpine,91.321,21
6,155,253,180.5,24.5,37,167,11,British Grand Prix,COL,Alpine,91.321,16
7,103,200,144.8,49.3,46,200,11,British Grand Prix,COL,Alpine,91.321,14
8,294,300,297.5,61.0,12,294,11,British Grand Prix,COL,Alpine,91.321,6
9,268,275,270.3,76.1,15,271,11,British Grand Prix,COL,Alpine,91.321,18
10,278,287,281.8,100.0,15,278,11,British Grand Prix,COL,Alpine,91.321,1
11,239,270,254.2,39.7,19,239,11,British Grand Prix,COL,Alpine,91.321,14
12,198,221,205.7,50.5,33,216,11,British Grand Prix,COL,Alpine,91.321,21
13,201,276,222.9,48.5,45,225,11,British Grand Prix,COL,Alpine,91.321,37
14,104,165,122.4,12.4,18,115,11,British Grand Prix,COL,Alpine,91.321,148
15,118,233,177.5,81.9,54,233,11,British Grand Prix,COL,Alpine,91.321,6
1,290,304,298.5,76.0,21,290,11,British Grand Prix,PER,Cadillac,91.451,13
2,271,280,275.2,100.0,23,271,11,British Grand Prix,PER,Cadillac,91.451,18
3,107,188,131.6,16.6,25,125,11,British Grand Prix,PER,Cadillac,91.451,6
4,87,158,112.3,37.1,31,158,11,British Grand Prix,PER,Cadillac,91.451,2
5,187,253,226.8,100.0,33,253,11,British Grand Prix,PER,Cadillac,91.451,7
6,151,250,180.6,23.2,37,170,11,British Grand Prix,PER,Cadillac,91.451,20
7,110,199,144.1,48.4,46,199,11,British Grand Prix,PER,Cadillac,91.451,7
8,292,306,300.5,55.1,12,292,11,British Grand Prix,PER,Cadillac,91.451,8
9,254,271,261.1,40.6,15,257,11,British Grand Prix,PER,Cadillac,91.451,32
10,271,276,273.5,100.0,15,271,11,British Grand Prix,PER,Cadillac,91.451,8
11,232,261,246.2,4.1,19,232,11,British Grand Prix,PER,Cadillac,91.451,21
12,195,221,206.2,38.6,33,220,11,British Grand Prix,PER,Cadillac,91.451,24
13,203,283,227.2,44.7,45,226,11,British Grand Prix,PER,Cadillac,91.451,35
14,104,185,131.8,10.6,18,110,11,British Grand Prix,PER,Cadillac,91.451,148
15,114,228,175.0,80.4,54,228,11,British Grand Prix,PER,Cadillac,91.451,10
1,295,298,295.9,100.0,21,295,11,British Grand Prix,STR,Aston Martin,92.863,8
2,266,275,270.5,100.0,23,266,11,British Grand Prix,STR,Aston Martin,92.863,23
3,110,171,128.6,16.9,25,128,11,British Grand Prix,STR,Aston Martin,92.863,3
4,86,158,115.0,39.2,31,158,11,British Grand Prix,STR,Aston Martin,92.863,3
6,155,247,182.2,24.1,37,167,11,British Grand Prix,STR,Aston Martin,92.863,16
7,104,198,142.5,43.6,46,198,11,British Grand Prix,STR,Aston Martin,92.863,13
8,274,289,281.4,46.1,12,274,11,British Grand Prix,STR,Aston Martin,92.863,26
9,264,268,266.3,90.3,15,268,11,British Grand Prix,STR,Aston Martin,92.863,22
10,263,270,266.5,100.0,15,263,11,British Grand Prix,STR,Aston Martin,92.863,16
11,228,257,240.5,36.1,19,228,11,British Grand Prix,STR,Aston Martin,92.863,25
12,190,217,201.4,47.0,33,217,11,British Grand Prix,STR,Aston Martin,92.863,29
13,198,273,219.8,46.2,45,215,11,British Grand Prix,STR,Aston Martin,92.863,40
14,104,170,123.8,14.0,18,117,11,British Grand Prix,STR,Aston Martin,92.863,148
15,114,228,172.4,80.2,54,228,11,British Grand Prix,STR,Aston Martin,92.863,10
1,294,301,297.1,100.0,21,294,11,British Grand Prix,ALO,Aston Martin,92.888,9
2,269,277,272.4,100.0,23,269,11,British Grand Prix,ALO,Aston Martin,92.888,20
3,106,167,125.1,13.8,25,123,11,British Grand Prix,ALO,Aston Martin,92.888,7
4,86,151,112.9,32.0,31,151,11,British Grand Prix,ALO,Aston Martin,92.888,3
5,184,245,221.5,100.0,33,245,11,British Grand Prix,ALO,Aston Martin,92.888,10
6,151,254,185.4,11.3,37,159,11,British Grand Prix,ALO,Aston Martin,92.888,20
7,106,197,141.6,44.4,46,197,11,British Grand Prix,ALO,Aston Martin,92.888,11
8,274,289,281.5,39.0,13,274,11,British Grand Prix,ALO,Aston Martin,92.888,26
9,263,265,264.6,72.8,15,265,11,British Grand Prix,ALO,Aston Martin,92.888,23
10,267,274,269.9,100.0,15,267,11,British Grand Prix,ALO,Aston Martin,92.888,12
11,228,259,242.7,3.2,19,228,11,British Grand Prix,ALO,Aston Martin,92.888,25
12,185,224,201.0,49.0,33,224,11,British Grand Prix,ALO,Aston Martin,92.888,34
13,206,273,225.8,47.2,45,226,11,British Grand Prix,ALO,Aston Martin,92.888,32
14,104,168,128.0,13.4,18,112,11,British Grand Prix,ALO,Aston Martin,92.888,148
15,114,218,167.5,75.8,54,218,11,British Grand Prix,ALO,Aston Martin,92.888,10
1,80,160,107.8,20.4,22,120,12,Belgian Grand Prix,ANT,Mercedes,104.361,4
2,301,322,310.2,100.0,24,301,12,Belgian Grand Prix,ANT,Mercedes,104.361,4
3,156,233,183.6,4.9,18,156,12,Belgian Grand Prix,ANT,Mercedes,104.361,11
4,161,180,169.1,62.4,19,180,12,Belgian Grand Prix,ANT,Mercedes,104.361,5
5,194,222,207.6,96.2,27,222,12,Belgian Grand Prix,ANT,Mercedes,104.361,4
6,125,199,154.5,45.9,41,181,12,Belgian Grand Prix,ANT,Mercedes,104.361,4
7,195,219,202.9,66.9,27,219,12,Belgian Grand Prix,ANT,Mercedes,104.361,5
8,269,279,273.9,100.0,30,269,12,Belgian Grand Prix,ANT,Mercedes,104.361,0
9,266,268,266.8,100.0,32,267,12,Belgian Grand Prix,ANT,Mercedes,104.361,5
10,179,237,195.3,29.1,31,185,12,Belgian Grand Prix,ANT,Mercedes,104.361,6
11,191,210,201.3,76.7,29,210,12,Belgian Grand Prix,ANT,Mercedes,104.361,4
12,177,209,188.0,46.2,26,199,12,Belgian Grand Prix,ANT,Mercedes,104.361,0
13,240,273,260.1,100.0,29,273,12,Belgian Grand Prix,ANT,Mercedes,104.361,4
14,82,166,116.6,2.0,14,82,12,Belgian Grand Prix,ANT,Mercedes,104.361,10
15,75,123,90.9,33.6,16,123,12,Belgian Grand Prix,ANT,Mercedes,104.361,7
1,83,160,109.0,15.0,22,122,12,Belgian Grand Prix,VER,Red Bull Racing,104.678,1
2,288,313,299.9,100.0,24,288,12,Belgian Grand Prix,VER,Red Bull Racing,104.678,17
3,167,225,186.5,4.2,18,167,12,Belgian Grand Prix,VER,Red Bull Racing,104.678,0
4,164,179,168.6,40.9,19,179,12,Belgian Grand Prix,VER,Red Bull Racing,104.678,2
5,193,216,205.4,100.0,27,216,12,Belgian Grand Prix,VER,Red Bull Racing,104.678,5
6,129,194,155.1,36.9,41,183,12,Belgian Grand Prix,VER,Red Bull Racing,104.678,0
7,200,220,205.6,65.6,27,220,12,Belgian Grand Prix,VER,Red Bull Racing,104.678,0
8,262,272,267.2,100.0,30,262,12,Belgian Grand Prix,VER,Red Bull Racing,104.678,7
9,264,281,274.0,100.0,32,281,12,Belgian Grand Prix,VER,Red Bull Racing,104.678,7
10,175,247,199.3,15.9,31,182,12,Belgian Grand Prix,VER,Red Bull Racing,104.678,10
11,188,211,199.8,73.7,29,211,12,Belgian Grand Prix,VER,Red Bull Racing,104.678,7
12,168,215,184.6,45.0,26,202,12,Belgian Grand Prix,VER,Red Bull Racing,104.678,9
13,243,275,261.8,100.0,29,275,12,Belgian Grand Prix,VER,Red Bull Racing,104.678,1
14,79,181,122.0,0.9,14,79,12,Belgian Grand Prix,VER,Red Bull Racing,104.678,13
15,77,122,91.4,27.7,16,122,12,Belgian Grand Prix,VER,Red Bull Racing,104.678,5
1,83,160,108.4,15.7,22,124,12,Belgian Grand Prix,NOR,McLaren,104.801,1
2,300,318,309.0,100.0,24,300,12,Belgian Grand Prix,NOR,McLaren,104.801,5
3,160,235,184.1,6.6,18,161,12,Belgian Grand Prix,NOR,McLaren,104.801,7
4,164,182,171.1,55.1,19,182,12,Belgian Grand Prix,NOR,McLaren,104.801,2
5,194,221,206.5,100.0,27,221,12,Belgian Grand Prix,NOR,McLaren,104.801,4
6,122,189,151.1,42.4,41,180,12,Belgian Grand Prix,NOR,McLaren,104.801,7
7,198,219,204.7,65.4,27,219,12,Belgian Grand Prix,NOR,McLaren,104.801,2
8,267,279,271.5,100.0,30,267,12,Belgian Grand Prix,NOR,McLaren,104.801,2
9,270,272,271.4,100.0,32,271,12,Belgian Grand Prix,NOR,McLaren,104.801,1
10,183,238,197.8,29.4,31,191,12,Belgian Grand Prix,NOR,McLaren,104.801,2
11,195,209,201.4,70.6,29,209,12,Belgian Grand Prix,NOR,McLaren,104.801,0
12,171,222,185.2,45.9,26,192,12,Belgian Grand Prix,NOR,McLaren,104.801,6
13,234,271,257.4,100.0,29,271,12,Belgian Grand Prix,NOR,McLaren,104.801,10
14,81,162,114.4,0.8,14,81,12,Belgian Grand Prix,NOR,McLaren,104.801,11
15,76,122,89.6,29.2,16,122,12,Belgian Grand Prix,NOR,McLaren,104.801,6
1,79,184,108.3,17.8,22,114,12,Belgian Grand Prix,RUS,Mercedes,104.869,5
2,304,323,312.8,100.0,24,304,12,Belgian Grand Prix,RUS,Mercedes,104.869,1
3,157,234,187.2,6.2,18,157,12,Belgian Grand Prix,RUS,Mercedes,104.869,10
4,163,179,172.1,63.9,19,179,12,Belgian Grand Prix,RUS,Mercedes,104.869,3
5,193,216,205.0,90.8,27,216,12,Belgian Grand Prix,RUS,Mercedes,104.869,5
6,125,203,153.7,42.0,41,177,12,Belgian Grand Prix,RUS,Mercedes,104.869,4
7,197,215,203.1,71.7,27,215,12,Belgian Grand Prix,RUS,Mercedes,104.869,3
8,266,281,274.1,100.0,30,266,12,Belgian Grand Prix,RUS,Mercedes,104.869,3
9,263,264,263.6,100.0,32,264,12,Belgian Grand Prix,RUS,Mercedes,104.869,8
10,180,240,200.7,32.8,31,185,12,Belgian Grand Prix,RUS,Mercedes,104.869,5
11,189,206,197.8,75.1,29,206,12,Belgian Grand Prix,RUS,Mercedes,104.869,6
12,171,213,184.2,42.3,26,193,12,Belgian Grand Prix,RUS,Mercedes,104.869,6
13,238,272,258.2,100.0,29,272,12,Belgian Grand Prix,RUS,Mercedes,104.869,6
14,77,191,121.3,1.7,14,77,12,Belgian Grand Prix,RUS,Mercedes,104.869,15
15,76,113,87.5,34.6,16,113,12,Belgian Grand Prix,RUS,Mercedes,104.869,6
1,81,166,109.0,26.8,22,119,12,Belgian Grand Prix,LEC,Ferrari,104.893,3
2,297,313,302.9,100.0,24,297,12,Belgian Grand Prix,LEC,Ferrari,104.893,8
3,163,241,185.3,16.0,18,164,12,Belgian Grand Prix,LEC,Ferrari,104.893,4
4,166,181,173.9,61.5,19,181,12,Belgian Grand Prix,LEC,Ferrari,104.893,0
5,197,217,208.2,93.8,27,217,12,Belgian Grand Prix,LEC,Ferrari,104.893,1
6,126,200,152.8,45.0,40,177,12,Belgian Grand Prix,LEC,Ferrari,104.893,3
7,197,219,206.2,79.2,27,219,12,Belgian Grand Prix,LEC,Ferrari,104.893,3
8,269,286,277.1,100.0,31,269,12,Belgian Grand Prix,LEC,Ferrari,104.893,0
9,265,267,265.8,100.0,32,265,12,Belgian Grand Prix,LEC,Ferrari,104.893,6
10,180,227,194.1,49.0,31,190,12,Belgian Grand Prix,LEC,Ferrari,104.893,5
11,195,206,198.9,75.6,28,206,12,Belgian Grand Prix,LEC,Ferrari,104.893,0
13,242,272,259.5,100.0,29,272,12,Belgian Grand Prix,LEC,Ferrari,104.893,2
14,79,180,123.1,4.7,14,79,12,Belgian Grand Prix,LEC,Ferrari,104.893,13
15,79,113,88.6,42.3,16,113,12,Belgian Grand Prix,LEC,Ferrari,104.893,3
1,84,167,108.9,21.2,22,120,12,Belgian Grand Prix,HAM,Ferrari,104.895,0
2,299,316,304.8,100.0,24,299,12,Belgian Grand Prix,HAM,Ferrari,104.895,6
3,167,229,187.6,12.2,18,167,12,Belgian Grand Prix,HAM,Ferrari,104.895,0
4,165,181,169.9,58.4,19,181,12,Belgian Grand Prix,HAM,Ferrari,104.895,1
5,198,218,209.2,86.0,27,218,12,Belgian Grand Prix,HAM,Ferrari,104.895,0
6,124,205,153.0,45.9,41,180,12,Belgian Grand Prix,HAM,Ferrari,104.895,5
7,200,219,205.0,75.2,27,219,12,Belgian Grand Prix,HAM,Ferrari,104.895,0
8,268,285,277.3,100.0,30,268,12,Belgian Grand Prix,HAM,Ferrari,104.895,1
9,266,267,266.2,100.0,32,266,12,Belgian Grand Prix,HAM,Ferrari,104.895,5
10,178,242,196.3,43.8,31,184,12,Belgian Grand Prix,HAM,Ferrari,104.895,7
11,188,210,199.3,83.3,29,210,12,Belgian Grand Prix,HAM,Ferrari,104.895,7
12,171,213,187.7,49.7,26,201,12,Belgian Grand Prix,HAM,Ferrari,104.895,6
13,244,272,261.1,100.0,29,272,12,Belgian Grand Prix,HAM,Ferrari,104.895,0
14,83,188,119.6,1.7,14,83,12,Belgian Grand Prix,HAM,Ferrari,104.895,9
15,77,123,91.0,44.5,16,123,12,Belgian Grand Prix,HAM,Ferrari,104.895,5
1,81,170,108.9,14.9,22,118,12,Belgian Grand Prix,PIA,McLaren,105.016,3
2,303,320,310.2,99.0,24,303,12,Belgian Grand Prix,PIA,McLaren,105.016,2
3,161,218,182.7,3.2,18,161,12,Belgian Grand Prix,PIA,McLaren,105.016,6
4,163,180,168.3,49.7,19,180,12,Belgian Grand Prix,PIA,McLaren,105.016,3
5,190,221,205.7,99.0,27,221,12,Belgian Grand Prix,PIA,McLaren,105.016,8
6,124,195,152.0,35.6,41,179,12,Belgian Grand Prix,PIA,McLaren,105.016,5
7,200,223,206.8,92.8,27,223,12,Belgian Grand Prix,PIA,McLaren,105.016,0
8,267,279,271.6,99.0,30,267,12,Belgian Grand Prix,PIA,McLaren,105.016,2
9,268,272,270.6,99.0,32,271,12,Belgian Grand Prix,PIA,McLaren,105.016,3
10,180,246,200.8,18.8,31,189,12,Belgian Grand Prix,PIA,McLaren,105.016,5
11,189,208,196.6,58.6,29,208,12,Belgian Grand Prix,PIA,McLaren,105.016,6
12,171,227,185.3,29.0,26,192,12,Belgian Grand Prix,PIA,McLaren,105.016,6
13,238,273,257.2,99.0,29,273,12,Belgian Grand Prix,PIA,McLaren,105.016,6
14,81,172,117.5,0.6,14,81,12,Belgian Grand Prix,PIA,McLaren,105.016,11
15,73,118,88.4,27.2,16,118,12,Belgian Grand Prix,PIA,McLaren,105.016,9
1,81,166,108.9,25.4,22,123,12,Belgian Grand Prix,LIN,Racing Bulls,105.143,3
2,305,324,313.3,100.0,24,306,12,Belgian Grand Prix,LIN,Racing Bulls,105.143,0
3,158,226,183.8,6.8,18,158,12,Belgian Grand Prix,LIN,Racing Bulls,105.143,9
4,159,178,165.0,71.3,19,178,12,Belgian Grand Prix,LIN,Racing Bulls,105.143,7
5,191,215,203.8,90.6,27,215,12,Belgian Grand Prix,LIN,Racing Bulls,105.143,7
6,125,203,152.7,45.0,41,178,12,Belgian Grand Prix,LIN,Racing Bulls,105.143,4
7,194,213,199.7,73.6,27,213,12,Belgian Grand Prix,LIN,Racing Bulls,105.143,6
8,268,273,269.5,93.7,30,270,12,Belgian Grand Prix,LIN,Racing Bulls,105.143,1
9,271,272,271.4,100.0,32,271,12,Belgian Grand Prix,LIN,Racing Bulls,105.143,0
10,174,248,195.9,35.5,31,184,12,Belgian Grand Prix,LIN,Racing Bulls,105.143,11
11,190,207,196.1,81.6,29,207,12,Belgian Grand Prix,LIN,Racing Bulls,105.143,5
12,170,206,181.0,51.6,26,197,12,Belgian Grand Prix,LIN,Racing Bulls,105.143,7
13,236,271,258.4,100.0,29,271,12,Belgian Grand Prix,LIN,Racing Bulls,105.143,8
14,84,172,124.0,2.4,14,84,12,Belgian Grand Prix,LIN,Racing Bulls,105.143,8
15,75,110,88.8,44.3,16,110,12,Belgian Grand Prix,LIN,Racing Bulls,105.143,7
1,83,149,105.5,20.0,22,125,12,Belgian Grand Prix,BOR,Audi,105.628,1
2,296,314,303.0,100.0,24,298,12,Belgian Grand Prix,BOR,Audi,105.628,9
3,157,228,182.9,5.5,18,157,12,Belgian Grand Prix,BOR,Audi,105.628,10
4,162,180,168.0,61.5,19,180,12,Belgian Grand Prix,BOR,Audi,105.628,4
5,191,215,203.5,99.5,27,215,12,Belgian Grand Prix,BOR,Audi,105.628,7
6,125,189,152.9,42.0,41,187,12,Belgian Grand Prix,BOR,Audi,105.628,4
7,198,222,205.3,65.4,27,222,12,Belgian Grand Prix,BOR,Audi,105.628,2
8,264,275,269.6,100.0,30,264,12,Belgian Grand Prix,BOR,Audi,105.628,5
9,264,269,266.9,100.0,32,267,12,Belgian Grand Prix,BOR,Audi,105.628,7
10,179,239,195.4,31.0,31,189,12,Belgian Grand Prix,BOR,Audi,105.628,6
11,195,208,199.3,80.1,29,208,12,Belgian Grand Prix,BOR,Audi,105.628,0
12,170,203,182.3,45.8,26,198,12,Belgian Grand Prix,BOR,Audi,105.628,7
13,238,269,256.4,100.0,29,269,12,Belgian Grand Prix,BOR,Audi,105.628,6
14,79,155,109.7,3.6,14,79,12,Belgian Grand Prix,BOR,Audi,105.628,13
15,82,121,93.8,36.0,16,121,12,Belgian Grand Prix,BOR,Audi,105.628,0
1,78,167,106.9,16.0,22,120,12,Belgian Grand Prix,HAD,Red Bull Racing,105.823,6
2,288,311,298.4,100.0,24,288,12,Belgian Grand Prix,HAD,Red Bull Racing,105.823,17
3,162,221,183.9,1.6,18,162,12,Belgian Grand Prix,HAD,Red Bull Racing,105.823,5
4,154,175,162.2,40.5,19,175,12,Belgian Grand Prix,HAD,Red Bull Racing,105.823,12
5,187,212,202.4,86.3,27,212,12,Belgian Grand Prix,HAD,Red Bull Racing,105.823,11
6,121,195,150.9,42.0,41,179,12,Belgian Grand Prix,HAD,Red Bull Racing,105.823,8
7,198,216,203.3,58.3,27,216,12,Belgian Grand Prix,HAD,Red Bull Racing,105.823,2
8,261,270,265.9,100.0,30,261,12,Belgian Grand Prix,HAD,Red Bull Racing,105.823,8
9,263,281,273.5,100.0,32,281,12,Belgian Grand Prix,HAD,Red Bull Racing,105.823,8
10,171,244,192.0,19.7,31,179,12,Belgian Grand Prix,HAD,Red Bull Racing,105.823,14
11,186,210,197.8,79.8,29,210,12,Belgian Grand Prix,HAD,Red Bull Racing,105.823,9
12,165,212,181.7,39.9,26,198,12,Belgian Grand Prix,HAD,Red Bull Racing,105.823,12
13,244,273,260.8,100.0,29,273,12,Belgian Grand Prix,HAD,Red Bull Racing,105.823,0
14,81,165,119.1,1.4,14,81,12,Belgian Grand Prix,HAD,Red Bull Racing,105.823,11
15,79,120,91.5,32.2,16,120,12,Belgian Grand Prix,HAD,Red Bull Racing,105.823,3
1,80,150,105.1,28.7,22,125,12,Belgian Grand Prix,LAW,Racing Bulls,106.12,4
2,304,320,309.8,100.0,24,304,12,Belgian Grand Prix,LAW,Racing Bulls,106.12,1
3,152,204,169.8,12.7,18,153,12,Belgian Grand Prix,LAW,Racing Bulls,106.12,15
4,158,178,166.1,67.3,19,178,12,Belgian Grand Prix,LAW,Racing Bulls,106.12,8
5,189,215,203.6,93.3,27,215,12,Belgian Grand Prix,LAW,Racing Bulls,106.12,9
6,123,192,149.9,44.3,41,180,12,Belgian Grand Prix,LAW,Racing Bulls,106.12,6
7,193,215,201.2,77.2,27,215,12,Belgian Grand Prix,LAW,Racing Bulls,106.12,7
8,260,272,265.4,82.0,30,266,12,Belgian Grand Prix,LAW,Racing Bulls,106.12,9
9,270,274,273.0,100.0,32,273,12,Belgian Grand Prix,LAW,Racing Bulls,106.12,1
10,166,247,189.7,30.7,31,181,12,Belgian Grand Prix,LAW,Racing Bulls,106.12,19
11,187,209,196.7,81.0,29,209,12,Belgian Grand Prix,LAW,Racing Bulls,106.12,8
12,167,212,181.2,44.7,26,197,12,Belgian Grand Prix,LAW,Racing Bulls,106.12,10
13,242,272,259.9,100.0,29,272,12,Belgian Grand Prix,LAW,Racing Bulls,106.12,2
14,92,159,115.6,0.0,14,92,12,Belgian Grand Prix,LAW,Racing Bulls,106.12,0
15,76,122,91.9,36.9,16,122,12,Belgian Grand Prix,LAW,Racing Bulls,106.12,6
1,82,158,108.1,23.4,22,117,12,Belgian Grand Prix,GAS,Alpine,106.331,2
2,290,310,298.4,100.0,24,291,12,Belgian Grand Prix,GAS,Alpine,106.331,15
3,148,226,176.0,6.7,18,148,12,Belgian Grand Prix,GAS,Alpine,106.331,19
4,155,177,164.2,64.9,19,177,12,Belgian Grand Prix,GAS,Alpine,106.331,11
5,189,215,199.6,79.3,27,215,12,Belgian Grand Prix,GAS,Alpine,106.331,9
6,124,198,149.8,45.7,41,180,12,Belgian Grand Prix,GAS,Alpine,106.331,5
7,187,215,196.6,62.1,27,215,12,Belgian Grand Prix,GAS,Alpine,106.331,13
8,262,273,266.3,100.0,30,262,12,Belgian Grand Prix,GAS,Alpine,106.331,7
9,258,261,259.1,100.0,32,259,12,Belgian Grand Prix,GAS,Alpine,106.331,13
10,170,230,188.5,25.0,31,179,12,Belgian Grand Prix,GAS,Alpine,106.331,15
11,184,205,193.7,83.5,29,205,12,Belgian Grand Prix,GAS,Alpine,106.331,11
12,166,200,178.5,45.1,26,196,12,Belgian Grand Prix,GAS,Alpine,106.331,11
13,241,272,258.4,100.0,29,272,12,Belgian Grand Prix,GAS,Alpine,106.331,3
14,81,159,111.2,4.6,14,81,12,Belgian Grand Prix,GAS,Alpine,106.331,11
15,81,115,91.6,38.1,16,115,12,Belgian Grand Prix,GAS,Alpine,106.331,1
1,81,170,108.0,24.7,22,124,12,Belgian Grand Prix,COL,Alpine,106.392,3
2,293,314,302.8,100.0,24,293,12,Belgian Grand Prix,COL,Alpine,106.392,12
3,151,225,175.9,10.3,18,151,12,Belgian Grand Prix,COL,Alpine,106.392,16
4,154,172,160.1,64.3,19,172,12,Belgian Grand Prix,COL,Alpine,106.392,12
5,184,217,202.2,80.7,27,217,12,Belgian Grand Prix,COL,Alpine,106.392,14
6,118,198,146.5,42.8,41,174,12,Belgian Grand Prix,COL,Alpine,106.392,11
7,191,214,198.6,64.5,27,214,12,Belgian Grand Prix,COL,Alpine,106.392,9
8,261,271,265.5,100.0,30,261,12,Belgian Grand Prix,COL,Alpine,106.392,8
9,258,261,259.3,100.0,32,261,12,Belgian Grand Prix,COL,Alpine,106.392,13
10,171,236,187.7,29.5,31,179,12,Belgian Grand Prix,COL,Alpine,106.392,14
11,185,207,195.2,83.2,29,207,12,Belgian Grand Prix,COL,Alpine,106.392,10
12,168,203,180.3,40.0,26,197,12,Belgian Grand Prix,COL,Alpine,106.392,9
13,239,269,256.5,100.0,29,269,12,Belgian Grand Prix,COL,Alpine,106.392,5
14,90,162,113.5,2.5,14,90,12,Belgian Grand Prix,COL,Alpine,106.392,2
15,77,125,91.4,40.2,16,125,12,Belgian Grand Prix,COL,Alpine,106.392,5
1,83,150,104.0,25.6,22,123,12,Belgian Grand Prix,HUL,Audi,106.671,1
2,295,313,302.3,100.0,23,295,12,Belgian Grand Prix,HUL,Audi,106.671,10
3,158,212,175.3,13.9,18,158,12,Belgian Grand Prix,HUL,Audi,106.671,9
4,160,175,165.0,58.8,19,175,12,Belgian Grand Prix,HUL,Audi,106.671,6
5,186,214,201.3,91.9,27,214,12,Belgian Grand Prix,HUL,Audi,106.671,12
6,122,197,151.6,48.9,41,185,12,Belgian Grand Prix,HUL,Audi,106.671,7
7,192,212,199.6,75.5,28,212,12,Belgian Grand Prix,HUL,Audi,106.671,8
8,263,273,267.9,100.0,30,263,12,Belgian Grand Prix,HUL,Audi,106.671,6
9,262,264,263.0,100.0,32,264,12,Belgian Grand Prix,HUL,Audi,106.671,9
10,185,238,199.1,53.7,30,188,12,Belgian Grand Prix,HUL,Audi,106.671,0
11,190,203,195.1,77.4,29,203,12,Belgian Grand Prix,HUL,Audi,106.671,5
12,171,212,182.0,50.4,26,194,12,Belgian Grand Prix,HUL,Audi,106.671,6
13,231,263,251.0,100.0,29,263,12,Belgian Grand Prix,HUL,Audi,106.671,13
14,83,175,117.6,2.2,14,83,12,Belgian Grand Prix,HUL,Audi,106.671,9
15,80,116,90.4,42.5,16,116,12,Belgian Grand Prix,HUL,Audi,106.671,2
1,80,144,101.6,24.6,22,118,12,Belgian Grand Prix,SAI,Williams,106.777,4
2,293,313,301.3,100.0,24,293,12,Belgian Grand Prix,SAI,Williams,106.777,12
3,158,211,174.6,13.9,18,159,12,Belgian Grand Prix,SAI,Williams,106.777,9
4,163,172,165.8,50.5,19,172,12,Belgian Grand Prix,SAI,Williams,106.777,3
5,183,210,195.1,79.8,27,210,12,Belgian Grand Prix,SAI,Williams,106.777,15
6,119,183,145.8,41.2,41,175,12,Belgian Grand Prix,SAI,Williams,106.777,10
7,189,210,196.2,76.1,27,210,12,Belgian Grand Prix,SAI,Williams,106.777,11
8,263,274,268.4,100.0,30,263,12,Belgian Grand Prix,SAI,Williams,106.777,6
9,261,271,267.1,100.0,32,270,12,Belgian Grand Prix,SAI,Williams,106.777,10
10,172,233,189.2,26.4,31,178,12,Belgian Grand Prix,SAI,Williams,106.777,13
11,183,202,189.6,76.5,29,202,12,Belgian Grand Prix,SAI,Williams,106.777,12
12,158,205,174.7,41.1,26,189,12,Belgian Grand Prix,SAI,Williams,106.777,19
13,234,268,254.7,100.0,29,268,12,Belgian Grand Prix,SAI,Williams,106.777,10
14,83,172,117.9,1.9,14,83,12,Belgian Grand Prix,SAI,Williams,106.777,9
15,74,122,88.0,41.7,16,122,12,Belgian Grand Prix,SAI,Williams,106.777,8
1,79,161,105.0,28.1,22,123,12,Belgian Grand Prix,BEA,Haas F1 Team,106.779,5
2,291,309,297.7,100.0,24,291,12,Belgian Grand Prix,BEA,Haas F1 Team,106.779,14
3,154,210,173.2,17.1,18,154,12,Belgian Grand Prix,BEA,Haas F1 Team,106.779,13
4,160,177,165.4,64.0,19,177,12,Belgian Grand Prix,BEA,Haas F1 Team,106.779,6
5,187,213,201.6,94.2,27,213,12,Belgian Grand Prix,BEA,Haas F1 Team,106.779,11
6,122,189,148.9,43.4,41,180,12,Belgian Grand Prix,BEA,Haas F1 Team,106.779,7
7,193,217,200.9,69.2,27,217,12,Belgian Grand Prix,BEA,Haas F1 Team,106.779,7
8,262,273,267.1,100.0,30,262,12,Belgian Grand Prix,BEA,Haas F1 Team,106.779,7
9,261,262,261.6,100.0,32,262,12,Belgian Grand Prix,BEA,Haas F1 Team,106.779,10
10,172,239,189.6,30.7,31,180,12,Belgian Grand Prix,BEA,Haas F1 Team,106.779,13
11,186,203,192.4,80.9,29,203,12,Belgian Grand Prix,BEA,Haas F1 Team,106.779,9
12,166,220,180.3,44.8,26,185,12,Belgian Grand Prix,BEA,Haas F1 Team,106.779,11
13,237,270,255.9,100.0,29,270,12,Belgian Grand Prix,BEA,Haas F1 Team,106.779,7
14,80,170,112.9,3.8,14,80,12,Belgian Grand Prix,BEA,Haas F1 Team,106.779,12
15,76,124,90.9,48.9,16,124,12,Belgian Grand Prix,BEA,Haas F1 Team,106.779,6
1,78,172,105.0,21.7,22,118,12,Belgian Grand Prix,ALB,Williams,107.12,6
2,292,313,302.6,100.0,24,292,12,Belgian Grand Prix,ALB,Williams,107.12,13
3,151,231,174.5,13.7,18,151,12,Belgian Grand Prix,ALB,Williams,107.12,16
4,155,171,160.3,59.4,19,171,12,Belgian Grand Prix,ALB,Williams,107.12,11
5,184,210,195.8,73.4,27,210,12,Belgian Grand Prix,ALB,Williams,107.12,14
6,121,185,146.0,41.6,41,175,12,Belgian Grand Prix,ALB,Williams,107.12,8
7,180,211,192.0,61.0,27,211,12,Belgian Grand Prix,ALB,Williams,107.12,20
8,261,274,268.9,100.0,30,261,12,Belgian Grand Prix,ALB,Williams,107.12,8
9,260,270,266.7,100.0,32,270,12,Belgian Grand Prix,ALB,Williams,107.12,11
10,162,238,185.8,17.4,31,172,12,Belgian Grand Prix,ALB,Williams,107.12,23
11,178,196,186.6,69.8,29,196,12,Belgian Grand Prix,ALB,Williams,107.12,17
12,158,202,172.2,36.4,26,190,12,Belgian Grand Prix,ALB,Williams,107.12,19
13,236,269,255.6,100.0,29,269,12,Belgian Grand Prix,ALB,Williams,107.12,8
14,83,174,117.3,1.0,14,83,12,Belgian Grand Prix,ALB,Williams,107.12,9
15,77,111,89.1,37.0,16,111,12,Belgian Grand Prix,ALB,Williams,107.12,5
1,78,158,104.9,27.3,22,126,12,Belgian Grand Prix,OCO,Haas F1 Team,107.801,6
2,289,311,297.7,100.0,24,290,12,Belgian Grand Prix,OCO,Haas F1 Team,107.801,16
3,155,230,183.6,5.5,18,155,12,Belgian Grand Prix,OCO,Haas F1 Team,107.801,12
4,154,171,158.9,62.8,19,171,12,Belgian Grand Prix,OCO,Haas F1 Team,107.801,12
5,184,198,192.9,84.2,27,198,12,Belgian Grand Prix,OCO,Haas F1 Team,107.801,14
6,115,194,147.4,41.7,41,179,12,Belgian Grand Prix,OCO,Haas F1 Team,107.801,14
7,185,207,193.1,59.3,27,207,12,Belgian Grand Prix,OCO,Haas F1 Team,107.801,15
8,263,273,266.8,100.0,30,263,12,Belgian Grand Prix,OCO,Haas F1 Team,107.801,6
9,264,268,266.5,100.0,32,267,12,Belgian Grand Prix,OCO,Haas F1 Team,107.801,7
10,166,230,184.9,27.8,31,176,12,Belgian Grand Prix,OCO,Haas F1 Team,107.801,19
11,183,201,191.0,78.5,29,201,12,Belgian Grand Prix,OCO,Haas F1 Team,107.801,12
12,160,200,175.4,42.0,26,194,12,Belgian Grand Prix,OCO,Haas F1 Team,107.801,17
13,239,269,255.7,100.0,29,269,12,Belgian Grand Prix,OCO,Haas F1 Team,107.801,5
14,84,158,112.9,2.9,14,84,12,Belgian Grand Prix,OCO,Haas F1 Team,107.801,8
15,75,120,89.5,44.5,16,120,12,Belgian Grand Prix,OCO,Haas F1 Team,107.801,7
1,82,171,108.2,21.0,22,116,12,Belgian Grand Prix,BOT,Cadillac,107.823,2
2,296,310,301.4,100.0,24,296,12,Belgian Grand Prix,BOT,Cadillac,107.823,9
3,145,230,174.4,5.3,18,145,12,Belgian Grand Prix,BOT,Cadillac,107.823,22
4,147,168,153.0,48.7,19,168,12,Belgian Grand Prix,BOT,Cadillac,107.823,19
5,182,203,193.4,88.5,26,203,12,Belgian Grand Prix,BOT,Cadillac,107.823,16
6,118,197,148.4,38.7,41,174,12,Belgian Grand Prix,BOT,Cadillac,107.823,11
7,183,202,189.7,57.6,27,202,12,Belgian Grand Prix,BOT,Cadillac,107.823,17
8,258,273,262.6,75.0,30,260,12,Belgian Grand Prix,BOT,Cadillac,107.823,11
9,264,268,266.9,100.0,32,268,12,Belgian Grand Prix,BOT,Cadillac,107.823,7
10,161,237,182.4,18.4,31,169,12,Belgian Grand Prix,BOT,Cadillac,107.823,24
11,176,200,189.5,73.7,29,200,12,Belgian Grand Prix,BOT,Cadillac,107.823,19
12,165,207,177.3,42.7,26,181,12,Belgian Grand Prix,BOT,Cadillac,107.823,12
13,228,268,252.8,100.0,29,268,12,Belgian Grand Prix,BOT,Cadillac,107.823,16
14,81,169,112.9,3.3,14,81,12,Belgian Grand Prix,BOT,Cadillac,107.823,11
15,77,109,87.3,33.0,15,109,12,Belgian Grand Prix,BOT,Cadillac,107.823,5
1,81,154,105.5,20.5,22,120,12,Belgian Grand Prix,PER,Cadillac,107.971,3
2,291,312,300.1,100.0,24,291,12,Belgian Grand Prix,PER,Cadillac,107.971,14
3,153,227,183.3,5.7,18,153,12,Belgian Grand Prix,PER,Cadillac,107.971,14
4,153,167,158.0,48.6,19,167,12,Belgian Grand Prix,PER,Cadillac,107.971,13
5,179,206,194.2,83.6,27,206,12,Belgian Grand Prix,PER,Cadillac,107.971,19
6,115,196,144.8,39.7,41,167,12,Belgian Grand Prix,PER,Cadillac,107.971,14
7,185,208,192.6,72.8,27,208,12,Belgian Grand Prix,PER,Cadillac,107.971,15
8,259,273,264.0,80.2,30,262,12,Belgian Grand Prix,PER,Cadillac,107.971,10
9,264,266,265.0,100.0,32,264,12,Belgian Grand Prix,PER,Cadillac,107.971,7
10,159,245,186.7,16.2,31,164,12,Belgian Grand Prix,PER,Cadillac,107.971,26
11,169,199,186.8,80.3,29,199,12,Belgian Grand Prix,PER,Cadillac,107.971,26
12,161,207,177.5,32.6,26,188,12,Belgian Grand Prix,PER,Cadillac,107.971,16
13,231,265,251.0,100.0,29,265,12,Belgian Grand Prix,PER,Cadillac,107.971,13
14,79,181,122.9,1.7,14,79,12,Belgian Grand Prix,PER,Cadillac,107.971,13
15,78,118,88.4,37.4,16,118,12,Belgian Grand Prix,PER,Cadillac,107.971,4
1,77,160,104.4,21.3,22,115,12,Belgian Grand Prix,ALO,Aston Martin,110.002,7
2,288,309,297.8,100.0,24,288,12,Belgian Grand Prix,ALO,Aston Martin,110.002,17
3,153,225,177.5,2.7,18,153,12,Belgian Grand Prix,ALO,Aston Martin,110.002,14
4,144,159,150.7,42.9,19,159,12,Belgian Grand Prix,ALO,Aston Martin,110.002,22
5,173,203,184.0,81.3,27,203,12,Belgian Grand Prix,ALO,Aston Martin,110.002,25
6,113,199,142.5,44.0,41,165,12,Belgian Grand Prix,ALO,Aston Martin,110.002,16
7,177,204,184.7,53.5,27,204,12,Belgian Grand Prix,ALO,Aston Martin,110.002,23
8,255,262,258.4,100.0,30,258,12,Belgian Grand Prix,ALO,Aston Martin,110.002,14
9,260,262,261.2,100.0,32,261,12,Belgian Grand Prix,ALO,Aston Martin,110.002,11
10,160,237,184.2,15.0,31,165,12,Belgian Grand Prix,ALO,Aston Martin,110.002,25
11,170,194,182.2,63.3,29,194,12,Belgian Grand Prix,ALO,Aston Martin,110.002,25
12,158,197,172.8,41.7,26,190,12,Belgian Grand Prix,ALO,Aston Martin,110.002,19
13,228,262,249.1,100.0,29,262,12,Belgian Grand Prix,ALO,Aston Martin,110.002,16
14,81,159,107.4,2.2,14,81,12,Belgian Grand Prix,ALO,Aston Martin,110.002,11
15,75,112,87.8,37.5,16,112,12,Belgian Grand Prix,ALO,Aston Martin,110.002,7
1,77,168,106.4,22.5,22,121,12,Belgian Grand Prix,STR,Aston Martin,110.177,7
2,284,305,293.9,100.0,24,284,12,Belgian Grand Prix,STR,Aston Martin,110.177,21
3,149,213,175.6,8.4,18,149,12,Belgian Grand Prix,STR,Aston Martin,110.177,18
4,147,162,153.0,50.5,19,162,12,Belgian Grand Prix,STR,Aston Martin,110.177,19
5,174,202,189.2,95.3,27,202,12,Belgian Grand Prix,STR,Aston Martin,110.177,24
6,115,205,145.6,43.3,41,167,12,Belgian Grand Prix,STR,Aston Martin,110.177,14
7,179,203,186.9,74.5,27,203,12,Belgian Grand Prix,STR,Aston Martin,110.177,21
8,253,260,256.4,100.0,30,255,12,Belgian Grand Prix,STR,Aston Martin,110.177,16
9,259,263,262.0,100.0,32,262,12,Belgian Grand Prix,STR,Aston Martin,110.177,12
10,160,234,180.8,26.2,31,170,12,Belgian Grand Prix,STR,Aston Martin,110.177,25
11,174,193,182.4,75.0,29,193,12,Belgian Grand Prix,STR,Aston Martin,110.177,21
12,158,199,173.1,53.5,26,185,12,Belgian Grand Prix,STR,Aston Martin,110.177,19
13,231,262,249.7,100.0,29,262,12,Belgian Grand Prix,STR,Aston Martin,110.177,13
14,83,154,107.0,5.9,14,83,12,Belgian Grand Prix,STR,Aston Martin,110.177,9
15,72,112,87.6,45.2,16,112,12,Belgian Grand Prix,STR,Aston Martin,110.177,10
1,93,182,121.6,19.6,27,140,13,Hungarian Grand Prix,NOR,McLaren,77.207,3
2,122,198,147.3,21.1,35,167,13,Hungarian Grand Prix,NOR,McLaren,77.207,0
3,202,252,231.6,100.0,24,252,13,Hungarian Grand Prix,NOR,McLaren,77.207,10
4,235,274,244.9,41.2,21,236,13,Hungarian Grand Prix,NOR,McLaren,77.207,0
5,151,229,177.7,35.2,43,199,13,Hungarian Grand Prix,NOR,McLaren,77.207,0
6,112,168,129.7,7.5,14,116,13,Hungarian Grand Prix,NOR,McLaren,77.207,1
7,124,169,143.6,67.5,13,169,13,Hungarian Grand Prix,NOR,McLaren,77.207,1
8,168,207,182.4,16.3,21,173,13,Hungarian Grand Prix,NOR,McLaren,77.207,4
9,154,189,167.7,38.9,29,189,13,Hungarian Grand Prix,NOR,McLaren,77.207,7
10,228,262,248.2,100.0,28,262,13,Hungarian Grand Prix,NOR,McLaren,77.207,1
11,221,265,239.0,46.8,31,240,13,Hungarian Grand Prix,NOR,McLaren,77.207,9
12,115,193,137.1,16.1,21,139,13,Hungarian Grand Prix,NOR,McLaren,77.207,4
13,98,203,132.6,21.9,36,149,13,Hungarian Grand Prix,NOR,McLaren,77.207,3
14,133,212,168.4,39.4,48,212,13,Hungarian Grand Prix,NOR,McLaren,77.207,3
1,94,177,122.1,27.2,27,150,13,Hungarian Grand Prix,HAM,Ferrari,77.219,2
2,120,205,148.4,30.4,35,173,13,Hungarian Grand Prix,HAM,Ferrari,77.219,2
3,206,250,231.1,100.0,24,250,13,Hungarian Grand Prix,HAM,Ferrari,77.219,6
4,231,267,239.2,38.1,20,234,13,Hungarian Grand Prix,HAM,Ferrari,77.219,4
5,150,242,180.4,43.9,43,203,13,Hungarian Grand Prix,HAM,Ferrari,77.219,1
6,105,169,125.6,10.2,14,112,13,Hungarian Grand Prix,HAM,Ferrari,77.219,8
7,125,173,146.1,79.0,13,173,13,Hungarian Grand Prix,HAM,Ferrari,77.219,0
8,170,203,182.7,31.0,20,173,13,Hungarian Grand Prix,HAM,Ferrari,77.219,2
9,155,196,168.8,48.4,29,196,13,Hungarian Grand Prix,HAM,Ferrari,77.219,6
10,229,253,243.8,99.7,28,253,13,Hungarian Grand Prix,HAM,Ferrari,77.219,0
11,226,256,236.4,49.4,31,236,13,Hungarian Grand Prix,HAM,Ferrari,77.219,4
12,118,198,140.9,19.7,21,137,13,Hungarian Grand Prix,HAM,Ferrari,77.219,1
13,99,220,139.1,28.2,36,149,13,Hungarian Grand Prix,HAM,Ferrari,77.219,2
14,136,216,169.8,51.8,48,206,13,Hungarian Grand Prix,HAM,Ferrari,77.219,0
1,91,194,121.4,30.1,27,143,13,Hungarian Grand Prix,LEC,Ferrari,77.445,5
2,120,210,149.0,30.1,35,166,13,Hungarian Grand Prix,LEC,Ferrari,77.445,2
3,194,247,225.6,97.1,24,247,13,Hungarian Grand Prix,LEC,Ferrari,77.445,18
4,232,272,242.2,52.0,21,233,13,Hungarian Grand Prix,LEC,Ferrari,77.445,3
5,151,244,179.3,45.1,43,199,13,Hungarian Grand Prix,LEC,Ferrari,77.445,0
6,105,187,131.4,14.0,14,107,13,Hungarian Grand Prix,LEC,Ferrari,77.445,8
7,118,162,141.2,80.8,13,162,13,Hungarian Grand Prix,LEC,Ferrari,77.445,7
8,166,202,181.0,33.5,21,167,13,Hungarian Grand Prix,LEC,Ferrari,77.445,6
9,161,189,169.6,62.0,29,189,13,Hungarian Grand Prix,LEC,Ferrari,77.445,0
10,225,253,242.1,99.7,28,253,13,Hungarian Grand Prix,LEC,Ferrari,77.445,4
11,230,256,242.1,71.7,31,240,13,Hungarian Grand Prix,LEC,Ferrari,77.445,0
12,116,179,136.6,30.8,21,142,13,Hungarian Grand Prix,LEC,Ferrari,77.445,3
13,98,218,136.2,37.2,36,157,13,Hungarian Grand Prix,LEC,Ferrari,77.445,3
14,130,217,166.8,54.7,48,206,13,Hungarian Grand Prix,LEC,Ferrari,77.445,6
1,91,188,121.1,22.7,27,137,13,Hungarian Grand Prix,ANT,Mercedes,77.479,5
2,120,217,149.2,23.3,35,161,13,Hungarian Grand Prix,ANT,Mercedes,77.479,2
3,195,248,228.3,98.9,24,248,13,Hungarian Grand Prix,ANT,Mercedes,77.479,17
4,231,263,238.3,50.5,22,234,13,Hungarian Grand Prix,ANT,Mercedes,77.479,4
5,146,237,176.9,40.2,43,197,13,Hungarian Grand Prix,ANT,Mercedes,77.479,5
6,110,169,129.6,9.5,14,113,13,Hungarian Grand Prix,ANT,Mercedes,77.479,3
7,123,174,146.2,74.9,13,174,13,Hungarian Grand Prix,ANT,Mercedes,77.479,2
8,166,207,182.1,25.7,21,173,13,Hungarian Grand Prix,ANT,Mercedes,77.479,6
9,150,186,163.9,39.2,29,186,13,Hungarian Grand Prix,ANT,Mercedes,77.479,11
10,220,257,243.8,100.0,27,257,13,Hungarian Grand Prix,ANT,Mercedes,77.479,9
11,226,262,238.3,58.9,31,236,13,Hungarian Grand Prix,ANT,Mercedes,77.479,4
12,112,191,134.7,20.7,21,133,13,Hungarian Grand Prix,ANT,Mercedes,77.479,7
13,101,179,132.9,35.7,36,176,13,Hungarian Grand Prix,ANT,Mercedes,77.479,0
14,134,211,167.8,42.8,48,211,13,Hungarian Grand Prix,ANT,Mercedes,77.479,2
1,95,173,119.3,19.0,27,136,13,Hungarian Grand Prix,PIA,McLaren,77.684,1
2,118,205,147.5,23.4,35,168,13,Hungarian Grand Prix,PIA,McLaren,77.684,4
3,204,252,232.9,99.0,24,252,13,Hungarian Grand Prix,PIA,McLaren,77.684,8
4,233,261,241.3,41.9,21,233,13,Hungarian Grand Prix,PIA,McLaren,77.684,2
5,151,231,179.8,34.7,43,204,13,Hungarian Grand Prix,PIA,McLaren,77.684,0
6,113,177,130.6,6.3,14,115,13,Hungarian Grand Prix,PIA,McLaren,77.684,0
7,120,173,147.5,70.3,13,173,13,Hungarian Grand Prix,PIA,McLaren,77.684,5
8,163,204,180.1,21.0,21,170,13,Hungarian Grand Prix,PIA,McLaren,77.684,9
9,155,195,169.8,42.3,29,195,13,Hungarian Grand Prix,PIA,McLaren,77.684,6
10,225,259,245.3,99.0,28,259,13,Hungarian Grand Prix,PIA,McLaren,77.684,4
11,219,261,234.5,39.9,31,233,13,Hungarian Grand Prix,PIA,McLaren,77.684,11
12,109,166,128.1,19.2,21,132,13,Hungarian Grand Prix,PIA,McLaren,77.684,10
13,95,200,131.0,24.2,36,158,13,Hungarian Grand Prix,PIA,McLaren,77.684,6
14,133,214,168.9,38.3,48,208,13,Hungarian Grand Prix,PIA,McLaren,77.684,3
1,96,164,118.0,18.3,27,140,13,Hungarian Grand Prix,VER,Red Bull Racing,77.725,0
2,113,200,147.2,25.0,35,174,13,Hungarian Grand Prix,VER,Red Bull Racing,77.725,9
3,212,254,234.7,100.0,24,254,13,Hungarian Grand Prix,VER,Red Bull Racing,77.725,0
4,228,251,233.7,38.4,21,234,13,Hungarian Grand Prix,VER,Red Bull Racing,77.725,7
5,148,225,176.7,36.0,43,203,13,Hungarian Grand Prix,VER,Red Bull Racing,77.725,3
6,106,168,124.3,7.7,14,113,13,Hungarian Grand Prix,VER,Red Bull Racing,77.725,7
7,124,174,149.5,68.0,13,174,13,Hungarian Grand Prix,VER,Red Bull Racing,77.725,1
8,172,210,185.7,21.7,21,175,13,Hungarian Grand Prix,VER,Red Bull Racing,77.725,0
9,151,192,168.2,41.4,29,192,13,Hungarian Grand Prix,VER,Red Bull Racing,77.725,10
10,225,260,247.5,100.0,28,260,13,Hungarian Grand Prix,VER,Red Bull Racing,77.725,4
11,229,261,239.7,53.6,31,241,13,Hungarian Grand Prix,VER,Red Bull Racing,77.725,1
12,116,183,135.1,11.6,21,130,13,Hungarian Grand Prix,VER,Red Bull Racing,77.725,3
13,96,203,132.9,21.6,36,160,13,Hungarian Grand Prix,VER,Red Bull Racing,77.725,5
14,133,208,164.0,35.6,48,207,13,Hungarian Grand Prix,VER,Red Bull Racing,77.725,3
1,91,187,122.2,25.5,27,141,13,Hungarian Grand Prix,RUS,Mercedes,77.76,5
2,118,206,146.7,26.9,35,165,13,Hungarian Grand Prix,RUS,Mercedes,77.76,4
3,196,250,229.8,100.0,24,250,13,Hungarian Grand Prix,RUS,Mercedes,77.76,16
4,229,264,238.7,44.3,21,230,13,Hungarian Grand Prix,RUS,Mercedes,77.76,6
5,146,238,176.8,37.8,43,192,13,Hungarian Grand Prix,RUS,Mercedes,77.76,5
6,108,189,131.1,10.1,14,110,13,Hungarian Grand Prix,RUS,Mercedes,77.76,5
7,118,169,142.8,76.4,13,169,13,Hungarian Grand Prix,RUS,Mercedes,77.76,7
8,166,210,185.6,14.8,21,166,13,Hungarian Grand Prix,RUS,Mercedes,77.76,6
9,155,188,167.1,51.7,29,188,13,Hungarian Grand Prix,RUS,Mercedes,77.76,6
10,220,257,243.4,100.0,28,257,13,Hungarian Grand Prix,RUS,Mercedes,77.76,9
11,227,260,240.0,57.5,31,232,13,Hungarian Grand Prix,RUS,Mercedes,77.76,3
12,111,187,133.7,19.1,21,129,13,Hungarian Grand Prix,RUS,Mercedes,77.76,8
13,96,188,130.5,32.3,36,166,13,Hungarian Grand Prix,RUS,Mercedes,77.76,5
14,131,210,164.0,43.1,48,204,13,Hungarian Grand Prix,RUS,Mercedes,77.76,5
1,92,161,118.2,20.2,27,146,13,Hungarian Grand Prix,HAD,Red Bull Racing,77.856,4
2,121,196,145.6,21.1,35,167,13,Hungarian Grand Prix,HAD,Red Bull Racing,77.856,1
3,197,251,229.7,99.9,24,251,13,Hungarian Grand Prix,HAD,Red Bull Racing,77.856,15
4,224,246,230.0,39.8,21,231,13,Hungarian Grand Prix,HAD,Red Bull Racing,77.856,11
5,147,235,176.8,35.1,43,204,13,Hungarian Grand Prix,HAD,Red Bull Racing,77.856,4
6,106,158,123.3,4.7,14,109,13,Hungarian Grand Prix,HAD,Red Bull Racing,77.856,7
7,118,172,140.7,61.6,13,172,13,Hungarian Grand Prix,HAD,Red Bull Racing,77.856,7
8,161,205,177.3,21.7,21,172,13,Hungarian Grand Prix,HAD,Red Bull Racing,77.856,11
9,154,195,170.0,40.5,29,195,13,Hungarian Grand Prix,HAD,Red Bull Racing,77.856,7
10,226,261,247.6,100.0,28,261,13,Hungarian Grand Prix,HAD,Red Bull Racing,77.856,3
11,223,259,233.6,46.2,31,234,13,Hungarian Grand Prix,HAD,Red Bull Racing,77.856,7
12,119,165,133.9,19.6,21,147,13,Hungarian Grand Prix,HAD,Red Bull Racing,77.856,0
13,98,203,137.3,21.4,36,159,13,Hungarian Grand Prix,HAD,Red Bull Racing,77.856,3
14,131,215,165.8,38.9,48,203,13,Hungarian Grand Prix,HAD,Red Bull Racing,77.856,5
1,91,177,118.5,29.2,27,138,13,Hungarian Grand Prix,LIN,Racing Bulls,78.281,5
2,117,207,145.2,28.0,35,161,13,Hungarian Grand Prix,LIN,Racing Bulls,78.281,5
3,197,248,227.9,100.0,24,248,13,Hungarian Grand Prix,LIN,Racing Bulls,78.281,15
4,219,253,228.9,54.3,21,229,13,Hungarian Grand Prix,LIN,Racing Bulls,78.281,16
5,146,241,175.4,44.1,43,202,13,Hungarian Grand Prix,LIN,Racing Bulls,78.281,5
6,113,173,132.0,15.6,14,116,13,Hungarian Grand Prix,LIN,Racing Bulls,78.281,0
7,124,165,142.0,79.2,13,165,13,Hungarian Grand Prix,LIN,Racing Bulls,78.281,1
8,160,204,176.2,19.6,21,164,13,Hungarian Grand Prix,LIN,Racing Bulls,78.281,12
9,146,191,165.8,52.7,29,191,13,Hungarian Grand Prix,LIN,Racing Bulls,78.281,15
10,224,259,247.1,99.9,28,259,13,Hungarian Grand Prix,LIN,Racing Bulls,78.281,5
11,218,257,230.9,55.0,31,238,13,Hungarian Grand Prix,LIN,Racing Bulls,78.281,12
12,112,178,133.1,27.8,21,137,13,Hungarian Grand Prix,LIN,Racing Bulls,78.281,7
13,97,208,137.4,29.9,36,148,13,Hungarian Grand Prix,LIN,Racing Bulls,78.281,4
14,128,213,166.0,49.2,48,202,13,Hungarian Grand Prix,LIN,Racing Bulls,78.281,8
1,91,185,119.6,25.6,27,134,13,Hungarian Grand Prix,HUL,Audi,78.639,5
2,113,210,143.7,27.3,35,158,13,Hungarian Grand Prix,HUL,Audi,78.639,9
3,194,248,227.3,99.5,24,248,13,Hungarian Grand Prix,HUL,Audi,78.639,18
4,221,255,229.1,53.8,21,225,13,Hungarian Grand Prix,HUL,Audi,78.639,14
5,141,237,176.0,44.5,43,200,13,Hungarian Grand Prix,HUL,Audi,78.639,10
6,108,170,129.2,16.6,14,110,13,Hungarian Grand Prix,HUL,Audi,78.639,5
7,118,164,142.0,83.9,13,164,13,Hungarian Grand Prix,HUL,Audi,78.639,7
8,164,203,180.8,27.7,21,168,13,Hungarian Grand Prix,HUL,Audi,78.639,8
9,154,192,167.5,57.6,29,192,13,Hungarian Grand Prix,HUL,Audi,78.639,7
10,224,260,246.9,100.0,28,260,13,Hungarian Grand Prix,HUL,Audi,78.639,5
11,220,263,233.8,51.5,31,226,13,Hungarian Grand Prix,HUL,Audi,78.639,10
12,110,185,130.5,30.4,21,136,13,Hungarian Grand Prix,HUL,Audi,78.639,9
13,95,212,135.8,33.6,36,150,13,Hungarian Grand Prix,HUL,Audi,78.639,6
14,129,210,162.6,48.3,48,201,13,Hungarian Grand Prix,HUL,Audi,78.639,7
1,93,168,117.5,27.5,27,142,13,Hungarian Grand Prix,LAW,Racing Bulls,78.765,3
2,120,189,141.4,25.1,35,164,13,Hungarian Grand Prix,LAW,Racing Bulls,78.765,2
3,198,248,228.2,98.4,24,248,13,Hungarian Grand Prix,LAW,Racing Bulls,78.765,14
4,220,244,227.4,49.9,21,233,13,Hungarian Grand Prix,LAW,Racing Bulls,78.765,15
5,144,243,179.0,45.2,43,205,13,Hungarian Grand Prix,LAW,Racing Bulls,78.765,7
6,112,166,129.9,12.5,14,117,13,Hungarian Grand Prix,LAW,Racing Bulls,78.765,1
7,124,168,145.3,75.0,13,168,13,Hungarian Grand Prix,LAW,Racing Bulls,78.765,1
8,158,209,174.9,28.9,21,166,13,Hungarian Grand Prix,LAW,Racing Bulls,78.765,14
9,152,196,165.1,52.3,29,196,13,Hungarian Grand Prix,LAW,Racing Bulls,78.765,9
10,220,258,245.3,100.0,28,258,13,Hungarian Grand Prix,LAW,Racing Bulls,78.765,9
11,211,258,226.3,46.0,31,232,13,Hungarian Grand Prix,LAW,Racing Bulls,78.765,19
12,111,182,132.1,29.9,21,142,13,Hungarian Grand Prix,LAW,Racing Bulls,78.765,8
13,99,191,137.1,43.6,36,178,13,Hungarian Grand Prix,LAW,Racing Bulls,78.765,2
14,129,202,159.2,43.9,48,200,13,Hungarian Grand Prix,LAW,Racing Bulls,78.765,7
1,90,161,117.3,33.1,27,149,13,Hungarian Grand Prix,GAS,Alpine,78.844,6
2,117,181,142.6,33.4,35,173,13,Hungarian Grand Prix,GAS,Alpine,78.844,5
3,202,243,226.9,94.0,24,243,13,Hungarian Grand Prix,GAS,Alpine,78.844,10
4,216,248,225.7,41.0,21,219,13,Hungarian Grand Prix,GAS,Alpine,78.844,19
5,142,215,168.1,45.0,43,199,13,Hungarian Grand Prix,GAS,Alpine,78.844,9
6,109,159,125.4,13.8,14,112,13,Hungarian Grand Prix,GAS,Alpine,78.844,4
7,124,171,142.5,76.4,13,171,13,Hungarian Grand Prix,GAS,Alpine,78.844,1
8,162,203,177.6,25.0,21,170,13,Hungarian Grand Prix,GAS,Alpine,78.844,10
9,146,193,162.8,51.6,29,193,13,Hungarian Grand Prix,GAS,Alpine,78.844,15
10,228,262,249.6,100.0,28,262,13,Hungarian Grand Prix,GAS,Alpine,78.844,1
11,215,258,227.4,54.5,31,230,13,Hungarian Grand Prix,GAS,Alpine,78.844,15
12,112,173,131.5,26.6,21,139,13,Hungarian Grand Prix,GAS,Alpine,78.844,7
13,96,199,132.1,28.6,36,159,13,Hungarian Grand Prix,GAS,Alpine,78.844,5
14,125,205,158.8,40.3,48,200,13,Hungarian Grand Prix,GAS,Alpine,78.844,11
1,92,160,116.3,28.6,27,144,13,Hungarian Grand Prix,COL,Alpine,79.027,4
2,115,192,139.9,27.2,35,163,13,Hungarian Grand Prix,COL,Alpine,79.027,7
3,200,249,229.6,98.6,23,249,13,Hungarian Grand Prix,COL,Alpine,79.027,12
4,220,250,227.5,55.1,21,225,13,Hungarian Grand Prix,COL,Alpine,79.027,15
5,140,231,172.4,47.1,43,197,13,Hungarian Grand Prix,COL,Alpine,79.027,11
6,107,164,126.3,9.7,14,112,13,Hungarian Grand Prix,COL,Alpine,79.027,6
7,119,166,140.8,75.9,13,166,13,Hungarian Grand Prix,COL,Alpine,79.027,6
8,162,206,177.3,27.8,21,167,13,Hungarian Grand Prix,COL,Alpine,79.027,10
9,152,188,165.9,49.7,29,188,13,Hungarian Grand Prix,COL,Alpine,79.027,9
10,225,258,245.7,100.0,28,258,13,Hungarian Grand Prix,COL,Alpine,79.027,4
11,210,259,226.4,45.4,31,230,13,Hungarian Grand Prix,COL,Alpine,79.027,20
12,113,170,132.5,25.5,21,140,13,Hungarian Grand Prix,COL,Alpine,79.027,6
13,93,206,131.4,28.6,36,151,13,Hungarian Grand Prix,COL,Alpine,79.027,8
14,128,208,159.7,42.4,48,199,13,Hungarian Grand Prix,COL,Alpine,79.027,8
1,91,180,121.5,28.4,27,143,13,Hungarian Grand Prix,BOR,Audi,79.069,5
2,119,190,142.3,27.4,35,163,13,Hungarian Grand Prix,BOR,Audi,79.069,3
3,197,248,225.4,95.6,24,248,13,Hungarian Grand Prix,BOR,Audi,79.069,15
4,214,240,221.3,57.2,21,222,13,Hungarian Grand Prix,BOR,Audi,79.069,21
5,142,227,173.0,45.6,43,197,13,Hungarian Grand Prix,BOR,Audi,79.069,9
6,108,159,124.0,15.1,14,112,13,Hungarian Grand Prix,BOR,Audi,79.069,5
7,121,163,143.1,76.0,13,163,13,Hungarian Grand Prix,BOR,Audi,79.069,4
8,161,199,173.9,29.8,21,169,13,Hungarian Grand Prix,BOR,Audi,79.069,11
9,150,191,165.6,46.8,29,191,13,Hungarian Grand Prix,BOR,Audi,79.069,11
10,226,259,246.4,100.0,28,259,13,Hungarian Grand Prix,BOR,Audi,79.069,3
11,215,260,230.0,47.8,31,234,13,Hungarian Grand Prix,BOR,Audi,79.069,15
12,113,172,129.7,25.0,21,138,13,Hungarian Grand Prix,BOR,Audi,79.069,6
13,95,207,133.6,28.1,36,157,13,Hungarian Grand Prix,BOR,Audi,79.069,6
14,128,207,162.8,45.0,48,202,13,Hungarian Grand Prix,BOR,Audi,79.069,8
1,88,165,114.6,27.5,26,136,13,Hungarian Grand Prix,OCO,Haas F1 Team,79.734,8
2,117,184,139.5,25.5,34,156,13,Hungarian Grand Prix,OCO,Haas F1 Team,79.734,5
3,195,244,223.8,97.4,24,244,13,Hungarian Grand Prix,OCO,Haas F1 Team,79.734,17
4,221,243,227.4,51.7,20,226,13,Hungarian Grand Prix,OCO,Haas F1 Team,79.734,14
5,140,232,170.9,41.0,43,194,13,Hungarian Grand Prix,OCO,Haas F1 Team,79.734,11
6,107,157,124.3,11.3,14,110,13,Hungarian Grand Prix,OCO,Haas F1 Team,79.734,6
7,121,163,139.8,75.4,13,163,13,Hungarian Grand Prix,OCO,Haas F1 Team,79.734,4
8,158,199,175.6,19.7,21,163,13,Hungarian Grand Prix,OCO,Haas F1 Team,79.734,14
9,151,187,164.4,52.3,29,187,13,Hungarian Grand Prix,OCO,Haas F1 Team,79.734,10
10,218,252,240.8,100.0,28,252,13,Hungarian Grand Prix,OCO,Haas F1 Team,79.734,11
11,213,252,227.6,51.6,31,231,13,Hungarian Grand Prix,OCO,Haas F1 Team,79.734,17
12,110,174,129.3,28.1,21,135,13,Hungarian Grand Prix,OCO,Haas F1 Team,79.734,9
13,99,214,132.7,30.0,36,156,13,Hungarian Grand Prix,OCO,Haas F1 Team,79.734,2
14,122,204,158.2,42.1,48,204,13,Hungarian Grand Prix,OCO,Haas F1 Team,79.734,14
1,89,168,118.2,26.0,27,139,13,Hungarian Grand Prix,ALO,Aston Martin,79.808,7
2,114,208,144.9,30.5,35,168,13,Hungarian Grand Prix,ALO,Aston Martin,79.808,8
3,204,245,225.3,100.0,24,245,13,Hungarian Grand Prix,ALO,Aston Martin,79.808,8
4,222,247,227.9,49.7,21,226,13,Hungarian Grand Prix,ALO,Aston Martin,79.808,13
5,140,224,171.1,39.5,43,197,13,Hungarian Grand Prix,ALO,Aston Martin,79.808,11
6,105,174,124.4,13.1,14,112,13,Hungarian Grand Prix,ALO,Aston Martin,79.808,8
7,124,170,146.7,81.0,13,170,13,Hungarian Grand Prix,ALO,Aston Martin,79.808,1
8,163,199,177.3,37.5,21,168,13,Hungarian Grand Prix,ALO,Aston Martin,79.808,9
9,149,197,165.3,55.5,29,197,13,Hungarian Grand Prix,ALO,Aston Martin,79.808,12
10,225,249,239.8,100.0,28,249,13,Hungarian Grand Prix,ALO,Aston Martin,79.808,4
11,217,249,226.9,52.7,31,230,13,Hungarian Grand Prix,ALO,Aston Martin,79.808,13
12,108,167,127.4,26.4,21,137,13,Hungarian Grand Prix,ALO,Aston Martin,79.808,11
13,94,203,133.1,26.6,36,159,13,Hungarian Grand Prix,ALO,Aston Martin,79.808,7
14,127,200,159.5,40.7,48,200,13,Hungarian Grand Prix,ALO,Aston Martin,79.808,9
1,91,171,116.0,27.9,27,137,13,Hungarian Grand Prix,BEA,Haas F1 Team,80.233,5
2,119,174,138.4,25.5,35,154,13,Hungarian Grand Prix,BEA,Haas F1 Team,80.233,3
3,194,239,219.9,93.6,24,239,13,Hungarian Grand Prix,BEA,Haas F1 Team,80.233,18
4,217,238,222.8,59.3,21,226,13,Hungarian Grand Prix,BEA,Haas F1 Team,80.233,18
5,145,223,172.1,44.2,43,196,13,Hungarian Grand Prix,BEA,Haas F1 Team,80.233,6
6,102,149,115.6,18.3,14,112,13,Hungarian Grand Prix,BEA,Haas F1 Team,80.233,11
7,120,168,142.1,76.9,13,168,13,Hungarian Grand Prix,BEA,Haas F1 Team,80.233,5
8,161,191,171.9,31.6,21,168,13,Hungarian Grand Prix,BEA,Haas F1 Team,80.233,11
9,151,189,164.2,51.9,29,189,13,Hungarian Grand Prix,BEA,Haas F1 Team,80.233,10
10,223,255,242.8,99.9,28,255,13,Hungarian Grand Prix,BEA,Haas F1 Team,80.233,6
11,211,256,225.3,54.3,31,230,13,Hungarian Grand Prix,BEA,Haas F1 Team,80.233,19
12,110,172,127.7,26.8,21,132,13,Hungarian Grand Prix,BEA,Haas F1 Team,80.233,9
13,94,189,127.9,29.4,36,150,13,Hungarian Grand Prix,BEA,Haas F1 Team,80.233,7
14,127,203,157.9,42.6,48,199,13,Hungarian Grand Prix,BEA,Haas F1 Team,80.233,9
1,87,171,115.8,30.5,27,140,13,Hungarian Grand Prix,SAI,Williams,80.621,9
2,113,181,136.7,26.4,35,155,13,Hungarian Grand Prix,SAI,Williams,80.621,9
3,199,242,223.2,94.5,24,242,13,Hungarian Grand Prix,SAI,Williams,80.621,13
4,212,247,222.6,42.5,21,219,13,Hungarian Grand Prix,SAI,Williams,80.621,23
5,139,224,169.3,42.7,42,190,13,Hungarian Grand Prix,SAI,Williams,80.621,12
6,107,169,128.4,8.6,14,108,13,Hungarian Grand Prix,SAI,Williams,80.621,6
7,113,158,137.2,74.4,13,158,13,Hungarian Grand Prix,SAI,Williams,80.621,12
8,156,199,172.5,15.1,21,159,13,Hungarian Grand Prix,SAI,Williams,80.621,16
9,143,185,159.4,54.3,29,185,13,Hungarian Grand Prix,SAI,Williams,80.621,18
10,216,256,241.9,100.0,28,256,13,Hungarian Grand Prix,SAI,Williams,80.621,13
11,206,255,222.8,49.2,31,225,13,Hungarian Grand Prix,SAI,Williams,80.621,24
12,110,172,128.8,23.6,21,130,13,Hungarian Grand Prix,SAI,Williams,80.621,9
13,95,199,129.4,27.0,36,146,13,Hungarian Grand Prix,SAI,Williams,80.621,6
14,121,199,152.1,38.3,48,191,13,Hungarian Grand Prix,SAI,Williams,80.621,15
1,86,163,114.3,29.4,27,140,13,Hungarian Grand Prix,ALB,Williams,80.658,10
2,115,189,138.1,23.8,35,153,13,Hungarian Grand Prix,ALB,Williams,80.658,7
3,189,245,222.9,98.1,24,245,13,Hungarian Grand Prix,ALB,Williams,80.658,23
4,217,239,224.8,43.1,21,223,13,Hungarian Grand Prix,ALB,Williams,80.658,18
5,143,225,170.0,37.0,43,191,13,Hungarian Grand Prix,ALB,Williams,80.658,8
6,104,168,126.0,7.9,14,106,13,Hungarian Grand Prix,ALB,Williams,80.658,9
7,115,162,135.2,72.5,13,162,13,Hungarian Grand Prix,ALB,Williams,80.658,10
8,156,199,173.6,19.3,21,159,13,Hungarian Grand Prix,ALB,Williams,80.658,16
9,146,186,161.6,45.0,29,186,13,Hungarian Grand Prix,ALB,Williams,80.658,15
10,220,256,242.4,99.9,28,256,13,Hungarian Grand Prix,ALB,Williams,80.658,9
11,210,254,224.1,45.9,31,229,13,Hungarian Grand Prix,ALB,Williams,80.658,20
12,110,170,128.2,21.9,21,130,13,Hungarian Grand Prix,ALB,Williams,80.658,9
13,89,211,127.6,25.3,36,146,13,Hungarian Grand Prix,ALB,Williams,80.658,12
14,120,209,156.9,39.8,47,192,13,Hungarian Grand Prix,ALB,Williams,80.658,16
1,89,166,116.9,27.9,27,146,13,Hungarian Grand Prix,STR,Aston Martin,80.659,7
2,116,204,145.4,23.1,35,162,13,Hungarian Grand Prix,STR,Aston Martin,80.659,6
3,193,243,223.2,95.6,24,243,13,Hungarian Grand Prix,STR,Aston Martin,80.659,19
4,213,243,220.1,48.3,21,216,13,Hungarian Grand Prix,STR,Aston Martin,80.659,22
5,143,225,174.0,46.0,43,200,13,Hungarian Grand Prix,STR,Aston Martin,80.659,8
6,99,158,119.3,7.6,14,103,13,Hungarian Grand Prix,STR,Aston Martin,80.659,14
7,114,165,138.2,72.6,13,165,13,Hungarian Grand Prix,STR,Aston Martin,80.659,11
8,160,198,175.8,26.6,21,163,13,Hungarian Grand Prix,STR,Aston Martin,80.659,12
9,146,183,160.0,39.4,29,183,13,Hungarian Grand Prix,STR,Aston Martin,80.659,15
10,214,248,234.9,100.0,28,248,13,Hungarian Grand Prix,STR,Aston Martin,80.659,15
11,212,248,225.1,47.0,31,227,13,Hungarian Grand Prix,STR,Aston Martin,80.659,18
12,108,169,126.6,26.2,21,139,13,Hungarian Grand Prix,STR,Aston Martin,80.659,11
13,95,189,129.3,30.9,35,150,13,Hungarian Grand Prix,STR,Aston Martin,80.659,6
14,129,206,159.5,40.1,48,189,13,Hungarian Grand Prix,STR,Aston Martin,80.659,7
1,91,177,116.8,25.0,27,139,13,Hungarian Grand Prix,BOT,Cadillac,80.886,5
2,113,189,136.3,21.8,35,157,13,Hungarian Grand Prix,BOT,Cadillac,80.886,9
3,189,244,222.0,97.4,24,244,13,Hungarian Grand Prix,BOT,Cadillac,80.886,23
4,208,240,217.3,40.5,21,216,13,Hungarian Grand Prix,BOT,Cadillac,80.886,27
5,138,226,168.9,38.1,43,194,13,Hungarian Grand Prix,BOT,Cadillac,80.886,13
6,105,147,117.8,12.7,14,110,13,Hungarian Grand Prix,BOT,Cadillac,80.886,8
7,121,158,136.0,62.3,13,158,13,Hungarian Grand Prix,BOT,Cadillac,80.886,4
8,156,191,170.1,15.1,21,159,13,Hungarian Grand Prix,BOT,Cadillac,80.886,16
9,145,191,160.0,53.4,29,191,13,Hungarian Grand Prix,BOT,Cadillac,80.886,16
10,222,254,241.6,100.0,28,254,13,Hungarian Grand Prix,BOT,Cadillac,80.886,7
11,207,253,220.9,48.7,31,223,13,Hungarian Grand Prix,BOT,Cadillac,80.886,23
12,107,163,124.1,21.8,21,134,13,Hungarian Grand Prix,BOT,Cadillac,80.886,12
13,94,194,125.9,28.4,36,155,13,Hungarian Grand Prix,BOT,Cadillac,80.886,7
14,125,200,156.6,44.6,48,197,13,Hungarian Grand Prix,BOT,Cadillac,80.886,11
1,89,169,117.0,24.9,27,136,13,Hungarian Grand Prix,PER,Cadillac,81.322,7
2,112,195,137.7,25.2,35,153,13,Hungarian Grand Prix,PER,Cadillac,81.322,10
3,189,238,217.3,95.5,24,238,13,Hungarian Grand Prix,PER,Cadillac,81.322,23
4,208,232,214.4,47.9,21,212,13,Hungarian Grand Prix,PER,Cadillac,81.322,27
5,138,225,167.5,40.9,43,188,13,Hungarian Grand Prix,PER,Cadillac,81.322,13
6,104,159,119.9,9.0,14,105,13,Hungarian Grand Prix,PER,Cadillac,81.322,9
7,116,160,135.0,69.0,13,160,13,Hungarian Grand Prix,PER,Cadillac,81.322,9
8,153,195,170.3,24.6,21,154,13,Hungarian Grand Prix,PER,Cadillac,81.322,19
9,145,177,155.0,48.1,29,177,13,Hungarian Grand Prix,PER,Cadillac,81.322,16
10,215,251,237.9,100.0,28,251,13,Hungarian Grand Prix,PER,Cadillac,81.322,14
11,201,253,216.4,47.1,31,220,13,Hungarian Grand Prix,PER,Cadillac,81.322,29
12,107,176,130.1,23.3,21,136,13,Hungarian Grand Prix,PER,Cadillac,81.322,12
13,94,200,129.7,26.5,36,155,13,Hungarian Grand Prix,PER,Cadillac,81.322,7
14,128,201,156.8,41.0,48,197,13,Hungarian Grand Prix,PER,Cadillac,81.322,8
